t_start,P_bess_kW,I_dis_A,I_ch_A,C_dch,C_ch,T_degC,EFC_start,EFC_end,dSOH_cyc_pp,dSOH_cal_pp
01-Jan-2023 00:00:00,1.29014761402945,3.29119289293226,0,0.00164477405943641,0,25,0,0.00164477405943641,2.00416559001713e-05,0.0379494800164402
01-Jan-2023 01:00:00,8.27470835105482,21.1089498751398,0,0.0105492003374012,0,25,0.00164477405943641,0.0121939743968376,9.44942447762828e-05,0.0157060723187554
01-Jan-2023 02:00:00,31.3176113124109,79.8918655928849,0,0.0399259698115367,0,25,0.0121939743968376,0.0521199442083743,0.000292854924316951,0.011989291115201
01-Jan-2023 03:00:00,88.7688119452317,226.451050880693,0,0.113168940969862,0,25,0.0521199442083743,0.165288885178236,0.000720498494819378,0.0099215760045902
01-Jan-2023 04:00:00,129.93415414665,331.464678945537,0,0.165649514715411,0,25,0.165288885178236,0.330938399893647,0.000956530310387925,0.00804818814773402
01-Jan-2023 05:00:00,93.132691608552,237.583396960592,0,0.118732332314139,0,25,0.330938399893647,0.449670732207785,0.000635129865821586,0.0048897084336146
01-Jan-2023 06:00:00,0,0,0,0,0,25,0.449670732207785,0.449670732207785,0,0.00295052154310216
01-Jan-2023 07:00:00,0,0,0,0,0,25,0.449670732207785,0.449670732207785,0,0.0027462784914591
01-Jan-2023 08:00:00,0,0,0,0,0,25,0.449670732207785,0.449670732207785,0,0.00257936115094362
01-Jan-2023 09:00:00,0,0,0,0,0,25,0.449670732207785,0.449670732207785,0,0.00243962043350471
01-Jan-2023 10:00:00,0,0,0,0,0,25,0.449670732207785,0.449670732207785,0,0.0023203958712885
01-Jan-2023 11:00:00,0,0,0,0,0,25,0.449670732207785,0.449670732207785,0,0.0022171103208791
01-Jan-2023 12:00:00,0,0,0,0,0,25,0.449670732207785,0.449670732207785,0,0.00212650022982906
01-Jan-2023 13:00:00,0,0,0,0,0,25,0.449670732207785,0.449670732207785,0,0.00204616735249999
01-Jan-2023 14:00:00,0,0,0,0,0,25,0.449670732207785,0.449670732207785,0,0.00197430437283287
01-Jan-2023 15:00:00,0,0,0,0,0,25,0.449670732207785,0.449670732207785,0,0.00190951991584211
01-Jan-2023 16:00:00,0,0,0,0,0,25,0.449670732207785,0.449670732207785,0,0.00185072301033057
01-Jan-2023 17:00:00,0,0,0,0,0,25,0.449670732207785,0.449670732207785,0,0.00179704451159216
01-Jan-2023 18:00:00,0,0,0,0,0,25,0.449670732207785,0.449670732207785,0,0.00174778227412793
01-Jan-2023 19:00:00,0,0,0,0,0,25,0.449670732207785,0.449670732207785,0,0.00170236202997695
01-Jan-2023 20:00:00,0,0,0,0,0,25,0.449670732207785,0.449670732207785,0,0.00166030891737456
01-Jan-2023 21:00:00,0,0,0,0,0,25,0.449670732207785,0.449670732207785,0,0.00162122639387617
01-Jan-2023 22:00:00,0,0,0,0,0,25,0.449670732207785,0.449670732207785,0,0.00158478037183384
01-Jan-2023 23:00:00,0,0,0,0,0,25,0.449670732207785,0.449670732207785,0,0.00155068711323074
02-Jan-2023 00:00:00,0,0,0,0,0,25,0.449670732207785,0.449670732207785,0,0.00151870387433339
02-Jan-2023 01:00:00,0,0,0,0,0,25,0.449670732207785,0.449670732207785,0,0.00148862159108037
02-Jan-2023 02:00:00,0,0,0,0,0,25,0.449670732207785,0.449670732207785,0,0.00146025909908992
02-Jan-2023 03:00:00,0,0,0,0,0,25,0.449670732207785,0.449670732207785,0,0.00143345852170063
02-Jan-2023 04:00:00,0,0,0,0,0,25,0.449670732207785,0.449670732207785,0,0.00140808155693514
02-Jan-2023 05:00:00,0,0,0,0,0,25,0.449670732207785,0.449670732207785,0,0.00138400646337761
02-Jan-2023 06:00:00,0,0,0,0,0,25,0.449670732207785,0.449670732207785,0,0.00136112559461141
02-Jan-2023 07:00:00,0,0,0,0,0,25,0.449670732207785,0.449670732207785,0,0.00133934336799404
02-Jan-2023 08:00:00,0,0,0,0,0,25,0.449670732207785,0.449670732207785,0,0.00131857458013929
02-Jan-2023 09:00:00,0,0,0,0,0,25,0.449670732207785,0.449670732207785,0,0.00129874300126617
02-Jan-2023 10:00:00,0,0,0,0,0,25,0.449670732207785,0.449670732207785,0,0.00127978019544306
02-Jan-2023 11:00:00,0,0,0,0,0,25,0.449670732207785,0.449670732207785,0,0.0012616245250387
02-Jan-2023 12:00:00,0,0,0,0,0,25,0.449670732207785,0.449670732207785,0,0.00124422030632304
02-Jan-2023 13:00:00,0,0,0,0,0,25,0.449670732207785,0.449670732207785,0,0.00122751708982394
02-Jan-2023 14:00:00,0,0,0,0,0,25,0.449670732207785,0.449670732207785,0,0.00121146904422384
02-Jan-2023 15:00:00,0,0,0,0,0,25,0.449670732207785,0.449670732207785,0,0.00119603442663857
02-Jan-2023 16:00:00,0,0,0,0,0,25,0.449670732207785,0.449670732207785,0,0.00118117512531959
02-Jan-2023 17:00:00,0,0,0,0,0,25,0.449670732207785,0.449670732207785,0,0.00116685626336049
02-Jan-2023 18:00:00,0,0,0,0,0,25,0.449670732207785,0.449670732207785,0,0.00115304585401702
02-Jan-2023 19:00:00,0,0,0,0,0,25,0.449670732207785,0.449670732207785,0,0.0011397144998799
02-Jan-2023 20:00:00,0,0,0,0,0,25,0.449670732207785,0.449670732207785,0,0.00112683512945502
02-Jan-2023 21:00:00,0,0,0,0,0,25,0.449670732207785,0.449670732207785,0,0.00111438276577508
02-Jan-2023 22:00:00,0,0,0,0,0,25,0.449670732207785,0.449670732207785,0,0.00110233432253881
02-Jan-2023 23:00:00,0,0,0,0,0,25,0.449670732207785,0.449670732207785,0,0.00109066842398928
03-Jan-2023 00:00:00,0,0,0,0,0,25,0.449670732207785,0.449670732207785,0,0.00107936524533173
03-Jan-2023 01:00:00,0,0,0,0,0,25,0.449670732207785,0.449670732207785,0,0.00106840637097913
03-Jan-2023 02:00:00,0,0,0,0,0,25,0.449670732207785,0.449670732207785,0,0.00105777466831855
03-Jan-2023 03:00:00,0,0,0,0,0,25,0.449670732207785,0.449670732207785,0,0.00104745417502874
03-Jan-2023 04:00:00,0,0,0,0,0,25,0.449670732207785,0.449670732207785,0,0.00103742999826315
03-Jan-2023 05:00:00,0,0,0,0,0,25,0.449670732207785,0.449670732207785,0,0.00102768822424854
03-Jan-2023 06:00:00,0,0,0,0,0,25,0.449670732207785,0.449670732207785,0,0.00101821583705197
03-Jan-2023 07:00:00,0,0,0,0,0,25,0.449670732207785,0.449670732207785,0,0.00100900064543633
03-Jan-2023 08:00:00,-13.4208533230475,0,32.8810906414664,0,0.0164323291561551,25,0.449670732207785,0.449670732207785,0,0.00100003121686953
03-Jan-2023 09:00:00,-191.120428036104,0,468.245048688456,0,0.234005521583436,25,0.449670732207785,0.449670732207785,0,0.00105658707779885
03-Jan-2023 10:00:00,-242.468733976373,0,594.048398242114,0,0.296875761240437,25,0.449670732207785,0.449670732207785,0,0.00212600804649321
03-Jan-2023 11:00:00,-125.532142233323,0,307.553748471642,0,0.153700024223709,25,0.449670732207785,0.449670732207785,0,0.00266235546137231
03-Jan-2023 12:00:00,62.7461970957844,160.06682932598,0,0.0799934179540132,0,25,0.449670732207785,0.529664150161799,0.00041088152838017,0.00342726602313198
03-Jan-2023 13:00:00,217.127981224534,553.897911287077,0,0.276810550368354,0,25,0.529664150161799,0.806474700530153,0.00144919416743522,0.00294946156575382
03-Jan-2023 14:00:00,71.7287551148639,182.981518150163,0,0.0914450365568032,0,25,0.806474700530153,0.897919737086956,0.000438514568436864,0.00227498874340049
03-Jan-2023 15:00:00,198.204528108632,505.623796195489,0,0.252685555320085,0,25,0.897919737086956,1.15060529240704,0.00124087085586796,0.00204816357185683
03-Jan-2023 16:00:00,0,0,0,0,0,25,1.15060529240704,1.15060529240704,0,0.000935959236382483
03-Jan-2023 17:00:00,0,0,0,0,0,25,1.15060529240704,1.15060529240704,0,0.000928786817850913
03-Jan-2023 18:00:00,0,0,0,0,0,25,1.15060529240704,1.15060529240704,0,0.000921776805398483
03-Jan-2023 19:00:00,0,0,0,0,0,25,1.15060529240704,1.15060529240704,0,0.000914923161029257
03-Jan-2023 20:00:00,0,0,0,0,0,25,1.15060529240704,1.15060529240704,0,0.000908220156426359
03-Jan-2023 21:00:00,0,0,0,0,0,25,1.15060529240704,1.15060529240704,0,0.000901662352825711
03-Jan-2023 22:00:00,0,0,0,0,0,25,1.15060529240704,1.15060529240704,0,0.000895244582465288
03-Jan-2023 23:00:00,0,0,0,0,0,25,1.15060529240704,1.15060529240704,0,0.000888961931466925
04-Jan-2023 00:00:00,0,0,0,0,0,25,1.15060529240704,1.15060529240704,0,0.000882809724021355
04-Jan-2023 01:00:00,0,0,0,0,0,25,1.15060529240704,1.15060529240704,0,0.000876783507760714
04-Jan-2023 02:00:00,0,0,0,0,0,25,1.15060529240704,1.15060529240704,0,0.000870879040215072
04-Jan-2023 03:00:00,0,0,0,0,0,25,1.15060529240704,1.15060529240704,0,0.000865092276258722
04-Jan-2023 04:00:00,0,0,0,0,0,25,1.15060529240704,1.15060529240704,0,0.000859419356462304
04-Jan-2023 05:00:00,0,0,0,0,0,25,1.15060529240704,1.15060529240704,0,0.000853856596274211
04-Jan-2023 06:00:00,0,0,0,0,0,25,1.15060529240704,1.15060529240704,0,0.000848400475962435
04-Jan-2023 07:00:00,0,0,0,0,0,25,1.15060529240704,1.15060529240704,0,0.000843047631254951
04-Jan-2023 08:00:00,0,0,0,0,0,25,1.15060529240704,1.15060529240704,0,0.00083779484462107
04-Jan-2023 09:00:00,0,0,0,0,0,25,1.15060529240704,1.15060529240704,0,0.000832639037143645
04-Jan-2023 10:00:00,0,0,0,0,0,25,1.15060529240704,1.15060529240704,0,0.000827577260934242
04-Jan-2023 11:00:00,0,0,0,0,0,25,1.15060529240704,1.15060529240704,0,0.000822606692050115
04-Jan-2023 12:00:00,0,0,0,0,0,25,1.15060529240704,1.15060529240704,0,0.000817724623873084
04-Jan-2023 13:00:00,0,0,0,0,0,25,1.15060529240704,1.15060529240704,0,0.000812928460915852
04-Jan-2023 14:00:00,0,0,0,0,0,25,1.15060529240704,1.15060529240704,0,0.000808215713023447
04-Jan-2023 15:00:00,0,0,0,0,0,25,1.15060529240704,1.15060529240704,0,0.000803583989939988
04-Jan-2023 16:00:00,0,0,0,0,0,25,1.15060529240704,1.15060529240704,0,0.000799030996214312
04-Jan-2023 17:00:00,0,0,0,0,0,25,1.15060529240704,1.15060529240704,0,0.000794554526419439
04-Jan-2023 18:00:00,0,0,0,0,0,25,1.15060529240704,1.15060529240704,0,0.000790152460663329
04-Jan-2023 19:00:00,0,0,0,0,0,25,1.15060529240704,1.15060529240704,0,0.000785822760370619
04-Jan-2023 20:00:00,0,0,0,0,0,25,1.15060529240704,1.15060529240704,0,0.000781563464315432
04-Jan-2023 21:00:00,0,0,0,0,0,25,1.15060529240704,1.15060529240704,0,0.000777372684888367
04-Jan-2023 22:00:00,0,0,0,0,0,25,1.15060529240704,1.15060529240704,0,0.000773248604581472
04-Jan-2023 23:00:00,0,0,0,0,0,25,1.15060529240704,1.15060529240704,0,0.000769189472676235
05-Jan-2023 00:00:00,0,0,0,0,0,25,1.15060529240704,1.15060529240704,0,0.000765193602120379
05-Jan-2023 01:00:00,0,0,0,0,0,25,1.15060529240704,1.15060529240704,0,0.000761259366581918
05-Jan-2023 02:00:00,0,0,0,0,0,25,1.15060529240704,1.15060529240704,0,0.00075738519766777
05-Jan-2023 03:00:00,0,0,0,0,0,25,1.15060529240704,1.15060529240704,0,0.00075356958229672
05-Jan-2023 04:00:00,0,0,0,0,0,25,1.15060529240704,1.15060529240704,0,0.000749811060216238
05-Jan-2023 05:00:00,0,0,0,0,0,25,1.15060529240704,1.15060529240704,0,0.000746108221654523
05-Jan-2023 06:00:00,0,0,0,0,0,25,1.15060529240704,1.15060529240704,0,0.000742459705098703
05-Jan-2023 07:00:00,0,0,0,0,0,25,1.15060529240704,1.15060529240704,0,0.000738864195191286
05-Jan-2023 08:00:00,0,0,0,0,0,25,1.15060529240704,1.15060529240704,0,0.000735320420737845
05-Jan-2023 09:00:00,0,0,0,0,0,25,1.15060529240704,1.15060529240704,0,0.000731827152818609
05-Jan-2023 10:00:00,0,0,0,0,0,25,1.15060529240704,1.15060529240704,0,0.000728383202997895
05-Jan-2023 11:00:00,0,0,0,0,0,25,1.15060529240704,1.15060529240704,0,0.000724987421625467
05-Jan-2023 12:00:00,0,0,0,0,0,25,1.15060529240704,1.15060529240704,0,0.000721638696224047
05-Jan-2023 13:00:00,0,0,0,0,0,25,1.15060529240704,1.15060529240704,0,0.000718335949957932
05-Jan-2023 14:00:00,0,0,0,0,0,25,1.15060529240704,1.15060529240704,0,0.00071507814017846
05-Jan-2023 15:00:00,0,0,0,0,0,25,1.15060529240704,1.15060529240704,0,0.000711864257040812
05-Jan-2023 16:00:00,0,0,0,0,0,25,1.15060529240704,1.15060529240704,0,0.000708693322188952
05-Jan-2023 17:00:00,0,0,0,0,0,25,1.15060529240704,1.15060529240704,0,0.000705564387504437
05-Jan-2023 18:00:00,0,0,0,0,0,25,1.15060529240704,1.15060529240704,0,0.000702476533915253
05-Jan-2023 19:00:00,0,0,0,0,0,25,1.15060529240704,1.15060529240704,0,0.00069942887026167
05-Jan-2023 20:00:00,0,0,0,0,0,25,1.15060529240704,1.15060529240704,0,0.000696420532215719
05-Jan-2023 21:00:00,0,0,0,0,0,25,1.15060529240704,1.15060529240704,0,0.000693450681251262
05-Jan-2023 22:00:00,0,0,0,0,0,25,1.15060529240704,1.15060529240704,0,0.00069051850366228
05-Jan-2023 23:00:00,0,0,0,0,0,25,1.15060529240704,1.15060529240704,0,0.000687623209625982
06-Jan-2023 00:00:00,0,0,0,0,0,25,1.15060529240704,1.15060529240704,0,0.000684764032309021
06-Jan-2023 01:00:00,0,0,0,0,0,25,1.15060529240704,1.15060529240704,0,0.000681940227014455
06-Jan-2023 02:00:00,0,0,0,0,0,25,1.15060529240704,1.15060529240704,0,0.000679151070366618
06-Jan-2023 03:00:00,0,0,0,0,0,25,1.15060529240704,1.15060529240704,0,0.000676395859532719
06-Jan-2023 04:00:00,0,0,0,0,0,25,1.15060529240704,1.15060529240704,0,0.000673673911478934
06-Jan-2023 05:00:00,0,0,0,0,0,25,1.15060529240704,1.15060529240704,0,0.000670984562258697
06-Jan-2023 06:00:00,0,0,0,0,0,25,1.15060529240704,1.15060529240704,0,0.000668327166332694
06-Jan-2023 07:00:00,0,0,0,0,0,25,1.15060529240704,1.15060529240704,0,0.000665701095917764
06-Jan-2023 08:00:00,0,0,0,0,0,25,1.15060529240704,1.15060529240704,0,0.000663105740363656
06-Jan-2023 09:00:00,0,0,0,0,0,25,1.15060529240704,1.15060529240704,0,0.000660540505556834
06-Jan-2023 10:00:00,0,0,0,0,0,25,1.15060529240704,1.15060529240704,0,0.000658004813348906
06-Jan-2023 11:00:00,0,0,0,0,0,25,1.15060529240704,1.15060529240704,0,0.000655498101009205
06-Jan-2023 12:00:00,0,0,0,0,0,25,1.15060529240704,1.15060529240704,0,0.000653019820700373
06-Jan-2023 13:00:00,0,0,0,0,0,25,1.15060529240704,1.15060529240704,0,0.000650569438975124
06-Jan-2023 14:00:00,0,0,0,0,0,25,1.15060529240704,1.15060529240704,0,0.000648146436294045
06-Jan-2023 15:00:00,0,0,0,0,0,25,1.15060529240704,1.15060529240704,0,0.000645750306562803
06-Jan-2023 16:00:00,0,0,0,0,0,25,1.15060529240704,1.15060529240704,0,0.000643380556687945
06-Jan-2023 17:00:00,0,0,0,0,0,25,1.15060529240704,1.15060529240704,0,0.000641036706150844
06-Jan-2023 18:00:00,0,0,0,0,0,25,1.15060529240704,1.15060529240704,0,0.000638718286598255
06-Jan-2023 19:00:00,0,0,0,0,0,25,1.15060529240704,1.15060529240704,0,0.000636424841449129
06-Jan-2023 20:00:00,0,0,0,0,0,25,1.15060529240704,1.15060529240704,0,0.000634155925516883
06-Jan-2023 21:00:00,0,0,0,0,0,25,1.15060529240704,1.15060529240704,0,0.000631911104646554
06-Jan-2023 22:00:00,0,0,0,0,0,25,1.15060529240704,1.15060529240704,0,0.000629689955365609
06-Jan-2023 23:00:00,0,0,0,0,0,25,1.15060529240704,1.15060529240704,0,0.000627492064548346
07-Jan-2023 00:00:00,0,0,0,0,0,25,1.15060529240704,1.15060529240704,0,0.000625317029093325
07-Jan-2023 01:00:00,0,0,0,0,0,25,1.15060529240704,1.15060529240704,0,0.000623164455612529
07-Jan-2023 02:00:00,0,0,0,0,0,25,1.15060529240704,1.15060529240704,0,0.000621033960132716
07-Jan-2023 03:00:00,0,0,0,0,0,25,1.15060529240704,1.15060529240704,0,0.00061892516780751
07-Jan-2023 04:00:00,0,0,0,0,0,25,1.15060529240704,1.15060529240704,0,0.000616837712640456
07-Jan-2023 05:00:00,0,0,0,0,0,25,1.15060529240704,1.15060529240704,0,0.000614771237218148
07-Jan-2023 06:00:00,0,0,0,0,0,25,1.15060529240704,1.15060529240704,0,0.000612725392453106
07-Jan-2023 07:00:00,0,0,0,0,0,25,1.15060529240704,1.15060529240704,0,0.000610699837336193
07-Jan-2023 08:00:00,0,0,0,0,0,25,1.15060529240704,1.15060529240704,0,0.000608694238697721
07-Jan-2023 09:00:00,0,0,0,0,0,25,1.15060529240704,1.15060529240704,0,0.00060670827097728
07-Jan-2023 10:00:00,0,0,0,0,0,25,1.15060529240704,1.15060529240704,0,0.000604741616001686
07-Jan-2023 11:00:00,0,0,0,0,0,25,1.15060529240704,1.15060529240704,0,0.00060279396277102
07-Jan-2023 12:00:00,0,0,0,0,0,25,1.15060529240704,1.15060529240704,0,0.000600865007251872
07-Jan-2023 13:00:00,0,0,0,0,0,25,1.15060529240704,1.15060529240704,0,0.00059895445217803
07-Jan-2023 14:00:00,0,0,0,0,0,25,1.15060529240704,1.15060529240704,0,0.000597062006857996
07-Jan-2023 15:00:00,0,0,0,0,0,25,1.15060529240704,1.15060529240704,0,0.000595187386989271
07-Jan-2023 16:00:00,0,0,0,0,0,25,1.15060529240704,1.15060529240704,0,0.000593330314479001
07-Jan-2023 17:00:00,0,0,0,0,0,25,1.15060529240704,1.15060529240704,0,0.000591490517270421
07-Jan-2023 18:00:00,0,0,0,0,0,25,1.15060529240704,1.15060529240704,0,0.00058966772917568
07-Jan-2023 19:00:00,0,0,0,0,0,25,1.15060529240704,1.15060529240704,0,0.000587861689714086
07-Jan-2023 20:00:00,0,0,0,0,0,25,1.15060529240704,1.15060529240704,0,0.000586072143955507
07-Jan-2023 21:00:00,0,0,0,0,0,25,1.15060529240704,1.15060529240704,0,0.000584298842369324
07-Jan-2023 22:00:00,0,0,0,0,0,25,1.15060529240704,1.15060529240704,0,0.000582541540678438
07-Jan-2023 23:00:00,0,0,0,0,0,25,1.15060529240704,1.15060529240704,0,0.000580799999717718
08-Jan-2023 00:00:00,0,0,0,0,0,25,1.15060529240704,1.15060529240704,0,0.000579073985297329
08-Jan-2023 01:00:00,0,0,0,0,0,25,1.15060529240704,1.15060529240704,0,0.000577363268070452
08-Jan-2023 02:00:00,0,0,0,0,0,25,1.15060529240704,1.15060529240704,0,0.000575667623405218
08-Jan-2023 03:00:00,0,0,0,0,0,25,1.15060529240704,1.15060529240704,0,0.000573986831261031
08-Jan-2023 04:00:00,0,0,0,0,0,25,1.15060529240704,1.15060529240704,0,0.000572320676068327
08-Jan-2023 05:00:00,0,0,0,0,0,25,1.15060529240704,1.15060529240704,0,0.000570668946612507
08-Jan-2023 06:00:00,0,0,0,0,0,25,1.15060529240704,1.15060529240704,0,0.00056903143592163
08-Jan-2023 07:00:00,0,0,0,0,0,25,1.15060529240704,1.15060529240704,0,0.000567407941157394
08-Jan-2023 08:00:00,0,0,0,0,0,25,1.15060529240704,1.15060529240704,0,0.000565798263509443
08-Jan-2023 09:00:00,0,0,0,0,0,25,1.15060529240704,1.15060529240704,0,0.000564202208093334
08-Jan-2023 10:00:00,0,0,0,0,0,25,1.15060529240704,1.15060529240704,0,0.000562619583851232
08-Jan-2023 11:00:00,0,0,0,0,0,25,1.15060529240704,1.15060529240704,0,0.000561050203456037
08-Jan-2023 12:00:00,0,0,0,0,0,25,1.15060529240704,1.15060529240704,0,0.000559493883217965
08-Jan-2023 13:00:00,0,0,0,0,0,25,1.15060529240704,1.15060529240704,0,0.000557950442994615
08-Jan-2023 14:00:00,0,0,0,0,0,25,1.15060529240704,1.15060529240704,0,0.000556419706102929
08-Jan-2023 15:00:00,0,0,0,0,0,25,1.15060529240704,1.15060529240704,0,0.000554901499234706
08-Jan-2023 16:00:00,0,0,0,0,0,25,1.15060529240704,1.15060529240704,0,0.000553395652373778
08-Jan-2023 17:00:00,0,0,0,0,0,25,1.15060529240704,1.15060529240704,0,0.000551901998716353
08-Jan-2023 18:00:00,0,0,0,0,0,25,1.15060529240704,1.15060529240704,0,0.000550420374593186
08-Jan-2023 19:00:00,0,0,0,0,0,25,1.15060529240704,1.15060529240704,0,0.000548950619394306
08-Jan-2023 20:00:00,0,0,0,0,0,25,1.15060529240704,1.15060529240704,0,0.000547492575495911
08-Jan-2023 21:00:00,0,0,0,0,0,25,1.15060529240704,1.15060529240704,0,0.000546046088189311
08-Jan-2023 22:00:00,0,0,0,0,0,25,1.15060529240704,1.15060529240704,0,0.00054461100561215
08-Jan-2023 23:00:00,0,0,0,0,0,25,1.15060529240704,1.15060529240704,0,0.000543187178681181
09-Jan-2023 00:00:00,0,0,0,0,0,25,1.15060529240704,1.15060529240704,0,0.000541774461027322
09-Jan-2023 01:00:00,0,0,0,0,0,25,1.15060529240704,1.15060529240704,0,0.000540372708932479
09-Jan-2023 02:00:00,0,0,0,0,0,25,1.15060529240704,1.15060529240704,0,0.0005389817812681
09-Jan-2023 03:00:00,0,0,0,0,0,25,1.15060529240704,1.15060529240704,0,0.000537601539435606
09-Jan-2023 04:00:00,0,0,0,0,0,25,1.15060529240704,1.15060529240704,0,0.000536231847308111
09-Jan-2023 05:00:00,0,0,0,0,0,25,1.15060529240704,1.15060529240704,0,0.000534872571174294
09-Jan-2023 06:00:00,0,0,0,0,0,25,1.15060529240704,1.15060529240704,0,0.000533523579683504
09-Jan-2023 07:00:00,0,0,0,0,0,25,1.15060529240704,1.15060529240704,0,0.000532184743792352
09-Jan-2023 08:00:00,0,0,0,0,0,25,1.15060529240704,1.15060529240704,0,0.000530855936712871
09-Jan-2023 09:00:00,0,0,0,0,0,25,1.15060529240704,1.15060529240704,0,0.000529537033862271
09-Jan-2023 10:00:00,0,0,0,0,0,25,1.15060529240704,1.15060529240704,0,0.000528227912813595
09-Jan-2023 11:00:00,0,0,0,0,0,25,1.15060529240704,1.15060529240704,0,0.00052692845324831
09-Jan-2023 12:00:00,-32.9937157400214,0,80.8346035630524,0,0.0403971032299112,25,1.15060529240704,1.15060529240704,0,0.000525638536909401
09-Jan-2023 13:00:00,-88.4585608002837,0,216.723473960695,0,0.108307583188753,25,1.15060529240704,1.15060529240704,0,0.000608730249276046
09-Jan-2023 14:00:00,116.641887303953,297.555834959064,0,0.148703565696684,0,25,1.15060529240704,1.29930885810372,0.000691342750725976,0.00088213594164338
09-Jan-2023 15:00:00,0,0,0,0,0,25,1.29930885810372,1.29930885810372,0,0.000521824894668899
09-Jan-2023 16:00:00,0,0,0,0,0,25,1.29930885810372,1.29930885810372,0,0.000520572008345987
09-Jan-2023 17:00:00,0,0,0,0,0,25,1.29930885810372,1.29930885810372,0,0.000519328103351369
09-Jan-2023 18:00:00,0,0,0,0,0,25,1.29930885810372,1.29930885810372,0,0.000518093072890524
09-Jan-2023 19:00:00,0,0,0,0,0,25,1.29930885810372,1.29930885810372,0,0.00051686681193841
09-Jan-2023 20:00:00,0,0,0,0,0,25,1.29930885810372,1.29930885810372,0,0.000515649217201708
09-Jan-2023 21:00:00,0,0,0,0,0,25,1.29930885810372,1.29930885810372,0,0.000514440187082632
09-Jan-2023 22:00:00,0,0,0,0,0,25,1.29930885810372,1.29930885810372,0,0.000513239621643014
09-Jan-2023 23:00:00,0,0,0,0,0,25,1.29930885810372,1.29930885810372,0,0.000512047422569661
10-Jan-2023 00:00:00,0,0,0,0,0,25,1.29930885810372,1.29930885810372,0,0.000510863493140723
10-Jan-2023 01:00:00,0,0,0,0,0,25,1.29930885810372,1.29930885810372,0,0.000509687738192544
10-Jan-2023 02:00:00,0,0,0,0,0,25,1.29930885810372,1.29930885810372,0,0.000508520064087581
10-Jan-2023 03:00:00,0,0,0,0,0,25,1.29930885810372,1.29930885810372,0,0.000507360378683097
10-Jan-2023 04:00:00,0,0,0,0,0,25,1.29930885810372,1.29930885810372,0,0.000506208591300683
10-Jan-2023 05:00:00,0,0,0,0,0,25,1.29930885810372,1.29930885810372,0,0.000505064612696227
10-Jan-2023 06:00:00,0,0,0,0,0,25,1.29930885810372,1.29930885810372,0,0.000503928355031324
10-Jan-2023 07:00:00,0,0,0,0,0,25,1.29930885810372,1.29930885810372,0,0.000502799731844417
10-Jan-2023 08:00:00,0,0,0,0,0,25,1.29930885810372,1.29930885810372,0,0.000501678658023585
10-Jan-2023 09:00:00,0,0,0,0,0,25,1.29930885810372,1.29930885810372,0,0.0005005650497793
10-Jan-2023 10:00:00,0,0,0,0,0,25,1.29930885810372,1.29930885810372,0,0.000499458824618326
10-Jan-2023 11:00:00,0,0,0,0,0,25,1.29930885810372,1.29930885810372,0,0.000498359901317913
10-Jan-2023 12:00:00,0,0,0,0,0,25,1.29930885810372,1.29930885810372,0,0.000497268199900869
10-Jan-2023 13:00:00,0,0,0,0,0,25,1.29930885810372,1.29930885810372,0,0.000496183641610914
10-Jan-2023 14:00:00,0,0,0,0,0,25,1.29930885810372,1.29930885810372,0,0.000495106148889091
10-Jan-2023 15:00:00,0,0,0,0,0,25,1.29930885810372,1.29930885810372,0,0.000494035645350221
10-Jan-2023 16:00:00,0,0,0,0,0,25,1.29930885810372,1.29930885810372,0,0.000492972055760266
10-Jan-2023 17:00:00,0,0,0,0,0,25,1.29930885810372,1.29930885810372,0,0.000491915306014223
10-Jan-2023 18:00:00,0,0,0,0,0,25,1.29930885810372,1.29930885810372,0,0.000490865323114098
10-Jan-2023 19:00:00,0,0,0,0,0,25,1.29930885810372,1.29930885810372,0,0.000489822035148246
10-Jan-2023 20:00:00,0,0,0,0,0,25,1.29930885810372,1.29930885810372,0,0.000488785371270173
10-Jan-2023 21:00:00,0,0,0,0,0,25,1.29930885810372,1.29930885810372,0,0.000487755261678602
10-Jan-2023 22:00:00,0,0,0,0,0,25,1.29930885810372,1.29930885810372,0,0.000486731637597715
10-Jan-2023 23:00:00,0,0,0,0,0,25,1.29930885810372,1.29930885810372,0,0.000485714431257833
11-Jan-2023 00:00:00,0,0,0,0,0,25,1.29930885810372,1.29930885810372,0,0.000484703575876488
11-Jan-2023 01:00:00,0,0,0,0,0,25,1.29930885810372,1.29930885810372,0,0.000483699005640215
11-Jan-2023 02:00:00,0,0,0,0,0,25,1.29930885810372,1.29930885810372,0,0.000482700655686286
11-Jan-2023 03:00:00,0,0,0,0,0,25,1.29930885810372,1.29930885810372,0,0.00048170846208534
11-Jan-2023 04:00:00,0,0,0,0,0,25,1.29930885810372,1.29930885810372,0,0.000480722361824115
11-Jan-2023 05:00:00,0,0,0,0,0,25,1.29930885810372,1.29930885810372,0,0.000479742292788576
11-Jan-2023 06:00:00,0,0,0,0,0,25,1.29930885810372,1.29930885810372,0,0.000478768193747536
11-Jan-2023 07:00:00,0,0,0,0,0,25,1.29930885810372,1.29930885810372,0,0.00047780000433667
11-Jan-2023 08:00:00,0,0,0,0,0,25,1.29930885810372,1.29930885810372,0,0.000476837665042584
11-Jan-2023 09:00:00,0,0,0,0,0,25,1.29930885810372,1.29930885810372,0,0.000475881117187771
11-Jan-2023 10:00:00,0,0,0,0,0,25,1.29930885810372,1.29930885810372,0,0.000474930302915233
11-Jan-2023 11:00:00,0,0,0,0,0,25,1.29930885810372,1.29930885810372,0,0.000473985165173996
11-Jan-2023 12:00:00,0,0,0,0,0,25,1.29930885810372,1.29930885810372,0,0.000473045647704617
11-Jan-2023 13:00:00,0,0,0,0,0,25,1.29930885810372,1.29930885810372,0,0.000472111695025423
11-Jan-2023 14:00:00,0,0,0,0,0,25,1.29930885810372,1.29930885810372,0,0.000471183252418239
11-Jan-2023 15:00:00,0,0,0,0,0,25,1.29930885810372,1.29930885810372,0,0.00047026026591529
11-Jan-2023 16:00:00,0,0,0,0,0,25,1.29930885810372,1.29930885810372,0,0.000469342682285934
11-Jan-2023 17:00:00,0,0,0,0,0,25,1.29930885810372,1.29930885810372,0,0.000468430449023782
11-Jan-2023 18:00:00,0,0,0,0,0,25,1.29930885810372,1.29930885810372,0,0.000467523514334045
11-Jan-2023 19:00:00,0,0,0,0,0,25,1.29930885810372,1.29930885810372,0,0.000466621827121205
11-Jan-2023 20:00:00,0,0,0,0,0,25,1.29930885810372,1.29930885810372,0,0.000465725336976808
11-Jan-2023 21:00:00,0,0,0,0,0,25,1.29930885810372,1.29930885810372,0,0.000464833994167968
11-Jan-2023 22:00:00,0,0,0,0,0,25,1.29930885810372,1.29930885810372,0,0.000463947749625215
11-Jan-2023 23:00:00,0,0,0,0,0,25,1.29930885810372,1.29930885810372,0,0.000463066554931835
12-Jan-2023 00:00:00,0,0,0,0,0,25,1.29930885810372,1.29930885810372,0,0.000462190362312043
12-Jan-2023 01:00:00,0,0,0,0,0,25,1.29930885810372,1.29930885810372,0,0.000461319124620829
12-Jan-2023 02:00:00,0,0,0,0,0,25,1.29930885810372,1.29930885810372,0,0.000460452795332689
12-Jan-2023 03:00:00,0,0,0,0,0,25,1.29930885810372,1.29930885810372,0,0.000459591328531461
12-Jan-2023 04:00:00,0,0,0,0,0,25,1.29930885810372,1.29930885810372,0,0.000458734678900119
12-Jan-2023 05:00:00,0,0,0,0,0,25,1.29930885810372,1.29930885810372,0,0.000457882801710718
12-Jan-2023 06:00:00,0,0,0,0,0,25,1.29930885810372,1.29930885810372,0,0.000457035652814741
12-Jan-2023 07:00:00,0,0,0,0,0,25,1.29930885810372,1.29930885810372,0,0.000456193188632936
12-Jan-2023 08:00:00,0,0,0,0,0,25,1.29930885810372,1.29930885810372,0,0.00045535536614677
12-Jan-2023 09:00:00,0,0,0,0,0,25,1.29930885810372,1.29930885810372,0,0.000454522142888436
12-Jan-2023 10:00:00,0,0,0,0,0,25,1.29930885810372,1.29930885810372,0,0.000453693476932193
12-Jan-2023 11:00:00,0,0,0,0,0,25,1.29930885810372,1.29930885810372,0,0.000452869326885319
12-Jan-2023 12:00:00,0,0,0,0,0,25,1.29930885810372,1.29930885810372,0,0.000452049651879782
12-Jan-2023 13:00:00,0,0,0,0,0,25,1.29930885810372,1.29930885810372,0,0.000451234411563139
12-Jan-2023 14:00:00,0,0,0,0,0,25,1.29930885810372,1.29930885810372,0,0.000450423566090929
12-Jan-2023 15:00:00,0,0,0,0,0,25,1.29930885810372,1.29930885810372,0,0.00044961707611757
12-Jan-2023 16:00:00,0,0,0,0,0,25,1.29930885810372,1.29930885810372,0,0.000448814902789363
12-Jan-2023 17:00:00,0,0,0,0,0,25,1.29930885810372,1.29930885810372,0,0.000448017007735835
12-Jan-2023 18:00:00,0,0,0,0,0,25,1.29930885810372,1.29930885810372,0,0.00044722335306252
12-Jan-2023 19:00:00,0,0,0,0,0,25,1.29930885810372,1.29930885810372,0,0.000446433901342858
12-Jan-2023 20:00:00,0,0,0,0,0,25,1.29930885810372,1.29930885810372,0,0.000445648615611582
12-Jan-2023 21:00:00,0,0,0,0,0,25,1.29930885810372,1.29930885810372,0,0.000444867459356568
12-Jan-2023 22:00:00,0,0,0,0,0,25,1.29930885810372,1.29930885810372,0,0.000444090396512498
12-Jan-2023 23:00:00,0,0,0,0,0,25,1.29930885810372,1.29930885810372,0,0.000443317391453257
13-Jan-2023 00:00:00,0,0,0,0,0,25,1.29930885810372,1.29930885810372,0,0.000442548408985388
13-Jan-2023 01:00:00,0,0,0,0,0,25,1.29930885810372,1.29930885810372,0,0.000441783414341257
13-Jan-2023 02:00:00,0,0,0,0,0,25,1.29930885810372,1.29930885810372,0,0.000441022373172451
13-Jan-2023 03:00:00,0,0,0,0,0,25,1.29930885810372,1.29930885810372,0,0.000440265251543559
13-Jan-2023 04:00:00,0,0,0,0,0,25,1.29930885810372,1.29930885810372,0,0.000439512015925347
13-Jan-2023 05:00:00,0,0,0,0,0,25,1.29930885810372,1.29930885810372,0,0.000438762633188705
13-Jan-2023 06:00:00,0,0,0,0,0,25,1.29930885810372,1.29930885810372,0,0.000438017070598706
13-Jan-2023 07:00:00,0,0,0,0,0,25,1.29930885810372,1.29930885810372,0,0.000437275295808726
13-Jan-2023 08:00:00,0,0,0,0,0,25,1.29930885810372,1.29930885810372,0,0.000436537276853721
13-Jan-2023 09:00:00,0,0,0,0,0,25,1.29930885810372,1.29930885810372,0,0.000435802982145572
13-Jan-2023 10:00:00,-325.693038660699,0,797.947944718711,0,0.398774585066822,25,1.29930885810372,1.29930885810372,0,0.000435072380466583
13-Jan-2023 11:00:00,-198.809678372365,0,487.083712012294,0,0.24342014593318,25,1.29930885810372,1.29930885810372,0,0.00107091557623507
13-Jan-2023 12:00:00,-205.538443745335,0,503.569187176071,0,0.251658764205933,25,1.29930885810372,1.29930885810372,0,0.00139192797472082
13-Jan-2023 13:00:00,50.8114097335197,129.620943197754,0,0.0647780825575983,0,25,1.29930885810372,1.36408694066132,0.000290615819086352,0.00172975275278991
13-Jan-2023 14:00:00,69.1913878817374,176.508642555453,0,0.0882102161696414,0,25,1.36408694066132,1.45229715683096,0.000395651403493856,0.00170032546800453
13-Jan-2023 15:00:00,256.026958783653,653.129996897075,0,0.326401797549762,0,25,1.45229715683096,1.77869895438073,0.0015433320437321,0.00160886596269355
13-Jan-2023 16:00:00,267.101795335175,681.382130957079,0,0.340520805076001,0,25,1.77869895438073,2.11921975945673,0.00157751464995344,0.00106982168235992
13-Jan-2023 17:00:00,57.9461870064923,147.821905628807,0,0.0738740158065001,0,25,2.11921975945673,2.19309377526323,0.00031205018243035,0.000560781059934734
13-Jan-2023 18:00:00,0,0,0,0,0,25,2.19309377526323,2.19309377526323,0,0.000429356887973242
13-Jan-2023 19:00:00,0,0,0,0,0,25,2.19309377526323,2.19309377526323,0,0.000428658177246743
13-Jan-2023 20:00:00,0,0,0,0,0,25,2.19309377526323,2.19309377526323,0,0.000427962866583587
13-Jan-2023 21:00:00,0,0,0,0,0,25,2.19309377526323,2.19309377526323,0,0.00042727092849737
13-Jan-2023 22:00:00,0,0,0,0,0,25,2.19309377526323,2.19309377526323,0,0.000426582335811665
13-Jan-2023 23:00:00,0,0,0,0,0,25,2.19309377526323,2.19309377526323,0,0.000425897061655744
14-Jan-2023 00:00:00,0,0,0,0,0,25,2.19309377526323,2.19309377526323,0,0.000425215079459751
14-Jan-2023 01:00:00,0,0,0,0,0,25,2.19309377526323,2.19309377526323,0,0.0004245363629512
14-Jan-2023 02:00:00,0,0,0,0,0,25,2.19309377526323,2.19309377526323,0,0.000423860886149874
14-Jan-2023 03:00:00,0,0,0,0,0,25,2.19309377526323,2.19309377526323,0,0.00042318862336399
14-Jan-2023 04:00:00,0,0,0,0,0,25,2.19309377526323,2.19309377526323,0,0.000422519549186429
14-Jan-2023 05:00:00,0,0,0,0,0,25,2.19309377526323,2.19309377526323,0,0.000421853638489844
14-Jan-2023 06:00:00,0,0,0,0,0,25,2.19309377526323,2.19309377526323,0,0.000421190866423782
14-Jan-2023 07:00:00,0,0,0,0,0,25,2.19309377526323,2.19309377526323,0,0.000420531208409902
14-Jan-2023 08:00:00,0,0,0,0,0,25,2.19309377526323,2.19309377526323,0,0.000419874640138429
14-Jan-2023 09:00:00,0,0,0,0,0,25,2.19309377526323,2.19309377526323,0,0.000419221137564818
14-Jan-2023 10:00:00,0,0,0,0,0,25,2.19309377526323,2.19309377526323,0,0.000418570676905206
14-Jan-2023 11:00:00,-343.446537810524,0,841.444017635783,0,0.420511752941421,25,2.19309377526323,2.19309377526323,0,0.000417923234633633
14-Jan-2023 12:00:00,138.781540758797,354.034542752033,0,0.17692880697253,0,25,2.19309377526323,2.37002258223576,0.000764849989840327,0.00103927717893038
14-Jan-2023 13:00:00,191.059671701874,487.397121688455,0,0.243576772457999,0,25,2.37002258223576,2.61359935469376,0.00106161684869704,0.000891611986641172
14-Jan-2023 14:00:00,0,0,0,0,0,25,2.61359935469376,2.61359935469376,0,0.000415998786673755
14-Jan-2023 15:00:00,0,0,0,0,0,25,2.61359935469376,2.61359935469376,0,0.000415363187719509
14-Jan-2023 16:00:00,0,0,0,0,0,25,2.61359935469376,2.61359935469376,0,0.00041473049326235
14-Jan-2023 17:00:00,0,0,0,0,0,25,2.61359935469376,2.61359935469376,0,0.00041410068124853
14-Jan-2023 18:00:00,0,0,0,0,0,25,2.61359935469376,2.61359935469376,0,0.000413473729857672
14-Jan-2023 19:00:00,0,0,0,0,0,25,2.61359935469376,2.61359935469376,0,0.000412849617499988
14-Jan-2023 20:00:00,0,0,0,0,0,25,2.61359935469376,2.61359935469376,0,0.000412228322813346
14-Jan-2023 21:00:00,0,0,0,0,0,25,2.61359935469376,2.61359935469376,0,0.000411609824659875
14-Jan-2023 22:00:00,0,0,0,0,0,25,2.61359935469376,2.61359935469376,0,0.000410994102122808
14-Jan-2023 23:00:00,0,0,0,0,0,25,2.61359935469376,2.61359935469376,0,0.000410381134504256
15-Jan-2023 00:00:00,0,0,0,0,0,25,2.61359935469376,2.61359935469376,0,0.000409770901321271
15-Jan-2023 01:00:00,0,0,0,0,0,25,2.61359935469376,2.61359935469376,0,0.000409163382303679
15-Jan-2023 02:00:00,0,0,0,0,0,25,2.61359935469376,2.61359935469376,0,0.000408558557391137
15-Jan-2023 03:00:00,0,0,0,0,0,25,2.61359935469376,2.61359935469376,0,0.000407956406730137
15-Jan-2023 04:00:00,0,0,0,0,0,25,2.61359935469376,2.61359935469376,0,0.000407356910671453
15-Jan-2023 05:00:00,0,0,0,0,0,25,2.61359935469376,2.61359935469376,0,0.000406760049767363
15-Jan-2023 06:00:00,0,0,0,0,0,25,2.61359935469376,2.61359935469376,0,0.000406165804769043
15-Jan-2023 07:00:00,0,0,0,0,0,25,2.61359935469376,2.61359935469376,0,0.0004055741566239
15-Jan-2023 08:00:00,0,0,0,0,0,25,2.61359935469376,2.61359935469376,0,0.000404985086473131
15-Jan-2023 09:00:00,0,0,0,0,0,25,2.61359935469376,2.61359935469376,0,0.000404398575649167
15-Jan-2023 10:00:00,0,0,0,0,0,25,2.61359935469376,2.61359935469376,0,0.000403814605672848
15-Jan-2023 11:00:00,0,0,0,0,0,25,2.61359935469376,2.61359935469376,0,0.000403233158251692
15-Jan-2023 12:00:00,0,0,0,0,0,25,2.61359935469376,2.61359935469376,0,0.000402654215276632
15-Jan-2023 13:00:00,0,0,0,0,0,25,2.61359935469376,2.61359935469376,0,0.000402077758820396
15-Jan-2023 14:00:00,-93.2807500626957,0,228.537837653605,0,0.114211812920342,25,2.61359935469376,2.61359935469376,0,0.000401503771134681
15-Jan-2023 15:00:00,89.5864713543362,228.536916720245,0,0.114211352683781,0,25,2.61359935469376,2.72781070737754,0.000474710826940544,0.000602195844522146
15-Jan-2023 16:00:00,0,0,0,0,0,25,2.72781070737754,2.72781070737754,0,0.000400363131964121
15-Jan-2023 17:00:00,0,0,0,0,0,25,2.72781070737754,2.72781070737754,0,0.000399796445858025
15-Jan-2023 18:00:00,0,0,0,0,0,25,2.72781070737754,2.72781070737754,0,0.000399232159275675
15-Jan-2023 19:00:00,0,0,0,0,0,25,2.72781070737754,2.72781070737754,0,0.000398670255330746
15-Jan-2023 20:00:00,0,0,0,0,0,25,2.72781070737754,2.72781070737754,0,0.000398110717303113
15-Jan-2023 21:00:00,0,0,0,0,0,25,2.72781070737754,2.72781070737754,0,0.000397553528636074
15-Jan-2023 22:00:00,0,0,0,0,0,25,2.72781070737754,2.72781070737754,0,0.000396998672934912
15-Jan-2023 23:00:00,0,0,0,0,0,25,2.72781070737754,2.72781070737754,0,0.000396446133964778
16-Jan-2023 00:00:00,0,0,0,0,0,25,2.72781070737754,2.72781070737754,0,0.000395895895648091
16-Jan-2023 01:00:00,0,0,0,0,0,25,2.72781070737754,2.72781070737754,0,0.000395347942063529
16-Jan-2023 02:00:00,0,0,0,0,0,25,2.72781070737754,2.72781070737754,0,0.000394802257443316
16-Jan-2023 03:00:00,0,0,0,0,0,25,2.72781070737754,2.72781070737754,0,0.000394258826171667
16-Jan-2023 04:00:00,0,0,0,0,0,25,2.72781070737754,2.72781070737754,0,0.000393717632782897
16-Jan-2023 05:00:00,0,0,0,0,0,25,2.72781070737754,2.72781070737754,0,0.000393178661959537
16-Jan-2023 06:00:00,0,0,0,0,0,25,2.72781070737754,2.72781070737754,0,0.000392641898530222
16-Jan-2023 07:00:00,0,0,0,0,0,25,2.72781070737754,2.72781070737754,0,0.000392107327468583
16-Jan-2023 08:00:00,-88.9920520703236,0,218.030527572293,0,0.108960783394449,25,2.72781070737754,2.72781070737754,0,0.000391574933890915
16-Jan-2023 09:00:00,-235.79887933883,0,577.707254380133,0,0.288709272553789,25,2.72781070737754,2.72781070737754,0,0.000576706129431503
16-Jan-2023 10:00:00,-130.983341406649,0,320.90918644629,0,0.160374406020135,25,2.72781070737754,2.72781070737754,0,0.000962429780745011
16-Jan-2023 11:00:00,-276.551793210476,0,677.551893365667,0,0.338606643361153,25,2.72781070737754,2.72781070737754,0,0.00108213604072727
16-Jan-2023 12:00:00,0,0,0,0,0,25,2.72781070737754,2.72781070737754,0,0.0015571147151564
16-Jan-2023 13:00:00,0,0,0,0,0,25,2.72781070737754,2.72781070737754,0,0.00155502882525377
16-Jan-2023 14:00:00,93.0725556775226,237.429988973272,0,0.118655666653309,0,25,2.72781070737754,2.84646637403085,0.000491104061511607,0.0015529512956502
16-Jan-2023 15:00:00,270.708094475921,690.581873663063,0,0.34511837764271,0,25,2.84646637403085,3.19158475167356,0.00151158852112227,0.00149055848516988
16-Jan-2023 16:00:00,266.36674053279,679.506991155076,0,0.339583703725675,0,25,3.19158475167356,3.53116845539923,0.00146415499905801,0.000970474704188318
16-Jan-2023 17:00:00,73.1180450113379,186.525625028923,0,0.0932162044122555,0,25,3.53116845539923,3.62438465981149,0.000370590676065187,0.00053992625018251
16-Jan-2023 18:00:00,0,0,0,0,0,25,3.62438465981149,3.62438465981149,0,0.00038636758401267
16-Jan-2023 19:00:00,0,0,0,0,0,25,3.62438465981149,3.62438465981149,0,0.00038585819958542
16-Jan-2023 20:00:00,0,0,0,0,0,25,3.62438465981149,3.62438465981149,0,0.000385350824568698
16-Jan-2023 21:00:00,0,0,0,0,0,25,3.62438465981149,3.62438465981149,0,0.000384845445785709
16-Jan-2023 22:00:00,0,0,0,0,0,25,3.62438465981149,3.62438465981149,0,0.00038434205018073
16-Jan-2023 23:00:00,0,0,0,0,0,25,3.62438465981149,3.62438465981149,0,0.000383840624817278
17-Jan-2023 00:00:00,0,0,0,0,0,25,3.62438465981149,3.62438465981149,0,0.000383341156876382
17-Jan-2023 01:00:00,0,0,0,0,0,25,3.62438465981149,3.62438465981149,0,0.000382843633655761
17-Jan-2023 02:00:00,0,0,0,0,0,25,3.62438465981149,3.62438465981149,0,0.000382348042568259
17-Jan-2023 03:00:00,0,0,0,0,0,25,3.62438465981149,3.62438465981149,0,0.0003818543711403
17-Jan-2023 04:00:00,0,0,0,0,0,25,3.62438465981149,3.62438465981149,0,0.000381362607010993
17-Jan-2023 05:00:00,0,0,0,0,0,25,3.62438465981149,3.62438465981149,0,0.00038087273793036
17-Jan-2023 06:00:00,0,0,0,0,0,25,3.62438465981149,3.62438465981149,0,0.000380384751758556
17-Jan-2023 07:00:00,0,0,0,0,0,25,3.62438465981149,3.62438465981149,0,0.000379898636463927
17-Jan-2023 08:00:00,0,0,0,0,0,25,3.62438465981149,3.62438465981149,0,0.000379414380122678
17-Jan-2023 09:00:00,-32.3932122578903,0,79.3633700318311,0,0.0396618540888711,25,3.62438465981149,3.62438465981149,0,0.000378931970916763
17-Jan-2023 10:00:00,31.1103227019288,79.3630681171653,0,0.0396617032069792,0,25,3.62438465981149,3.66404636301847,0.000154826065540233,0.000438290845639067
17-Jan-2023 11:00:00,0,0,0,0,0,25,3.66404636301847,3.66404636301847,0,0.000377972647162828
17-Jan-2023 12:00:00,-178.119013888195,0,436.391584026077,0,0.218086748638719,25,3.66404636301847,3.66404636301847,0,0.000377495709498687
17-Jan-2023 13:00:00,171.064852627507,436.389930172212,0,0.218085922125043,0,25,3.66404636301847,3.88213228514351,0.000893448022177411,0.000768050471148807
17-Jan-2023 14:00:00,0,0,0,0,0,25,3.88213228514351,3.88213228514351,0,0.000376547225568291
17-Jan-2023 15:00:00,0,0,0,0,0,25,3.88213228514351,3.88213228514351,0,0.000376075656790875
17-Jan-2023 16:00:00,0,0,0,0,0,25,3.88213228514351,3.88213228514351,0,0.00037560585529528
17-Jan-2023 17:00:00,0,0,0,0,0,25,3.88213228514351,3.88213228514351,0,0.000375137810070314
17-Jan-2023 18:00:00,0,0,0,0,0,25,3.88213228514351,3.88213228514351,0,0.000374671510200819
17-Jan-2023 19:00:00,0,0,0,0,0,25,3.88213228514351,3.88213228514351,0,0.000374206944866007
17-Jan-2023 20:00:00,0,0,0,0,0,25,3.88213228514351,3.88213228514351,0,0.00037374410333918
17-Jan-2023 21:00:00,0,0,0,0,0,25,3.88213228514351,3.88213228514351,0,0.0003732829749859
17-Jan-2023 22:00:00,0,0,0,0,0,25,3.88213228514351,3.88213228514351,0,0.000372823549263657
17-Jan-2023 23:00:00,0,0,0,0,0,25,3.88213228514351,3.88213228514351,0,0.00037236581572031
18-Jan-2023 00:00:00,0,0,0,0,0,25,3.88213228514351,3.88213228514351,0,0.00037190976399365
18-Jan-2023 01:00:00,0,0,0,0,0,25,3.88213228514351,3.88213228514351,0,0.000371455383809616
18-Jan-2023 02:00:00,0,0,0,0,0,25,3.88213228514351,3.88213228514351,0,0.000371002664982245
18-Jan-2023 03:00:00,0,0,0,0,0,25,3.88213228514351,3.88213228514351,0,0.00037055159741195
18-Jan-2023 04:00:00,0,0,0,0,0,25,3.88213228514351,3.88213228514351,0,0.000370102171085129
18-Jan-2023 05:00:00,0,0,0,0,0,25,3.88213228514351,3.88213228514351,0,0.000369654376072781
18-Jan-2023 06:00:00,0,0,0,0,0,25,3.88213228514351,3.88213228514351,0,0.000369208202530003
18-Jan-2023 07:00:00,0,0,0,0,0,25,3.88213228514351,3.88213228514351,0,0.000368763640694658
18-Jan-2023 08:00:00,0,0,0,0,0,25,3.88213228514351,3.88213228514351,0,0.00036832068088688
18-Jan-2023 09:00:00,0,0,0,0,0,25,3.88213228514351,3.88213228514351,0,0.000367879313507791
18-Jan-2023 10:00:00,0,0,0,0,0,25,3.88213228514351,3.88213228514351,0,0.000367439529039171
18-Jan-2023 11:00:00,0,0,0,0,0,25,3.88213228514351,3.88213228514351,0,0.000367001318041849
18-Jan-2023 12:00:00,0,0,0,0,0,25,3.88213228514351,3.88213228514351,0,0.000366564671155645
18-Jan-2023 13:00:00,0,0,0,0,0,25,3.88213228514351,3.88213228514351,0,0.000366129579097763
18-Jan-2023 14:00:00,0,0,0,0,0,25,3.88213228514351,3.88213228514351,0,0.000365696032662788
18-Jan-2023 15:00:00,0,0,0,0,0,25,3.88213228514351,3.88213228514351,0,0.000365264022721079
18-Jan-2023 16:00:00,0,0,0,0,0,25,3.88213228514351,3.88213228514351,0,0.00036483354021849
18-Jan-2023 17:00:00,0,0,0,0,0,25,3.88213228514351,3.88213228514351,0,0.000364404576175315
18-Jan-2023 18:00:00,0,0,0,0,0,25,3.88213228514351,3.88213228514351,0,0.000363977121685621
18-Jan-2023 19:00:00,0,0,0,0,0,25,3.88213228514351,3.88213228514351,0,0.000363551167916421
18-Jan-2023 20:00:00,0,0,0,0,0,25,3.88213228514351,3.88213228514351,0,0.000363126706106942
18-Jan-2023 21:00:00,0,0,0,0,0,25,3.88213228514351,3.88213228514351,0,0.000362703727567804
18-Jan-2023 22:00:00,0,0,0,0,0,25,3.88213228514351,3.88213228514351,0,0.000362282223680399
18-Jan-2023 23:00:00,0,0,0,0,0,25,3.88213228514351,3.88213228514351,0,0.000361862185895845
19-Jan-2023 00:00:00,0,0,0,0,0,25,3.88213228514351,3.88213228514351,0,0.000361443605734757
19-Jan-2023 01:00:00,0,0,0,0,0,25,3.88213228514351,3.88213228514351,0,0.000361026474786141
19-Jan-2023 02:00:00,0,0,0,0,0,25,3.88213228514351,3.88213228514351,0,0.000360610784706727
19-Jan-2023 03:00:00,0,0,0,0,0,25,3.88213228514351,3.88213228514351,0,0.000360196527220469
19-Jan-2023 04:00:00,0,0,0,0,0,25,3.88213228514351,3.88213228514351,0,0.000359783694117544
19-Jan-2023 05:00:00,0,0,0,0,0,25,3.88213228514351,3.88213228514351,0,0.000359372277253911
19-Jan-2023 06:00:00,0,0,0,0,0,25,3.88213228514351,3.88213228514351,0,0.000358962268550866
19-Jan-2023 07:00:00,0,0,0,0,0,25,3.88213228514351,3.88213228514351,0,0.000358553659993543
19-Jan-2023 08:00:00,-199.255738103127,0,488.176558352661,0,0.243966296028316,25,3.88213228514351,3.88213228514351,0,0.000358146443631191
19-Jan-2023 09:00:00,-319.742247921899,0,783.368507408651,0,0.391488509449601,25,3.88213228514351,3.88213228514351,0,0.000766278998503178
19-Jan-2023 10:00:00,-164.13933330588,0,402.141366599405,0,0.200970198200602,25,3.88213228514351,3.88213228514351,0,0.00113351998120792
19-Jan-2023 11:00:00,-48.904958682768,0,119.817148772782,0,0.0598786350688564,25,3.88213228514351,3.88213228514351,0,0.0014078129857874
19-Jan-2023 12:00:00,0,0,0,0,0,25,3.88213228514351,3.88213228514351,0,0.00142543637022469
19-Jan-2023 13:00:00,0,0,0,0,0,25,3.88213228514351,3.88213228514351,0,0.00142383565408832
19-Jan-2023 14:00:00,0,0,0,0,0,25,3.88213228514351,3.88213228514351,0,0.0014222403185194
19-Jan-2023 15:00:00,268.618921308757,685.252350277442,0,0.342454947664889,0,25,3.88213228514351,4.2245872328084,0.00144192148547772,0.0014206503334413
19-Jan-2023 16:00:00,270.046603703707,688.894397203335,0,0.344275061071132,0,25,4.2245872328084,4.56886229387953,0.00143495667927239,0.00097954756023888
19-Jan-2023 17:00:00,164.319323427942,419.181947520259,0,0.209486230644807,0,25,4.56886229387953,4.77834852452434,0.000832329987931531,0.000708688577513217
19-Jan-2023 18:00:00,0,0,0,0,0,25,4.77834852452434,4.77834852452434,0,0.000354149145817606
19-Jan-2023 19:00:00,0,0,0,0,0,25,4.77834852452434,4.77834852452434,0,0.000353756736430233
19-Jan-2023 20:00:00,0,0,0,0,0,25,4.77834852452434,4.77834852452434,0,0.000353365628568525
19-Jan-2023 21:00:00,0,0,0,0,0,25,4.77834852452434,4.77834852452434,0,0.000352975815053613
19-Jan-2023 22:00:00,0,0,0,0,0,25,4.77834852452434,4.77834852452434,0,0.000352587288761974
19-Jan-2023 23:00:00,0,0,0,0,0,25,4.77834852452434,4.77834852452434,0,0.000352200042624762
20-Jan-2023 00:00:00,0,0,0,0,0,25,4.77834852452434,4.77834852452434,0,0.000351814069627421
20-Jan-2023 01:00:00,0,0,0,0,0,25,4.77834852452434,4.77834852452434,0,0.000351429362809186
20-Jan-2023 02:00:00,0,0,0,0,0,25,4.77834852452434,4.77834852452434,0,0.000351045915262249
20-Jan-2023 03:00:00,0,0,0,0,0,25,4.77834852452434,4.77834852452434,0,0.000350663720131594
20-Jan-2023 04:00:00,0,0,0,0,0,25,4.77834852452434,4.77834852452434,0,0.000350282770614274
20-Jan-2023 05:00:00,0,0,0,0,0,25,4.77834852452434,4.77834852452434,0,0.000349903059959022
20-Jan-2023 06:00:00,0,0,0,0,0,25,4.77834852452434,4.77834852452434,0,0.000349524581465588
20-Jan-2023 07:00:00,0,0,0,0,0,25,4.77834852452434,4.77834852452434,0,0.000349147328484456
20-Jan-2023 08:00:00,0,0,0,0,0,25,4.77834852452434,4.77834852452434,0,0.000348771294416184
20-Jan-2023 09:00:00,0,0,0,0,0,25,4.77834852452434,4.77834852452434,0,0.000348396472710955
20-Jan-2023 10:00:00,0,0,0,0,0,25,4.77834852452434,4.77834852452434,0,0.000348022856868246
20-Jan-2023 11:00:00,0,0,0,0,0,25,4.77834852452434,4.77834852452434,0,0.000347650440435998
20-Jan-2023 12:00:00,0,0,0,0,0,25,4.77834852452434,4.77834852452434,0,0.000347279217010554
20-Jan-2023 13:00:00,0,0,0,0,0,25,4.77834852452434,4.77834852452434,0,0.00034690918023611
20-Jan-2023 14:00:00,0,0,0,0,0,25,4.77834852452434,4.77834852452434,0,0.000346540323803823
20-Jan-2023 15:00:00,0,0,0,0,0,25,4.77834852452434,4.77834852452434,0,0.000346172641452036
20-Jan-2023 16:00:00,0,0,0,0,0,25,4.77834852452434,4.77834852452434,0,0.000345806126965442
20-Jan-2023 17:00:00,0,0,0,0,0,25,4.77834852452434,4.77834852452434,0,0.000345440774174421
20-Jan-2023 18:00:00,0,0,0,0,0,25,4.77834852452434,4.77834852452434,0,0.000345076576955428
20-Jan-2023 19:00:00,0,0,0,0,0,25,4.77834852452434,4.77834852452434,0,0.000344713529229324
20-Jan-2023 20:00:00,0,0,0,0,0,25,4.77834852452434,4.77834852452434,0,0.000344351624962325
20-Jan-2023 21:00:00,0,0,0,0,0,25,4.77834852452434,4.77834852452434,0,0.000343990858164445
20-Jan-2023 22:00:00,0,0,0,0,0,25,4.77834852452434,4.77834852452434,0,0.000343631222889662
20-Jan-2023 23:00:00,0,0,0,0,0,25,4.77834852452434,4.77834852452434,0,0.000343272713235476
21-Jan-2023 00:00:00,0,0,0,0,0,25,4.77834852452434,4.77834852452434,0,0.000342915323342241
21-Jan-2023 01:00:00,0,0,0,0,0,25,4.77834852452434,4.77834852452434,0,0.000342559047393054
21-Jan-2023 02:00:00,0,0,0,0,0,25,4.77834852452434,4.77834852452434,0,0.000342203879613145
21-Jan-2023 03:00:00,0,0,0,0,0,25,4.77834852452434,4.77834852452434,0,0.000341849814269601
21-Jan-2023 04:00:00,0,0,0,0,0,25,4.77834852452434,4.77834852452434,0,0.000341496845670974
21-Jan-2023 05:00:00,0,0,0,0,0,25,4.77834852452434,4.77834852452434,0,0.000341144968166895
21-Jan-2023 06:00:00,0,0,0,0,0,25,4.77834852452434,4.77834852452434,0,0.000340794176147519
21-Jan-2023 07:00:00,0,0,0,0,0,25,4.77834852452434,4.77834852452434,0,0.000340444464043466
21-Jan-2023 08:00:00,0,0,0,0,0,25,4.77834852452434,4.77834852452434,0,0.000340095826325104
21-Jan-2023 09:00:00,0,0,0,0,0,25,4.77834852452434,4.77834852452434,0,0.000339748257502548
21-Jan-2023 10:00:00,0,0,0,0,0,25,4.77834852452434,4.77834852452434,0,0.000339401752125046
21-Jan-2023 11:00:00,-49.5410507252059,0,121.375574276755,0,0.0606574584091727,25,4.77834852452434,4.77834852452434,0,0.000339056304780538
21-Jan-2023 12:00:00,47.5790630846202,121.375160930153,0,0.0606572518391572,0,25,4.77834852452434,4.8390057763635,0.000229758085703611,0.000421919236295143
21-Jan-2023 13:00:00,0,0,0,0,0,25,4.8390057763635,4.8390057763635,0,0.000338368562735003
21-Jan-2023 14:00:00,0,0,0,0,0,25,4.8390057763635,4.8390057763635,0,0.000338026257401092
21-Jan-2023 15:00:00,0,0,0,0,0,25,4.8390057763635,4.8390057763635,0,0.000337684988833742
21-Jan-2023 16:00:00,0,0,0,0,0,25,4.8390057763635,4.8390057763635,0,0.000337344751810076
21-Jan-2023 17:00:00,0,0,0,0,0,25,4.8390057763635,4.8390057763635,0,0.000337005541143576
21-Jan-2023 18:00:00,0,0,0,0,0,25,4.8390057763635,4.8390057763635,0,0.000336667351684694
21-Jan-2023 19:00:00,0,0,0,0,0,25,4.8390057763635,4.8390057763635,0,0.000336330178319577
21-Jan-2023 20:00:00,0,0,0,0,0,25,4.8390057763635,4.8390057763635,0,0.000335994015970287
21-Jan-2023 21:00:00,0,0,0,0,0,25,4.8390057763635,4.8390057763635,0,0.000335658859594357
21-Jan-2023 22:00:00,0,0,0,0,0,25,4.8390057763635,4.8390057763635,0,0.000335324704184514
21-Jan-2023 23:00:00,0,0,0,0,0,25,4.8390057763635,4.8390057763635,0,0.000334991544768182
22-Jan-2023 00:00:00,0,0,0,0,0,25,4.8390057763635,4.8390057763635,0,0.000334659376407309
22-Jan-2023 01:00:00,0,0,0,0,0,25,4.8390057763635,4.8390057763635,0,0.000334328194198208
22-Jan-2023 02:00:00,0,0,0,0,0,25,4.8390057763635,4.8390057763635,0,0.000333997993270829
22-Jan-2023 03:00:00,0,0,0,0,0,25,4.8390057763635,4.8390057763635,0,0.000333668768789042
22-Jan-2023 04:00:00,0,0,0,0,0,25,4.8390057763635,4.8390057763635,0,0.000333340515949854
22-Jan-2023 05:00:00,0,0,0,0,0,25,4.8390057763635,4.8390057763635,0,0.000333013229983081
22-Jan-2023 06:00:00,0,0,0,0,0,25,4.8390057763635,4.8390057763635,0,0.000332686906151736
22-Jan-2023 07:00:00,0,0,0,0,0,25,4.8390057763635,4.8390057763635,0,0.000332361539750858
22-Jan-2023 08:00:00,0,0,0,0,0,25,4.8390057763635,4.8390057763635,0,0.000332037126107687
22-Jan-2023 09:00:00,0,0,0,0,0,25,4.8390057763635,4.8390057763635,0,0.000331713660581601
22-Jan-2023 10:00:00,0,0,0,0,0,25,4.8390057763635,4.8390057763635,0,0.000331391138563231
22-Jan-2023 11:00:00,0,0,0,0,0,25,4.8390057763635,4.8390057763635,0,0.000331069555474739
22-Jan-2023 12:00:00,0,0,0,0,0,25,4.8390057763635,4.8390057763635,0,0.000330748906769152
22-Jan-2023 13:00:00,0,0,0,0,0,25,4.8390057763635,4.8390057763635,0,0.000330429187930414
22-Jan-2023 14:00:00,0,0,0,0,0,25,4.8390057763635,4.8390057763635,0,0.000330110394472893
22-Jan-2023 15:00:00,0,0,0,0,0,25,4.8390057763635,4.8390057763635,0,0.000329792521941208
22-Jan-2023 16:00:00,0,0,0,0,0,25,4.8390057763635,4.8390057763635,0,0.000329475565909954
22-Jan-2023 17:00:00,0,0,0,0,0,25,4.8390057763635,4.8390057763635,0,0.00032915952198348
22-Jan-2023 18:00:00,0,0,0,0,0,25,4.8390057763635,4.8390057763635,0,0.000328844385795446
22-Jan-2023 19:00:00,0,0,0,0,0,25,4.8390057763635,4.8390057763635,0,0.000328530153008932
22-Jan-2023 20:00:00,0,0,0,0,0,25,4.8390057763635,4.8390057763635,0,0.000328216819315719
22-Jan-2023 21:00:00,0,0,0,0,0,25,4.8390057763635,4.8390057763635,0,0.000327904380436672
22-Jan-2023 22:00:00,0,0,0,0,0,25,4.8390057763635,4.8390057763635,0,0.000327592832120749
22-Jan-2023 23:00:00,0,0,0,0,0,25,4.8390057763635,4.8390057763635,0,0.000327282170145216
23-Jan-2023 00:00:00,0,0,0,0,0,25,4.8390057763635,4.8390057763635,0,0.000326972390315428
23-Jan-2023 01:00:00,0,0,0,0,0,25,4.8390057763635,4.8390057763635,0,0.00032666348846444
23-Jan-2023 02:00:00,0,0,0,0,0,25,4.8390057763635,4.8390057763635,0,0.000326355460452787
23-Jan-2023 03:00:00,0,0,0,0,0,25,4.8390057763635,4.8390057763635,0,0.000326048302168147
23-Jan-2023 04:00:00,0,0,0,0,0,25,4.8390057763635,4.8390057763635,0,0.000325742009525509
23-Jan-2023 05:00:00,0,0,0,0,0,25,4.8390057763635,4.8390057763635,0,0.000325436578466565
23-Jan-2023 06:00:00,0,0,0,0,0,25,4.8390057763635,4.8390057763635,0,0.000325132004959372
23-Jan-2023 07:00:00,0,0,0,0,0,25,4.8390057763635,4.8390057763635,0,0.000324828284998802
23-Jan-2023 08:00:00,0,0,0,0,0,25,4.8390057763635,4.8390057763635,0,0.000324525414605425
23-Jan-2023 09:00:00,0,0,0,0,0,25,4.8390057763635,4.8390057763635,0,0.000324223389825962
23-Jan-2023 10:00:00,0,0,0,0,0,25,4.8390057763635,4.8390057763635,0,0.000323922206732885
23-Jan-2023 11:00:00,0,0,0,0,0,25,4.8390057763635,4.8390057763635,0,0.000323621861423873
23-Jan-2023 12:00:00,0,0,0,0,0,25,4.8390057763635,4.8390057763635,0,0.000323322350022359
23-Jan-2023 13:00:00,0,0,0,0,0,25,4.8390057763635,4.8390057763635,0,0.000323023668676259
23-Jan-2023 14:00:00,0,0,0,0,0,25,4.8390057763635,4.8390057763635,0,0.000322725813558966
23-Jan-2023 15:00:00,0,0,0,0,0,25,4.8390057763635,4.8390057763635,0,0.000322428780868023
23-Jan-2023 16:00:00,0,0,0,0,0,25,4.8390057763635,4.8390057763635,0,0.000322132566825672
23-Jan-2023 17:00:00,0,0,0,0,0,25,4.8390057763635,4.8390057763635,0,0.000321837167678474
23-Jan-2023 18:00:00,0,0,0,0,0,25,4.8390057763635,4.8390057763635,0,0.000321542579696743
23-Jan-2023 19:00:00,0,0,0,0,0,25,4.8390057763635,4.8390057763635,0,0.000321248799174945
23-Jan-2023 20:00:00,0,0,0,0,0,25,4.8390057763635,4.8390057763635,0,0.000320955822431024
23-Jan-2023 21:00:00,0,0,0,0,0,25,4.8390057763635,4.8390057763635,0,0.000320663645806629
23-Jan-2023 22:00:00,0,0,0,0,0,25,4.8390057763635,4.8390057763635,0,0.000320372265666224
23-Jan-2023 23:00:00,0,0,0,0,0,25,4.8390057763635,4.8390057763635,0,0.000320081678397754
24-Jan-2023 00:00:00,0,0,0,0,0,25,4.8390057763635,4.8390057763635,0,0.000319791880412035
24-Jan-2023 01:00:00,0,0,0,0,0,25,4.8390057763635,4.8390057763635,0,0.000319502868142363
24-Jan-2023 02:00:00,0,0,0,0,0,25,4.8390057763635,4.8390057763635,0,0.00031921463804474
24-Jan-2023 03:00:00,0,0,0,0,0,25,4.8390057763635,4.8390057763635,0,0.000318927186597318
24-Jan-2023 04:00:00,0,0,0,0,0,25,4.8390057763635,4.8390057763635,0,0.000318640510300838
24-Jan-2023 05:00:00,0,0,0,0,0,25,4.8390057763635,4.8390057763635,0,0.000318354605677362
24-Jan-2023 06:00:00,0,0,0,0,0,25,4.8390057763635,4.8390057763635,0,0.000318069469271431
24-Jan-2023 07:00:00,0,0,0,0,0,25,4.8390057763635,4.8390057763635,0,0.000317785097648626
24-Jan-2023 08:00:00,0,0,0,0,0,25,4.8390057763635,4.8390057763635,0,0.000317501487396454
24-Jan-2023 09:00:00,0,0,0,0,0,25,4.8390057763635,4.8390057763635,0,0.000317218635123462
24-Jan-2023 10:00:00,0,0,0,0,0,25,4.8390057763635,4.8390057763635,0,0.000316936537459345
24-Jan-2023 11:00:00,0,0,0,0,0,25,4.8390057763635,4.8390057763635,0,0.00031665519105456
24-Jan-2023 12:00:00,0,0,0,0,0,25,4.8390057763635,4.8390057763635,0,0.000316374592580881
24-Jan-2023 13:00:00,0,0,0,0,0,25,4.8390057763635,4.8390057763635,0,0.000316094738730011
24-Jan-2023 14:00:00,0,0,0,0,0,25,4.8390057763635,4.8390057763635,0,0.000315815626214744
24-Jan-2023 15:00:00,0,0,0,0,0,25,4.8390057763635,4.8390057763635,0,0.000315537251767473
24-Jan-2023 16:00:00,0,0,0,0,0,25,4.8390057763635,4.8390057763635,0,0.000315259612141461
24-Jan-2023 17:00:00,0,0,0,0,0,25,4.8390057763635,4.8390057763635,0,0.000314982704109235
24-Jan-2023 18:00:00,0,0,0,0,0,25,4.8390057763635,4.8390057763635,0,0.000314706524463637
24-Jan-2023 19:00:00,0,0,0,0,0,25,4.8390057763635,4.8390057763635,0,0.000314431070016885
24-Jan-2023 20:00:00,0,0,0,0,0,25,4.8390057763635,4.8390057763635,0,0.000314156337600902
24-Jan-2023 21:00:00,0,0,0,0,0,25,4.8390057763635,4.8390057763635,0,0.000313882324066705
24-Jan-2023 22:00:00,0,0,0,0,0,25,4.8390057763635,4.8390057763635,0,0.000313609026284745
24-Jan-2023 23:00:00,0,0,0,0,0,25,4.8390057763635,4.8390057763635,0,0.000313336441144341
25-Jan-2023 00:00:00,0,0,0,0,0,25,4.8390057763635,4.8390057763635,0,0.000313064565553745
25-Jan-2023 01:00:00,0,0,0,0,0,25,4.8390057763635,4.8390057763635,0,0.000312793396440025
25-Jan-2023 02:00:00,0,0,0,0,0,25,4.8390057763635,4.8390057763635,0,0.000312522930748793
25-Jan-2023 03:00:00,0,0,0,0,0,25,4.8390057763635,4.8390057763635,0,0.000312253165444087
25-Jan-2023 04:00:00,0,0,0,0,0,25,4.8390057763635,4.8390057763635,0,0.000311984097508378
25-Jan-2023 05:00:00,0,0,0,0,0,25,4.8390057763635,4.8390057763635,0,0.000311715723942119
25-Jan-2023 06:00:00,0,0,0,0,0,25,4.8390057763635,4.8390057763635,0,0.000311448041764084
25-Jan-2023 07:00:00,0,0,0,0,0,25,4.8390057763635,4.8390057763635,0,0.000311181048010478
25-Jan-2023 08:00:00,0,0,0,0,0,25,4.8390057763635,4.8390057763635,0,0.000310914739735768
25-Jan-2023 09:00:00,0,0,0,0,0,25,4.8390057763635,4.8390057763635,0,0.000310649114011741
25-Jan-2023 10:00:00,0,0,0,0,0,25,4.8390057763635,4.8390057763635,0,0.000310384167927669
25-Jan-2023 11:00:00,0,0,0,0,0,25,4.8390057763635,4.8390057763635,0,0.000310119898590255
25-Jan-2023 12:00:00,0,0,0,0,0,25,4.8390057763635,4.8390057763635,0,0.000309856303123468
25-Jan-2023 13:00:00,0,0,0,0,0,25,4.8390057763635,4.8390057763635,0,0.000309593378668205
25-Jan-2023 14:00:00,0,0,0,0,0,25,4.8390057763635,4.8390057763635,0,0.000309331122382461
25-Jan-2023 15:00:00,0,0,0,0,0,25,4.8390057763635,4.8390057763635,0,0.000309069531440886
25-Jan-2023 16:00:00,0,0,0,0,0,25,4.8390057763635,4.8390057763635,0,0.000308808603035116
25-Jan-2023 17:00:00,0,0,0,0,0,25,4.8390057763635,4.8390057763635,0,0.000308548334372938
25-Jan-2023 18:00:00,0,0,0,0,0,25,4.8390057763635,4.8390057763635,0,0.000308288722678962
25-Jan-2023 19:00:00,0,0,0,0,0,25,4.8390057763635,4.8390057763635,0,0.000308029765193951
25-Jan-2023 20:00:00,0,0,0,0,0,25,4.8390057763635,4.8390057763635,0,0.000307771459174933
25-Jan-2023 21:00:00,0,0,0,0,0,25,4.8390057763635,4.8390057763635,0,0.000307513801894865
25-Jan-2023 22:00:00,0,0,0,0,0,25,4.8390057763635,4.8390057763635,0,0.000307256790642807
25-Jan-2023 23:00:00,0,0,0,0,0,25,4.8390057763635,4.8390057763635,0,0.000307000422723691
26-Jan-2023 00:00:00,0,0,0,0,0,25,4.8390057763635,4.8390057763635,0,0.000306744695457883
26-Jan-2023 01:00:00,0,0,0,0,0,25,4.8390057763635,4.8390057763635,0,0.000306489606181681
26-Jan-2023 02:00:00,0,0,0,0,0,25,4.8390057763635,4.8390057763635,0,0.000306235152246703
26-Jan-2023 03:00:00,0,0,0,0,0,25,4.8390057763635,4.8390057763635,0,0.000305981331019944
26-Jan-2023 04:00:00,0,0,0,0,0,25,4.8390057763635,4.8390057763635,0,0.000305728139883665
26-Jan-2023 05:00:00,0,0,0,0,0,25,4.8390057763635,4.8390057763635,0,0.00030547557623517
26-Jan-2023 06:00:00,0,0,0,0,0,25,4.8390057763635,4.8390057763635,0,0.000305223637487084
26-Jan-2023 07:00:00,0,0,0,0,0,25,4.8390057763635,4.8390057763635,0,0.000304972321066466
26-Jan-2023 08:00:00,0,0,0,0,0,25,4.8390057763635,4.8390057763635,0,0.000304721624415749
26-Jan-2023 09:00:00,0,0,0,0,0,25,4.8390057763635,4.8390057763635,0,0.000304471544991469
26-Jan-2023 10:00:00,0,0,0,0,0,25,4.8390057763635,4.8390057763635,0,0.00030422208026526
26-Jan-2023 11:00:00,0,0,0,0,0,25,4.8390057763635,4.8390057763635,0,0.000303973227722965
26-Jan-2023 12:00:00,0,0,0,0,0,25,4.8390057763635,4.8390057763635,0,0.000303724984864806
26-Jan-2023 13:00:00,0,0,0,0,0,25,4.8390057763635,4.8390057763635,0,0.000303477349205272
26-Jan-2023 14:00:00,0,0,0,0,0,25,4.8390057763635,4.8390057763635,0,0.000303230318273229
26-Jan-2023 15:00:00,0,0,0,0,0,25,4.8390057763635,4.8390057763635,0,0.000302983889611252
26-Jan-2023 16:00:00,0,0,0,0,0,25,4.8390057763635,4.8390057763635,0,0.000302738060776131
26-Jan-2023 17:00:00,0,0,0,0,0,25,4.8390057763635,4.8390057763635,0,0.000302492829338419
26-Jan-2023 18:00:00,0,0,0,0,0,25,4.8390057763635,4.8390057763635,0,0.000302248192882493
26-Jan-2023 19:00:00,0,0,0,0,0,25,4.8390057763635,4.8390057763635,0,0.000302004149006274
26-Jan-2023 20:00:00,0,0,0,0,0,25,4.8390057763635,4.8390057763635,0,0.000301760695321229
26-Jan-2023 21:00:00,0,0,0,0,0,25,4.8390057763635,4.8390057763635,0,0.00030151782945248
26-Jan-2023 22:00:00,0,0,0,0,0,25,4.8390057763635,4.8390057763635,0,0.000301275549038194
26-Jan-2023 23:00:00,0,0,0,0,0,25,4.8390057763635,4.8390057763635,0,0.000301033851730137
27-Jan-2023 00:00:00,0,0,0,0,0,25,4.8390057763635,4.8390057763635,0,0.000300792735192956
27-Jan-2023 01:00:00,0,0,0,0,0,25,4.8390057763635,4.8390057763635,0,0.00030055219710462
27-Jan-2023 02:00:00,0,0,0,0,0,25,4.8390057763635,4.8390057763635,0,0.000300312235155809
27-Jan-2023 03:00:00,0,0,0,0,0,25,4.8390057763635,4.8390057763635,0,0.000300072847050303
27-Jan-2023 04:00:00,0,0,0,0,0,25,4.8390057763635,4.8390057763635,0,0.000299834030504653
27-Jan-2023 05:00:00,0,0,0,0,0,25,4.8390057763635,4.8390057763635,0,0.000299595783247897
27-Jan-2023 06:00:00,0,0,0,0,0,25,4.8390057763635,4.8390057763635,0,0.000299358103022118
27-Jan-2023 07:00:00,0,0,0,0,0,25,4.8390057763635,4.8390057763635,0,0.000299120987581336
27-Jan-2023 08:00:00,0,0,0,0,0,25,4.8390057763635,4.8390057763635,0,0.000298884434692503
27-Jan-2023 09:00:00,0,0,0,0,0,25,4.8390057763635,4.8390057763635,0,0.000298648442134675
27-Jan-2023 10:00:00,0,0,0,0,0,25,4.8390057763635,4.8390057763635,0,0.000298413007699172
27-Jan-2023 11:00:00,0,0,0,0,0,25,4.8390057763635,4.8390057763635,0,0.000298178129189641
27-Jan-2023 12:00:00,0,0,0,0,0,25,4.8390057763635,4.8390057763635,0,0.000297943804421552
27-Jan-2023 13:00:00,0,0,0,0,0,25,4.8390057763635,4.8390057763635,0,0.000297710031222642
27-Jan-2023 14:00:00,0,0,0,0,0,25,4.8390057763635,4.8390057763635,0,0.000297476807432306
27-Jan-2023 15:00:00,0,0,0,0,0,25,4.8390057763635,4.8390057763635,0,0.000297244130902041
27-Jan-2023 16:00:00,0,0,0,0,0,25,4.8390057763635,4.8390057763635,0,0.000297011999494834
27-Jan-2023 17:00:00,0,0,0,0,0,25,4.8390057763635,4.8390057763635,0,0.000296780411085495
27-Jan-2023 18:00:00,0,0,0,0,0,25,4.8390057763635,4.8390057763635,0,0.000296549363560383
27-Jan-2023 19:00:00,0,0,0,0,0,25,4.8390057763635,4.8390057763635,0,0.00029631885481729
27-Jan-2023 20:00:00,0,0,0,0,0,25,4.8390057763635,4.8390057763635,0,0.000296088882765499
27-Jan-2023 21:00:00,0,0,0,0,0,25,4.8390057763635,4.8390057763635,0,0.000295859445325564
27-Jan-2023 22:00:00,0,0,0,0,0,25,4.8390057763635,4.8390057763635,0,0.000295630540429526
27-Jan-2023 23:00:00,0,0,0,0,0,25,4.8390057763635,4.8390057763635,0,0.000295402166020253
28-Jan-2023 00:00:00,0,0,0,0,0,25,4.8390057763635,4.8390057763635,0,0.000295174320051939
28-Jan-2023 01:00:00,0,0,0,0,0,25,4.8390057763635,4.8390057763635,0,0.000294947000489876
28-Jan-2023 02:00:00,0,0,0,0,0,25,4.8390057763635,4.8390057763635,0,0.000294720205310017
28-Jan-2023 03:00:00,0,0,0,0,0,25,4.8390057763635,4.8390057763635,0,0.000294493932499584
28-Jan-2023 04:00:00,0,0,0,0,0,25,4.8390057763635,4.8390057763635,0,0.000294268180056234
28-Jan-2023 05:00:00,0,0,0,0,0,25,4.8390057763635,4.8390057763635,0,0.00029404294598856
28-Jan-2023 06:00:00,0,0,0,0,0,25,4.8390057763635,4.8390057763635,0,0.000293818228315756
28-Jan-2023 07:00:00,0,0,0,0,0,25,4.8390057763635,4.8390057763635,0,0.000293594025067678
28-Jan-2023 08:00:00,0,0,0,0,0,25,4.8390057763635,4.8390057763635,0,0.000293370334284448
28-Jan-2023 09:00:00,0,0,0,0,0,25,4.8390057763635,4.8390057763635,0,0.000293147154016904
28-Jan-2023 10:00:00,0,0,0,0,0,25,4.8390057763635,4.8390057763635,0,0.000292924482326151
28-Jan-2023 11:00:00,0,0,0,0,0,25,4.8390057763635,4.8390057763635,0,0.000292702317283511
28-Jan-2023 12:00:00,0,0,0,0,0,25,4.8390057763635,4.8390057763635,0,0.000292480656970517
28-Jan-2023 13:00:00,0,0,0,0,0,25,4.8390057763635,4.8390057763635,0,0.000292259499479086
28-Jan-2023 14:00:00,0,0,0,0,0,25,4.8390057763635,4.8390057763635,0,0.000292038842911013
28-Jan-2023 15:00:00,0,0,0,0,0,25,4.8390057763635,4.8390057763635,0,0.000291818685378031
28-Jan-2023 16:00:00,0,0,0,0,0,25,4.8390057763635,4.8390057763635,0,0.000291599025002087
28-Jan-2023 17:00:00,0,0,0,0,0,25,4.8390057763635,4.8390057763635,0,0.000291379859914842
28-Jan-2023 18:00:00,0,0,0,0,0,25,4.8390057763635,4.8390057763635,0,0.000291161188257782
28-Jan-2023 19:00:00,0,0,0,0,0,25,4.8390057763635,4.8390057763635,0,0.000290943008182165
28-Jan-2023 20:00:00,0,0,0,0,0,25,4.8390057763635,4.8390057763635,0,0.000290725317848906
28-Jan-2023 21:00:00,0,0,0,0,0,25,4.8390057763635,4.8390057763635,0,0.000290508115428578
28-Jan-2023 22:00:00,0,0,0,0,0,25,4.8390057763635,4.8390057763635,0,0.000290291399101306
28-Jan-2023 23:00:00,0,0,0,0,0,25,4.8390057763635,4.8390057763635,0,0.000290075167056647
29-Jan-2023 00:00:00,0,0,0,0,0,25,4.8390057763635,4.8390057763635,0,0.000289859417493599
29-Jan-2023 01:00:00,0,0,0,0,0,25,4.8390057763635,4.8390057763635,0,0.000289644148620705
29-Jan-2023 02:00:00,0,0,0,0,0,25,4.8390057763635,4.8390057763635,0,0.000289429358655446
29-Jan-2023 03:00:00,0,0,0,0,0,25,4.8390057763635,4.8390057763635,0,0.000289215045824853
29-Jan-2023 04:00:00,0,0,0,0,0,25,4.8390057763635,4.8390057763635,0,0.000289001208365003
29-Jan-2023 05:00:00,0,0,0,0,0,25,4.8390057763635,4.8390057763635,0,0.000288787844521077
29-Jan-2023 06:00:00,0,0,0,0,0,25,4.8390057763635,4.8390057763635,0,0.000288574952547471
29-Jan-2023 07:00:00,0,0,0,0,0,25,4.8390057763635,4.8390057763635,0,0.000288362530707298
29-Jan-2023 08:00:00,0,0,0,0,0,25,4.8390057763635,4.8390057763635,0,0.000288150577272772
29-Jan-2023 09:00:00,0,0,0,0,0,25,4.8390057763635,4.8390057763635,0,0.000287939090525158
29-Jan-2023 10:00:00,0,0,0,0,0,25,4.8390057763635,4.8390057763635,0,0.000287728068754045
29-Jan-2023 11:00:00,0,0,0,0,0,25,4.8390057763635,4.8390057763635,0,0.000287517510258462
29-Jan-2023 12:00:00,0,0,0,0,0,25,4.8390057763635,4.8390057763635,0,0.000287307413345372
29-Jan-2023 13:00:00,0,0,0,0,0,25,4.8390057763635,4.8390057763635,0,0.000287097776331124
29-Jan-2023 14:00:00,0,0,0,0,0,25,4.8390057763635,4.8390057763635,0,0.000286888597540058
29-Jan-2023 15:00:00,0,0,0,0,0,25,4.8390057763635,4.8390057763635,0,0.000286679875305451
29-Jan-2023 16:00:00,0,0,0,0,0,25,4.8390057763635,4.8390057763635,0,0.000286471607968908
29-Jan-2023 17:00:00,0,0,0,0,0,25,4.8390057763635,4.8390057763635,0,0.000286263793880304
29-Jan-2023 18:00:00,0,0,0,0,0,25,4.8390057763635,4.8390057763635,0,0.000286056431398174
29-Jan-2023 19:00:00,0,0,0,0,0,25,4.8390057763635,4.8390057763635,0,0.000285849518889214
29-Jan-2023 20:00:00,0,0,0,0,0,25,4.8390057763635,4.8390057763635,0,0.00028564305472828
29-Jan-2023 21:00:00,0,0,0,0,0,25,4.8390057763635,4.8390057763635,0,0.000285437037298664
29-Jan-2023 22:00:00,0,0,0,0,0,25,4.8390057763635,4.8390057763635,0,0.000285231464991542
29-Jan-2023 23:00:00,0,0,0,0,0,25,4.8390057763635,4.8390057763635,0,0.000285026336206473
30-Jan-2023 00:00:00,0,0,0,0,0,25,4.8390057763635,4.8390057763635,0,0.000284821649350786
30-Jan-2023 01:00:00,0,0,0,0,0,25,4.8390057763635,4.8390057763635,0,0.000284617402840082
30-Jan-2023 02:00:00,0,0,0,0,0,25,4.8390057763635,4.8390057763635,0,0.000284413595097621
30-Jan-2023 03:00:00,0,0,0,0,0,25,4.8390057763635,4.8390057763635,0,0.000284210224554715
30-Jan-2023 04:00:00,0,0,0,0,0,25,4.8390057763635,4.8390057763635,0,0.000284007289650612
30-Jan-2023 05:00:00,0,0,0,0,0,25,4.8390057763635,4.8390057763635,0,0.000283804788832054
30-Jan-2023 06:00:00,0,0,0,0,0,25,4.8390057763635,4.8390057763635,0,0.000283602720553833
30-Jan-2023 07:00:00,0,0,0,0,0,25,4.8390057763635,4.8390057763635,0,0.00028340108327829
30-Jan-2023 08:00:00,0,0,0,0,0,25,4.8390057763635,4.8390057763635,0,0.000283199875475315
30-Jan-2023 09:00:00,0,0,0,0,0,25,4.8390057763635,4.8390057763635,0,0.000282999095622627
30-Jan-2023 10:00:00,0,0,0,0,0,25,4.8390057763635,4.8390057763635,0,0.000282798742205159
30-Jan-2023 11:00:00,0,0,0,0,0,25,4.8390057763635,4.8390057763635,0,0.000282598813715784
30-Jan-2023 12:00:00,0,0,0,0,0,25,4.8390057763635,4.8390057763635,0,0.00028239930865448
30-Jan-2023 13:00:00,0,0,0,0,0,25,4.8390057763635,4.8390057763635,0,0.000282200225528662
30-Jan-2023 14:00:00,0,0,0,0,0,25,4.8390057763635,4.8390057763635,0,0.000282001562853185
30-Jan-2023 15:00:00,0,0,0,0,0,25,4.8390057763635,4.8390057763635,0,0.000281803319150342
30-Jan-2023 16:00:00,0,0,0,0,0,25,4.8390057763635,4.8390057763635,0,0.000281605492949311
30-Jan-2023 17:00:00,0,0,0,0,0,25,4.8390057763635,4.8390057763635,0,0.000281408082786816
30-Jan-2023 18:00:00,0,0,0,0,0,25,4.8390057763635,4.8390057763635,0,0.00028121108720669
30-Jan-2023 19:00:00,0,0,0,0,0,25,4.8390057763635,4.8390057763635,0,0.000281014504759702
30-Jan-2023 20:00:00,0,0,0,0,0,25,4.8390057763635,4.8390057763635,0,0.000280818334004063
30-Jan-2023 21:00:00,0,0,0,0,0,25,4.8390057763635,4.8390057763635,0,0.000280622573504641
30-Jan-2023 22:00:00,0,0,0,0,0,25,4.8390057763635,4.8390057763635,0,0.000280427221833579
30-Jan-2023 23:00:00,0,0,0,0,0,25,4.8390057763635,4.8390057763635,0,0.000280232277569736
31-Jan-2023 00:00:00,0,0,0,0,0,25,4.8390057763635,4.8390057763635,0,0.000280037739299022
31-Jan-2023 01:00:00,0,0,0,0,0,25,4.8390057763635,4.8390057763635,0,0.000279843605614338
31-Jan-2023 02:00:00,0,0,0,0,0,25,4.8390057763635,4.8390057763635,0,0.000279649875114973
31-Jan-2023 03:00:00,0,0,0,0,0,25,4.8390057763635,4.8390057763635,0,0.000279456546407542
31-Jan-2023 04:00:00,0,0,0,0,0,25,4.8390057763635,4.8390057763635,0,0.00027926361810493
31-Jan-2023 05:00:00,0,0,0,0,0,25,4.8390057763635,4.8390057763635,0,0.000279071088826965
31-Jan-2023 06:00:00,0,0,0,0,0,25,4.8390057763635,4.8390057763635,0,0.000278878957200079
31-Jan-2023 07:00:00,0,0,0,0,0,25,4.8390057763635,4.8390057763635,0,0.000278687221857254
31-Jan-2023 08:00:00,0,0,0,0,0,25,4.8390057763635,4.8390057763635,0,0.000278495881438134
31-Jan-2023 09:00:00,0,0,0,0,0,25,4.8390057763635,4.8390057763635,0,0.000278304934588858
31-Jan-2023 10:00:00,0,0,0,0,0,25,4.8390057763635,4.8390057763635,0,0.000278114379962058
31-Jan-2023 11:00:00,0,0,0,0,0,25,4.8390057763635,4.8390057763635,0,0.000277924216216752
31-Jan-2023 12:00:00,0,0,0,0,0,25,4.8390057763635,4.8390057763635,0,0.000277734442018451
31-Jan-2023 13:00:00,0,0,0,0,0,25,4.8390057763635,4.8390057763635,0,0.000277545056038941
31-Jan-2023 14:00:00,0,0,0,0,0,25,4.8390057763635,4.8390057763635,0,0.000277356056956501
31-Jan-2023 15:00:00,0,0,0,0,0,25,4.8390057763635,4.8390057763635,0,0.000277167443455517
31-Jan-2023 16:00:00,0,0,0,0,0,25,4.8390057763635,4.8390057763635,0,0.000276979214226702
31-Jan-2023 17:00:00,0,0,0,0,0,25,4.8390057763635,4.8390057763635,0,0.0002767913679671
31-Jan-2023 18:00:00,0,0,0,0,0,25,4.8390057763635,4.8390057763635,0,0.000276603903379802
31-Jan-2023 19:00:00,0,0,0,0,0,25,4.8390057763635,4.8390057763635,0,0.000276416819173952
31-Jan-2023 20:00:00,0,0,0,0,0,25,4.8390057763635,4.8390057763635,0,0.000276230114064968
31-Jan-2023 21:00:00,0,0,0,0,0,25,4.8390057763635,4.8390057763635,0,0.000276043786774371
31-Jan-2023 22:00:00,0,0,0,0,0,25,4.8390057763635,4.8390057763635,0,0.000275857836029514
31-Jan-2023 23:00:00,0,0,0,0,0,25,4.8390057763635,4.8390057763635,0,0.000275672260563797
01-Feb-2023 00:00:00,0,0,0,0,0,25,4.8390057763635,4.8390057763635,0,0.000275487059116841
01-Feb-2023 01:00:00,0,0,0,0,0,25,4.8390057763635,4.8390057763635,0,0.000275302230433705
01-Feb-2023 02:00:00,0,0,0,0,0,25,4.8390057763635,4.8390057763635,0,0.000275117773265776
01-Feb-2023 03:00:00,0,0,0,0,0,25,4.8390057763635,4.8390057763635,0,0.000274933686370049
01-Feb-2023 04:00:00,0,0,0,0,0,25,4.8390057763635,4.8390057763635,0,0.000274749968509402
01-Feb-2023 05:00:00,0,0,0,0,0,25,4.8390057763635,4.8390057763635,0,0.000274566618452488
01-Feb-2023 06:00:00,0,0,0,0,0,25,4.8390057763635,4.8390057763635,0,0.000274383634973618
01-Feb-2023 07:00:00,0,0,0,0,0,25,4.8390057763635,4.8390057763635,0,0.000274201016853104
01-Feb-2023 08:00:00,0,0,0,0,0,25,4.8390057763635,4.8390057763635,0,0.000274018762876582
01-Feb-2023 09:00:00,0,0,0,0,0,25,4.8390057763635,4.8390057763635,0,0.000273836871835409
01-Feb-2023 10:00:00,0,0,0,0,0,25,4.8390057763635,4.8390057763635,0,0.000273655342526713
01-Feb-2023 11:00:00,0,0,0,0,0,25,4.8390057763635,4.8390057763635,0,0.000273474173753119
01-Feb-2023 12:00:00,-212.909954644155,0,521.629388878179,0,0.260684352262958,25,4.8390057763635,4.8390057763635,0,0.000273293364322746
01-Feb-2023 13:00:00,165.896964381789,423.206541790278,0,0.211497522134072,0,25,4.8390057763635,5.05050329849757,0.000834656757057017,0.000601148058260836
01-Feb-2023 14:00:00,38.5806374666333,98.4199935373297,0,0.0491854040666315,0,25,5.05050329849757,5.0996887025642,0.000184370080899318,0.000326779284965051
01-Feb-2023 15:00:00,0,0,0,0,0,25,5.0996887025642,5.0996887025642,0,0.000272753080254873
01-Feb-2023 16:00:00,0,0,0,0,0,25,5.0996887025642,5.0996887025642,0,0.000272573696388556
01-Feb-2023 17:00:00,0,0,0,0,0,25,5.0996887025642,5.0996887025642,0,0.000272394665988107
01-Feb-2023 18:00:00,0,0,0,0,0,25,5.0996887025642,5.0996887025642,0,0.000272215987894397
01-Feb-2023 19:00:00,0,0,0,0,0,25,5.0996887025642,5.0996887025642,0,0.00027203766095335
01-Feb-2023 20:00:00,0,0,0,0,0,25,5.0996887025642,5.0996887025642,0,0.000271859684016218
01-Feb-2023 21:00:00,0,0,0,0,0,25,5.0996887025642,5.0996887025642,0,0.000271682055939748
01-Feb-2023 22:00:00,0,0,0,0,0,25,5.0996887025642,5.0996887025642,0,0.000271504775585574
01-Feb-2023 23:00:00,0,0,0,0,0,25,5.0996887025642,5.0996887025642,0,0.000271327841820712
02-Feb-2023 00:00:00,0,0,0,0,0,25,5.0996887025642,5.0996887025642,0,0.00027115125351751
02-Feb-2023 01:00:00,0,0,0,0,0,25,5.0996887025642,5.0996887025642,0,0.000270975009552976
02-Feb-2023 02:00:00,0,0,0,0,0,25,5.0996887025642,5.0996887025642,0,0.000270799108809561
02-Feb-2023 03:00:00,0,0,0,0,0,25,5.0996887025642,5.0996887025642,0,0.000270623550174709
02-Feb-2023 04:00:00,0,0,0,0,0,25,5.0996887025642,5.0996887025642,0,0.000270448332540973
02-Feb-2023 05:00:00,0,0,0,0,0,25,5.0996887025642,5.0996887025642,0,0.000270273454805792
02-Feb-2023 06:00:00,0,0,0,0,0,25,5.0996887025642,5.0996887025642,0,0.000270098915871819
02-Feb-2023 07:00:00,0,0,0,0,0,25,5.0996887025642,5.0996887025642,0,0.000269924714646264
02-Feb-2023 08:00:00,-211.186366712297,0,517.406598445127,0,0.258574012216455,25,5.0996887025642,5.0996887025642,0,0.000269750850041661
02-Feb-2023 09:00:00,-317.011480713303,0,776.678127747592,0,0.388144991378107,25,5.0996887025642,5.0996887025642,0,0.000591514405793969
02-Feb-2023 10:00:00,220.184819436138,561.695967949331,0,0.280707630159586,0,25,5.0996887025642,5.38039633272378,0.00112215354807853,0.00087436945802577
02-Feb-2023 11:00:00,124.38303817447,317.303668812422,0,0.158572548132145,0,25,5.38039633272378,5.53896888085593,0.000608115812181616,0.000653206066025036
02-Feb-2023 12:00:00,162.701963110525,415.056028343175,0,0.207424302020577,0,25,5.53896888085593,5.74639318287651,0.000803578367721495,0.000535536102332923
02-Feb-2023 13:00:00,-376.626557856722,0,922.735066748969,0,0.461136964892038,25,5.74639318287651,5.74639318287651,0,0.00026888653860635
02-Feb-2023 14:00:00,-304.08770493539,0,745.014877091706,0,0.3723212779069,25,5.74639318287651,5.74639318287651,0,0.000683254142032297
02-Feb-2023 15:00:00,266.864754275232,680.777434375593,0,0.340218607883854,0,25,5.74639318287651,6.08661179076036,0.00136235165487596,0.00105856058010667
02-Feb-2023 16:00:00,279.255829352288,712.387319776245,0,0.356015652062092,0,25,6.08661179076036,6.44262744282245,0.00142159725480729,0.00069669701435926
02-Feb-2023 17:00:00,107.620217414414,274.541370955139,0,0.137202084435352,0,25,6.44262744282245,6.5798295272578,0.000510909788873526,0.000436083394106612
02-Feb-2023 18:00:00,0,0,0,0,0,25,6.5798295272578,6.5798295272578,0,0.000268030482332371
02-Feb-2023 19:00:00,0,0,0,0,0,25,6.5798295272578,6.5798295272578,0,0.000267860250154905
02-Feb-2023 20:00:00,0,0,0,0,0,25,6.5798295272578,6.5798295272578,0,0.000267690341920868
02-Feb-2023 21:00:00,0,0,0,0,0,25,6.5798295272578,6.5798295272578,0,0.000267520756604078
02-Feb-2023 22:00:00,0,0,0,0,0,25,6.5798295272578,6.5798295272578,0,0.000267351493183021
02-Feb-2023 23:00:00,0,0,0,0,0,25,6.5798295272578,6.5798295272578,0,0.000267182550640732
03-Feb-2023 00:00:00,0,0,0,0,0,25,6.5798295272578,6.5798295272578,0,0.000267013927964466
03-Feb-2023 01:00:00,0,0,0,0,0,25,6.5798295272578,6.5798295272578,0,0.00026684562414625
03-Feb-2023 02:00:00,0,0,0,0,0,25,6.5798295272578,6.5798295272578,0,0.000266677638182444
03-Feb-2023 03:00:00,0,0,0,0,0,25,6.5798295272578,6.5798295272578,0,0.000266509969073847
03-Feb-2023 04:00:00,0,0,0,0,0,25,6.5798295272578,6.5798295272578,0,0.000266342615825477
03-Feb-2023 05:00:00,0,0,0,0,0,25,6.5798295272578,6.5798295272578,0,0.000266175577447125
03-Feb-2023 06:00:00,0,0,0,0,0,25,6.5798295272578,6.5798295272578,0,0.00026600885295236
03-Feb-2023 07:00:00,0,0,0,0,0,25,6.5798295272578,6.5798295272578,0,0.000265842441359632
03-Feb-2023 08:00:00,0,0,0,0,0,25,6.5798295272578,6.5798295272578,0,0.000265676341691279
03-Feb-2023 09:00:00,0,0,0,0,0,25,6.5798295272578,6.5798295272578,0,0.00026551055297408
03-Feb-2023 10:00:00,0,0,0,0,0,25,6.5798295272578,6.5798295272578,0,0.000265345074239032
03-Feb-2023 11:00:00,0,0,0,0,0,25,6.5798295272578,6.5798295272578,0,0.000265179904521462
03-Feb-2023 12:00:00,-79.4013515702285,0,194.53331134706,0,0.0972180466502049,25,6.5798295272578,6.5798295272578,0,0.000265015042860584
03-Feb-2023 13:00:00,76.256854851632,194.532792988857,0,0.0972177876006282,0,25,6.5798295272578,6.67704731485843,0.000356926349642208,0.000375062945816018
03-Feb-2023 14:00:00,-301.937369158087,0,739.746554437314,0,0.369688433002156,25,6.67704731485843,6.67704731485843,0,0.000264686239887957
03-Feb-2023 15:00:00,16.4974429143389,42.085313556987,0,0.0210321407081394,0,25,6.67704731485843,6.69807945556657,7.54079359410881e-05,0.000643090298141691
03-Feb-2023 16:00:00,273.480458963217,697.654232049023,0,0.348652789629697,0,25,6.69807945556657,7.04673224519627,0.00137246718791922,0.00063488646459231
03-Feb-2023 17:00:00,0,0,0,0,0,25,7.04673224519627,7.04673224519627,0,0.000264195322079552
03-Feb-2023 18:00:00,0,0,0,0,0,25,7.04673224519627,7.04673224519627,0,0.000264032288819771
03-Feb-2023 19:00:00,0,0,0,0,0,25,7.04673224519627,7.04673224519627,0,0.000263869557008301
03-Feb-2023 20:00:00,0,0,0,0,0,25,7.04673224519627,7.04673224519627,0,0.000263707125717438
03-Feb-2023 21:00:00,0,0,0,0,0,25,7.04673224519627,7.04673224519627,0,0.000263544994023257
03-Feb-2023 22:00:00,0,0,0,0,0,25,7.04673224519627,7.04673224519627,0,0.000263383161006048
03-Feb-2023 23:00:00,0,0,0,0,0,25,7.04673224519627,7.04673224519627,0,0.000263221625749877
04-Feb-2023 00:00:00,0,0,0,0,0,25,7.04673224519627,7.04673224519627,0,0.000263060387342473
04-Feb-2023 01:00:00,0,0,0,0,0,25,7.04673224519627,7.04673224519627,0,0.00026289944487623
04-Feb-2023 02:00:00,0,0,0,0,0,25,7.04673224519627,7.04673224519627,0,0.000262738797446649
04-Feb-2023 03:00:00,0,0,0,0,0,25,7.04673224519627,7.04673224519627,0,0.00026257844415345
04-Feb-2023 04:00:00,0,0,0,0,0,25,7.04673224519627,7.04673224519627,0,0.000262418384100127
04-Feb-2023 05:00:00,0,0,0,0,0,25,7.04673224519627,7.04673224519627,0,0.000262258616394173
04-Feb-2023 06:00:00,0,0,0,0,0,25,7.04673224519627,7.04673224519627,0,0.000262099140146632
04-Feb-2023 07:00:00,0,0,0,0,0,25,7.04673224519627,7.04673224519627,0,0.000261939954472323
04-Feb-2023 08:00:00,-261.211171183402,0,639.967369399334,0,0.31982377281326,25,7.04673224519627,7.04673224519627,0,0.000261781058490063
04-Feb-2023 09:00:00,-406.383213114191,0,995.638872129768,0,0.497570650739514,25,7.04673224519627,7.04673224519627,0,0.000615402575169011
04-Feb-2023 10:00:00,-63.4141239935038,0,155.364603784084,0,0.0776434801519661,25,7.04673224519627,7.04673224519627,0,0.00102511020087093
04-Feb-2023 11:00:00,0,0,0,0,0,25,7.04673224519627,7.04673224519627,0,0.00104471942118012
04-Feb-2023 12:00:00,87.4619381853864,223.117189248435,0,0.111502843202616,0,25,7.04673224519627,7.15823508839889,0.000407403393403939,0.00104408874221418
04-Feb-2023 13:00:00,222.217901309221,566.882401299034,0,0.28329955087408,0,25,7.15823508839889,7.44153463927297,0.0010851726402329,0.00100710696078377
04-Feb-2023 14:00:00,59.9564707276911,152.950180427783,0,0.0764368717780027,0,25,7.44153463927297,7.51797151105097,0.000274520290928802,0.000680855333100139
04-Feb-2023 15:00:00,228.02588312384,581.698681438368,0,0.290703988724822,0,25,7.51797151105097,7.80867549977579,0.00110890357639456,0.000650487757558493
04-Feb-2023 16:00:00,104.356873067886,266.216512928282,0,0.133041735596343,0,25,7.80867549977579,7.94171723537213,0.000482631244175143,0.000417768394306295
04-Feb-2023 17:00:00,0,0,0,0,0,25,7.94171723537213,7.94171723537213,0,0.000260363887204296
04-Feb-2023 18:00:00,0,0,0,0,0,25,7.94171723537213,7.94171723537213,0,0.000260207840481308
04-Feb-2023 19:00:00,0,0,0,0,0,25,7.94171723537213,7.94171723537213,0,0.00026005207399793
04-Feb-2023 20:00:00,0,0,0,0,0,25,7.94171723537213,7.94171723537213,0,0.000259896586916497
04-Feb-2023 21:00:00,0,0,0,0,0,25,7.94171723537213,7.94171723537213,0,0.000259741378402678
04-Feb-2023 22:00:00,0,0,0,0,0,25,7.94171723537213,7.94171723537213,0,0.000259586447625582
04-Feb-2023 23:00:00,0,0,0,0,0,25,7.94171723537213,7.94171723537213,0,0.00025943179375798
05-Feb-2023 00:00:00,0,0,0,0,0,25,7.94171723537213,7.94171723537213,0,0.000259277415975978
05-Feb-2023 01:00:00,0,0,0,0,0,25,7.94171723537213,7.94171723537213,0,0.00025912331345912
05-Feb-2023 02:00:00,0,0,0,0,0,25,7.94171723537213,7.94171723537213,0,0.00025896948539017
05-Feb-2023 03:00:00,0,0,0,0,0,25,7.94171723537213,7.94171723537213,0,0.00025881593095578
05-Feb-2023 04:00:00,0,0,0,0,0,25,7.94171723537213,7.94171723537213,0,0.000258662649345487
05-Feb-2023 05:00:00,0,0,0,0,0,25,7.94171723537213,7.94171723537213,0,0.000258509639752269
05-Feb-2023 06:00:00,0,0,0,0,0,25,7.94171723537213,7.94171723537213,0,0.000258356901372658
05-Feb-2023 07:00:00,0,0,0,0,0,25,7.94171723537213,7.94171723537213,0,0.000258204433406406
05-Feb-2023 08:00:00,0,0,0,0,0,25,7.94171723537213,7.94171723537213,0,0.000258052235056483
05-Feb-2023 09:00:00,0,0,0,0,0,25,7.94171723537213,7.94171723537213,0,0.00025790030552908
05-Feb-2023 10:00:00,0,0,0,0,0,25,7.94171723537213,7.94171723537213,0,0.00025774864403405
05-Feb-2023 11:00:00,-256.506335587837,0,628.440522190202,0,0.314063229480361,25,7.94171723537213,7.94171723537213,0,0.000257597249783914
05-Feb-2023 12:00:00,-409.784431990986,0,1003.97185837792,0,0.501735061658129,25,7.94171723537213,7.94171723537213,0,0.000602654404156078
05-Feb-2023 13:00:00,-64.6091891091114,0,158.292513317323,0,0.079106703307008,25,7.94171723537213,7.94171723537213,0,0.00100820338727436
05-Feb-2023 14:00:00,0,0,0,0,0,25,7.94171723537213,7.94171723537213,0,0.00102808171420077
05-Feb-2023 15:00:00,128.479929019202,327.754920967351,0,0.163795562702324,0,25,7.94171723537213,8.10551279807446,0.000598149629841574,0.00102748067241309
05-Feb-2023 16:00:00,298.744494425179,762.103302105048,0,0.380861220442303,0,25,8.10551279807446,8.48637401851676,0.00147660043964155,0.000949810660724526
05-Feb-2023 17:00:00,274.696923870693,700.757458853808,0,0.350203627613097,0,25,8.48637401851676,8.83657764612986,0.00133792690266715,0.000617117018905211
05-Feb-2023 18:00:00,0,0,0,0,0,25,8.83657764612986,8.83657764612986,0,0.000256544907446643
05-Feb-2023 19:00:00,0,0,0,0,0,25,8.83657764612986,8.83657764612986,0,0.00025639562320301
05-Feb-2023 20:00:00,0,0,0,0,0,25,8.83657764612986,8.83657764612986,0,0.000256246599263377
05-Feb-2023 21:00:00,0,0,0,0,0,25,8.83657764612986,8.83657764612986,0,0.000256097834872016
05-Feb-2023 22:00:00,0,0,0,0,0,25,8.83657764612986,8.83657764612986,0,0.000255949329276528
05-Feb-2023 23:00:00,0,0,0,0,0,25,8.83657764612986,8.83657764612986,0,0.000255801081727403
06-Feb-2023 00:00:00,0,0,0,0,0,25,8.83657764612986,8.83657764612986,0,0.000255653091478014
06-Feb-2023 01:00:00,0,0,0,0,0,25,8.83657764612986,8.83657764612986,0,0.00025550535778518
06-Feb-2023 02:00:00,0,0,0,0,0,25,8.83657764612986,8.83657764612986,0,0.000255357879908269
06-Feb-2023 03:00:00,0,0,0,0,0,25,8.83657764612986,8.83657764612986,0,0.000255210657109983
06-Feb-2023 04:00:00,0,0,0,0,0,25,8.83657764612986,8.83657764612986,0,0.00025506368865591
06-Feb-2023 05:00:00,0,0,0,0,0,25,8.83657764612986,8.83657764612986,0,0.000254916973814301
06-Feb-2023 06:00:00,0,0,0,0,0,25,8.83657764612986,8.83657764612986,0,0.000254770511856961
06-Feb-2023 07:00:00,0,0,0,0,0,25,8.83657764612986,8.83657764612986,0,0.000254624302057915
06-Feb-2023 08:00:00,0,0,0,0,0,25,8.83657764612986,8.83657764612986,0,0.000254478343694631
06-Feb-2023 09:00:00,0,0,0,0,0,25,8.83657764612986,8.83657764612986,0,0.000254332636047128
06-Feb-2023 10:00:00,0,0,0,0,0,25,8.83657764612986,8.83657764612986,0,0.000254187178398646
06-Feb-2023 11:00:00,0,0,0,0,0,25,8.83657764612986,8.83657764612986,0,0.000254041970034868
06-Feb-2023 12:00:00,0,0,0,0,0,25,8.83657764612986,8.83657764612986,0,0.000253897010244808
06-Feb-2023 13:00:00,0,0,0,0,0,25,8.83657764612986,8.83657764612986,0,0.000253752298320031
06-Feb-2023 14:00:00,0,0,0,0,0,25,8.83657764612986,8.83657764612986,0,0.000253607833554881
06-Feb-2023 15:00:00,0,0,0,0,0,25,8.83657764612986,8.83657764612986,0,0.000253463615246585
06-Feb-2023 16:00:00,0,0,0,0,0,25,8.83657764612986,8.83657764612986,0,0.00025331964269526
06-Feb-2023 17:00:00,0,0,0,0,0,25,8.83657764612986,8.83657764612986,0,0.000253175915203685
06-Feb-2023 18:00:00,0,0,0,0,0,25,8.83657764612986,8.83657764612986,0,0.000253032432077527
06-Feb-2023 19:00:00,0,0,0,0,0,25,8.83657764612986,8.83657764612986,0,0.000252889192624894
06-Feb-2023 20:00:00,0,0,0,0,0,25,8.83657764612986,8.83657764612986,0,0.000252746196157116
06-Feb-2023 21:00:00,0,0,0,0,0,25,8.83657764612986,8.83657764612986,0,0.000252603441987853
06-Feb-2023 22:00:00,0,0,0,0,0,25,8.83657764612986,8.83657764612986,0,0.000252460929433762
06-Feb-2023 23:00:00,0,0,0,0,0,25,8.83657764612986,8.83657764612986,0,0.000252318657813722
07-Feb-2023 00:00:00,0,0,0,0,0,25,8.83657764612986,8.83657764612986,0,0.00025217662644994
07-Feb-2023 01:00:00,0,0,0,0,0,25,8.83657764612986,8.83657764612986,0,0.000252034834666848
07-Feb-2023 02:00:00,0,0,0,0,0,25,8.83657764612986,8.83657764612986,0,0.000251893281791649
07-Feb-2023 03:00:00,0,0,0,0,0,25,8.83657764612986,8.83657764612986,0,0.000251751967154101
07-Feb-2023 04:00:00,0,0,0,0,0,25,8.83657764612986,8.83657764612986,0,0.000251610890086962
07-Feb-2023 05:00:00,0,0,0,0,0,25,8.83657764612986,8.83657764612986,0,0.000251470049925095
07-Feb-2023 06:00:00,0,0,0,0,0,25,8.83657764612986,8.83657764612986,0,0.000251329446006143
07-Feb-2023 07:00:00,0,0,0,0,0,25,8.83657764612986,8.83657764612986,0,0.000251189077670633
07-Feb-2023 08:00:00,-195.276776860849,0,478.428103309081,0,0.239094504402339,25,8.83657764612986,8.83657764612986,0,0.000251048944261201
07-Feb-2023 09:00:00,-325.569679265406,0,797.645714200245,0,0.398623545327459,25,8.83657764612986,8.83657764612986,0,0.000533243921787996
07-Feb-2023 10:00:00,-143.794731608445,0,352.297092440691,0,0.176060515962364,25,8.83657764612986,8.83657764612986,0,0.000800633760391523
07-Feb-2023 11:00:00,-66.121028468469,0,161.996519747749,0,0.0809577809833829,25,8.83657764612986,8.83657764612986,0,0.000981377910128312
07-Feb-2023 12:00:00,0,0,0,0,0,25,8.83657764612986,8.83657764612986,0,0.00100147890961488
07-Feb-2023 13:00:00,0,0,0,0,0,25,8.83657764612986,8.83657764612986,0,0.00100092330398904
07-Feb-2023 14:00:00,0,0,0,0,0,25,8.83657764612986,8.83657764612986,0,0.00100036862206332
07-Feb-2023 15:00:00,0,0,0,0,0,25,8.83657764612986,8.83657764612986,0,0.000999814861281645
07-Feb-2023 16:00:00,300.966026474184,767.77047569945,0,0.383693391154148,0,25,8.83657764612986,9.22027103728401,0.00147231700395822,0.00099926201909728
07-Feb-2023 17:00:00,285.999141997229,729.589647952116,0,0.364612517717199,0,25,9.22027103728401,9.58488355500121,0.00138383252202161,0.000658153125358552
07-Feb-2023 18:00:00,114.803058535903,292.864945244651,0,0.146359292975838,0,25,9.58488355500121,9.73124284797704,0.0005189207000285,0.000418476244896104
07-Feb-2023 19:00:00,0,0,0,0,0,25,9.73124284797704,9.73124284797704,0,0.000249522796485047
07-Feb-2023 20:00:00,0,0,0,0,0,25,9.73124284797704,9.73124284797704,0,0.000249385431853488
07-Feb-2023 21:00:00,0,0,0,0,0,25,9.73124284797704,9.73124284797704,0,0.000249248293833992
07-Feb-2023 22:00:00,0,0,0,0,0,25,9.73124284797704,9.73124284797704,0,0.000249111381804279
07-Feb-2023 23:00:00,0,0,0,0,0,25,9.73124284797704,9.73124284797704,0,0.000248974695144066
08-Feb-2023 00:00:00,0,0,0,0,0,25,9.73124284797704,9.73124284797704,0,0.000248838233236071
08-Feb-2023 01:00:00,0,0,0,0,0,25,9.73124284797704,9.73124284797704,0,0.000248701995464784
08-Feb-2023 02:00:00,0,0,0,0,0,25,9.73124284797704,9.73124284797704,0,0.000248565981217475
08-Feb-2023 03:00:00,0,0,0,0,0,25,9.73124284797704,9.73124284797704,0,0.000248430189883408
08-Feb-2023 04:00:00,0,0,0,0,0,25,9.73124284797704,9.73124284797704,0,0.000248294620854517
08-Feb-2023 05:00:00,0,0,0,0,0,25,9.73124284797704,9.73124284797704,0,0.00024815927352495
08-Feb-2023 06:00:00,0,0,0,0,0,25,9.73124284797704,9.73124284797704,0,0.000248024147290971
08-Feb-2023 07:00:00,0,0,0,0,0,25,9.73124284797704,9.73124284797704,0,0.000247889241551391
08-Feb-2023 08:00:00,-288.873628410403,0,707.740389605488,0,0.353693348128679,25,9.73124284797704,9.73124284797704,0,0.000247754555707025
08-Feb-2023 09:00:00,-421.804879447819,0,1033.42195464716,0,0.516452750948104,25,9.73124284797704,9.73124284797704,0,0.000596611663072011
08-Feb-2023 10:00:00,-19.9733791587538,0,48.9347789389467,0,0.0244551618885291,25,9.73124284797704,9.73124284797704,0,0.000984759234703314
08-Feb-2023 11:00:00,0,0,0,0,0,25,9.73124284797704,9.73124284797704,0,0.000988929234693403
08-Feb-2023 12:00:00,0,0,0,0,0,25,9.73124284797704,9.73124284797704,0,0.00098839424445718
08-Feb-2023 13:00:00,0,0,0,0,0,25,9.73124284797704,9.73124284797704,0,0.000987860121538398
08-Feb-2023 14:00:00,0,0,0,0,0,25,9.73124284797704,9.73124284797704,0,0.000987326863596594
08-Feb-2023 15:00:00,0,0,0,0,0,25,9.73124284797704,9.73124284797704,0,0.00098679446829919
08-Feb-2023 16:00:00,298.151643523526,760.590927355933,0,0.38010541097248,0,25,9.73124284797704,10.1113482589495,0.00143900672311814,0.000986262933323045
08-Feb-2023 17:00:00,285.943213643398,729.446973580096,0,0.364541216181957,0,25,10.1113482589495,10.4758894751315,0.00136712285313154,0.000651698633876818
08-Feb-2023 18:00:00,117.564371703576,299.909111488714,0,0.149879615936389,0,25,10.4758894751315,10.6257690910679,0.000525796490429963,0.000417793421610302
08-Feb-2023 19:00:00,0,0,0,0,0,25,10.6257690910679,10.6257690910679,0,0.000246287355451846
08-Feb-2023 20:00:00,0,0,0,0,0,25,10.6257690910679,10.6257690910679,0,0.000246155262446535
08-Feb-2023 21:00:00,0,0,0,0,0,25,10.6257690910679,10.6257690910679,0,0.000246023381752392
08-Feb-2023 22:00:00,0,0,0,0,0,25,10.6257690910679,10.6257690910679,0,0.000245891712801538
08-Feb-2023 23:00:00,0,0,0,0,0,25,10.6257690910679,10.6257690910679,0,0.000245760255027982
09-Feb-2023 00:00:00,0,0,0,0,0,25,10.6257690910679,10.6257690910679,0,0.00024562900786762
09-Feb-2023 01:00:00,0,0,0,0,0,25,10.6257690910679,10.6257690910679,0,0.000245497970759012
09-Feb-2023 02:00:00,0,0,0,0,0,25,10.6257690910679,10.6257690910679,0,0.00024536714314205
09-Feb-2023 03:00:00,0,0,0,0,0,25,10.6257690910679,10.6257690910679,0,0.000245236524459402
09-Feb-2023 04:00:00,0,0,0,0,0,25,10.6257690910679,10.6257690910679,0,0.000245106114155624
09-Feb-2023 05:00:00,0,0,0,0,0,25,10.6257690910679,10.6257690910679,0,0.000244975911676937
09-Feb-2023 06:00:00,0,0,0,0,0,25,10.6257690910679,10.6257690910679,0,0.000244845916472114
09-Feb-2023 07:00:00,0,0,0,0,0,25,10.6257690910679,10.6257690910679,0,0.000244716127991818
09-Feb-2023 08:00:00,-300.170165474227,0,735.416905411855,0,0.367524690360747,25,10.6257690910679,10.6257690910679,0,0.000244586545688708
09-Feb-2023 09:00:00,-410.052452338945,0,1004.62850823042,0,0.502063222503956,25,10.6257690910679,10.6257690910679,0,0.00059369816613275
09-Feb-2023 10:00:00,-20.3164954249324,0,49.7754137910845,0,0.0248752692609118,25,10.6257690910679,10.6257690910679,0,0.000972107388972798
09-Feb-2023 11:00:00,0,0,0,0,0,25,10.6257690910679,10.6257690910679,0,0.000976324202734857
09-Feb-2023 12:00:00,0,0,0,0,0,25,10.6257690910679,10.6257690910679,0,0.000975809399462402
09-Feb-2023 13:00:00,0,0,0,0,0,25,10.6257690910679,10.6257690910679,0,0.000975295409679666
09-Feb-2023 14:00:00,0,0,0,0,0,25,10.6257690910679,10.6257690910679,0,0.000974782231246363
09-Feb-2023 15:00:00,130.458304631687,332.801797529814,0,0.166317739894959,0,25,10.6257690910679,10.7920868309628,0.000585142310754662,0.00097426986203053
09-Feb-2023 16:00:00,305.175149593485,778.508034677257,0,0.389059487594831,0,25,10.7920868309628,11.1811463185577,0.00145710872121662,0.000898101934269979
09-Feb-2023 17:00:00,265.921851592408,678.372070388796,0,0.339016526930933,0,25,11.1811463185577,11.5201628454886,0.00124573979042752,0.000581034926581014
09-Feb-2023 18:00:00,0,0,0,0,0,25,11.5201628454886,11.5201628454886,0,0.000243301943426699
09-Feb-2023 19:00:00,0,0,0,0,0,25,11.5201628454886,11.5201628454886,0,0.000243174593521744
09-Feb-2023 20:00:00,0,0,0,0,0,25,11.5201628454886,11.5201628454886,0,0.000243047443381439
09-Feb-2023 21:00:00,0,0,0,0,0,25,11.5201628454886,11.5201628454886,0,0.000242920492483978
09-Feb-2023 22:00:00,0,0,0,0,0,25,11.5201628454886,11.5201628454886,0,0.000242793740309666
09-Feb-2023 23:00:00,0,0,0,0,0,25,11.5201628454886,11.5201628454886,0,0.000242667186340584
10-Feb-2023 00:00:00,0,0,0,0,0,25,11.5201628454886,11.5201628454886,0,0.000242540830060589
10-Feb-2023 01:00:00,0,0,0,0,0,25,11.5201628454886,11.5201628454886,0,0.000242414670955649
10-Feb-2023 02:00:00,0,0,0,0,0,25,11.5201628454886,11.5201628454886,0,0.000242288708513394
10-Feb-2023 03:00:00,0,0,0,0,0,25,11.5201628454886,11.5201628454886,0,0.000242162942223456
10-Feb-2023 04:00:00,0,0,0,0,0,25,11.5201628454886,11.5201628454886,0,0.000242037371577353
10-Feb-2023 05:00:00,0,0,0,0,0,25,11.5201628454886,11.5201628454886,0,0.000241911996068267
10-Feb-2023 06:00:00,0,0,0,0,0,25,11.5201628454886,11.5201628454886,0,0.000241786815191269
10-Feb-2023 07:00:00,0,0,0,0,0,25,11.5201628454886,11.5201628454886,0,0.00024166182844354
10-Feb-2023 08:00:00,-234.934847374962,0,575.590376068658,0,0.287651362353152,25,11.5201628454886,11.5201628454886,0,0.000241537035323591
10-Feb-2023 09:00:00,-48.3656331989578,0,118.495801337447,0,0.0592182915229619,25,11.5201628454886,11.5201628454886,0,0.00055054742914451
10-Feb-2023 10:00:00,172.859848370442,440.969000945005,0,0.220374313315845,0,25,11.5201628454886,11.7405371588044,0.000779363588231233,0.000578932848896541
10-Feb-2023 11:00:00,-39.0003124454623,0,95.5507654913826,0,0.0477515069921952,25,11.7405371588044,11.7405371588044,0,0.00037833705380319
10-Feb-2023 12:00:00,-98.8238938988729,0,242.118540052239,0,0.120998770640799,25,11.7405371588044,11.7405371588044,0,0.000440229434557016
10-Feb-2023 13:00:00,135.59263040321,345.899567355127,0,0.172863352001563,0,25,11.7405371588044,11.913400510806,0.000601492766130245,0.000553989573232827
10-Feb-2023 14:00:00,95.9895958259313,244.871417923294,0,0.122374521700797,0,25,11.913400510806,12.0357750325068,0.000418826364388974,0.000372454094483832
10-Feb-2023 15:00:00,0,0,0,0,0,25,12.0357750325068,12.0357750325068,0,0.000240668863338289
10-Feb-2023 16:00:00,0,0,0,0,0,25,12.0357750325068,12.0357750325068,0,0.00024054560141229
10-Feb-2023 17:00:00,0,0,0,0,0,25,12.0357750325068,12.0357750325068,0,0.000240422528683282
10-Feb-2023 18:00:00,0,0,0,0,0,25,12.0357750325068,12.0357750325068,0,0.000240299644667985
10-Feb-2023 19:00:00,0,0,0,0,0,25,12.0357750325068,12.0357750325068,0,0.000240176948884785
10-Feb-2023 20:00:00,0,0,0,0,0,25,12.0357750325068,12.0357750325068,0,0.000240054440853177
10-Feb-2023 21:00:00,0,0,0,0,0,25,12.0357750325068,12.0357750325068,0,0.00023993212009521
10-Feb-2023 22:00:00,0,0,0,0,0,25,12.0357750325068,12.0357750325068,0,0.000239809986134043
10-Feb-2023 23:00:00,0,0,0,0,0,25,12.0357750325068,12.0357750325068,0,0.000239688038494723
11-Feb-2023 00:00:00,0,0,0,0,0,25,12.0357750325068,12.0357750325068,0,0.000239566276704073
11-Feb-2023 01:00:00,0,0,0,0,0,25,12.0357750325068,12.0357750325068,0,0.00023944470029047
11-Feb-2023 02:00:00,0,0,0,0,0,25,12.0357750325068,12.0357750325068,0,0.000239323308784067
11-Feb-2023 03:00:00,0,0,0,0,0,25,12.0357750325068,12.0357750325068,0,0.000239202101716574
11-Feb-2023 04:00:00,0,0,0,0,0,25,12.0357750325068,12.0357750325068,0,0.00023908107862125
11-Feb-2023 05:00:00,0,0,0,0,0,25,12.0357750325068,12.0357750325068,0,0.000238960239033581
11-Feb-2023 06:00:00,0,0,0,0,0,25,12.0357750325068,12.0357750325068,0,0.000238839582489825
11-Feb-2023 07:00:00,0,0,0,0,0,25,12.0357750325068,12.0357750325068,0,0.000238719108528684
11-Feb-2023 08:00:00,0,0,0,0,0,25,12.0357750325068,12.0357750325068,0,0.000238598816689861
11-Feb-2023 09:00:00,0,0,0,0,0,25,12.0357750325068,12.0357750325068,0,0.000238478706515166
11-Feb-2023 10:00:00,0,0,0,0,0,25,12.0357750325068,12.0357750325068,0,0.000238358777547742
11-Feb-2023 11:00:00,0,0,0,0,0,25,12.0357750325068,12.0357750325068,0,0.000238239029332399
11-Feb-2023 12:00:00,0,0,0,0,0,25,12.0357750325068,12.0357750325068,0,0.000238119461415498
11-Feb-2023 13:00:00,0,0,0,0,0,25,12.0357750325068,12.0357750325068,0,0.000238000073345179
11-Feb-2023 14:00:00,0,0,0,0,0,25,12.0357750325068,12.0357750325068,0,0.000237880864670914
11-Feb-2023 15:00:00,0,0,0,0,0,25,12.0357750325068,12.0357750325068,0,0.00023776183494395
11-Feb-2023 16:00:00,0,0,0,0,0,25,12.0357750325068,12.0357750325068,0,0.000237642983716979
11-Feb-2023 17:00:00,0,0,0,0,0,25,12.0357750325068,12.0357750325068,0,0.000237524310544357
11-Feb-2023 18:00:00,0,0,0,0,0,25,12.0357750325068,12.0357750325068,0,0.000237405814981995
11-Feb-2023 19:00:00,0,0,0,0,0,25,12.0357750325068,12.0357750325068,0,0.000237287496587135
11-Feb-2023 20:00:00,0,0,0,0,0,25,12.0357750325068,12.0357750325068,0,0.000237169354918909
11-Feb-2023 21:00:00,0,0,0,0,0,25,12.0357750325068,12.0357750325068,0,0.000237051389537668
11-Feb-2023 22:00:00,0,0,0,0,0,25,12.0357750325068,12.0357750325068,0,0.00023693360000554
11-Feb-2023 23:00:00,0,0,0,0,0,25,12.0357750325068,12.0357750325068,0,0.000236815985885985
12-Feb-2023 00:00:00,0,0,0,0,0,25,12.0357750325068,12.0357750325068,0,0.000236698546744019
12-Feb-2023 01:00:00,0,0,0,0,0,25,12.0357750325068,12.0357750325068,0,0.000236581282146542
12-Feb-2023 02:00:00,0,0,0,0,0,25,12.0357750325068,12.0357750325068,0,0.000236464191661123
12-Feb-2023 03:00:00,0,0,0,0,0,25,12.0357750325068,12.0357750325068,0,0.000236347274857662
12-Feb-2023 04:00:00,0,0,0,0,0,25,12.0357750325068,12.0357750325068,0,0.000236230531307058
12-Feb-2023 05:00:00,0,0,0,0,0,25,12.0357750325068,12.0357750325068,0,0.000236113960581985
12-Feb-2023 06:00:00,0,0,0,0,0,25,12.0357750325068,12.0357750325068,0,0.000235997562256229
12-Feb-2023 07:00:00,0,0,0,0,0,25,12.0357750325068,12.0357750325068,0,0.000235881335905574
12-Feb-2023 08:00:00,0,0,0,0,0,25,12.0357750325068,12.0357750325068,0,0.000235765281106692
12-Feb-2023 09:00:00,0,0,0,0,0,25,12.0357750325068,12.0357750325068,0,0.00023564939743792
12-Feb-2023 10:00:00,0,0,0,0,0,25,12.0357750325068,12.0357750325068,0,0.000235533684479483
12-Feb-2023 11:00:00,0,0,0,0,0,25,12.0357750325068,12.0357750325068,0,0.000235418141812271
12-Feb-2023 12:00:00,0,0,0,0,0,25,12.0357750325068,12.0357750325068,0,0.000235302769019285
12-Feb-2023 13:00:00,0,0,0,0,0,25,12.0357750325068,12.0357750325068,0,0.000235187565684414
12-Feb-2023 14:00:00,0,0,0,0,0,25,12.0357750325068,12.0357750325068,0,0.000235072531393543
12-Feb-2023 15:00:00,0,0,0,0,0,25,12.0357750325068,12.0357750325068,0,0.000234957665733337
12-Feb-2023 16:00:00,0,0,0,0,0,25,12.0357750325068,12.0357750325068,0,0.000234842968292348
12-Feb-2023 17:00:00,0,0,0,0,0,25,12.0357750325068,12.0357750325068,0,0.000234728438660459
12-Feb-2023 18:00:00,0,0,0,0,0,25,12.0357750325068,12.0357750325068,0,0.000234614076428996
12-Feb-2023 19:00:00,0,0,0,0,0,25,12.0357750325068,12.0357750325068,0,0.000234499881190064
12-Feb-2023 20:00:00,0,0,0,0,0,25,12.0357750325068,12.0357750325068,0,0.000234385852538099
12-Feb-2023 21:00:00,0,0,0,0,0,25,12.0357750325068,12.0357750325068,0,0.000234271990068313
12-Feb-2023 22:00:00,0,0,0,0,0,25,12.0357750325068,12.0357750325068,0,0.000234158293377473
12-Feb-2023 23:00:00,0,0,0,0,0,25,12.0357750325068,12.0357750325068,0,0.000234044762063679
13-Feb-2023 00:00:00,0,0,0,0,0,25,12.0357750325068,12.0357750325068,0,0.000233931395726472
13-Feb-2023 01:00:00,0,0,0,0,0,25,12.0357750325068,12.0357750325068,0,0.000233818193966617
13-Feb-2023 02:00:00,0,0,0,0,0,25,12.0357750325068,12.0357750325068,0,0.00023370515638621
13-Feb-2023 03:00:00,0,0,0,0,0,25,12.0357750325068,12.0357750325068,0,0.000233592282588901
13-Feb-2023 04:00:00,0,0,0,0,0,25,12.0357750325068,12.0357750325068,0,0.000233479572179562
13-Feb-2023 05:00:00,0,0,0,0,0,25,12.0357750325068,12.0357750325068,0,0.000233367024764397
13-Feb-2023 06:00:00,0,0,0,0,0,25,12.0357750325068,12.0357750325068,0,0.000233254639950831
13-Feb-2023 07:00:00,0,0,0,0,0,25,12.0357750325068,12.0357750325068,0,0.00023314241734762
13-Feb-2023 08:00:00,0,0,0,0,0,25,12.0357750325068,12.0357750325068,0,0.0002330303565653
13-Feb-2023 09:00:00,0,0,0,0,0,25,12.0357750325068,12.0357750325068,0,0.00023291845721507
13-Feb-2023 10:00:00,0,0,0,0,0,25,12.0357750325068,12.0357750325068,0,0.000232806718909795
13-Feb-2023 11:00:00,0,0,0,0,0,25,12.0357750325068,12.0357750325068,0,0.000232695141263339
13-Feb-2023 12:00:00,0,0,0,0,0,25,12.0357750325068,12.0357750325068,0,0.000232583723891566
13-Feb-2023 13:00:00,0,0,0,0,0,25,12.0357750325068,12.0357750325068,0,0.00023247246641056
13-Feb-2023 14:00:00,0,0,0,0,0,25,12.0357750325068,12.0357750325068,0,0.000232361368438849
13-Feb-2023 15:00:00,0,0,0,0,0,25,12.0357750325068,12.0357750325068,0,0.00023225042959496
13-Feb-2023 16:00:00,0,0,0,0,0,25,12.0357750325068,12.0357750325068,0,0.000232139649499863
13-Feb-2023 17:00:00,0,0,0,0,0,25,12.0357750325068,12.0357750325068,0,0.000232029027775416
13-Feb-2023 18:00:00,0,0,0,0,0,25,12.0357750325068,12.0357750325068,0,0.000231918564044253
13-Feb-2023 19:00:00,0,0,0,0,0,25,12.0357750325068,12.0357750325068,0,0.000231808257930899
13-Feb-2023 20:00:00,0,0,0,0,0,25,12.0357750325068,12.0357750325068,0,0.000231698109060763
13-Feb-2023 21:00:00,0,0,0,0,0,25,12.0357750325068,12.0357750325068,0,0.000231588117060588
13-Feb-2023 22:00:00,0,0,0,0,0,25,12.0357750325068,12.0357750325068,0,0.000231478281558561
13-Feb-2023 23:00:00,0,0,0,0,0,25,12.0357750325068,12.0357750325068,0,0.000231368602183757
14-Feb-2023 00:00:00,0,0,0,0,0,25,12.0357750325068,12.0357750325068,0,0.000231259078566692
14-Feb-2023 01:00:00,0,0,0,0,0,25,12.0357750325068,12.0357750325068,0,0.000231149710338996
14-Feb-2023 02:00:00,0,0,0,0,0,25,12.0357750325068,12.0357750325068,0,0.000231040497133628
14-Feb-2023 03:00:00,0,0,0,0,0,25,12.0357750325068,12.0357750325068,0,0.00023093143858488
14-Feb-2023 04:00:00,0,0,0,0,0,25,12.0357750325068,12.0357750325068,0,0.000230822534327713
14-Feb-2023 05:00:00,0,0,0,0,0,25,12.0357750325068,12.0357750325068,0,0.000230713783999081
14-Feb-2023 06:00:00,0,0,0,0,0,25,12.0357750325068,12.0357750325068,0,0.000230605187236277
14-Feb-2023 07:00:00,0,0,0,0,0,25,12.0357750325068,12.0357750325068,0,0.000230496743678588
14-Feb-2023 08:00:00,0,0,0,0,0,25,12.0357750325068,12.0357750325068,0,0.000230388452965968
14-Feb-2023 09:00:00,0,0,0,0,0,25,12.0357750325068,12.0357750325068,0,0.000230280314739706
14-Feb-2023 10:00:00,0,0,0,0,0,25,12.0357750325068,12.0357750325068,0,0.000230172328642309
14-Feb-2023 11:00:00,0,0,0,0,0,25,12.0357750325068,12.0357750325068,0,0.000230064494317284
14-Feb-2023 12:00:00,0,0,0,0,0,25,12.0357750325068,12.0357750325068,0,0.000229956811409804
14-Feb-2023 13:00:00,0,0,0,0,0,25,12.0357750325068,12.0357750325068,0,0.000229849279565264
14-Feb-2023 14:00:00,0,0,0,0,0,25,12.0357750325068,12.0357750325068,0,0.000229741898431501
14-Feb-2023 15:00:00,0,0,0,0,0,25,12.0357750325068,12.0357750325068,0,0.000229634667656242
14-Feb-2023 16:00:00,0,0,0,0,0,25,12.0357750325068,12.0357750325068,0,0.000229527586888989
14-Feb-2023 17:00:00,0,0,0,0,0,25,12.0357750325068,12.0357750325068,0,0.000229420655780688
14-Feb-2023 18:00:00,0,0,0,0,0,25,12.0357750325068,12.0357750325068,0,0.000229313873982506
14-Feb-2023 19:00:00,0,0,0,0,0,25,12.0357750325068,12.0357750325068,0,0.000229207241147944
14-Feb-2023 20:00:00,0,0,0,0,0,25,12.0357750325068,12.0357750325068,0,0.000229100756930167
14-Feb-2023 21:00:00,0,0,0,0,0,25,12.0357750325068,12.0357750325068,0,0.000228994420985118
14-Feb-2023 22:00:00,0,0,0,0,0,25,12.0357750325068,12.0357750325068,0,0.000228888232968405
14-Feb-2023 23:00:00,0,0,0,0,0,25,12.0357750325068,12.0357750325068,0,0.000228782192537635
15-Feb-2023 00:00:00,0,0,0,0,0,25,12.0357750325068,12.0357750325068,0,0.000228676299351194
15-Feb-2023 01:00:00,0,0,0,0,0,25,12.0357750325068,12.0357750325068,0,0.000228570553068685
15-Feb-2023 02:00:00,0,0,0,0,0,25,12.0357750325068,12.0357750325068,0,0.000228464953350604
15-Feb-2023 03:00:00,0,0,0,0,0,25,12.0357750325068,12.0357750325068,0,0.000228359499858999
15-Feb-2023 04:00:00,0,0,0,0,0,25,12.0357750325068,12.0357750325068,0,0.00022825419225625
15-Feb-2023 05:00:00,0,0,0,0,0,25,12.0357750325068,12.0357750325068,0,0.000228149030206737
15-Feb-2023 06:00:00,0,0,0,0,0,25,12.0357750325068,12.0357750325068,0,0.000228044013375173
15-Feb-2023 07:00:00,0,0,0,0,0,25,12.0357750325068,12.0357750325068,0,0.000227939141427824
15-Feb-2023 08:00:00,0,0,0,0,0,25,12.0357750325068,12.0357750325068,0,0.000227834414031736
15-Feb-2023 09:00:00,0,0,0,0,0,25,12.0357750325068,12.0357750325068,0,0.000227729830855172
15-Feb-2023 10:00:00,-21.0486792960929,0,51.5692642754277,0,0.0257717462645816,25,12.0357750325068,12.0357750325068,0,0.00022762539156751
15-Feb-2023 11:00:00,-494.993268581444,0,1212.73350802454,0,0.606063722151193,25,12.0357750325068,12.0357750325068,0,0.000250981267957306
15-Feb-2023 12:00:00,-214.153075504339,0,524.675034985632,0,0.262206414285673,25,12.0357750325068,12.0357750325068,0,0.000718615687156587
15-Feb-2023 13:00:00,0,0,0,0,0,25,12.0357750325068,12.0357750325068,0,0.000908812448797258
15-Feb-2023 14:00:00,0,0,0,0,0,25,12.0357750325068,12.0357750325068,0,0.000908397181449749
15-Feb-2023 15:00:00,0,0,0,0,0,25,12.0357750325068,12.0357750325068,0,0.000907982482831193
15-Feb-2023 16:00:00,299.888613948249,765.021974357778,0,0.382319827265256,0,25,12.0357750325068,12.4180948597721,0.00140916739811309,0.000907568351645849
15-Feb-2023 17:00:00,291.261650754212,743.014415189315,0,0.371321546821247,0,25,12.4180948597721,12.7894164065933,0.00135876768034195,0.000598404267522556
15-Feb-2023 18:00:00,110.091895508408,280.846672215327,0,0.140353159527899,0,25,12.7894164065933,12.9297695661212,0.000478404041609606,0.000372869284803401
15-Feb-2023 19:00:00,0,0,0,0,0,25,12.9297695661212,12.9297695661212,0,0.00022669185893176
15-Feb-2023 20:00:00,0,0,0,0,0,25,12.9297695661212,12.9297695661212,0,0.000226588840574915
15-Feb-2023 21:00:00,0,0,0,0,0,25,12.9297695661212,12.9297695661212,0,0.000226485962538381
15-Feb-2023 22:00:00,0,0,0,0,0,25,12.9297695661212,12.9297695661212,0,0.000226383224503635
15-Feb-2023 23:00:00,0,0,0,0,0,25,12.9297695661212,12.9297695661212,0,0.000226280626153708
16-Feb-2023 00:00:00,0,0,0,0,0,25,12.9297695661212,12.9297695661212,0,0.000226178167171964
16-Feb-2023 01:00:00,0,0,0,0,0,25,12.9297695661212,12.9297695661212,0,0.000226075847243545
16-Feb-2023 02:00:00,0,0,0,0,0,25,12.9297695661212,12.9297695661212,0,0.000225973666053925
16-Feb-2023 03:00:00,0,0,0,0,0,25,12.9297695661212,12.9297695661212,0,0.00022587162329013
16-Feb-2023 04:00:00,0,0,0,0,0,25,12.9297695661212,12.9297695661212,0,0.000225769718639635
16-Feb-2023 05:00:00,0,0,0,0,0,25,12.9297695661212,12.9297695661212,0,0.000225667951791242
16-Feb-2023 06:00:00,0,0,0,0,0,25,12.9297695661212,12.9297695661212,0,0.000225566322434645
16-Feb-2023 07:00:00,0,0,0,0,0,25,12.9297695661212,12.9297695661212,0,0.000225464830260758
16-Feb-2023 08:00:00,-305.927037421696,0,749.521241683155,0,0.37457333417449,25,12.9297695661212,12.9297695661212,0,0.000225363474960938
16-Feb-2023 09:00:00,-402.065774262796,0,985.06114694385,0,0.492284431256297,25,12.9297695661212,12.9297695661212,0,0.000549200766626456
16-Feb-2023 10:00:00,-22.1151841966841,0,54.1822012818761,0,0.0270775618600081,25,12.9297695661212,12.9297695661212,0,0.000895426396615551
16-Feb-2023 11:00:00,0,0,0,0,0,25,12.9297695661212,12.9297695661212,0,0.00089980597615702
16-Feb-2023 12:00:00,0,0,0,0,0,25,12.9297695661212,12.9297695661212,0,0.000899402927506454
16-Feb-2023 13:00:00,0,0,0,0,0,25,12.9297695661212,12.9297695661212,0,0.000899000419982587
16-Feb-2023 14:00:00,0,0,0,0,0,25,12.9297695661212,12.9297695661212,0,0.00089859845237461
16-Feb-2023 15:00:00,310.651370186423,792.477985169446,0,0.396040972098674,0,25,12.9297695661212,13.3258105382199,0.001452003607621,0.000898197023477487
16-Feb-2023 16:00:00,311.584417243128,794.858207252877,0,0.397230488382247,0,25,13.3258105382199,13.7230410266021,0.00145121657109309,0.000585355323598824
16-Feb-2023 17:00:00,78.9129338228123,201.308504650031,0,0.100603950349841,0,25,13.7230410266021,13.823644976952,0.000335849759029581,0.000321830578736249
16-Feb-2023 18:00:00,0,0,0,0,0,25,13.823644976952,13.823644976952,0,0.000224357382894613
16-Feb-2023 19:00:00,0,0,0,0,0,25,13.823644976952,13.823644976952,0,0.000224257513134485
16-Feb-2023 20:00:00,0,0,0,0,0,25,13.823644976952,13.823644976952,0,0.000224157776622769
16-Feb-2023 21:00:00,0,0,0,0,0,25,13.823644976952,13.823644976952,0,0.000224058173063701
16-Feb-2023 22:00:00,0,0,0,0,0,25,13.823644976952,13.823644976952,0,0.000223958702161964
16-Feb-2023 23:00:00,0,0,0,0,0,25,13.823644976952,13.823644976952,0,0.000223859363623236
17-Feb-2023 00:00:00,0,0,0,0,0,25,13.823644976952,13.823644976952,0,0.00022376015715464
17-Feb-2023 01:00:00,0,0,0,0,0,25,13.823644976952,13.823644976952,0,0.000223661082463411
17-Feb-2023 02:00:00,0,0,0,0,0,25,13.823644976952,13.823644976952,0,0.000223562139258338
17-Feb-2023 03:00:00,0,0,0,0,0,25,13.823644976952,13.823644976952,0,0.000223463327248541
17-Feb-2023 04:00:00,0,0,0,0,0,25,13.823644976952,13.823644976952,0,0.000223364646144586
17-Feb-2023 05:00:00,0,0,0,0,0,25,13.823644976952,13.823644976952,0,0.000223266095657482
17-Feb-2023 06:00:00,0,0,0,0,0,25,13.823644976952,13.823644976952,0,0.00022316767549968
17-Feb-2023 07:00:00,0,0,0,0,0,25,13.823644976952,13.823644976952,0,0.000223069385383856
17-Feb-2023 08:00:00,0,0,0,0,0,25,13.823644976952,13.823644976952,0,0.000222971225024016
17-Feb-2023 09:00:00,0,0,0,0,0,25,13.823644976952,13.823644976952,0,0.000222873194134832
17-Feb-2023 10:00:00,0,0,0,0,0,25,13.823644976952,13.823644976952,0,0.000222775292432087
17-Feb-2023 11:00:00,0,0,0,0,0,25,13.823644976952,13.823644976952,0,0.00022267751963212
17-Feb-2023 12:00:00,0,0,0,0,0,25,13.823644976952,13.823644976952,0,0.000222579875452378
17-Feb-2023 13:00:00,0,0,0,0,0,25,13.823644976952,13.823644976952,0,0.00022248235961142
17-Feb-2023 14:00:00,0,0,0,0,0,25,13.823644976952,13.823644976952,0,0.000222384971827583
17-Feb-2023 15:00:00,0,0,0,0,0,25,13.823644976952,13.823644976952,0,0.000222287711821756
17-Feb-2023 16:00:00,0,0,0,0,0,25,13.823644976952,13.823644976952,0,0.000222190579314052
17-Feb-2023 17:00:00,0,0,0,0,0,25,13.823644976952,13.823644976952,0,0.000222093574026583
17-Feb-2023 18:00:00,0,0,0,0,0,25,13.823644976952,13.823644976952,0,0.000221996695681681
17-Feb-2023 19:00:00,0,0,0,0,0,25,13.823644976952,13.823644976952,0,0.000221899944002679
17-Feb-2023 20:00:00,0,0,0,0,0,25,13.823644976952,13.823644976952,0,0.00022180331871402
17-Feb-2023 21:00:00,0,0,0,0,0,25,13.823644976952,13.823644976952,0,0.000221706819540479
17-Feb-2023 22:00:00,0,0,0,0,0,25,13.823644976952,13.823644976952,0,0.000221610446208165
17-Feb-2023 23:00:00,0,0,0,0,0,25,13.823644976952,13.823644976952,0,0.00022151419844374
18-Feb-2023 00:00:00,0,0,0,0,0,25,13.823644976952,13.823644976952,0,0.000221418075974977
18-Feb-2023 01:00:00,0,0,0,0,0,25,13.823644976952,13.823644976952,0,0.000221322078529651
18-Feb-2023 02:00:00,0,0,0,0,0,25,13.823644976952,13.823644976952,0,0.000221226205837644
18-Feb-2023 03:00:00,0,0,0,0,0,25,13.823644976952,13.823644976952,0,0.000221130457628615
18-Feb-2023 04:00:00,0,0,0,0,0,25,13.823644976952,13.823644976952,0,0.00022103483363356
18-Feb-2023 05:00:00,0,0,0,0,0,25,13.823644976952,13.823644976952,0,0.000220939333583914
18-Feb-2023 06:00:00,0,0,0,0,0,25,13.823644976952,13.823644976952,0,0.000220843957212558
18-Feb-2023 07:00:00,0,0,0,0,0,25,13.823644976952,13.823644976952,0,0.000220748704252482
18-Feb-2023 08:00:00,0,0,0,0,0,25,13.823644976952,13.823644976952,0,0.000220653574437679
18-Feb-2023 09:00:00,0,0,0,0,0,25,13.823644976952,13.823644976952,0,0.000220558567503248
18-Feb-2023 10:00:00,0,0,0,0,0,25,13.823644976952,13.823644976952,0,0.000220463683185068
18-Feb-2023 11:00:00,0,0,0,0,0,25,13.823644976952,13.823644976952,0,0.000220368921218905
18-Feb-2023 12:00:00,0,0,0,0,0,25,13.823644976952,13.823644976952,0,0.000220274281342858
18-Feb-2023 13:00:00,0,0,0,0,0,25,13.823644976952,13.823644976952,0,0.00022017976329447
18-Feb-2023 14:00:00,0,0,0,0,0,25,13.823644976952,13.823644976952,0,0.000220085366812728
18-Feb-2023 15:00:00,0,0,0,0,0,25,13.823644976952,13.823644976952,0,0.000219991091637173
18-Feb-2023 16:00:00,0,0,0,0,0,25,13.823644976952,13.823644976952,0,0.000219896937508568
18-Feb-2023 17:00:00,0,0,0,0,0,25,13.823644976952,13.823644976952,0,0.000219802904167676
18-Feb-2023 18:00:00,0,0,0,0,0,25,13.823644976952,13.823644976952,0,0.000219708991356482
18-Feb-2023 19:00:00,0,0,0,0,0,25,13.823644976952,13.823644976952,0,0.000219615198818079
18-Feb-2023 20:00:00,0,0,0,0,0,25,13.823644976952,13.823644976952,0,0.000219521526295563
18-Feb-2023 21:00:00,0,0,0,0,0,25,13.823644976952,13.823644976952,0,0.000219427973533581
18-Feb-2023 22:00:00,0,0,0,0,0,25,13.823644976952,13.823644976952,0,0.000219334540276783
18-Feb-2023 23:00:00,0,0,0,0,0,25,13.823644976952,13.823644976952,0,0.000219241226271372
19-Feb-2023 00:00:00,0,0,0,0,0,25,13.823644976952,13.823644976952,0,0.000219148031263439
19-Feb-2023 01:00:00,0,0,0,0,0,25,13.823644976952,13.823644976952,0,0.000219054955000519
19-Feb-2023 02:00:00,0,0,0,0,0,25,13.823644976952,13.823644976952,0,0.000218961997230815
19-Feb-2023 03:00:00,0,0,0,0,0,25,13.823644976952,13.823644976952,0,0.000218869157702639
19-Feb-2023 04:00:00,0,0,0,0,0,25,13.823644976952,13.823644976952,0,0.00021877643616619
19-Feb-2023 05:00:00,0,0,0,0,0,25,13.823644976952,13.823644976952,0,0.000218683832371225
19-Feb-2023 06:00:00,0,0,0,0,0,25,13.823644976952,13.823644976952,0,0.000218591346068941
19-Feb-2023 07:00:00,0,0,0,0,0,25,13.823644976952,13.823644976952,0,0.000218498977011095
19-Feb-2023 08:00:00,-291.709530967099,0,714.688350869392,0,0.357165592638377,25,13.823644976952,13.823644976952,0,0.000218406724950215
19-Feb-2023 09:00:00,5.02056001296094,12.8075510534718,0,0.00640057523911634,0,25,13.823644976952,13.8300455521911,2.07691454920528e-05,0.000527202443072583
19-Feb-2023 10:00:00,-263.947269690401,0,646.670810741482,0,0.32317381846151,25,13.8300455521911,13.8300455521911,0,0.00052495317478507
19-Feb-2023 11:00:00,-179.498802124726,0,439.772065205579,0,0.219776144530524,25,13.8300455521911,13.8300455521911,0,0.000745322875920551
19-Feb-2023 12:00:00,72.8601994439455,185.867855724351,0,0.0928874841201154,0,25,13.8300455521911,13.9229330363112,0.000309073247503927,0.000871734163083615
19-Feb-2023 13:00:00,-29.6764183118453,0,72.7072248640211,0,0.0363354447096557,25,13.9229330363112,13.9229330363112,0,0.000849070916903005
19-Feb-2023 14:00:00,183.104955844957,467.104479196318,0,0.233435521837241,0,25,13.9229330363112,14.1563685581484,0.00080845014285235,0.000860064396142723
19-Feb-2023 15:00:00,7.47989960636241,19.0813765468429,0,0.0095359203132648,0,25,14.1563685581484,14.1659044784617,3.08727432589209e-05,0.000652777767769841
19-Feb-2023 16:00:00,322.034304258328,821.516082291653,0,0.410552764763445,0,25,14.1659044784617,14.5764572432251,0.00149378860386761,0.000641404768605969
19-Feb-2023 17:00:00,144.007216673135,367.365348655957,0,0.183590878888534,0,25,14.5764572432251,14.7600481221137,0.000622941229096154,0.000408088245996585
19-Feb-2023 18:00:00,0,0,0,0,0,25,14.7600481221137,14.7600481221137,0,0.000217490585239899
19-Feb-2023 19:00:00,0,0,0,0,0,25,14.7600481221137,14.7600481221137,0,0.000217399604016788
19-Feb-2023 20:00:00,0,0,0,0,0,25,14.7600481221137,14.7600481221137,0,0.000217308736876753
19-Feb-2023 21:00:00,0,0,0,0,0,25,14.7600481221137,14.7600481221137,0,0.000217217983581652
19-Feb-2023 22:00:00,0,0,0,0,0,25,14.7600481221137,14.7600481221137,0,0.000217127343893675
19-Feb-2023 23:00:00,0,0,0,0,0,25,14.7600481221137,14.7600481221137,0,0.000217036817576344
20-Feb-2023 00:00:00,0,0,0,0,0,25,14.7600481221137,14.7600481221137,0,0.000216946404393292
20-Feb-2023 01:00:00,0,0,0,0,0,25,14.7600481221137,14.7600481221137,0,0.000216856104109153
20-Feb-2023 02:00:00,0,0,0,0,0,25,14.7600481221137,14.7600481221137,0,0.000216765916489225
20-Feb-2023 03:00:00,0,0,0,0,0,25,14.7600481221137,14.7600481221137,0,0.000216675841299363
20-Feb-2023 04:00:00,0,0,0,0,0,25,14.7600481221137,14.7600481221137,0,0.000216585878306086
20-Feb-2023 05:00:00,0,0,0,0,0,25,14.7600481221137,14.7600481221137,0,0.00021649602727658
20-Feb-2023 06:00:00,0,0,0,0,0,25,14.7600481221137,14.7600481221137,0,0.000216406287979143
20-Feb-2023 07:00:00,0,0,0,0,0,25,14.7600481221137,14.7600481221137,0,0.000216316660182181
20-Feb-2023 08:00:00,0,0,0,0,0,25,14.7600481221137,14.7600481221137,0,0.00021622714365499
20-Feb-2023 09:00:00,0,0,0,0,0,25,14.7600481221137,14.7600481221137,0,0.000216137738167532
20-Feb-2023 10:00:00,0,0,0,0,0,25,14.7600481221137,14.7600481221137,0,0.000216048443490435
20-Feb-2023 11:00:00,0,0,0,0,0,25,14.7600481221137,14.7600481221137,0,0.000215959259395215
20-Feb-2023 12:00:00,0,0,0,0,0,25,14.7600481221137,14.7600481221137,0,0.000215870185653166
20-Feb-2023 13:00:00,0,0,0,0,0,25,14.7600481221137,14.7600481221137,0,0.000215781222037692
20-Feb-2023 14:00:00,0,0,0,0,0,25,14.7600481221137,14.7600481221137,0,0.000215692368321641
20-Feb-2023 15:00:00,0,0,0,0,0,25,14.7600481221137,14.7600481221137,0,0.000215603624279082
20-Feb-2023 16:00:00,0,0,0,0,0,25,14.7600481221137,14.7600481221137,0,0.000215514989684307
20-Feb-2023 17:00:00,0,0,0,0,0,25,14.7600481221137,14.7600481221137,0,0.000215426464312718
20-Feb-2023 18:00:00,0,0,0,0,0,25,14.7600481221137,14.7600481221137,0,0.000215338047940272
20-Feb-2023 19:00:00,0,0,0,0,0,25,14.7600481221137,14.7600481221137,0,0.000215249740343371
20-Feb-2023 20:00:00,0,0,0,0,0,25,14.7600481221137,14.7600481221137,0,0.000215161541299191
20-Feb-2023 21:00:00,0,0,0,0,0,25,14.7600481221137,14.7600481221137,0,0.000215073450585357
20-Feb-2023 22:00:00,0,0,0,0,0,25,14.7600481221137,14.7600481221137,0,0.000214985467980489
20-Feb-2023 23:00:00,0,0,0,0,0,25,14.7600481221137,14.7600481221137,0,0.000214897593263652
21-Feb-2023 00:00:00,0,0,0,0,0,25,14.7600481221137,14.7600481221137,0,0.000214809826214357
21-Feb-2023 01:00:00,0,0,0,0,0,25,14.7600481221137,14.7600481221137,0,0.000214722166613002
21-Feb-2023 02:00:00,0,0,0,0,0,25,14.7600481221137,14.7600481221137,0,0.000214634614240539
21-Feb-2023 03:00:00,0,0,0,0,0,25,14.7600481221137,14.7600481221137,0,0.000214547168878587
21-Feb-2023 04:00:00,0,0,0,0,0,25,14.7600481221137,14.7600481221137,0,0.000214459830309321
21-Feb-2023 05:00:00,0,0,0,0,0,25,14.7600481221137,14.7600481221137,0,0.00021437259831536
21-Feb-2023 06:00:00,0,0,0,0,0,25,14.7600481221137,14.7600481221137,0,0.000214285472680431
21-Feb-2023 07:00:00,0,0,0,0,0,25,14.7600481221137,14.7600481221137,0,0.000214198453188374
21-Feb-2023 08:00:00,0,0,0,0,0,25,14.7600481221137,14.7600481221137,0,0.000214111539623918
21-Feb-2023 09:00:00,0,0,0,0,0,25,14.7600481221137,14.7600481221137,0,0.000214024731772233
21-Feb-2023 10:00:00,-87.2133434317084,0,213.672691407686,0,0.106782954226729,25,14.7600481221137,14.7600481221137,0,0.00021393802941938
21-Feb-2023 11:00:00,68.6250866210415,175.063996482249,0,0.0874882541140673,0,25,14.7600481221137,14.8475363762277,0.000288189267501258,0.000313397733058829
21-Feb-2023 12:00:00,-52.271006162736,0,128.063965098703,0,0.0639999825580725,25,14.8475363762277,14.8475363762277,0,0.00023034318621451
21-Feb-2023 13:00:00,65.3352589577486,166.671578973848,0,0.0832941424157164,0,25,14.8475363762277,14.9308305186435,0.000273832854393627,0.000288279684994341
21-Feb-2023 14:00:00,0,0,0,0,0,25,14.9308305186435,14.9308305186435,0,0.000213592270733809
21-Feb-2023 15:00:00,0,0,0,0,0,25,14.9308305186435,14.9308305186435,0,0.00021350609268378
21-Feb-2023 16:00:00,0,0,0,0,0,25,14.9308305186435,14.9308305186435,0,0.000213420018860488
21-Feb-2023 17:00:00,0,0,0,0,0,25,14.9308305186435,14.9308305186435,0,0.000213334049053882
21-Feb-2023 18:00:00,0,0,0,0,0,25,14.9308305186435,14.9308305186435,0,0.000213248183054793
21-Feb-2023 19:00:00,0,0,0,0,0,25,14.9308305186435,14.9308305186435,0,0.000213162420654167
21-Feb-2023 20:00:00,0,0,0,0,0,25,14.9308305186435,14.9308305186435,0,0.000213076761644282
21-Feb-2023 21:00:00,0,0,0,0,0,25,14.9308305186435,14.9308305186435,0,0.000212991205817081
21-Feb-2023 22:00:00,0,0,0,0,0,25,14.9308305186435,14.9308305186435,0,0.000212905752965842
21-Feb-2023 23:00:00,0,0,0,0,0,25,14.9308305186435,14.9308305186435,0,0.000212820402884284
22-Feb-2023 00:00:00,0,0,0,0,0,25,14.9308305186435,14.9308305186435,0,0.000212735155366239
22-Feb-2023 01:00:00,0,0,0,0,0,25,14.9308305186435,14.9308305186435,0,0.000212650010206872
22-Feb-2023 02:00:00,0,0,0,0,0,25,14.9308305186435,14.9308305186435,0,0.000212564967201123
22-Feb-2023 03:00:00,0,0,0,0,0,25,14.9308305186435,14.9308305186435,0,0.000212480026145156
22-Feb-2023 04:00:00,0,0,0,0,0,25,14.9308305186435,14.9308305186435,0,0.000212395186835357
22-Feb-2023 05:00:00,0,0,0,0,0,25,14.9308305186435,14.9308305186435,0,0.000212310449068664
22-Feb-2023 06:00:00,0,0,0,0,0,25,14.9308305186435,14.9308305186435,0,0.000212225812642686
22-Feb-2023 07:00:00,0,0,0,0,0,25,14.9308305186435,14.9308305186435,0,0.000212141277355804
22-Feb-2023 08:00:00,0,0,0,0,0,25,14.9308305186435,14.9308305186435,0,0.000212056843006514
22-Feb-2023 09:00:00,0,0,0,0,0,25,14.9308305186435,14.9308305186435,0,0.000211972509394198
22-Feb-2023 10:00:00,0,0,0,0,0,25,14.9308305186435,14.9308305186435,0,0.000211888276318684
22-Feb-2023 11:00:00,0,0,0,0,0,25,14.9308305186435,14.9308305186435,0,0.000211804143580352
22-Feb-2023 12:00:00,0,0,0,0,0,25,14.9308305186435,14.9308305186435,0,0.000211720110980251
22-Feb-2023 13:00:00,0,0,0,0,0,25,14.9308305186435,14.9308305186435,0,0.000211636178319874
22-Feb-2023 14:00:00,0,0,0,0,0,25,14.9308305186435,14.9308305186435,0,0.000211552345401156
22-Feb-2023 15:00:00,0,0,0,0,0,25,14.9308305186435,14.9308305186435,0,0.000211468612026811
22-Feb-2023 16:00:00,0,0,0,0,0,25,14.9308305186435,14.9308305186435,0,0.000211384977999884
22-Feb-2023 17:00:00,0,0,0,0,0,25,14.9308305186435,14.9308305186435,0,0.000211301443124423
22-Feb-2023 18:00:00,0,0,0,0,0,25,14.9308305186435,14.9308305186435,0,0.000211218007204139
22-Feb-2023 19:00:00,0,0,0,0,0,25,14.9308305186435,14.9308305186435,0,0.0002111346700443
22-Feb-2023 20:00:00,0,0,0,0,0,25,14.9308305186435,14.9308305186435,0,0.000211051431449838
22-Feb-2023 21:00:00,0,0,0,0,0,25,14.9308305186435,14.9308305186435,0,0.00021096829122691
22-Feb-2023 22:00:00,0,0,0,0,0,25,14.9308305186435,14.9308305186435,0,0.000210885249181669
22-Feb-2023 23:00:00,0,0,0,0,0,25,14.9308305186435,14.9308305186435,0,0.000210802305121272
23-Feb-2023 00:00:00,0,0,0,0,0,25,14.9308305186435,14.9308305186435,0,0.000210719458853093
23-Feb-2023 01:00:00,0,0,0,0,0,25,14.9308305186435,14.9308305186435,0,0.000210636710185064
23-Feb-2023 02:00:00,0,0,0,0,0,25,14.9308305186435,14.9308305186435,0,0.000210554058925561
23-Feb-2023 03:00:00,0,0,0,0,0,25,14.9308305186435,14.9308305186435,0,0.000210471504883958
23-Feb-2023 04:00:00,0,0,0,0,0,25,14.9308305186435,14.9308305186435,0,0.00021038904786963
23-Feb-2023 05:00:00,0,0,0,0,0,25,14.9308305186435,14.9308305186435,0,0.00021030668769273
23-Feb-2023 06:00:00,0,0,0,0,0,25,14.9308305186435,14.9308305186435,0,0.00021022442416363
23-Feb-2023 07:00:00,0,0,0,0,0,25,14.9308305186435,14.9308305186435,0,0.000210142257093815
23-Feb-2023 08:00:00,-66.27310844434,0,162.369115688633,0,0.0811439858513908,25,14.9308305186435,14.9308305186435,0,0.000210060186294658
23-Feb-2023 09:00:00,-18.97024106464,0,46.4770906083679,0,0.0232269318382648,25,14.9308305186435,14.9308305186435,0,0.000281160931457913
23-Feb-2023 10:00:00,-423.81884831109,0,1038.35617836217,0,0.518918629866153,25,14.9308305186435,14.9308305186435,0,0.000305017015907239
23-Feb-2023 11:00:00,-220.655172458323,0,540.605172522892,0,0.270167502510191,25,14.9308305186435,14.9308305186435,0,0.000652731561195607
23-Feb-2023 12:00:00,0,0,0,0,0,25,14.9308305186435,14.9308305186435,0,0.000838526135831574
23-Feb-2023 13:00:00,0,0,0,0,0,25,14.9308305186435,14.9308305186435,0,0.000838199924498628
23-Feb-2023 14:00:00,260.081571267956,663.473396091724,0,0.331570912589567,0,25,14.9308305186435,15.262401431233,0.0011709682777357,0.000837874093587487
23-Feb-2023 15:00:00,301.136164611037,768.204501558767,0,0.383910295631568,0,25,15.262401431233,15.6463117268646,0.00137274850658405,0.000586090147892016
23-Feb-2023 16:00:00,139.572840302187,356.053164036192,0,0.17793761321149,0,25,15.6463117268646,15.8242493400761,0.000597229366063712,0.000386699295727433
23-Feb-2023 17:00:00,0,0,0,0,0,25,15.8242493400761,15.8242493400761,0,0.000209325850460296
23-Feb-2023 18:00:00,0,0,0,0,0,25,15.8242493400761,15.8242493400761,0,0.00020924473212125
23-Feb-2023 19:00:00,0,0,0,0,0,25,15.8242493400761,15.8242493400761,0,0.000209163708014493
23-Feb-2023 20:00:00,0,0,0,0,0,25,15.8242493400761,15.8242493400761,0,0.000209082777957725
23-Feb-2023 21:00:00,0,0,0,0,0,25,15.8242493400761,15.8242493400761,0,0.000209001941769316
23-Feb-2023 22:00:00,0,0,0,0,0,25,15.8242493400761,15.8242493400761,0,0.000208921199267742
23-Feb-2023 23:00:00,0,0,0,0,0,25,15.8242493400761,15.8242493400761,0,0.000208840550272482
24-Feb-2023 00:00:00,0,0,0,0,0,25,15.8242493400761,15.8242493400761,0,0.000208759994602792
24-Feb-2023 01:00:00,0,0,0,0,0,25,15.8242493400761,15.8242493400761,0,0.000208679532078926
24-Feb-2023 02:00:00,0,0,0,0,0,25,15.8242493400761,15.8242493400761,0,0.000208599162521805
24-Feb-2023 03:00:00,0,0,0,0,0,25,15.8242493400761,15.8242493400761,0,0.00020851888575224
24-Feb-2023 04:00:00,0,0,0,0,0,25,15.8242493400761,15.8242493400761,0,0.000208438701591929
24-Feb-2023 05:00:00,0,0,0,0,0,25,15.8242493400761,15.8242493400761,0,0.000208358609863013
24-Feb-2023 06:00:00,0,0,0,0,0,25,15.8242493400761,15.8242493400761,0,0.000208278610387858
24-Feb-2023 07:00:00,0,0,0,0,0,25,15.8242493400761,15.8242493400761,0,0.000208198702989604
24-Feb-2023 08:00:00,0,0,0,0,0,25,15.8242493400761,15.8242493400761,0,0.000208118887491837
24-Feb-2023 09:00:00,0,0,0,0,0,25,15.8242493400761,15.8242493400761,0,0.000208039163718587
24-Feb-2023 10:00:00,0,0,0,0,0,25,15.8242493400761,15.8242493400761,0,0.000207959531493995
24-Feb-2023 11:00:00,0,0,0,0,0,25,15.8242493400761,15.8242493400761,0,0.000207879990643201
24-Feb-2023 12:00:00,0,0,0,0,0,25,15.8242493400761,15.8242493400761,0,0.000207800540991565
24-Feb-2023 13:00:00,0,0,0,0,0,25,15.8242493400761,15.8242493400761,0,0.000207721182365006
24-Feb-2023 14:00:00,0,0,0,0,0,25,15.8242493400761,15.8242493400761,0,0.000207641914589773
24-Feb-2023 15:00:00,0,0,0,0,0,25,15.8242493400761,15.8242493400761,0,0.000207562737492673
24-Feb-2023 16:00:00,0,0,0,0,0,25,15.8242493400761,15.8242493400761,0,0.000207483650900731
24-Feb-2023 17:00:00,0,0,0,0,0,25,15.8242493400761,15.8242493400761,0,0.000207404654642196
24-Feb-2023 18:00:00,0,0,0,0,0,25,15.8242493400761,15.8242493400761,0,0.000207325748544651
24-Feb-2023 19:00:00,0,0,0,0,0,25,15.8242493400761,15.8242493400761,0,0.000207246932437122
24-Feb-2023 20:00:00,0,0,0,0,0,25,15.8242493400761,15.8242493400761,0,0.000207168206148411
24-Feb-2023 21:00:00,0,0,0,0,0,25,15.8242493400761,15.8242493400761,0,0.000207089569508212
24-Feb-2023 22:00:00,0,0,0,0,0,25,15.8242493400761,15.8242493400761,0,0.000207011022346659
24-Feb-2023 23:00:00,0,0,0,0,0,25,15.8242493400761,15.8242493400761,0,0.000206932564493667
25-Feb-2023 00:00:00,0,0,0,0,0,25,15.8242493400761,15.8242493400761,0,0.000206854195780704
25-Feb-2023 01:00:00,0,0,0,0,0,25,15.8242493400761,15.8242493400761,0,0.000206775916038904
25-Feb-2023 02:00:00,0,0,0,0,0,25,15.8242493400761,15.8242493400761,0,0.000206697725099847
25-Feb-2023 03:00:00,0,0,0,0,0,25,15.8242493400761,15.8242493400761,0,0.000206619622795889
25-Feb-2023 04:00:00,0,0,0,0,0,25,15.8242493400761,15.8242493400761,0,0.000206541608959832
25-Feb-2023 05:00:00,0,0,0,0,0,25,15.8242493400761,15.8242493400761,0,0.000206463683424585
25-Feb-2023 06:00:00,0,0,0,0,0,25,15.8242493400761,15.8242493400761,0,0.000206385846023949
25-Feb-2023 07:00:00,0,0,0,0,0,25,15.8242493400761,15.8242493400761,0,0.000206308096591612
25-Feb-2023 08:00:00,0,0,0,0,0,25,15.8242493400761,15.8242493400761,0,0.000206230434962262
25-Feb-2023 09:00:00,0,0,0,0,0,25,15.8242493400761,15.8242493400761,0,0.000206152860970588
25-Feb-2023 10:00:00,0,0,0,0,0,25,15.8242493400761,15.8242493400761,0,0.000206075374451831
25-Feb-2023 11:00:00,-21.0705626776454,0,51.6228785602311,0,0.0257985400101105,25,15.8242493400761,15.8242493400761,0,0.000205997975242012
25-Feb-2023 12:00:00,20.2361263973559,51.6227714218263,0,0.0257984864676793,0,25,15.8242493400761,15.8500478265438,8.27076676968852e-05,0.000227192660676168
25-Feb-2023 13:00:00,-64.2010466285934,0,157.292564240054,0,0.0786069786307116,25,15.8500478265438,15.8500478265438,0,0.000205843438093711
25-Feb-2023 14:00:00,59.492301246815,151.766074609222,0,0.0758451147472374,0,25,15.8500478265438,15.925892941291,0.000246682808229134,0.000273089139596561
25-Feb-2023 15:00:00,2.16624471985882,5.52613448943576,0,0.00276168640151712,0,25,15.925892941291,15.9286546276925,8.78719768043768e-06,0.000208024619871794
25-Feb-2023 16:00:00,0,0,0,0,0,25,15.9286546276925,15.9286546276925,0,0.000205612283105006
25-Feb-2023 17:00:00,0,0,0,0,0,25,15.9286546276925,15.9286546276925,0,0.00020553540432211
25-Feb-2023 18:00:00,0,0,0,0,0,25,15.9286546276925,15.9286546276925,0,0.000205458611710174
25-Feb-2023 19:00:00,0,0,0,0,0,25,15.9286546276925,15.9286546276925,0,0.000205381905108326
25-Feb-2023 20:00:00,0,0,0,0,0,25,15.9286546276925,15.9286546276925,0,0.000205305284356028
25-Feb-2023 21:00:00,0,0,0,0,0,25,15.9286546276925,15.9286546276925,0,0.000205228749293296
25-Feb-2023 22:00:00,0,0,0,0,0,25,15.9286546276925,15.9286546276925,0,0.000205152299760591
25-Feb-2023 23:00:00,0,0,0,0,0,25,15.9286546276925,15.9286546276925,0,0.000205075935598598
26-Feb-2023 00:00:00,0,0,0,0,0,25,15.9286546276925,15.9286546276925,0,0.000204999656648663
26-Feb-2023 01:00:00,0,0,0,0,0,25,15.9286546276925,15.9286546276925,0,0.00020492346275236
26-Feb-2023 02:00:00,0,0,0,0,0,25,15.9286546276925,15.9286546276925,0,0.000204847353751814
26-Feb-2023 03:00:00,0,0,0,0,0,25,15.9286546276925,15.9286546276925,0,0.000204771329489595
26-Feb-2023 04:00:00,0,0,0,0,0,25,15.9286546276925,15.9286546276925,0,0.000204695389808163
26-Feb-2023 05:00:00,0,0,0,0,0,25,15.9286546276925,15.9286546276925,0,0.000204619534551309
26-Feb-2023 06:00:00,0,0,0,0,0,25,15.9286546276925,15.9286546276925,0,0.00020454376356227
26-Feb-2023 07:00:00,-62.0837962670617,0,152.105300854301,0,0.0760146431055978,25,15.9286546276925,15.9286546276925,0,0.000204468076685504
26-Feb-2023 08:00:00,-366.284164417405,0,897.396202822641,0,0.448473864479081,25,15.9286546276925,15.9286546276925,0,0.000268811629460686
26-Feb-2023 09:00:00,-301.194302854156,0,737.926041992683,0,0.368778631680501,25,15.9286546276925,15.9286546276925,0,0.000545820496833826
26-Feb-2023 10:00:00,0,0,0,0,0,25,15.9286546276925,15.9286546276925,0,0.000816571376420328
26-Feb-2023 11:00:00,0,0,0,0,0,25,15.9286546276925,15.9286546276925,0,0.000816270114121553
26-Feb-2023 12:00:00,253.312359504833,646.204998736818,0,0.322941028853982,0,25,15.9286546276925,16.2515956565465,0.0011281077360451,0.000815969185016918
26-Feb-2023 13:00:00,73.3474877960207,187.110938255155,0,0.0935087147701923,0,25,16.2515956565465,16.3451043713167,0.000304685702232591,0.000578126269122126
26-Feb-2023 14:00:00,-66.0850863084781,0,161.908461455771,0,0.0809137738409653,25,16.3451043713167,16.3451043713167,0,0.000523794952347556
26-Feb-2023 15:00:00,-177.681553353952,0,435.319805717183,0,0.217551127294944,25,16.3451043713167,16.3451043713167,0,0.00056709077895245
26-Feb-2023 16:00:00,302.587743849719,771.907509820711,0,0.385760874473119,0,25,16.3451043713167,16.7308652457898,0.00136783279581765,0.000783193607783117
26-Feb-2023 17:00:00,299.441719369226,763.881937166394,0,0.381750093536429,0,25,16.7308652457898,17.1126153393262,0.00134799352708243,0.000500463205119095
26-Feb-2023 18:00:00,6.05454410328328,15.4452655696002,0,0.00771877339810105,0,25,17.1126153393262,17.1203341127243,2.43625917936835e-05,0.000210049205677909
26-Feb-2023 19:00:00,0,0,0,0,0,25,17.1203341127243,17.1203341127243,0,0.000203566338705663
26-Feb-2023 20:00:00,0,0,0,0,0,25,17.1203341127243,17.1203341127243,0,0.000203491731280758
26-Feb-2023 21:00:00,0,0,0,0,0,25,17.1203341127243,17.1203341127243,0,0.000203417205826728
26-Feb-2023 22:00:00,0,0,0,0,0,25,17.1203341127243,17.1203341127243,0,0.000203342762194247
26-Feb-2023 23:00:00,0,0,0,0,0,25,17.1203341127243,17.1203341127243,0,0.000203268400232992
27-Feb-2023 00:00:00,0,0,0,0,0,25,17.1203341127243,17.1203341127243,0,0.000203194119794303
27-Feb-2023 01:00:00,0,0,0,0,0,25,17.1203341127243,17.1203341127243,0,0.000203119920729078
27-Feb-2023 02:00:00,0,0,0,0,0,25,17.1203341127243,17.1203341127243,0,0.000203045802888879
27-Feb-2023 03:00:00,0,0,0,0,0,25,17.1203341127243,17.1203341127243,0,0.000202971766125715
27-Feb-2023 04:00:00,0,0,0,0,0,25,17.1203341127243,17.1203341127243,0,0.000202897810291702
27-Feb-2023 05:00:00,0,0,0,0,0,25,17.1203341127243,17.1203341127243,0,0.000202823935239627
27-Feb-2023 06:00:00,0,0,0,0,0,25,17.1203341127243,17.1203341127243,0,0.000202750140822605
27-Feb-2023 07:00:00,-237.482025146466,0,581.830961608842,0,0.290770095756543,25,17.1203341127243,17.1203341127243,0,0.000202676426893866
27-Feb-2023 08:00:00,132.011429245564,336.763850116235,0,0.168297776170032,0,25,17.1203341127243,17.2886318888944,0.000556691854759608,0.00046384733866689
27-Feb-2023 09:00:00,-167.661433863043,0,410.770512964454,0,0.20528261517464,25,17.2886318888944,17.2886318888944,0,0.000313543896743429
27-Feb-2023 10:00:00,50.3612705744322,128.472629016409,0,0.0642042124020034,0,25,17.2886318888944,17.3528361012964,0.000205749358880111,0.000479484376913586
27-Feb-2023 11:00:00,-314.556046730184,0,770.66231448895,0,0.3851385879505,25,17.3528361012964,17.3528361012964,0,0.000447741982904648
27-Feb-2023 12:00:00,158.246546689495,403.690170126264,0,0.201744212956654,0,25,17.3528361012964,17.554580314253,0.0006726918599161,0.000660967248122257
27-Feb-2023 13:00:00,179.219318830076,457.192139872642,0,0.22848182902181,0,25,17.554580314253,17.7830621432748,0.000766675559554453,0.000510603737761794
27-Feb-2023 14:00:00,171.347933877195,437.112076217333,0,0.218446814701316,0,25,17.7830621432748,18.0015089579762,0.000729652873723827,0.000412880840333418
27-Feb-2023 15:00:00,0,0,0,0,0,25,18.0015089579762,18.0015089579762,0,0.000202089595578436
27-Feb-2023 16:00:00,0,0,0,0,0,25,18.0015089579762,18.0015089579762,0,0.000202016599509913
27-Feb-2023 17:00:00,0,0,0,0,0,25,18.0015089579762,18.0015089579762,0,0.000201943682484496
27-Feb-2023 18:00:00,0,0,0,0,0,25,18.0015089579762,18.0015089579762,0,0.000201870844359187
27-Feb-2023 19:00:00,0,0,0,0,0,25,18.0015089579762,18.0015089579762,0,0.0002017980849921
27-Feb-2023 20:00:00,0,0,0,0,0,25,18.0015089579762,18.0015089579762,0,0.000201725404241349
27-Feb-2023 21:00:00,0,0,0,0,0,25,18.0015089579762,18.0015089579762,0,0.000201652801965269
27-Feb-2023 22:00:00,0,0,0,0,0,25,18.0015089579762,18.0015089579762,0,0.000201580278023084
27-Feb-2023 23:00:00,0,0,0,0,0,25,18.0015089579762,18.0015089579762,0,0.000201507832273684
28-Feb-2023 00:00:00,0,0,0,0,0,25,18.0015089579762,18.0015089579762,0,0.000201435464576849
28-Feb-2023 01:00:00,0,0,0,0,0,25,18.0015089579762,18.0015089579762,0,0.000201363174792579
28-Feb-2023 02:00:00,0,0,0,0,0,25,18.0015089579762,18.0015089579762,0,0.000201290962780987
28-Feb-2023 03:00:00,0,0,0,0,0,25,18.0015089579762,18.0015089579762,0,0.000201218828402849
28-Feb-2023 04:00:00,0,0,0,0,0,25,18.0015089579762,18.0015089579762,0,0.000201146771519056
28-Feb-2023 05:00:00,0,0,0,0,0,25,18.0015089579762,18.0015089579762,0,0.000201074791991274
28-Feb-2023 06:00:00,0,0,0,0,0,25,18.0015089579762,18.0015089579762,0,0.000201002889680613
28-Feb-2023 07:00:00,-201.186660705512,0,492.907318728504,0,0.246330494117193,25,18.0015089579762,18.0015089579762,0,0.000200931064449739
28-Feb-2023 08:00:00,-380.278893875635,0,931.683289995306,0,0.465608840577364,25,18.0015089579762,18.0015089579762,0,0.000432634750834437
28-Feb-2023 09:00:00,-147.928933928427,0,362.425888124647,0,0.181122382870888,25,18.0015089579762,18.0015089579762,0,0.000727115477977658
28-Feb-2023 10:00:00,0,0,0,0,0,25,18.0015089579762,18.0015089579762,0,0.000802476312188438
28-Feb-2023 11:00:00,0,0,0,0,0,25,18.0015089579762,18.0015089579762,0,0.000802190377255707
28-Feb-2023 12:00:00,0,0,0,0,0,25,18.0015089579762,18.0015089579762,0,0.000801904747755211
28-Feb-2023 13:00:00,0,0,0,0,0,25,18.0015089579762,18.0015089579762,0,0.000801619423142164
28-Feb-2023 14:00:00,0,0,0,0,0,25,18.0015089579762,18.0015089579762,0,0.000801334402875664
28-Feb-2023 15:00:00,0,0,0,0,0,25,18.0015089579762,18.0015089579762,0,0.000801049686415256
28-Feb-2023 16:00:00,307.934940930289,785.548318699717,0,0.392577870414651,0,25,18.0015089579762,18.3940868283908,0.00137747848451845,0.000800765273220483
28-Feb-2023 17:00:00,322.960020672846,823.877603757259,0,0.411732935410924,0,25,18.3940868283908,18.8058197638017,0.00144876038377137,0.000523197019881794
28-Feb-2023 18:00:00,69.5635858110077,177.458127068897,0,0.0886847211738617,0,25,18.8058197638017,18.8945044849756,0.00028310610186387,0.000275253020297628
28-Feb-2023 19:00:00,0,0,0,0,0,25,18.8945044849756,18.8945044849756,0,0.000200075124127563
28-Feb-2023 20:00:00,0,0,0,0,0,25,18.8945044849756,18.8945044849756,0,0.000200004288530842
28-Feb-2023 21:00:00,0,0,0,0,0,25,18.8945044849756,18.8945044849756,0,0.000199933528117868
28-Feb-2023 22:00:00,0,0,0,0,0,25,18.8945044849756,18.8945044849756,0,0.000199862842755527
28-Feb-2023 23:00:00,0,0,0,0,0,25,18.8945044849756,18.8945044849756,0,0.000199792232311813
01-Mar-2023 00:00:00,0,0,0,0,0,25,18.8945044849756,18.8945044849756,0,0.000199721696653832
01-Mar-2023 01:00:00,0,0,0,0,0,25,18.8945044849756,18.8945044849756,0,0.000199651235650133
01-Mar-2023 02:00:00,0,0,0,0,0,25,18.8945044849756,18.8945044849756,0,0.000199580849168601
01-Mar-2023 03:00:00,0,0,0,0,0,25,18.8945044849756,18.8945044849756,0,0.000199510537078784
01-Mar-2023 04:00:00,0,0,0,0,0,25,18.8945044849756,18.8945044849756,0,0.000199440299248788
01-Mar-2023 05:00:00,0,0,0,0,0,25,18.8945044849756,18.8945044849756,0,0.000199370135548715
01-Mar-2023 06:00:00,0,0,0,0,0,25,18.8945044849756,18.8945044849756,0,0.000199300045847783
01-Mar-2023 07:00:00,-139.873870804345,0,342.690983470646,0,0.171259861804421,25,18.8945044849756,18.8945044849756,0,0.000199230030016206
01-Mar-2023 08:00:00,-332.923575984307,0,815.662761161551,0,0.407627566797377,25,18.8945044849756,18.8945044849756,0,0.000360886564499174
01-Mar-2023 09:00:00,-256.499052523322,0,628.42267868214,0,0.314054312184977,25,18.8945044849756,18.8945044849756,0,0.00057208124798358
01-Mar-2023 10:00:00,0,0,0,0,0,25,18.8945044849756,18.8945044849756,0,0.000795697087349279
01-Mar-2023 11:00:00,0,0,0,0,0,25,18.8945044849756,18.8945044849756,0,0.000795418335497455
01-Mar-2023 12:00:00,0,0,0,0,0,25,18.8945044849756,18.8945044849756,0,0.000795139876401119
01-Mar-2023 13:00:00,0,0,0,0,0,25,18.8945044849756,18.8945044849756,0,0.000794861709548011
01-Mar-2023 14:00:00,0,0,0,0,0,25,18.8945044849756,18.8945044849756,0,0.000794583834427653
01-Mar-2023 15:00:00,0,0,0,0,0,25,18.8945044849756,18.8945044849756,0,0.000794306250529897
01-Mar-2023 16:00:00,315.018948190489,803.619765792064,0,0.401609078356853,0,25,18.8945044849756,19.2961135633324,0.00140398386159953,0.000794028957346482
01-Mar-2023 17:00:00,311.01180752605,793.397468178699,0,0.396500483847426,0,25,19.2961135633324,19.6926140471799,0.00138029885913571,0.000515135997512517
01-Mar-2023 18:00:00,74.3360102890255,189.632679308738,0,0.0947689551767808,0,25,19.6926140471799,19.7873830023567,0.000301233988769731,0.000278874769318094
01-Mar-2023 19:00:00,0,0,0,0,0,25,19.7873830023567,19.7873830023567,0,0.000198395554967812
01-Mar-2023 20:00:00,0,0,0,0,0,25,19.7873830023567,19.7873830023567,0,0.000198326487753642
01-Mar-2023 21:00:00,0,0,0,0,0,25,19.7873830023567,19.7873830023567,0,0.000198257492622034
01-Mar-2023 22:00:00,0,0,0,0,0,25,19.7873830023567,19.7873830023567,0,0.000198188569447866
01-Mar-2023 23:00:00,0,0,0,0,0,25,19.7873830023567,19.7873830023567,0,0.000198119718106016
02-Mar-2023 00:00:00,0,0,0,0,0,25,19.7873830023567,19.7873830023567,0,0.000198050938471916
02-Mar-2023 01:00:00,0,0,0,0,0,25,19.7873830023567,19.7873830023567,0,0.000197982230421112
02-Mar-2023 02:00:00,0,0,0,0,0,25,19.7873830023567,19.7873830023567,0,0.000197913593829591
02-Mar-2023 03:00:00,0,0,0,0,0,25,19.7873830023567,19.7873830023567,0,0.000197845028573562
02-Mar-2023 04:00:00,0,0,0,0,0,25,19.7873830023567,19.7873830023567,0,0.000197776534529459
02-Mar-2023 05:00:00,0,0,0,0,0,25,19.7873830023567,19.7873830023567,0,0.000197708111574157
02-Mar-2023 06:00:00,0,0,0,0,0,25,19.7873830023567,19.7873830023567,0,0.000197639759584756
02-Mar-2023 07:00:00,-40.3336713413511,0,98.8174947863101,0,0.0493840553654723,25,19.7873830023567,19.7873830023567,0,0.000197571478438685
02-Mar-2023 08:00:00,-233.698487191325,0,572.561293618746,0,0.286137578020363,25,19.7873830023567,19.7873830023567,0,0.000236743795905214
02-Mar-2023 09:00:00,-261.644107048496,0,641.028062268816,0,0.320353854207304,25,19.7873830023567,19.7873830023567,0,0.000470299870346746
02-Mar-2023 10:00:00,-193.52376978543,0,474.133235974304,0,0.236948143915194,25,19.7873830023567,19.7873830023567,0,0.000653792995243929
02-Mar-2023 11:00:00,0,0,0,0,0,25,19.7873830023567,19.7873830023567,0,0.00078881495552896
02-Mar-2023 12:00:00,0,0,0,0,0,25,19.7873830023567,19.7873830023567,0,0.000788543371771144
02-Mar-2023 13:00:00,0,0,0,0,0,25,19.7873830023567,19.7873830023567,0,0.000788272068333096
02-Mar-2023 14:00:00,0,0,0,0,0,25,19.7873830023567,19.7873830023567,0,0.000788001044734199
02-Mar-2023 15:00:00,0,0,0,0,0,25,19.7873830023567,19.7873830023567,0,0.000787730300492506
02-Mar-2023 16:00:00,316.652839227036,807.78785517101,0,0.403692081544733,0,25,19.7873830023567,20.1910750839014,0.00140363193968714,0.000787459835129733
02-Mar-2023 17:00:00,315.7246087567,805.419920297703,0,0.402508705795954,0,25,20.1910750839014,20.5935837896973,0.00139538875353862,0.000510073617265294
02-Mar-2023 18:00:00,67.9009040350915,173.216591926254,0,0.0865650134563987,0,25,20.5935837896973,20.6801488031537,0.000272883642492464,0.00026869146872488
02-Mar-2023 19:00:00,0,0,0,0,0,25,20.6801488031537,20.6801488031537,0,0.000196757586244933
02-Mar-2023 20:00:00,0,0,0,0,0,25,20.6801488031537,20.6801488031537,0,0.000196690215040207
02-Mar-2023 21:00:00,0,0,0,0,0,25,20.6801488031537,20.6801488031537,0,0.000196622912993161
02-Mar-2023 22:00:00,0,0,0,0,0,25,20.6801488031537,20.6801488031537,0,0.000196555679985777
02-Mar-2023 23:00:00,0,0,0,0,0,25,20.6801488031537,20.6801488031537,0,0.000196488515899929
03-Mar-2023 00:00:00,0,0,0,0,0,25,20.6801488031537,20.6801488031537,0,0.000196421420618043
03-Mar-2023 01:00:00,0,0,0,0,0,25,20.6801488031537,20.6801488031537,0,0.000196354394022547
03-Mar-2023 02:00:00,0,0,0,0,0,25,20.6801488031537,20.6801488031537,0,0.000196287435996645
03-Mar-2023 03:00:00,0,0,0,0,0,25,20.6801488031537,20.6801488031537,0,0.000196220546423209
03-Mar-2023 04:00:00,0,0,0,0,0,25,20.6801488031537,20.6801488031537,0,0.000196153725185888
03-Mar-2023 05:00:00,0,0,0,0,0,25,20.6801488031537,20.6801488031537,0,0.00019608697216833
03-Mar-2023 06:00:00,0,0,0,0,0,25,20.6801488031537,20.6801488031537,0,0.000196020287254406
03-Mar-2023 07:00:00,0,0,0,0,0,25,20.6801488031537,20.6801488031537,0,0.000195953670328541
03-Mar-2023 08:00:00,0,0,0,0,0,25,20.6801488031537,20.6801488031537,0,0.000195887121275384
03-Mar-2023 09:00:00,0,0,0,0,0,25,20.6801488031537,20.6801488031537,0,0.000195820639979472
03-Mar-2023 10:00:00,0,0,0,0,0,25,20.6801488031537,20.6801488031537,0,0.000195754226326228
03-Mar-2023 11:00:00,0,0,0,0,0,25,20.6801488031537,20.6801488031537,0,0.000195687880200746
03-Mar-2023 12:00:00,0,0,0,0,0,25,20.6801488031537,20.6801488031537,0,0.000195621601488782
03-Mar-2023 13:00:00,0,0,0,0,0,25,20.6801488031537,20.6801488031537,0,0.000195555390076207
03-Mar-2023 14:00:00,0,0,0,0,0,25,20.6801488031537,20.6801488031537,0,0.000195489245849334
03-Mar-2023 15:00:00,0,0,0,0,0,25,20.6801488031537,20.6801488031537,0,0.000195423168694475
03-Mar-2023 16:00:00,0,0,0,0,0,25,20.6801488031537,20.6801488031537,0,0.000195357158498499
03-Mar-2023 17:00:00,0,0,0,0,0,25,20.6801488031537,20.6801488031537,0,0.000195291215148163
03-Mar-2023 18:00:00,0,0,0,0,0,25,20.6801488031537,20.6801488031537,0,0.000195225338530891
03-Mar-2023 19:00:00,0,0,0,0,0,25,20.6801488031537,20.6801488031537,0,0.000195159528534328
03-Mar-2023 20:00:00,0,0,0,0,0,25,20.6801488031537,20.6801488031537,0,0.000195093785045786
03-Mar-2023 21:00:00,0,0,0,0,0,25,20.6801488031537,20.6801488031537,0,0.00019502810795391
03-Mar-2023 22:00:00,0,0,0,0,0,25,20.6801488031537,20.6801488031537,0,0.000194962497146789
03-Mar-2023 23:00:00,0,0,0,0,0,25,20.6801488031537,20.6801488031537,0,0.000194896952512735
04-Mar-2023 00:00:00,0,0,0,0,0,25,20.6801488031537,20.6801488031537,0,0.000194831473940948
04-Mar-2023 01:00:00,0,0,0,0,0,25,20.6801488031537,20.6801488031537,0,0.000194766061320295
04-Mar-2023 02:00:00,0,0,0,0,0,25,20.6801488031537,20.6801488031537,0,0.000194700714540308
04-Mar-2023 03:00:00,0,0,0,0,0,25,20.6801488031537,20.6801488031537,0,0.000194635433490631
04-Mar-2023 04:00:00,0,0,0,0,0,25,20.6801488031537,20.6801488031537,0,0.000194570218060797
04-Mar-2023 05:00:00,0,0,0,0,0,25,20.6801488031537,20.6801488031537,0,0.000194505068141448
04-Mar-2023 06:00:00,0,0,0,0,0,25,20.6801488031537,20.6801488031537,0,0.000194439983622674
04-Mar-2023 07:00:00,0,0,0,0,0,25,20.6801488031537,20.6801488031537,0,0.000194374964395116
04-Mar-2023 08:00:00,0,0,0,0,0,25,20.6801488031537,20.6801488031537,0,0.000194310010349752
04-Mar-2023 09:00:00,0,0,0,0,0,25,20.6801488031537,20.6801488031537,0,0.000194245121377778
04-Mar-2023 10:00:00,0,0,0,0,0,25,20.6801488031537,20.6801488031537,0,0.000194180297370616
04-Mar-2023 11:00:00,0,0,0,0,0,25,20.6801488031537,20.6801488031537,0,0.000194115538219797
04-Mar-2023 12:00:00,0,0,0,0,0,25,20.6801488031537,20.6801488031537,0,0.000194050843817406
04-Mar-2023 13:00:00,0,0,0,0,0,25,20.6801488031537,20.6801488031537,0,0.00019398621405553
04-Mar-2023 14:00:00,0,0,0,0,0,25,20.6801488031537,20.6801488031537,0,0.0001939216488267
04-Mar-2023 15:00:00,0,0,0,0,0,25,20.6801488031537,20.6801488031537,0,0.000193857148023557
04-Mar-2023 16:00:00,0,0,0,0,0,25,20.6801488031537,20.6801488031537,0,0.000193792711538743
04-Mar-2023 17:00:00,0,0,0,0,0,25,20.6801488031537,20.6801488031537,0,0.000193728339265897
04-Mar-2023 18:00:00,0,0,0,0,0,25,20.6801488031537,20.6801488031537,0,0.000193664031098106
04-Mar-2023 19:00:00,0,0,0,0,0,25,20.6801488031537,20.6801488031537,0,0.000193599786929344
04-Mar-2023 20:00:00,0,0,0,0,0,25,20.6801488031537,20.6801488031537,0,0.000193535606653139
04-Mar-2023 21:00:00,0,0,0,0,0,25,20.6801488031537,20.6801488031537,0,0.000193471490164021
04-Mar-2023 22:00:00,0,0,0,0,0,25,20.6801488031537,20.6801488031537,0,0.000193407437356075
04-Mar-2023 23:00:00,0,0,0,0,0,25,20.6801488031537,20.6801488031537,0,0.000193343448124383
05-Mar-2023 00:00:00,0,0,0,0,0,25,20.6801488031537,20.6801488031537,0,0.000193279522363254
05-Mar-2023 01:00:00,0,0,0,0,0,25,20.6801488031537,20.6801488031537,0,0.000193215659968438
05-Mar-2023 02:00:00,0,0,0,0,0,25,20.6801488031537,20.6801488031537,0,0.000193151860835017
05-Mar-2023 03:00:00,0,0,0,0,0,25,20.6801488031537,20.6801488031537,0,0.00019308812485852
05-Mar-2023 04:00:00,0,0,0,0,0,25,20.6801488031537,20.6801488031537,0,0.000193024451935031
05-Mar-2023 05:00:00,0,0,0,0,0,25,20.6801488031537,20.6801488031537,0,0.000192960841960521
05-Mar-2023 06:00:00,0,0,0,0,0,25,20.6801488031537,20.6801488031537,0,0.000192897294831296
05-Mar-2023 07:00:00,0,0,0,0,0,25,20.6801488031537,20.6801488031537,0,0.000192833810444104
05-Mar-2023 08:00:00,-373.916093462055,0,916.094428982036,0,0.457818305338349,25,20.6801488031537,20.6801488031537,0,0.000192770388695807
05-Mar-2023 09:00:00,25.2566938724771,64.4303415114211,0,0.0321990712201005,0,25,20.6801488031537,20.7123478743738,9.98450933863693e-05,0.00048944692268782
05-Mar-2023 10:00:00,205.212448476416,523.501144072491,0,0.261619762155168,0,25,20.7123478743738,20.973967636529,0.000867462885375841,0.000481392118509394
05-Mar-2023 11:00:00,128.635442761145,328.151639696798,0,0.163993822936931,0,25,20.973967636529,21.1379614594659,0.000527585974065201,0.000341565480858286
05-Mar-2023 12:00:00,0,0,0,0,0,25,21.1379614594659,21.1379614594659,0,0.000192517326034425
05-Mar-2023 13:00:00,0,0,0,0,0,25,21.1379614594659,21.1379614594659,0,0.000192454215940496
05-Mar-2023 14:00:00,0,0,0,0,0,25,21.1379614594659,21.1379614594659,0,0.000192391167871286
05-Mar-2023 15:00:00,0,0,0,0,0,25,21.1379614594659,21.1379614594659,0,0.00019232818172521
05-Mar-2023 16:00:00,0,0,0,0,0,25,21.1379614594659,21.1379614594659,0,0.000192265257400792
05-Mar-2023 17:00:00,0,0,0,0,0,25,21.1379614594659,21.1379614594659,0,0.000192202394797336
05-Mar-2023 18:00:00,0,0,0,0,0,25,21.1379614594659,21.1379614594659,0,0.000192139593813812
05-Mar-2023 19:00:00,0,0,0,0,0,25,21.1379614594659,21.1379614594659,0,0.000192076854349632
05-Mar-2023 20:00:00,0,0,0,0,0,25,21.1379614594659,21.1379614594659,0,0.000192014176304323
05-Mar-2023 21:00:00,0,0,0,0,0,25,21.1379614594659,21.1379614594659,0,0.000191951559577963
05-Mar-2023 22:00:00,0,0,0,0,0,25,21.1379614594659,21.1379614594659,0,0.0001918890040703
05-Mar-2023 23:00:00,0,0,0,0,0,25,21.1379614594659,21.1379614594659,0,0.000191826509681969
06-Mar-2023 00:00:00,0,0,0,0,0,25,21.1379614594659,21.1379614594659,0,0.000191764076313494
06-Mar-2023 01:00:00,0,0,0,0,0,25,21.1379614594659,21.1379614594659,0,0.000191701703865399
06-Mar-2023 02:00:00,0,0,0,0,0,25,21.1379614594659,21.1379614594659,0,0.000191639392238874
06-Mar-2023 03:00:00,0,0,0,0,0,25,21.1379614594659,21.1379614594659,0,0.000191577141334998
06-Mar-2023 04:00:00,0,0,0,0,0,25,21.1379614594659,21.1379614594659,0,0.000191514951055405
06-Mar-2023 05:00:00,0,0,0,0,0,25,21.1379614594659,21.1379614594659,0,0.000191452821301508
06-Mar-2023 06:00:00,0,0,0,0,0,25,21.1379614594659,21.1379614594659,0,0.000191390751975495
06-Mar-2023 07:00:00,0,0,0,0,0,25,21.1379614594659,21.1379614594659,0,0.000191328742979113
06-Mar-2023 08:00:00,0,0,0,0,0,25,21.1379614594659,21.1379614594659,0,0.000191266794215106
06-Mar-2023 09:00:00,0,0,0,0,0,25,21.1379614594659,21.1379614594659,0,0.000191204905585662
06-Mar-2023 10:00:00,0,0,0,0,0,25,21.1379614594659,21.1379614594659,0,0.000191143076993638
06-Mar-2023 11:00:00,0,0,0,0,0,25,21.1379614594659,21.1379614594659,0,0.000191081308342111
06-Mar-2023 12:00:00,0,0,0,0,0,25,21.1379614594659,21.1379614594659,0,0.000191019599534492
06-Mar-2023 13:00:00,-241.046521951572,0,590.563978781352,0,0.295134422179586,25,21.1379614594659,21.1379614594659,0,0.000190957950473636
06-Mar-2023 14:00:00,-21.118398177461,0,51.7400755347795,0,0.0258571092127834,25,21.1379614594659,21.1379614594659,0,0.000439186035593342
06-Mar-2023 15:00:00,33.0812253803065,84.3908810722105,0,0.0421743533594255,0,25,21.1379614594659,21.1801358128254,0.000130791067675703,0.000449646672532
06-Mar-2023 16:00:00,68.2682635520342,174.153733551108,0,0.0870333501005036,0,25,21.1801358128254,21.2671691629259,0.000273409342648315,0.000430827453335225
06-Mar-2023 17:00:00,150.429791346016,383.749467719429,0,0.191778844437496,0,25,21.2671691629259,21.4589480073634,0.000620918644101465,0.000365795242971423
06-Mar-2023 18:00:00,0,0,0,0,0,25,21.4589480073634,21.4589480073634,0,0.000190650598012487
06-Mar-2023 19:00:00,0,0,0,0,0,25,21.4589480073634,21.4589480073634,0,0.00019058930541882
06-Mar-2023 20:00:00,0,0,0,0,0,25,21.4589480073634,21.4589480073634,0,0.000190528071902341
06-Mar-2023 21:00:00,0,0,0,0,0,25,21.4589480073634,21.4589480073634,0,0.000190466897368124
06-Mar-2023 22:00:00,0,0,0,0,0,25,21.4589480073634,21.4589480073634,0,0.000190405781721692
06-Mar-2023 23:00:00,0,0,0,0,0,25,21.4589480073634,21.4589480073634,0,0.000190344724868563
07-Mar-2023 00:00:00,0,0,0,0,0,25,21.4589480073634,21.4589480073634,0,0.000190283726714702
07-Mar-2023 01:00:00,0,0,0,0,0,25,21.4589480073634,21.4589480073634,0,0.000190222787165739
07-Mar-2023 02:00:00,0,0,0,0,0,25,21.4589480073634,21.4589480073634,0,0.000190161906128195
07-Mar-2023 03:00:00,0,0,0,0,0,25,21.4589480073634,21.4589480073634,0,0.000190101083508365
07-Mar-2023 04:00:00,0,0,0,0,0,25,21.4589480073634,21.4589480073634,0,0.000190040319212992
07-Mar-2023 05:00:00,0,0,0,0,0,25,21.4589480073634,21.4589480073634,0,0.000189979613148927
07-Mar-2023 06:00:00,0,0,0,0,0,25,21.4589480073634,21.4589480073634,0,0.000189918965223135
07-Mar-2023 07:00:00,0,0,0,0,0,25,21.4589480073634,21.4589480073634,0,0.0001898583753428
07-Mar-2023 08:00:00,0,0,0,0,0,25,21.4589480073634,21.4589480073634,0,0.000189797843415551
07-Mar-2023 09:00:00,0,0,0,0,0,25,21.4589480073634,21.4589480073634,0,0.000189737369349019
07-Mar-2023 10:00:00,0,0,0,0,0,25,21.4589480073634,21.4589480073634,0,0.000189676953051054
07-Mar-2023 11:00:00,0,0,0,0,0,25,21.4589480073634,21.4589480073634,0,0.000189616594429731
07-Mar-2023 12:00:00,0,0,0,0,0,25,21.4589480073634,21.4589480073634,0,0.000189556293393345
07-Mar-2023 13:00:00,0,0,0,0,0,25,21.4589480073634,21.4589480073634,0,0.000189496049850524
07-Mar-2023 14:00:00,0,0,0,0,0,25,21.4589480073634,21.4589480073634,0,0.000189435863709675
07-Mar-2023 15:00:00,0,0,0,0,0,25,21.4589480073634,21.4589480073634,0,0.000189375734879982
07-Mar-2023 16:00:00,0,0,0,0,0,25,21.4589480073634,21.4589480073634,0,0.000189315663270406
07-Mar-2023 17:00:00,0,0,0,0,0,25,21.4589480073634,21.4589480073634,0,0.000189255648790243
07-Mar-2023 18:00:00,0,0,0,0,0,25,21.4589480073634,21.4589480073634,0,0.000189195691349231
07-Mar-2023 19:00:00,0,0,0,0,0,25,21.4589480073634,21.4589480073634,0,0.000189135790856665
07-Mar-2023 20:00:00,0,0,0,0,0,25,21.4589480073634,21.4589480073634,0,0.000189075947222728
07-Mar-2023 21:00:00,0,0,0,0,0,25,21.4589480073634,21.4589480073634,0,0.000189016160357491
07-Mar-2023 22:00:00,0,0,0,0,0,25,21.4589480073634,21.4589480073634,0,0.000188956430171139
07-Mar-2023 23:00:00,0,0,0,0,0,25,21.4589480073634,21.4589480073634,0,0.000188896756574297
08-Mar-2023 00:00:00,0,0,0,0,0,25,21.4589480073634,21.4589480073634,0,0.000188837139477704
08-Mar-2023 01:00:00,0,0,0,0,0,25,21.4589480073634,21.4589480073634,0,0.00018877757879221
08-Mar-2023 02:00:00,0,0,0,0,0,25,21.4589480073634,21.4589480073634,0,0.000188718074428773
08-Mar-2023 03:00:00,0,0,0,0,0,25,21.4589480073634,21.4589480073634,0,0.000188658626298799
08-Mar-2023 04:00:00,0,0,0,0,0,25,21.4589480073634,21.4589480073634,0,0.000188599234313802
08-Mar-2023 05:00:00,0,0,0,0,0,25,21.4589480073634,21.4589480073634,0,0.000188539898385409
08-Mar-2023 06:00:00,0,0,0,0,0,25,21.4589480073634,21.4589480073634,0,0.00018848061842569
08-Mar-2023 07:00:00,-138.980851673222,0,340.503086599393,0,0.170166460069662,25,21.4589480073634,21.4589480073634,0,0.000188421394346272
08-Mar-2023 08:00:00,-287.057879635431,0,703.291805106806,0,0.351470167469668,25,21.4589480073634,21.4589480073634,0,0.000340319163522174
08-Mar-2023 09:00:00,-168.412100938833,0,412.609647300142,0,0.206201722788676,25,21.4589480073634,21.4589480073634,0,0.000501811985899825
08-Mar-2023 10:00:00,-134.457707725921,0,329.421383928508,0,0.164628377775366,25,21.4589480073634,21.4589480073634,0,0.000695157875460595
08-Mar-2023 11:00:00,0,0,0,0,0,25,21.4589480073634,21.4589480073634,0,0.000752376549447376
08-Mar-2023 12:00:00,56.3558245903647,143.764858648889,0,0.071846506071409,0,25,21.4589480073634,21.5307945134348,0.0002243193449111,0.000752140879407226
08-Mar-2023 13:00:00,152.88746927948,390.019054284387,0,0.19491207110664,0,25,21.5307945134348,21.7257065845414,0.000630603726665069,0.000738837008793625
08-Mar-2023 14:00:00,200.220545954535,510.76669886361,0,0.255255721571019,0,25,21.7257065845414,21.9809623061124,0.000839569524646561,0.000588383516737068
08-Mar-2023 15:00:00,290.547855705192,741.193509452021,0,0.370411548951535,0,25,21.9809623061124,22.351373855064,0.00125826797486737,0.0004573806586331
08-Mar-2023 16:00:00,0,0,0,0,0,25,22.351373855064,22.351373855064,0,0.000187890877844543
08-Mar-2023 17:00:00,0,0,0,0,0,25,22.351373855064,22.351373855064,0,0.000187832207776961
08-Mar-2023 18:00:00,0,0,0,0,0,25,22.351373855064,22.351373855064,0,0.000187773592635221
08-Mar-2023 19:00:00,0,0,0,0,0,25,22.351373855064,22.351373855064,0,0.000187715032333946
08-Mar-2023 20:00:00,0,0,0,0,0,25,22.351373855064,22.351373855064,0,0.000187656526787316
08-Mar-2023 21:00:00,0,0,0,0,0,25,22.351373855064,22.351373855064,0,0.0001875980759104
08-Mar-2023 22:00:00,0,0,0,0,0,25,22.351373855064,22.351373855064,0,0.000187539679617821
08-Mar-2023 23:00:00,0,0,0,0,0,25,22.351373855064,22.351373855064,0,0.000187481337825091
09-Mar-2023 00:00:00,0,0,0,0,0,25,22.351373855064,22.351373855064,0,0.000187423050447055
09-Mar-2023 01:00:00,0,0,0,0,0,25,22.351373855064,22.351373855064,0,0.000187364817399227
09-Mar-2023 02:00:00,0,0,0,0,0,25,22.351373855064,22.351373855064,0,0.000187306638597562
09-Mar-2023 03:00:00,0,0,0,0,0,25,22.351373855064,22.351373855064,0,0.000187248513957794
09-Mar-2023 04:00:00,0,0,0,0,0,25,22.351373855064,22.351373855064,0,0.000187190443395546
09-Mar-2023 05:00:00,0,0,0,0,0,25,22.351373855064,22.351373855064,0,0.000187132426827441
09-Mar-2023 06:00:00,0,0,0,0,0,25,22.351373855064,22.351373855064,0,0.000187074464169878
09-Mar-2023 07:00:00,0,0,0,0,0,25,22.351373855064,22.351373855064,0,0.000187016555339148
09-Mar-2023 08:00:00,0,0,0,0,0,25,22.351373855064,22.351373855064,0,0.000186958700252093
09-Mar-2023 09:00:00,0,0,0,0,0,25,22.351373855064,22.351373855064,0,0.00018690089882567
09-Mar-2023 10:00:00,0,0,0,0,0,25,22.351373855064,22.351373855064,0,0.000186843150977167
09-Mar-2023 11:00:00,0,0,0,0,0,25,22.351373855064,22.351373855064,0,0.000186785456623428
09-Mar-2023 12:00:00,0,0,0,0,0,25,22.351373855064,22.351373855064,0,0.000186727815682186
09-Mar-2023 13:00:00,0,0,0,0,0,25,22.351373855064,22.351373855064,0,0.000186670228071062
09-Mar-2023 14:00:00,0,0,0,0,0,25,22.351373855064,22.351373855064,0,0.000186612693707899
09-Mar-2023 15:00:00,0,0,0,0,0,25,22.351373855064,22.351373855064,0,0.000186555212510653
09-Mar-2023 16:00:00,0,0,0,0,0,25,22.351373855064,22.351373855064,0,0.000186497784397277
09-Mar-2023 17:00:00,0,0,0,0,0,25,22.351373855064,22.351373855064,0,0.000186440409286726
09-Mar-2023 18:00:00,0,0,0,0,0,25,22.351373855064,22.351373855064,0,0.000186383087096731
09-Mar-2023 19:00:00,0,0,0,0,0,25,22.351373855064,22.351373855064,0,0.00018632581774658
09-Mar-2023 20:00:00,0,0,0,0,0,25,22.351373855064,22.351373855064,0,0.000186268601154782
09-Mar-2023 21:00:00,0,0,0,0,0,25,22.351373855064,22.351373855064,0,0.000186211437240624
09-Mar-2023 22:00:00,0,0,0,0,0,25,22.351373855064,22.351373855064,0,0.000186154325923282
09-Mar-2023 23:00:00,0,0,0,0,0,25,22.351373855064,22.351373855064,0,0.000186097267122043
10-Mar-2023 00:00:00,0,0,0,0,0,25,22.351373855064,22.351373855064,0,0.000186040260756526
10-Mar-2023 01:00:00,0,0,0,0,0,25,22.351373855064,22.351373855064,0,0.000185983306746462
10-Mar-2023 02:00:00,0,0,0,0,0,25,22.351373855064,22.351373855064,0,0.000185926405011805
10-Mar-2023 03:00:00,0,0,0,0,0,25,22.351373855064,22.351373855064,0,0.000185869555472506
10-Mar-2023 04:00:00,0,0,0,0,0,25,22.351373855064,22.351373855064,0,0.000185812758048964
10-Mar-2023 05:00:00,0,0,0,0,0,25,22.351373855064,22.351373855064,0,0.000185756012661575
10-Mar-2023 06:00:00,0,0,0,0,0,25,22.351373855064,22.351373855064,0,0.000185699319230959
10-Mar-2023 07:00:00,0,0,0,0,0,25,22.351373855064,22.351373855064,0,0.000185642677677733
10-Mar-2023 08:00:00,0,0,0,0,0,25,22.351373855064,22.351373855064,0,0.000185586087922962
10-Mar-2023 09:00:00,0,0,0,0,0,25,22.351373855064,22.351373855064,0,0.000185529549887709
10-Mar-2023 10:00:00,0,0,0,0,0,25,22.351373855064,22.351373855064,0,0.000185473063493036
10-Mar-2023 11:00:00,0,0,0,0,0,25,22.351373855064,22.351373855064,0,0.000185416628660784
10-Mar-2023 12:00:00,0,0,0,0,0,25,22.351373855064,22.351373855064,0,0.000185360245312238
10-Mar-2023 13:00:00,-139.624436101521,0,342.079868448725,0,0.170954456995865,25,22.351373855064,22.351373855064,0,0.00018530391336935
10-Mar-2023 14:00:00,26.3495534197719,67.2182485198261,0,0.0335923280958651,0,25,22.351373855064,22.3849661831598,0.000103161055083276,0.000335493822065547
10-Mar-2023 15:00:00,107.745027692377,274.859764521371,0,0.137361201659856,0,25,22.3849661831598,22.5223273848197,0.00043478342819761,0.000301713242805257
10-Mar-2023 16:00:00,0,0,0,0,0,25,22.5223273848197,22.5223273848197,0,0.000185135225194366
10-Mar-2023 17:00:00,0,0,0,0,0,25,22.5223273848197,22.5223273848197,0,0.000185079098094842
10-Mar-2023 18:00:00,0,0,0,0,0,25,22.5223273848197,22.5223273848197,0,0.000185023022012065
10-Mar-2023 19:00:00,0,0,0,0,0,25,22.5223273848197,22.5223273848197,0,0.000184966996869096
10-Mar-2023 20:00:00,0,0,0,0,0,25,22.5223273848197,22.5223273848197,0,0.000184911022588774
10-Mar-2023 21:00:00,0,0,0,0,0,25,22.5223273848197,22.5223273848197,0,0.000184855099093939
10-Mar-2023 22:00:00,0,0,0,0,0,25,22.5223273848197,22.5223273848197,0,0.000184799226308208
10-Mar-2023 23:00:00,0,0,0,0,0,25,22.5223273848197,22.5223273848197,0,0.000184743404154752
11-Mar-2023 00:00:00,0,0,0,0,0,25,22.5223273848197,22.5223273848197,0,0.000184687632557301
11-Mar-2023 01:00:00,0,0,0,0,0,25,22.5223273848197,22.5223273848197,0,0.000184631911439359
11-Mar-2023 02:00:00,0,0,0,0,0,25,22.5223273848197,22.5223273848197,0,0.000184576240724987
11-Mar-2023 03:00:00,0,0,0,0,0,25,22.5223273848197,22.5223273848197,0,0.000184520620338247
11-Mar-2023 04:00:00,0,0,0,0,0,25,22.5223273848197,22.5223273848197,0,0.000184465050203531
11-Mar-2023 05:00:00,0,0,0,0,0,25,22.5223273848197,22.5223273848197,0,0.000184409530244789
11-Mar-2023 06:00:00,0,0,0,0,0,25,22.5223273848197,22.5223273848197,0,0.000184354060386749
11-Mar-2023 07:00:00,0,0,0,0,0,25,22.5223273848197,22.5223273848197,0,0.000184298640554248
11-Mar-2023 08:00:00,0,0,0,0,0,25,22.5223273848197,22.5223273848197,0,0.000184243270672124
11-Mar-2023 09:00:00,0,0,0,0,0,25,22.5223273848197,22.5223273848197,0,0.000184187950665105
11-Mar-2023 10:00:00,0,0,0,0,0,25,22.5223273848197,22.5223273848197,0,0.000184132680458693
11-Mar-2023 11:00:00,0,0,0,0,0,25,22.5223273848197,22.5223273848197,0,0.000184077459977949
11-Mar-2023 12:00:00,0,0,0,0,0,25,22.5223273848197,22.5223273848197,0,0.000184022289148378
11-Mar-2023 13:00:00,0,0,0,0,0,25,22.5223273848197,22.5223273848197,0,0.000183967167896038
11-Mar-2023 14:00:00,0,0,0,0,0,25,22.5223273848197,22.5223273848197,0,0.000183912096146099
11-Mar-2023 15:00:00,-158.583408534777,0,388.529350910203,0,0.194167591659272,25,22.5223273848197,22.5223273848197,0,0.000183857073825067
11-Mar-2023 16:00:00,29.9711930359544,76.4571250917205,0,0.0382094578169518,0,25,22.5223273848197,22.5605368426366,0.000117385391345745,0.000354767656021049
11-Mar-2023 17:00:00,122.331447477215,312.070019074529,0,0.155957031021754,0,25,22.5605368426366,22.7164938736584,0.000495850913507248,0.000317984562783313
11-Mar-2023 18:00:00,0,0,0,0,0,25,22.7164938736584,22.7164938736584,0,0.000183692302695215
11-Mar-2023 19:00:00,0,0,0,0,0,25,22.7164938736584,22.7164938736584,0,0.000183637477351284
11-Mar-2023 20:00:00,0,0,0,0,0,25,22.7164938736584,22.7164938736584,0,0.000183582701068108
11-Mar-2023 21:00:00,0,0,0,0,0,25,22.7164938736584,22.7164938736584,0,0.000183527973772302
11-Mar-2023 22:00:00,0,0,0,0,0,25,22.7164938736584,22.7164938736584,0,0.000183473295391368
11-Mar-2023 23:00:00,0,0,0,0,0,25,22.7164938736584,22.7164938736584,0,0.000183418665852031
12-Mar-2023 00:00:00,0,0,0,0,0,25,22.7164938736584,22.7164938736584,0,0.000183364085081905
12-Mar-2023 01:00:00,0,0,0,0,0,25,22.7164938736584,22.7164938736584,0,0.000183309553008382
12-Mar-2023 02:00:00,0,0,0,0,0,25,22.7164938736584,22.7164938736584,0,0.000183255069559074
12-Mar-2023 03:00:00,0,0,0,0,0,25,22.7164938736584,22.7164938736584,0,0.000183200634661818
12-Mar-2023 04:00:00,0,0,0,0,0,25,22.7164938736584,22.7164938736584,0,0.000183146248244448
12-Mar-2023 05:00:00,0,0,0,0,0,25,22.7164938736584,22.7164938736584,0,0.000183091910235134
12-Mar-2023 06:00:00,0,0,0,0,0,25,22.7164938736584,22.7164938736584,0,0.000183037620562154
12-Mar-2023 07:00:00,-236.964568795285,0,580.563193548448,0,0.290136528509969,25,22.7164938736584,22.7164938736584,0,0.000182983379153789
12-Mar-2023 08:00:00,-369.086350711221,0,904.261559242491,0,0.451904827207642,25,22.7164938736584,22.7164938736584,0,0.00041865097947924
12-Mar-2023 09:00:00,-122.669217757732,0,300.539583506443,0,0.150194694406018,25,22.7164938736584,22.7164938736584,0,0.000685303186692354
12-Mar-2023 10:00:00,0,0,0,0,0,25,22.7164938736584,22.7164938736584,0,0.000730930470564273
12-Mar-2023 11:00:00,0,0,0,0,0,25,22.7164938736584,22.7164938736584,0,0.000730714378762931
12-Mar-2023 12:00:00,18.5516672631879,47.3256817938468,0,0.0236510153892288,0,25,22.7164938736584,22.7401448890476,7.22704729467921e-05,0.000730498478503705
12-Mar-2023 13:00:00,98.3774576765435,250.96290223608,0,0.125418741747167,0,25,22.7401448890476,22.8655636307948,0.000394785989735011,0.000726922264429941
12-Mar-2023 14:00:00,252.460944296341,644.033021164134,0,0.321855582790672,0,25,22.8655636307948,23.1874192135855,0.00107236986539044,0.000685007653451364
12-Mar-2023 15:00:00,227.462552106156,580.261612515705,0,0.289985813351177,0,25,23.1874192135855,23.4774050269366,0.000955472800298771,0.000455287454572351
12-Mar-2023 16:00:00,102.972728036672,262.685530705797,0,0.131277126789504,0,25,23.4774050269366,23.6086821537261,0.000412217436592296,0.000291316269021014
12-Mar-2023 17:00:00,0,0,0,0,0,25,23.6086821537261,23.6086821537261,0,0.000182443603974569
12-Mar-2023 18:00:00,0,0,0,0,0,25,23.6086821537261,23.6086821537261,0,0.000182389888792378
12-Mar-2023 19:00:00,0,0,0,0,0,25,23.6086821537261,23.6086821537261,0,0.000182336221027035
12-Mar-2023 20:00:00,0,0,0,0,0,25,23.6086821537261,23.6086821537261,0,0.000182282600608596
12-Mar-2023 21:00:00,0,0,0,0,0,25,23.6086821537261,23.6086821537261,0,0.000182229027467562
12-Mar-2023 22:00:00,0,0,0,0,0,25,23.6086821537261,23.6086821537261,0,0.000182175501534543
12-Mar-2023 23:00:00,0,0,0,0,0,25,23.6086821537261,23.6086821537261,0,0.000182122022740039
13-Mar-2023 00:00:00,0,0,0,0,0,25,23.6086821537261,23.6086821537261,0,0.000182068591014994
13-Mar-2023 01:00:00,0,0,0,0,0,25,23.6086821537261,23.6086821537261,0,0.000182015206290576
13-Mar-2023 02:00:00,0,0,0,0,0,25,23.6086821537261,23.6086821537261,0,0.000181961868497726
13-Mar-2023 03:00:00,0,0,0,0,0,25,23.6086821537261,23.6086821537261,0,0.000181908577567835
13-Mar-2023 04:00:00,0,0,0,0,0,25,23.6086821537261,23.6086821537261,0,0.000181855333432179
13-Mar-2023 05:00:00,0,0,0,0,0,25,23.6086821537261,23.6086821537261,0,0.00018180213602248
13-Mar-2023 06:00:00,0,0,0,0,0,25,23.6086821537261,23.6086821537261,0,0.000181748985270458
13-Mar-2023 07:00:00,0,0,0,0,0,25,23.6086821537261,23.6086821537261,0,0.000181695881107724
13-Mar-2023 08:00:00,0,0,0,0,0,25,23.6086821537261,23.6086821537261,0,0.000181642823466222
13-Mar-2023 09:00:00,0,0,0,0,0,25,23.6086821537261,23.6086821537261,0,0.00018158981227856
13-Mar-2023 10:00:00,0,0,0,0,0,25,23.6086821537261,23.6086821537261,0,0.000181536847476349
13-Mar-2023 11:00:00,0,0,0,0,0,25,23.6086821537261,23.6086821537261,0,0.000181483928992643
13-Mar-2023 12:00:00,-193.173037130643,0,473.273940970076,0,0.236518711129473,25,23.6086821537261,23.6086821537261,0,0.000181431056759274
13-Mar-2023 13:00:00,-374.767833454094,0,918.181191962531,0,0.458861165398566,25,23.6086821537261,23.6086821537261,0,0.000384157267141028
13-Mar-2023 14:00:00,-64.4421122764348,0,157.883175077265,0,0.0789021364703974,25,23.6086821537261,23.6086821537261,0,0.000642410220391909
13-Mar-2023 15:00:00,131.182267926779,334.648642670354,0,0.167240700984685,0,25,23.6086821537261,23.7759228547108,0.000530316844190193,0.000696646831232939
13-Mar-2023 16:00:00,240.13511906014,612.589589439133,0,0.306141723857638,0,25,23.7759228547108,24.0820645785685,0.00101018799679985,0.00054765904011711
13-Mar-2023 17:00:00,236.007237228968,602.059278645327,0,0.300879199722802,0,25,24.0820645785685,24.3829437782913,0.000989670017516389,0.000419312358066359
13-Mar-2023 18:00:00,0,0,0,0,0,25,24.3829437782913,24.3829437782913,0,0.000181114790863246
13-Mar-2023 19:00:00,0,0,0,0,0,25,24.3829437782913,24.3829437782913,0,0.000181062240507179
13-Mar-2023 20:00:00,0,0,0,0,0,25,24.3829437782913,24.3829437782913,0,0.000181009735866877
13-Mar-2023 21:00:00,0,0,0,0,0,25,24.3829437782913,24.3829437782913,0,0.000180957276876392
13-Mar-2023 22:00:00,0,0,0,0,0,25,24.3829437782913,24.3829437782913,0,0.000180904863469
13-Mar-2023 23:00:00,0,0,0,0,0,25,24.3829437782913,24.3829437782913,0,0.000180852495579531
14-Mar-2023 00:00:00,0,0,0,0,0,25,24.3829437782913,24.3829437782913,0,0.000180800173141371
14-Mar-2023 01:00:00,0,0,0,0,0,25,24.3829437782913,24.3829437782913,0,0.000180747896089462
14-Mar-2023 02:00:00,0,0,0,0,0,25,24.3829437782913,24.3829437782913,0,0.000180695664357633
14-Mar-2023 03:00:00,0,0,0,0,0,25,24.3829437782913,24.3829437782913,0,0.000180643477881048
14-Mar-2023 04:00:00,0,0,0,0,0,25,24.3829437782913,24.3829437782913,0,0.000180591336593872
14-Mar-2023 05:00:00,0,0,0,0,0,25,24.3829437782913,24.3829437782913,0,0.000180539240431155
14-Mar-2023 06:00:00,0,0,0,0,0,25,24.3829437782913,24.3829437782913,0,0.000180487189327949
14-Mar-2023 07:00:00,-119.576999895832,0,292.963649744787,0,0.146408620562113,25,24.3829437782913,24.3829437782913,0,0.000180435183219196
14-Mar-2023 08:00:00,-114.656684234708,0,280.908876375034,0,0.140384246064485,25,24.3829437782913,24.3829437782913,0,0.000302819135101329
14-Mar-2023 09:00:00,-29.676680024698,0,72.70786606051,0,0.0363357651476812,25,24.3829437782913,24.3829437782913,0,0.000411190539911566
14-Mar-2023 10:00:00,253.457565916188,646.575423255583,0,0.323126148553515,0,25,24.3829437782913,24.7060699268448,0.0010681039791136,0.00042556492373591
14-Mar-2023 11:00:00,0,0,0,0,0,25,24.7060699268448,24.7060699268448,0,0.000180227607434968
14-Mar-2023 12:00:00,0,0,0,0,0,25,24.7060699268448,24.7060699268448,0,0.000180175825329365
14-Mar-2023 13:00:00,0,0,0,0,0,25,24.7060699268448,24.7060699268448,0,0.000180124087831413
14-Mar-2023 14:00:00,-158.787001080666,0,389.028152647632,0,0.194416867889871,25,24.7060699268448,24.7060699268448,0,0.000180072394877162
14-Mar-2023 15:00:00,152.4987587768,389.027445859183,0,0.194416514672255,0,25,24.7060699268448,24.900486441517,0.000617791909936327,0.000347736041502844
14-Mar-2023 16:00:00,0,0,0,0,0,25,24.900486441517,24.900486441517,0,0.000179969142344416
14-Mar-2023 17:00:00,0,0,0,0,0,25,24.900486441517,24.900486441517,0,0.000179917582638578
14-Mar-2023 18:00:00,0,0,0,0,0,25,24.900486441517,24.900486441517,0,0.000179866067221646
14-Mar-2023 19:00:00,0,0,0,0,0,25,24.900486441517,24.900486441517,0,0.000179814596030337
14-Mar-2023 20:00:00,0,0,0,0,0,25,24.900486441517,24.900486441517,0,0.000179763169001146
14-Mar-2023 21:00:00,0,0,0,0,0,25,24.900486441517,24.900486441517,0,0.000179711786071457
14-Mar-2023 22:00:00,0,0,0,0,0,25,24.900486441517,24.900486441517,0,0.000179660447177765
14-Mar-2023 23:00:00,0,0,0,0,0,25,24.900486441517,24.900486441517,0,0.000179609152257454
15-Mar-2023 00:00:00,0,0,0,0,0,25,24.900486441517,24.900486441517,0,0.000179557901247906
15-Mar-2023 01:00:00,0,0,0,0,0,25,24.900486441517,24.900486441517,0,0.000179506694086284
15-Mar-2023 02:00:00,0,0,0,0,0,25,24.900486441517,24.900486441517,0,0.000179455530710193
15-Mar-2023 03:00:00,0,0,0,0,0,25,24.900486441517,24.900486441517,0,0.000179404411057238
15-Mar-2023 04:00:00,0,0,0,0,0,25,24.900486441517,24.900486441517,0,0.000179353335065247
15-Mar-2023 05:00:00,0,0,0,0,0,25,24.900486441517,24.900486441517,0,0.000179302302672046
15-Mar-2023 06:00:00,0,0,0,0,0,25,24.900486441517,24.900486441517,0,0.000179251313815687
15-Mar-2023 07:00:00,0,0,0,0,0,25,24.900486441517,24.900486441517,0,0.000179200368434107
15-Mar-2023 08:00:00,0,0,0,0,0,25,24.900486441517,24.900486441517,0,0.000179149466465911
15-Mar-2023 09:00:00,0,0,0,0,0,25,24.900486441517,24.900486441517,0,0.00017909860784926
15-Mar-2023 10:00:00,0,0,0,0,0,25,24.900486441517,24.900486441517,0,0.000179047792522535
15-Mar-2023 11:00:00,-230.570929104029,0,564.898776304871,0,0.282308234035418,25,24.900486441517,24.900486441517,0,0.000178997020424676
15-Mar-2023 12:00:00,-482.974195890131,0,1183.28677993082,0,0.591347716107356,25,24.900486441517,24.900486441517,0,0.000405918647867431
15-Mar-2023 13:00:00,6.63863769233128,16.935300235539,0,0.00846341840856521,0,25,24.900486441517,24.9089498599256,2.5440025525611e-05,0.000712721824770668
15-Mar-2023 14:00:00,-21.8874576768956,0,53.6242713083941,0,0.026798736286054,25,24.9089498599256,24.9089498599256,0,0.000711268532589626
15-Mar-2023 15:00:00,0,0,0,0,0,25,24.9089498599256,24.9089498599256,0,0.000714831929178206
15-Mar-2023 16:00:00,157.077419773939,400.707703504946,0,0.200253724890028,0,25,24.9089498599256,25.1092035848156,0.000636733138972459,0.000714629799396516
15-Mar-2023 17:00:00,345.84105870918,882.247598747908,0,0.440903347700104,0,25,25.1092035848156,25.5501069325157,0.00150286446053685,0.000629737508686556
15-Mar-2023 18:00:00,196.722376077786,501.842796116802,0,0.250796000058372,0,25,25.5501069325157,25.8009029325741,0.000806673363131422,0.00038782678631577
15-Mar-2023 19:00:00,0,0,0,0,0,25,25.8009029325741,25.8009029325741,0,0.000178592392548915
15-Mar-2023 20:00:00,0,0,0,0,0,25,25.8009029325741,25.8009029325741,0,0.000178542006767368
15-Mar-2023 21:00:00,0,0,0,0,0,25,25.8009029325741,25.8009029325741,0,0.000178491663607172
15-Mar-2023 22:00:00,0,0,0,0,0,25,25.8009029325741,25.8009029325741,0,0.000178441363008486
15-Mar-2023 23:00:00,0,0,0,0,0,25,25.8009029325741,25.8009029325741,0,0.000178391104911468
16-Mar-2023 00:00:00,0,0,0,0,0,25,25.8009029325741,25.8009029325741,0,0.000178340889256168
16-Mar-2023 01:00:00,0,0,0,0,0,25,25.8009029325741,25.8009029325741,0,0.000178290715982854
16-Mar-2023 02:00:00,0,0,0,0,0,25,25.8009029325741,25.8009029325741,0,0.00017824058503213
16-Mar-2023 03:00:00,0,0,0,0,0,25,25.8009029325741,25.8009029325741,0,0.000178190496344377
16-Mar-2023 04:00:00,0,0,0,0,0,25,25.8009029325741,25.8009029325741,0,0.000178140449859976
16-Mar-2023 05:00:00,0,0,0,0,0,25,25.8009029325741,25.8009029325741,0,0.000178090445520418
16-Mar-2023 06:00:00,-23.3369210528425,0,57.175456579464,0,0.0285734415689475,25,25.8009029325741,25.8009029325741,0,0.000178040483265751
16-Mar-2023 07:00:00,2.92030097604267,7.44974738786397,0,0.00372301218783806,0,25,25.8009029325741,25.8046259447619,1.11231757623231e-05,0.000198366585744347
16-Mar-2023 08:00:00,-215.300408267274,0,527.486000254822,0,0.263611194530146,25,25.8046259447619,25.8046259447619,0,0.000195682055254109
16-Mar-2023 09:00:00,-440.624534028034,0,1079.53010836868,0,0.539495306531076,25,25.8046259447619,25.8046259447619,0,0.000406412998605443
16-Mar-2023 10:00:00,-52.2272198462385,0,127.956688623284,0,0.0639463711260791,25,25.8046259447619,25.8046259447619,0,0.00070049457693111
16-Mar-2023 11:00:00,0,0,0,0,0,25,25.8046259447619,25.8046259447619,0,0.000710821620073965
16-Mar-2023 12:00:00,0,0,0,0,0,25,25.8046259447619,25.8046259447619,0,0.000710622872230782
16-Mar-2023 13:00:00,0,0,0,0,0,25,25.8046259447619,25.8046259447619,0,0.00071042429100554
16-Mar-2023 14:00:00,0,0,0,0,0,25,25.8046259447619,25.8046259447619,0,0.000710225876166204
16-Mar-2023 15:00:00,0,0,0,0,0,25,25.8046259447619,25.8046259447619,0,0.000710027627480181
16-Mar-2023 16:00:00,0,0,0,0,0,25,25.8046259447619,25.8046259447619,0,0.000709829544715657
16-Mar-2023 17:00:00,347.082952895719,885.415696162547,0,0.442486604778884,0,25,25.8046259447619,26.2471125495408,0.00150356514135101,0.000709631627641594
16-Mar-2023 18:00:00,297.355111129505,758.558956963022,0,0.379089933514754,0,25,26.2471125495408,26.6262024830556,0.00126162002074441,0.000448725888996582
16-Mar-2023 19:00:00,55.1167026639656,140.603833326443,0,0.0702667832715857,0,25,26.6262024830556,26.6964692663272,0.000213186698903231,0.000228746565682614
16-Mar-2023 20:00:00,0,0,0,0,0,25,26.6964692663272,26.6964692663272,0,0.00017734539782821
16-Mar-2023 21:00:00,0,0,0,0,0,25,26.6964692663272,26.6964692663272,0,0.000177296059837406
16-Mar-2023 22:00:00,0,0,0,0,0,25,26.6964692663272,26.6964692663272,0,0.000177246763001571
16-Mar-2023 23:00:00,0,0,0,0,0,25,26.6964692663272,26.6964692663272,0,0.000177197507263527
17-Mar-2023 00:00:00,0,0,0,0,0,25,26.6964692663272,26.6964692663272,0,0.000177148292566209
17-Mar-2023 01:00:00,0,0,0,0,0,25,26.6964692663272,26.6964692663272,0,0.000177099118852775
17-Mar-2023 02:00:00,0,0,0,0,0,25,26.6964692663272,26.6964692663272,0,0.000177049986066269
17-Mar-2023 03:00:00,0,0,0,0,0,25,26.6964692663272,26.6964692663272,0,0.000177000894149959
17-Mar-2023 04:00:00,0,0,0,0,0,25,26.6964692663272,26.6964692663272,0,0.000176951843047113
17-Mar-2023 05:00:00,0,0,0,0,0,25,26.6964692663272,26.6964692663272,0,0.000176902832701442
17-Mar-2023 06:00:00,0,0,0,0,0,25,26.6964692663272,26.6964692663272,0,0.000176853863056214
17-Mar-2023 07:00:00,-16.7740123494327,0,41.09633025611,0,0.020537896179965,25,26.6964692663272,26.6964692663272,0,0.000176804934055697
17-Mar-2023 08:00:00,-94.7932631636611,0,232.24349475097,0,0.116063715517726,25,26.6964692663272,26.6964692663272,0,0.000191361564977344
17-Mar-2023 09:00:00,-66.5866005693438,0,163.137171394892,0,0.0815278217865529,25,26.6964692663272,26.6964692663272,0,0.00028723706589584
17-Mar-2023 10:00:00,-305.023514964966,0,747.307611664167,0,0.373467072295935,25,26.6964692663272,26.6964692663272,0,0.000360794806367415
17-Mar-2023 11:00:00,-245.179821544875,0,600.690562784945,0,0.300195183800572,25,26.6964692663272,26.6964692663272,0,0.000519207418027134
17-Mar-2023 12:00:00,0,0,0,0,0,25,26.6964692663272,26.6964692663272,0,0.000705902380019552
17-Mar-2023 13:00:00,0,0,0,0,0,25,26.6964692663272,26.6964692663272,0,0.000705707728863025
17-Mar-2023 14:00:00,0,0,0,0,0,25,26.6964692663272,26.6964692663272,0,0.000705513238641098
17-Mar-2023 15:00:00,132.428499411664,337.827804621591,0,0.168829487567012,0,25,26.6964692663272,26.8652987538942,0.00052706495320691,0.000705318909132946
17-Mar-2023 16:00:00,258.229962403336,658.749904090143,0,0.329210346871636,0,25,26.8652987538942,27.1945091007658,0.00107638982282519,0.000648130390554225
17-Mar-2023 17:00:00,308.822344606134,787.812103587077,0,0.393709197194941,0,25,27.1945091007658,27.5882182979608,0.00130983459670196,0.000434169353112801
17-Mar-2023 18:00:00,0,0,0,0,0,25,27.5882182979608,27.5882182979608,0,0.000176269381579774
17-Mar-2023 19:00:00,0,0,0,0,0,25,27.5882182979608,27.5882182979608,0,0.000176220935958704
17-Mar-2023 20:00:00,0,0,0,0,0,25,27.5882182979608,27.5882182979608,0,0.000176172530260144
17-Mar-2023 21:00:00,0,0,0,0,0,25,27.5882182979608,27.5882182979608,0,0.000176124164428915
17-Mar-2023 22:00:00,0,0,0,0,0,25,27.5882182979608,27.5882182979608,0,0.000176075838410394
17-Mar-2023 23:00:00,0,0,0,0,0,25,27.5882182979608,27.5882182979608,0,0.000176027552150071
18-Mar-2023 00:00:00,0,0,0,0,0,25,27.5882182979608,27.5882182979608,0,0.000175979305593321
18-Mar-2023 01:00:00,0,0,0,0,0,25,27.5882182979608,27.5882182979608,0,0.000175931098685966
18-Mar-2023 02:00:00,0,0,0,0,0,25,27.5882182979608,27.5882182979608,0,0.000175882931373494
18-Mar-2023 03:00:00,0,0,0,0,0,25,27.5882182979608,27.5882182979608,0,0.000175834803601949
18-Mar-2023 04:00:00,0,0,0,0,0,25,27.5882182979608,27.5882182979608,0,0.00017578671531715
18-Mar-2023 05:00:00,0,0,0,0,0,25,27.5882182979608,27.5882182979608,0,0.000175738666465142
18-Mar-2023 06:00:00,0,0,0,0,0,25,27.5882182979608,27.5882182979608,0,0.000175690656991967
18-Mar-2023 07:00:00,-155.704033008754,0,381.474880871446,0,0.190642119376035,25,27.5882182979608,27.5882182979608,0,0.000175642686844113
18-Mar-2023 08:00:00,-312.516777815168,0,765.666105647161,0,0.382641731957602,25,27.5882182979608,27.5882182979608,0,0.000335962554820712
18-Mar-2023 09:00:00,-260.061234280083,0,637.150023986204,0,0.318415804091056,25,27.5882182979608,27.5882182979608,0,0.000500548460013239
18-Mar-2023 10:00:00,0,0,0,0,0,25,27.5882182979608,27.5882182979608,0,0.000701656892376223
18-Mar-2023 11:00:00,0,0,0,0,0,25,27.5882182979608,27.5882182979608,0,0.000701465731244744
18-Mar-2023 12:00:00,0,0,0,0,0,25,27.5882182979608,27.5882182979608,0,0.000701274726270129
18-Mar-2023 13:00:00,0,0,0,0,0,25,27.5882182979608,27.5882182979608,0,0.000701083877238884
18-Mar-2023 14:00:00,0,0,0,0,0,25,27.5882182979608,27.5882182979608,0,0.000700893183939177
18-Mar-2023 15:00:00,252.350446258179,643.751138413721,0,0.321714711850935,0,25,27.5882182979608,27.9099330098117,0.00104592198936361,0.000700702646159179
18-Mar-2023 16:00:00,311.770952647428,795.334062876091,0,0.397468297289401,0,25,27.9099330098117,28.3074013071011,0.00131927209499766,0.000497008310093139
18-Mar-2023 17:00:00,135.280238669594,345.102649667332,0,0.172465092287522,0,25,28.3074013071011,28.4798663993886,0.000534865558308437,0.000318757891349053
18-Mar-2023 18:00:00,0,0,0,0,0,25,28.4798663993886,28.4798663993886,0,0.000175117595405005
18-Mar-2023 19:00:00,0,0,0,0,0,25,28.4798663993886,28.4798663993886,0,0.000175070093002883
18-Mar-2023 20:00:00,0,0,0,0,0,25,28.4798663993886,28.4798663993886,0,0.000175022629236521
18-Mar-2023 21:00:00,0,0,0,0,0,25,28.4798663993886,28.4798663993886,0,0.000174975204053185
18-Mar-2023 22:00:00,0,0,0,0,0,25,28.4798663993886,28.4798663993886,0,0.000174927817400916
18-Mar-2023 23:00:00,0,0,0,0,0,25,28.4798663993886,28.4798663993886,0,0.000174880469227423
19-Mar-2023 00:00:00,0,0,0,0,0,25,28.4798663993886,28.4798663993886,0,0.000174833159480636
19-Mar-2023 01:00:00,0,0,0,0,0,25,28.4798663993886,28.4798663993886,0,0.000174785888108819
19-Mar-2023 02:00:00,0,0,0,0,0,25,28.4798663993886,28.4798663993886,0,0.000174738655059792
19-Mar-2023 03:00:00,0,0,0,0,0,25,28.4798663993886,28.4798663993886,0,0.000174691460281928
19-Mar-2023 04:00:00,0,0,0,0,0,25,28.4798663993886,28.4798663993886,0,0.000174644303723825
19-Mar-2023 05:00:00,0,0,0,0,0,25,28.4798663993886,28.4798663993886,0,0.000174597185333525
19-Mar-2023 06:00:00,0,0,0,0,0,25,28.4798663993886,28.4798663993886,0,0.000174550105059956
19-Mar-2023 07:00:00,0,0,0,0,0,25,28.4798663993886,28.4798663993886,0,0.000174503062851494
19-Mar-2023 08:00:00,0,0,0,0,0,25,28.4798663993886,28.4798663993886,0,0.000174456058656958
19-Mar-2023 09:00:00,0,0,0,0,0,25,28.4798663993886,28.4798663993886,0,0.000174409092425165
19-Mar-2023 10:00:00,0,0,0,0,0,25,28.4798663993886,28.4798663993886,0,0.000174362164104824
19-Mar-2023 11:00:00,0,0,0,0,0,25,28.4798663993886,28.4798663993886,0,0.00017431527364542
19-Mar-2023 12:00:00,0,0,0,0,0,25,28.4798663993886,28.4798663993886,0,0.000174268420995882
19-Mar-2023 13:00:00,-200.088385432123,0,490.216544308701,0,0.244985779264718,25,28.4798663993886,28.4798663993886,0,0.000174221606105029
19-Mar-2023 14:00:00,68.741435817694,175.360805657383,0,0.0876365845364232,0,25,28.4798663993886,28.567502983925,0.000264891527532285,0.000374562343974372
19-Mar-2023 15:00:00,123.422314922973,314.852844191257,0,0.157347748221518,0,25,28.567502983925,28.7248507321465,0.000485255144643953,0.000302765072085487
19-Mar-2023 16:00:00,0,0,0,0,0,25,28.7248507321465,28.7248507321465,0,0.000174081387480873
19-Mar-2023 17:00:00,0,0,0,0,0,25,28.7248507321465,28.7248507321465,0,0.000174034723120386
19-Mar-2023 18:00:00,0,0,0,0,0,25,28.7248507321465,28.7248507321465,0,0.000173988096266342
19-Mar-2023 19:00:00,0,0,0,0,0,25,28.7248507321465,28.7248507321465,0,0.00017394150686878
19-Mar-2023 20:00:00,0,0,0,0,0,25,28.7248507321465,28.7248507321465,0,0.000173894954877185
19-Mar-2023 21:00:00,0,0,0,0,0,25,28.7248507321465,28.7248507321465,0,0.00017384844024193
19-Mar-2023 22:00:00,0,0,0,0,0,25,28.7248507321465,28.7248507321465,0,0.000173801962912723
19-Mar-2023 23:00:00,0,0,0,0,0,25,28.7248507321465,28.7248507321465,0,0.000173755522840158
20-Mar-2023 00:00:00,0,0,0,0,0,25,28.7248507321465,28.7248507321465,0,0.000173709119973942
20-Mar-2023 01:00:00,0,0,0,0,0,25,28.7248507321465,28.7248507321465,0,0.000173662754264781
20-Mar-2023 02:00:00,0,0,0,0,0,25,28.7248507321465,28.7248507321465,0,0.000173616425663048
20-Mar-2023 03:00:00,0,0,0,0,0,25,28.7248507321465,28.7248507321465,0,0.000173570134119339
20-Mar-2023 04:00:00,0,0,0,0,0,25,28.7248507321465,28.7248507321465,0,0.000173523879584137
20-Mar-2023 05:00:00,0,0,0,0,0,25,28.7248507321465,28.7248507321465,0,0.000173477662008259
20-Mar-2023 06:00:00,0,0,0,0,0,25,28.7248507321465,28.7248507321465,0,0.000173431481342301
20-Mar-2023 07:00:00,0,0,0,0,0,25,28.7248507321465,28.7248507321465,0,0.000173385337537524
20-Mar-2023 08:00:00,0,0,0,0,0,25,28.7248507321465,28.7248507321465,0,0.000173339230544634
20-Mar-2023 09:00:00,0,0,0,0,0,25,28.7248507321465,28.7248507321465,0,0.00017329316031478
20-Mar-2023 10:00:00,0,0,0,0,0,25,28.7248507321465,28.7248507321465,0,0.000173247126799114
20-Mar-2023 11:00:00,0,0,0,0,0,25,28.7248507321465,28.7248507321465,0,0.000173201129949119
20-Mar-2023 12:00:00,0,0,0,0,0,25,28.7248507321465,28.7248507321465,0,0.000173155169715833
20-Mar-2023 13:00:00,0,0,0,0,0,25,28.7248507321465,28.7248507321465,0,0.00017310924605074
20-Mar-2023 14:00:00,0,0,0,0,0,25,28.7248507321465,28.7248507321465,0,0.000173063358905656
20-Mar-2023 15:00:00,0,0,0,0,0,25,28.7248507321465,28.7248507321465,0,0.000173017508231843
20-Mar-2023 16:00:00,0,0,0,0,0,25,28.7248507321465,28.7248507321465,0,0.000172971693981339
20-Mar-2023 17:00:00,0,0,0,0,0,25,28.7248507321465,28.7248507321465,0,0.000172925916105626
20-Mar-2023 18:00:00,0,0,0,0,0,25,28.7248507321465,28.7248507321465,0,0.000172880174556855
20-Mar-2023 19:00:00,0,0,0,0,0,25,28.7248507321465,28.7248507321465,0,0.000172834469287064
20-Mar-2023 20:00:00,0,0,0,0,0,25,28.7248507321465,28.7248507321465,0,0.000172788800247847
20-Mar-2023 21:00:00,0,0,0,0,0,25,28.7248507321465,28.7248507321465,0,0.000172743167391798
20-Mar-2023 22:00:00,0,0,0,0,0,25,28.7248507321465,28.7248507321465,0,0.000172697570671176
20-Mar-2023 23:00:00,0,0,0,0,0,25,28.7248507321465,28.7248507321465,0,0.000172652010038021
21-Mar-2023 00:00:00,0,0,0,0,0,25,28.7248507321465,28.7248507321465,0,0.000172606485445037
21-Mar-2023 01:00:00,0,0,0,0,0,25,28.7248507321465,28.7248507321465,0,0.000172560996844595
21-Mar-2023 02:00:00,0,0,0,0,0,25,28.7248507321465,28.7248507321465,0,0.000172515544189289
21-Mar-2023 03:00:00,0,0,0,0,0,25,28.7248507321465,28.7248507321465,0,0.000172470127431934
21-Mar-2023 04:00:00,0,0,0,0,0,25,28.7248507321465,28.7248507321465,0,0.000172424746524902
21-Mar-2023 05:00:00,0,0,0,0,0,25,28.7248507321465,28.7248507321465,0,0.000172379401421674
21-Mar-2023 06:00:00,0,0,0,0,0,25,28.7248507321465,28.7248507321465,0,0.000172334092074733
21-Mar-2023 07:00:00,0,0,0,0,0,25,28.7248507321465,28.7248507321465,0,0.000172288818437227
21-Mar-2023 08:00:00,0,0,0,0,0,25,28.7248507321465,28.7248507321465,0,0.000172243580462417
21-Mar-2023 09:00:00,0,0,0,0,0,25,28.7248507321465,28.7248507321465,0,0.000172198378103228
21-Mar-2023 10:00:00,0,0,0,0,0,25,28.7248507321465,28.7248507321465,0,0.000172153211313253
21-Mar-2023 11:00:00,0,0,0,0,0,25,28.7248507321465,28.7248507321465,0,0.000172108080045752
21-Mar-2023 12:00:00,0,0,0,0,0,25,28.7248507321465,28.7248507321465,0,0.000172062984254095
21-Mar-2023 13:00:00,0,0,0,0,0,25,28.7248507321465,28.7248507321465,0,0.000172017923891765
21-Mar-2023 14:00:00,0,0,0,0,0,25,28.7248507321465,28.7248507321465,0,0.000171972898912687
21-Mar-2023 15:00:00,0,0,0,0,0,25,28.7248507321465,28.7248507321465,0,0.000171927909270342
21-Mar-2023 16:00:00,0,0,0,0,0,25,28.7248507321465,28.7248507321465,0,0.000171882954918656
21-Mar-2023 17:00:00,0,0,0,0,0,25,28.7248507321465,28.7248507321465,0,0.000171838035811445
21-Mar-2023 18:00:00,0,0,0,0,0,25,28.7248507321465,28.7248507321465,0,0.000171793151902744
21-Mar-2023 19:00:00,0,0,0,0,0,25,28.7248507321465,28.7248507321465,0,0.000171748303146479
21-Mar-2023 20:00:00,0,0,0,0,0,25,28.7248507321465,28.7248507321465,0,0.00017170348949691
21-Mar-2023 21:00:00,0,0,0,0,0,25,28.7248507321465,28.7248507321465,0,0.000171658710908407
21-Mar-2023 22:00:00,0,0,0,0,0,25,28.7248507321465,28.7248507321465,0,0.000171613967334783
21-Mar-2023 23:00:00,0,0,0,0,0,25,28.7248507321465,28.7248507321465,0,0.000171569258730853
22-Mar-2023 00:00:00,0,0,0,0,0,25,28.7248507321465,28.7248507321465,0,0.000171524585051097
22-Mar-2023 01:00:00,0,0,0,0,0,25,28.7248507321465,28.7248507321465,0,0.000171479946249775
22-Mar-2023 02:00:00,0,0,0,0,0,25,28.7248507321465,28.7248507321465,0,0.000171435342281812
22-Mar-2023 03:00:00,0,0,0,0,0,25,28.7248507321465,28.7248507321465,0,0.000171390773101798
22-Mar-2023 04:00:00,0,0,0,0,0,25,28.7248507321465,28.7248507321465,0,0.000171346238664549
22-Mar-2023 05:00:00,0,0,0,0,0,25,28.7248507321465,28.7248507321465,0,0.000171301738924989
22-Mar-2023 06:00:00,0,0,0,0,0,25,28.7248507321465,28.7248507321465,0,0.000171257273838044
22-Mar-2023 07:00:00,0,0,0,0,0,25,28.7248507321465,28.7248507321465,0,0.000171212843358637
22-Mar-2023 08:00:00,0,0,0,0,0,25,28.7248507321465,28.7248507321465,0,0.000171168447442138
22-Mar-2023 09:00:00,-222.081538059686,0,544.099768246232,0,0.271913927159536,25,28.7248507321465,28.7248507321465,0,0.000171124086043695
22-Mar-2023 10:00:00,-358.605703108682,0,878.58397261627,0,0.439072450083094,25,28.7248507321465,28.7248507321465,0,0.000383130637943485
22-Mar-2023 11:00:00,-147.410934455296,0,361.156789415474,0,0.180488150632421,25,28.7248507321465,28.7248507321465,0,0.000619623282127724
22-Mar-2023 12:00:00,0,0,0,0,0,25,28.7248507321465,28.7248507321465,0,0.000683634390561516
22-Mar-2023 13:00:00,0,0,0,0,0,25,28.7248507321465,28.7248507321465,0,0.000683457580934244
22-Mar-2023 14:00:00,0,0,0,0,0,25,28.7248507321465,28.7248507321465,0,0.000683280908421513
22-Mar-2023 15:00:00,0,0,0,0,0,25,28.7248507321465,28.7248507321465,0,0.000683104372846466
22-Mar-2023 16:00:00,318.213263992012,811.768530591869,0,0.405681424583642,0,25,28.7248507321465,29.1305321567302,0.00134474269065969,0.000682927974032577
22-Mar-2023 17:00:00,354.89682416155,905.349041228444,0,0.452448296465989,0,25,29.1305321567302,29.5829804531962,0.00151775248296855,0.000441573540772233
22-Mar-2023 18:00:00,26.1208859529871,66.6349131453753,0,0.0333008061696029,0,25,29.5829804531962,29.6162812593658,9.85684890201233e-05,0.000193501353149661
22-Mar-2023 19:00:00,0,0,0,0,0,25,29.6162812593658,29.6162812593658,0,0.000170682360754015
22-Mar-2023 20:00:00,0,0,0,0,0,25,29.6162812593658,29.6162812593658,0,0.000170638376120968
22-Mar-2023 21:00:00,0,0,0,0,0,25,29.6162812593658,29.6162812593658,0,0.000170594425474402
22-Mar-2023 22:00:00,0,0,0,0,0,25,29.6162812593658,29.6162812593658,0,0.000170550508771128
22-Mar-2023 23:00:00,0,0,0,0,0,25,29.6162812593658,29.6162812593658,0,0.000170506625967293
23-Mar-2023 00:00:00,0,0,0,0,0,25,29.6162812593658,29.6162812593658,0,0.000170462777019265
23-Mar-2023 01:00:00,0,0,0,0,0,25,29.6162812593658,29.6162812593658,0,0.000170418961883634
23-Mar-2023 02:00:00,0,0,0,0,0,25,29.6162812593658,29.6162812593658,0,0.000170375180516769
23-Mar-2023 03:00:00,0,0,0,0,0,25,29.6162812593658,29.6162812593658,0,0.00017033143287537
23-Mar-2023 04:00:00,0,0,0,0,0,25,29.6162812593658,29.6162812593658,0,0.000170287718916473
23-Mar-2023 05:00:00,0,0,0,0,0,25,29.6162812593658,29.6162812593658,0,0.000170244038596445
23-Mar-2023 06:00:00,0,0,0,0,0,25,29.6162812593658,29.6162812593658,0,0.000170200391872544
23-Mar-2023 07:00:00,0,0,0,0,0,25,29.6162812593658,29.6162812593658,0,0.000170156778701358
23-Mar-2023 08:00:00,0,0,0,0,0,25,29.6162812593658,29.6162812593658,0,0.000170113199040256
23-Mar-2023 09:00:00,0,0,0,0,0,25,29.6162812593658,29.6162812593658,0,0.00017006965284605
23-Mar-2023 10:00:00,0,0,0,0,0,25,29.6162812593658,29.6162812593658,0,0.000170026140076218
23-Mar-2023 11:00:00,0,0,0,0,0,25,29.6162812593658,29.6162812593658,0,0.000169982660687684
23-Mar-2023 12:00:00,0,0,0,0,0,25,29.6162812593658,29.6162812593658,0,0.000169939214638148
23-Mar-2023 13:00:00,-215.254806535536,0,527.374276012063,0,0.263555360325868,25,29.6162812593658,29.6162812593658,0,0.000169895801884756
23-Mar-2023 14:00:00,75.5133319564492,192.636050909309,0,0.0962698905093999,0,25,29.6162812593658,29.7125511498752,0.000290233995009118,0.000376058170091009
23-Mar-2023 15:00:00,-52.3061875318541,0,128.150159453043,0,0.0640430581974226,25,29.7125511498752,29.7125511498752,0,0.000304380320628628
23-Mar-2023 16:00:00,181.450451720681,462.883805409901,0,0.231326239585158,0,25,29.7125511498752,29.9438773894603,0.000725340314998713,0.000356207839779854
23-Mar-2023 17:00:00,0,0,0,0,0,25,29.9438773894603,29.9438773894603,0,0.000169722482984858
23-Mar-2023 18:00:00,0,0,0,0,0,25,29.9438773894603,29.9438773894603,0,0.000169679236076581
23-Mar-2023 19:00:00,0,0,0,0,0,25,29.9438773894603,29.9438773894603,0,0.000169636022210873
23-Mar-2023 20:00:00,0,0,0,0,0,25,29.9438773894603,29.9438773894603,0,0.000169592841345212
23-Mar-2023 21:00:00,0,0,0,0,0,25,29.9438773894603,29.9438773894603,0,0.000169549693437965
23-Mar-2023 22:00:00,0,0,0,0,0,25,29.9438773894603,29.9438773894603,0,0.000169506578447054
23-Mar-2023 23:00:00,0,0,0,0,0,25,29.9438773894603,29.9438773894603,0,0.000169463496330846
24-Mar-2023 00:00:00,0,0,0,0,0,25,29.9438773894603,29.9438773894603,0,0.000169420447047264
24-Mar-2023 01:00:00,0,0,0,0,0,25,29.9438773894603,29.9438773894603,0,0.000169377430554896
24-Mar-2023 02:00:00,0,0,0,0,0,25,29.9438773894603,29.9438773894603,0,0.000169334446811997
24-Mar-2023 03:00:00,0,0,0,0,0,25,29.9438773894603,29.9438773894603,0,0.000169291495777157
24-Mar-2023 04:00:00,0,0,0,0,0,25,29.9438773894603,29.9438773894603,0,0.000169248577408854
24-Mar-2023 05:00:00,0,0,0,0,0,25,29.9438773894603,29.9438773894603,0,0.000169205691665564
24-Mar-2023 06:00:00,0,0,0,0,0,25,29.9438773894603,29.9438773894603,0,0.000169162838506209
24-Mar-2023 07:00:00,0,0,0,0,0,25,29.9438773894603,29.9438773894603,0,0.00016912001788949
24-Mar-2023 08:00:00,0,0,0,0,0,25,29.9438773894603,29.9438773894603,0,0.000169077229773995
24-Mar-2023 09:00:00,0,0,0,0,0,25,29.9438773894603,29.9438773894603,0,0.00016903447411909
24-Mar-2023 10:00:00,0,0,0,0,0,25,29.9438773894603,29.9438773894603,0,0.000168991750883252
24-Mar-2023 11:00:00,0,0,0,0,0,25,29.9438773894603,29.9438773894603,0,0.000168949060025847
24-Mar-2023 12:00:00,0,0,0,0,0,25,29.9438773894603,29.9438773894603,0,0.000168906401505908
24-Mar-2023 13:00:00,0,0,0,0,0,25,29.9438773894603,29.9438773894603,0,0.000168863775282801
24-Mar-2023 14:00:00,0,0,0,0,0,25,29.9438773894603,29.9438773894603,0,0.000168821181315448
24-Mar-2023 15:00:00,0,0,0,0,0,25,29.9438773894603,29.9438773894603,0,0.000168778619563326
24-Mar-2023 16:00:00,-27.5044572238226,0,67.3859201983653,0,0.0336761220381636,25,29.9438773894603,29.9438773894603,0,0.000168736089986132
24-Mar-2023 17:00:00,26.4152357115876,67.385805386703,0,0.033676064661021,0,25,29.9438773894603,29.9775534541214,9.95360198913914e-05,0.00019145311662605
24-Mar-2023 18:00:00,0,0,0,0,0,25,29.9775534541214,29.9775534541214,0,0.000168651127193442
24-Mar-2023 19:00:00,0,0,0,0,0,25,29.9775534541214,29.9775534541214,0,0.000168608693897565
24-Mar-2023 20:00:00,0,0,0,0,0,25,29.9775534541214,29.9775534541214,0,0.000168566292614414
24-Mar-2023 21:00:00,0,0,0,0,0,25,29.9775534541214,29.9775534541214,0,0.000168523923304353
24-Mar-2023 22:00:00,0,0,0,0,0,25,29.9775534541214,29.9775534541214,0,0.000168481585926639
24-Mar-2023 23:00:00,0,0,0,0,0,25,29.9775534541214,29.9775534541214,0,0.000168439280441746
25-Mar-2023 00:00:00,0,0,0,0,0,25,29.9775534541214,29.9775534541214,0,0.000168397006809373
25-Mar-2023 01:00:00,0,0,0,0,0,25,29.9775534541214,29.9775534541214,0,0.000168354764989553
25-Mar-2023 02:00:00,0,0,0,0,0,25,29.9775534541214,29.9775534541214,0,0.000168312554942318
25-Mar-2023 03:00:00,0,0,0,0,0,25,29.9775534541214,29.9775534541214,0,0.000168270376628143
25-Mar-2023 04:00:00,0,0,0,0,0,25,29.9775534541214,29.9775534541214,0,0.000168228230007172
25-Mar-2023 05:00:00,0,0,0,0,0,25,29.9775534541214,29.9775534541214,0,0.000168186115039437
25-Mar-2023 06:00:00,0,0,0,0,0,25,29.9775534541214,29.9775534541214,0,0.000168144031685857
25-Mar-2023 07:00:00,-267.443099444291,0,655.235593638513,0,0.327454069784364,25,29.9775534541214,29.9775534541214,0,0.000168101979906576
25-Mar-2023 08:00:00,32.7791671023983,83.6203242408119,0,0.0417892674866626,0,25,29.9775534541214,30.019342721608,0.000123793062730748,0.000398137497678475
25-Mar-2023 09:00:00,224.071568686758,571.611144609077,0,0.285662740934071,0,25,30.019342721608,30.3050054625421,0.00090894169773012,0.000382727056582044
25-Mar-2023 10:00:00,0,0,0,0,0,25,30.3050054625421,30.3050054625421,0,0.000167976013620397
25-Mar-2023 11:00:00,0,0,0,0,0,25,30.3050054625421,30.3050054625421,0,0.000167934087744737
25-Mar-2023 12:00:00,-131.481424385555,0,322.129489744609,0,0.160984252745932,25,30.3050054625421,30.3050054625421,0,0.000167892193246533
25-Mar-2023 13:00:00,126.274545899099,322.12894362015,0,0.160983979820165,0,25,30.3050054625421,30.4659894423623,0.000493203234089773,0.000295203045966086
25-Mar-2023 14:00:00,0,0,0,0,0,25,30.4659894423623,30.4659894423623,0,0.000167808498227173
25-Mar-2023 15:00:00,-145.134105105347,0,355.578557508101,0,0.177700428539781,25,30.4659894423623,30.4659894423623,0,0.000167766697627858
25-Mar-2023 16:00:00,-14.0507761388397,0,34.4244015401573,0,0.0172035989705934,25,30.4659894423623,30.4659894423623,0,0.000309891552536357
25-Mar-2023 17:00:00,152.880445401506,390.001136228332,0,0.194903116555888,0,25,30.4659894423623,30.6608925589181,0.000602696922243004,0.000324444173665173
25-Mar-2023 18:00:00,0,0,0,0,0,25,30.6608925589181,30.6608925589181,0,0.00016764148300441
25-Mar-2023 19:00:00,0,0,0,0,0,25,30.6608925589181,30.6608925589181,0,0.000167599807059049
25-Mar-2023 20:00:00,0,0,0,0,0,25,30.6608925589181,30.6608925589181,0,0.00016755816218017
25-Mar-2023 21:00:00,0,0,0,0,0,25,30.6608925589181,30.6608925589181,0,0.000167516548329472
25-Mar-2023 22:00:00,0,0,0,0,0,25,30.6608925589181,30.6608925589181,0,0.000167474965468428
25-Mar-2023 23:00:00,0,0,0,0,0,25,30.6608925589181,30.6608925589181,0,0.000167433413558293
26-Mar-2023 00:00:00,0,0,0,0,0,25,30.6608925589181,30.6608925589181,0,0.000167391892561097
26-Mar-2023 01:00:00,0,0,0,0,0,25,30.6608925589181,30.6608925589181,0,0.000167350402438315
26-Mar-2023 03:00:00,0,0,0,0,0,25,30.6608925589181,30.6608925589181,0,0.000167308943151867
26-Mar-2023 04:00:00,0,0,0,0,0,25,30.6608925589181,30.6608925589181,0,0.000167267514663338
26-Mar-2023 05:00:00,0,0,0,0,0,25,30.6608925589181,30.6608925589181,0,0.00016722611693476
26-Mar-2023 06:00:00,0,0,0,0,0,25,30.6608925589181,30.6608925589181,0,0.000167184749928051
26-Mar-2023 07:00:00,0,0,0,0,0,25,30.6608925589181,30.6608925589181,0,0.000167143413605131
26-Mar-2023 08:00:00,0,0,0,0,0,25,30.6608925589181,30.6608925589181,0,0.000167102107928474
26-Mar-2023 09:00:00,0,0,0,0,0,25,30.6608925589181,30.6608925589181,0,0.000167060832859667
26-Mar-2023 10:00:00,0,0,0,0,0,25,30.6608925589181,30.6608925589181,0,0.000167019588361406
26-Mar-2023 11:00:00,0,0,0,0,0,25,30.6608925589181,30.6608925589181,0,0.00016697837439561
26-Mar-2023 12:00:00,0,0,0,0,0,25,30.6608925589181,30.6608925589181,0,0.000166937190924976
26-Mar-2023 13:00:00,-69.4978974154837,0,170.269848667935,0,0.085092378144895,25,30.6608925589181,30.6608925589181,0,0.000166896037911757
26-Mar-2023 14:00:00,51.108447124157,130.378691643258,0,0.0651567674379099,0,25,30.6608925589181,30.7260493263561,0.000193786200006957,0.000226714742465717
26-Mar-2023 15:00:00,-128.182666198908,0,314.047532187324,0,0.156945293446938,25,30.7260493263561,30.7260493263561,0,0.000180208137228188
26-Mar-2023 16:00:00,-80.1361928060934,0,196.333672374929,0,0.098117777298815,25,30.7260493263561,30.7260493263561,0,0.000307426415371959
26-Mar-2023 17:00:00,200.752718901974,512.124282913198,0,0.255934174369414,0,25,30.7260493263561,30.9819835007255,0.000804873834635345,0.000374928930342522
26-Mar-2023 18:00:00,14.9527676279139,38.1448153773314,0,0.0190628762505404,0,25,30.9819835007255,31.001046376976,5.58580712161916e-05,0.000179498622435048
26-Mar-2023 19:00:00,0,0,0,0,0,25,31.001046376976,31.001046376976,0,0.000166649757340265
26-Mar-2023 20:00:00,0,0,0,0,0,25,31.001046376976,31.001046376976,0,0.000166608816481673
26-Mar-2023 21:00:00,0,0,0,0,0,25,31.001046376976,31.001046376976,0,0.000166567905782067
26-Mar-2023 22:00:00,0,0,0,0,0,25,31.001046376976,31.001046376976,0,0.000166527025204588
26-Mar-2023 23:00:00,0,0,0,0,0,25,31.001046376976,31.001046376976,0,0.000166486174711933
27-Mar-2023 00:00:00,0,0,0,0,0,25,31.001046376976,31.001046376976,0,0.000166445354267686
27-Mar-2023 01:00:00,0,0,0,0,0,25,31.001046376976,31.001046376976,0,0.000166404563834766
27-Mar-2023 02:00:00,0,0,0,0,0,25,31.001046376976,31.001046376976,0,0.000166363803376202
27-Mar-2023 03:00:00,0,0,0,0,0,25,31.001046376976,31.001046376976,0,0.000166323072855801
27-Mar-2023 04:00:00,0,0,0,0,0,25,31.001046376976,31.001046376976,0,0.000166282372236592
27-Mar-2023 05:00:00,0,0,0,0,0,25,31.001046376976,31.001046376976,0,0.000166241701482273
27-Mar-2023 06:00:00,0,0,0,0,0,25,31.001046376976,31.001046376976,0,0.000166201060555871
27-Mar-2023 07:00:00,-110.048941561878,0,269.619906826601,0,0.134742582122239,25,31.001046376976,31.001046376976,0,0.000166160449421304
27-Mar-2023 08:00:00,-28.5080516897143,0,69.8447266398,0,0.0349049108644678,25,31.001046376976,31.001046376976,0,0.000268430727552005
27-Mar-2023 09:00:00,62.3300192392679,159.005151120581,0,0.0794628441382215,0,25,31.001046376976,31.0805092211142,0.00023699504138823,0.000299818173812194
27-Mar-2023 10:00:00,-51.797179490255,0,126.903089751125,0,0.0634198349580833,25,31.0805092211142,31.0805092211142,0,0.000229704030366706
27-Mar-2023 11:00:00,-107.628450644234,0,263.689704078373,0,0.131778962557907,25,31.0805092211142,31.0805092211142,0,0.000285316252649381
27-Mar-2023 12:00:00,9.15542037479278,23.3556642214102,0,0.0116719961126488,0,25,31.0805092211142,31.0921812172269,3.41132080803885e-05,0.000377928301744324
27-Mar-2023 13:00:00,185.413256988361,472.993002521329,0,0.236378312104612,0,25,31.0921812172269,31.3285595293315,0.000737992646759597,0.000372486885348744
27-Mar-2023 14:00:00,29.2807470233701,74.6957832228829,0,0.0373292269979425,0,25,31.3285595293315,31.3658887563294,0.000109814198343133,0.000190697314425448
27-Mar-2023 15:00:00,0,0,0,0,0,25,31.3658887563294,31.3658887563294,0,0.000165836628496008
27-Mar-2023 16:00:00,-296.680636919448,0,726.867560452647,0,0.363252154149249,25,31.3658887563294,31.3658887563294,0,0.000165796283857822
27-Mar-2023 17:00:00,284.931606601184,726.866343370368,0,0.363251545912228,0,25,31.3658887563294,31.7291403022417,0.00117586961044006,0.000401914362379019
27-Mar-2023 18:00:00,0,0,0,0,0,25,31.7291403022417,31.7291403022417,0,0.000165715682837519
27-Mar-2023 19:00:00,0,0,0,0,0,25,31.7291403022417,31.7291403022417,0,0.000165675426384237
27-Mar-2023 20:00:00,0,0,0,0,0,25,31.7291403022417,31.7291403022417,0,0.000165635199254499
27-Mar-2023 21:00:00,0,0,0,0,0,25,31.7291403022417,31.7291403022417,0,0.000165595001412888
27-Mar-2023 22:00:00,0,0,0,0,0,25,31.7291403022417,31.7291403022417,0,0.000165554832823656
27-Mar-2023 23:00:00,0,0,0,0,0,25,31.7291403022417,31.7291403022417,0,0.000165514693451718
28-Mar-2023 00:00:00,0,0,0,0,0,25,31.7291403022417,31.7291403022417,0,0.000165474583261216
28-Mar-2023 01:00:00,0,0,0,0,0,25,31.7291403022417,31.7291403022417,0,0.000165434502217177
28-Mar-2023 02:00:00,0,0,0,0,0,25,31.7291403022417,31.7291403022417,0,0.000165394450284073
28-Mar-2023 03:00:00,0,0,0,0,0,25,31.7291403022417,31.7291403022417,0,0.000165354427426823
28-Mar-2023 04:00:00,0,0,0,0,0,25,31.7291403022417,31.7291403022417,0,0.000165314433610231
28-Mar-2023 05:00:00,0,0,0,0,0,25,31.7291403022417,31.7291403022417,0,0.000165274468799215
28-Mar-2023 06:00:00,0,0,0,0,0,25,31.7291403022417,31.7291403022417,0,0.00016523453295858
28-Mar-2023 07:00:00,-132.841510802054,0,325.461701465032,0,0.162649525969531,25,31.7291403022417,31.7291403022417,0,0.000165194626053689
28-Mar-2023 08:00:00,-280.283101534697,0,686.693598760009,0,0.343175211774117,25,31.7291403022417,31.7291403022417,0,0.000291971026545657
28-Mar-2023 09:00:00,-314.681041418797,0,770.968551476053,0,0.385291629923065,25,31.7291403022417,31.7291403022417,0,0.00043382947839965
28-Mar-2023 10:00:00,0,0,0,0,0,25,31.7291403022417,31.7291403022417,0,0.00065998130395839
28-Mar-2023 11:00:00,46.5304432396007,118.700110305104,0,0.0593203949550744,0,25,31.7291403022417,31.7884606971967,0.000175348608935089,0.000659822214809536
28-Mar-2023 12:00:00,-48.448615943067,0,118.699109060514,0,0.0593198945829656,25,31.7884606971967,31.7884606971967,0,0.000650815732821219
28-Mar-2023 13:00:00,0,0,0,0,0,25,31.7884606971967,31.7884606971967,0,0.000659504381344989
28-Mar-2023 14:00:00,0,0,0,0,0,25,31.7884606971967,31.7884606971967,0,0.000659345636752739
28-Mar-2023 15:00:00,0,0,0,0,0,25,31.7884606971967,31.7884606971967,0,0.000659187006735173
28-Mar-2023 16:00:00,0,0,0,0,0,25,31.7884606971967,31.7884606971967,0,0.000659028491156621
28-Mar-2023 17:00:00,0,0,0,0,0,25,31.7884606971967,31.7884606971967,0,0.000658870089878083
28-Mar-2023 18:00:00,321.835505626131,821.008942923804,0,0.410299321801002,0,25,31.7884606971967,32.1987600189977,0.00134425236437756,0.000658711802762224
28-Mar-2023 19:00:00,280.851240671255,716.457246610345,0,0.358049598505919,0,25,32.1987600189977,32.5568096175037,0.00115326452969738,0.000424503629135042
28-Mar-2023 20:00:00,96.2457779330808,245.524943706839,0,0.122701121292773,0,25,32.5568096175037,32.6795107387964,0.000368268572081207,0.000255404201477294
28-Mar-2023 21:00:00,0,0,0,0,0,25,32.6795107387964,32.6795107387964,0,0.000164638948162099
28-Mar-2023 22:00:00,0,0,0,0,0,25,32.6795107387964,32.6795107387964,0,0.000164599471131677
28-Mar-2023 23:00:00,0,0,0,0,0,25,32.6795107387964,32.6795107387964,0,0.000164560022485105
29-Mar-2023 00:00:00,0,0,0,0,0,25,32.6795107387964,32.6795107387964,0,0.000164520602188079
29-Mar-2023 01:00:00,0,0,0,0,0,25,32.6795107387964,32.6795107387964,0,0.000164481210206957
29-Mar-2023 02:00:00,0,0,0,0,0,25,32.6795107387964,32.6795107387964,0,0.000164441846507657
29-Mar-2023 03:00:00,0,0,0,0,0,25,32.6795107387964,32.6795107387964,0,0.000164402511056649
29-Mar-2023 04:00:00,0,0,0,0,0,25,32.6795107387964,32.6795107387964,0,0.00016436320381974
29-Mar-2023 05:00:00,0,0,0,0,0,25,32.6795107387964,32.6795107387964,0,0.000164323924763399
29-Mar-2023 06:00:00,0,0,0,0,0,25,32.6795107387964,32.6795107387964,0,0.000164284673854209
29-Mar-2023 07:00:00,0,0,0,0,0,25,32.6795107387964,32.6795107387964,0,0.000164245451058087
29-Mar-2023 08:00:00,0,0,0,0,0,25,32.6795107387964,32.6795107387964,0,0.000164206256342059
29-Mar-2023 09:00:00,-177.201433269571,0,434.14351151045,0,0.216963274118166,25,32.6795107387964,32.6795107387964,0,0.000164167089672151
29-Mar-2023 10:00:00,-340.760718533592,0,834.863760407301,0,0.417223268569366,25,32.6795107387964,32.6795107387964,0,0.000334502556929572
29-Mar-2023 11:00:00,-209.751842049446,0,513.892013021144,0,0.256817597711716,25,32.6795107387964,32.6795107387964,0,0.000523012262538369
29-Mar-2023 12:00:00,0,0,0,0,0,25,32.6795107387964,32.6795107387964,0,0.000655882001423191
29-Mar-2023 13:00:00,0,0,0,0,0,25,32.6795107387964,32.6795107387964,0,0.000655725857623968
29-Mar-2023 14:00:00,67.5416676569857,172.300172594351,0,0.0861070327807853,0,25,32.6795107387964,32.7656177715772,0.00025554353403727,0.000655569825289581
29-Mar-2023 15:00:00,285.36106928403,727.961911438852,0,0.363799056191331,0,25,32.7656177715772,33.1294168277686,0.00117107162327172,0.000640470848730645
29-Mar-2023 16:00:00,279.866264777192,713.94455300304,0,0.356793879561739,0,25,33.1294168277686,33.4862107073303,0.00114452022450186,0.000412789601126451
29-Mar-2023 17:00:00,66.0994222590268,168.620975150579,0,0.08426835339859,0,25,33.4862107073303,33.5704790607289,0.000249152796497273,0.000222012321023701
29-Mar-2023 18:00:00,0,0,0,0,0,25,33.5704790607289,33.5704790607289,0,0.000163815846229598
29-Mar-2023 19:00:00,0,0,0,0,0,25,33.5704790607289,33.5704790607289,0,0.00016377695819314
29-Mar-2023 20:00:00,0,0,0,0,0,25,33.5704790607289,33.5704790607289,0,0.000163738097838539
29-Mar-2023 21:00:00,0,0,0,0,0,25,33.5704790607289,33.5704790607289,0,0.000163699265132489
29-Mar-2023 22:00:00,0,0,0,0,0,25,33.5704790607289,33.5704790607289,0,0.000163660460042458
29-Mar-2023 23:00:00,0,0,0,0,0,25,33.5704790607289,33.5704790607289,0,0.000163621682535808
30-Mar-2023 00:00:00,0,0,0,0,0,25,33.5704790607289,33.5704790607289,0,0.000163582932579787
30-Mar-2023 01:00:00,0,0,0,0,0,25,33.5704790607289,33.5704790607289,0,0.000163544210141753
30-Mar-2023 02:00:00,0,0,0,0,0,25,33.5704790607289,33.5704790607289,0,0.000163505515189177
30-Mar-2023 03:00:00,0,0,0,0,0,25,33.5704790607289,33.5704790607289,0,0.00016346684768942
30-Mar-2023 04:00:00,0,0,0,0,0,25,33.5704790607289,33.5704790607289,0,0.000163428207610505
30-Mar-2023 05:00:00,0,0,0,0,0,25,33.5704790607289,33.5704790607289,0,0.000163389594919572
30-Mar-2023 06:00:00,0,0,0,0,0,25,33.5704790607289,33.5704790607289,0,0.000163351009584423
30-Mar-2023 07:00:00,0,0,0,0,0,25,33.5704790607289,33.5704790607289,0,0.000163312451572639
30-Mar-2023 08:00:00,-189.647562824991,0,464.636528921227,0,0.232202163378924,25,33.5704790607289,33.5704790607289,0,0.000163273920852247
30-Mar-2023 09:00:00,-312.062755915628,0,764.55375199329,0,0.382085833080105,25,33.5704790607289,33.5704790607289,0,0.000343155179260979
30-Mar-2023 10:00:00,240.56803268138,613.693960921888,0,0.306693633644122,0,25,33.5704790607289,33.877172694373,0.000967754281349584,0.000500740454415616
30-Mar-2023 11:00:00,237.599998328217,606.122444714839,0,0.302909767473682,0,25,33.877172694373,34.1800824618467,0.000953636354508292,0.000380201892787979
30-Mar-2023 12:00:00,3.66895974288947,9.35959118084048,0,0.00467745686198925,0,25,34.1800824618467,34.1847599187087,1.34736330509727e-05,0.000166254314867054
30-Mar-2023 13:00:00,-475.663772796355,0,1165.37624335107,0,0.582396923213927,25,34.1847599187087,34.1847599187087,0,0.000163081675494947
30-Mar-2023 14:00:00,130.996325584217,334.174299959736,0,0.16700364815579,0,25,34.1847599187087,34.3517635668645,0.000504573297220243,0.000472279344049253
30-Mar-2023 15:00:00,325.827193755345,831.191820804451,0,0.415388216294078,0,25,34.3517635668645,34.7671517831586,0.00134929328732053,0.000405543278466758
30-Mar-2023 16:00:00,0,0,0,0,0,25,34.7671517831586,34.7671517831586,0,0.000162966653724395
30-Mar-2023 17:00:00,0,0,0,0,0,25,34.7671517831586,34.7671517831586,0,0.000162928367183679
30-Mar-2023 18:00:00,0,0,0,0,0,25,34.7671517831586,34.7671517831586,0,0.000162890107614944
30-Mar-2023 19:00:00,0,0,0,0,0,25,34.7671517831586,34.7671517831586,0,0.000162851874986214
30-Mar-2023 20:00:00,0,0,0,0,0,25,34.7671517831586,34.7671517831586,0,0.000162813669266182
30-Mar-2023 21:00:00,0,0,0,0,0,25,34.7671517831586,34.7671517831586,0,0.000162775490423095
30-Mar-2023 22:00:00,0,0,0,0,0,25,34.7671517831586,34.7671517831586,0,0.000162737338425756
30-Mar-2023 23:00:00,0,0,0,0,0,25,34.7671517831586,34.7671517831586,0,0.000162699213242412
31-Mar-2023 00:00:00,0,0,0,0,0,25,34.7671517831586,34.7671517831586,0,0.000162661114841756
31-Mar-2023 01:00:00,0,0,0,0,0,25,34.7671517831586,34.7671517831586,0,0.000162623043192478
31-Mar-2023 02:00:00,0,0,0,0,0,25,34.7671517831586,34.7671517831586,0,0.000162584998263271
31-Mar-2023 03:00:00,0,0,0,0,0,25,34.7671517831586,34.7671517831586,0,0.000162546980022937
31-Mar-2023 04:00:00,0,0,0,0,0,25,34.7671517831586,34.7671517831586,0,0.000162508988440169
31-Mar-2023 05:00:00,0,0,0,0,0,25,34.7671517831586,34.7671517831586,0,0.00016247102348399
31-Mar-2023 06:00:00,0,0,0,0,0,25,34.7671517831586,34.7671517831586,0,0.000162433085123204
31-Mar-2023 07:00:00,-95.2083671301842,0,233.260499468951,0,0.116571963752599,25,34.7671517831586,34.7671517831586,0,0.000162395173326724
31-Mar-2023 08:00:00,-147.569255832133,0,361.544676788726,0,0.180681997395665,25,34.7671517831586,34.7671517831586,0,0.000246523633247175
31-Mar-2023 09:00:00,-277.26311597379,0,679.294634135786,0,0.339477578278754,25,34.7671517831586,34.7671517831586,0,0.000374481154859718
31-Mar-2023 10:00:00,-183.244661138727,0,448.949419789882,0,0.224362528630626,25,34.7671517831586,34.7671517831586,0,0.000519904084676615
31-Mar-2023 11:00:00,61.4061503242874,156.648342663998,0,0.0782850288175904,0,25,34.7671517831586,34.8454368119761,0.00022992575421879,0.000644827438509021
31-Mar-2023 12:00:00,23.3012922751338,59.4420721304434,0,0.0297061829737348,0,25,34.8454368119761,34.8751429949499,8.59848238758676e-05,0.000626975678666208
31-Mar-2023 13:00:00,86.6629028959069,221.07883391813,0,0.110484174871629,0,25,34.8751429949499,34.9856271698215,0.000327447715585155,0.000614258090436026
31-Mar-2023 14:00:00,258.656943900513,659.83914260335,0,0.329754693954698,0,25,34.9856271698215,35.3153818637762,0.00104197809712053,0.000525295424159244
31-Mar-2023 15:00:00,245.383478206204,625.978260730113,0,0.312832714008052,0,25,35.3153818637762,35.6282145777843,0.000982412743955358,0.000379513027456091
31-Mar-2023 16:00:00,0,0,0,0,0,25,35.6282145777843,35.6282145777843,0,0.000162055157460039
31-Mar-2023 17:00:00,0,0,0,0,0,25,35.6282145777843,35.6282145777843,0,0.000162017509611534
31-Mar-2023 18:00:00,0,0,0,0,0,25,35.6282145777843,35.6282145777843,0,0.000161979887989272
31-Mar-2023 19:00:00,0,0,0,0,0,25,35.6282145777843,35.6282145777843,0,0.000161942292562833
31-Mar-2023 20:00:00,0,0,0,0,0,25,35.6282145777843,35.6282145777843,0,0.000161904723302131
31-Mar-2023 21:00:00,0,0,0,0,0,25,35.6282145777843,35.6282145777843,0,0.00016186718017619
31-Mar-2023 22:00:00,0,0,0,0,0,25,35.6282145777843,35.6282145777843,0,0.000161829663155366
31-Mar-2023 23:00:00,0,0,0,0,0,25,35.6282145777843,35.6282145777843,0,0.000161792172209019
01-Apr-2023 00:00:00,0,0,0,0,0,25,35.6282145777843,35.6282145777843,0,0.000161754707307171
01-Apr-2023 01:00:00,0,0,0,0,0,25,35.6282145777843,35.6282145777843,0,0.000161717268419626
01-Apr-2023 02:00:00,0,0,0,0,0,25,35.6282145777843,35.6282145777843,0,0.000161679855516184
01-Apr-2023 03:00:00,0,0,0,0,0,25,35.6282145777843,35.6282145777843,0,0.00016164246856698
01-Apr-2023 04:00:00,0,0,0,0,0,25,35.6282145777843,35.6282145777843,0,0.000161605107541929
01-Apr-2023 05:00:00,0,0,0,0,0,25,35.6282145777843,35.6282145777843,0,0.000161567772410942
01-Apr-2023 06:00:00,0,0,0,0,0,25,35.6282145777843,35.6282145777843,0,0.000161530463144377
01-Apr-2023 07:00:00,0,0,0,0,0,25,35.6282145777843,35.6282145777843,0,0.000161493179712258
01-Apr-2023 08:00:00,0,0,0,0,0,25,35.6282145777843,35.6282145777843,0,0.000161455922084941
01-Apr-2023 09:00:00,0,0,0,0,0,25,35.6282145777843,35.6282145777843,0,0.00016141869023234
01-Apr-2023 10:00:00,0,0,0,0,0,25,35.6282145777843,35.6282145777843,0,0.000161381484124923
01-Apr-2023 11:00:00,0,0,0,0,0,25,35.6282145777843,35.6282145777843,0,0.000161344303733268
01-Apr-2023 12:00:00,0,0,0,0,0,25,35.6282145777843,35.6282145777843,0,0.000161307149027401
01-Apr-2023 13:00:00,0,0,0,0,0,25,35.6282145777843,35.6282145777843,0,0.000161270019977899
01-Apr-2023 14:00:00,0,0,0,0,0,25,35.6282145777843,35.6282145777843,0,0.000161232916555232
01-Apr-2023 15:00:00,0,0,0,0,0,25,35.6282145777843,35.6282145777843,0,0.000161195838730088
01-Apr-2023 16:00:00,0,0,0,0,0,25,35.6282145777843,35.6282145777843,0,0.000161158786472826
01-Apr-2023 17:00:00,0,0,0,0,0,25,35.6282145777843,35.6282145777843,0,0.000161121759754135
01-Apr-2023 18:00:00,0,0,0,0,0,25,35.6282145777843,35.6282145777843,0,0.000161084758544816
01-Apr-2023 19:00:00,0,0,0,0,0,25,35.6282145777843,35.6282145777843,0,0.00016104778281556
01-Apr-2023 20:00:00,0,0,0,0,0,25,35.6282145777843,35.6282145777843,0,0.000161010832536834
01-Apr-2023 21:00:00,0,0,0,0,0,25,35.6282145777843,35.6282145777843,0,0.000160973907679884
01-Apr-2023 22:00:00,0,0,0,0,0,25,35.6282145777843,35.6282145777843,0,0.0001609370082154
01-Apr-2023 23:00:00,0,0,0,0,0,25,35.6282145777843,35.6282145777843,0,0.000160900134114184
02-Apr-2023 00:00:00,0,0,0,0,0,25,35.6282145777843,35.6282145777843,0,0.000160863285347479
02-Apr-2023 01:00:00,0,0,0,0,0,25,35.6282145777843,35.6282145777843,0,0.000160826461885755
02-Apr-2023 02:00:00,0,0,0,0,0,25,35.6282145777843,35.6282145777843,0,0.0001607896637007
02-Apr-2023 03:00:00,0,0,0,0,0,25,35.6282145777843,35.6282145777843,0,0.000160752890763005
02-Apr-2023 04:00:00,0,0,0,0,0,25,35.6282145777843,35.6282145777843,0,0.000160716143043915
02-Apr-2023 05:00:00,0,0,0,0,0,25,35.6282145777843,35.6282145777843,0,0.000160679420514676
02-Apr-2023 06:00:00,0,0,0,0,0,25,35.6282145777843,35.6282145777843,0,0.000160642723146531
02-Apr-2023 07:00:00,0,0,0,0,0,25,35.6282145777843,35.6282145777843,0,0.000160606050910506
02-Apr-2023 08:00:00,0,0,0,0,0,25,35.6282145777843,35.6282145777843,0,0.000160569403778288
02-Apr-2023 09:00:00,0,0,0,0,0,25,35.6282145777843,35.6282145777843,0,0.000160532781720901
02-Apr-2023 10:00:00,0,0,0,0,0,25,35.6282145777843,35.6282145777843,0,0.000160496184710257
02-Apr-2023 11:00:00,-350.335568312095,0,858.322142364633,0,0.428946597883375,25,35.6282145777843,35.6282145777843,0,0.000160459612717267
02-Apr-2023 12:00:00,66.6839831767544,170.112201981516,0,0.0850135941936613,0,25,35.6282145777843,35.7132281719779,0.000249382673821186,0.000401684053545015
02-Apr-2023 13:00:00,25.5930795191139,65.2884681610049,0,0.0326279201204422,0,25,35.7132281719779,35.7458560920984,9.42193107058009e-05,0.000384440490351246
02-Apr-2023 14:00:00,-162.399027777771,0,397.877618055539,0,0.198839389333103,25,35.7458560920984,35.7458560920984,0,0.000374936617613897
02-Apr-2023 15:00:00,142.622872904989,363.833859451502,0,0.181826016717392,0,25,35.7458560920984,35.9276821088158,0.000548549591241482,0.000422930180842163
02-Apr-2023 16:00:00,173.080187187731,441.53108976462,0,0.220655217273673,0,25,35.9276821088158,36.1483373260894,0.000672901584552743,0.000380008162755741
02-Apr-2023 17:00:00,84.4417397836561,215.412601488919,0,0.107652474507206,0,25,36.1483373260894,36.2559898005966,0.000317307786803361,0.000235836499223097
02-Apr-2023 18:00:00,0,0,0,0,0,25,36.2559898005966,36.2559898005966,0,0.000160204306880241
02-Apr-2023 19:00:00,0,0,0,0,0,25,36.2559898005966,36.2559898005966,0,0.000160167934008748
02-Apr-2023 20:00:00,0,0,0,0,0,25,36.2559898005966,36.2559898005966,0,0.000160131585900225
02-Apr-2023 21:00:00,0,0,0,0,0,25,36.2559898005966,36.2559898005966,0,0.000160095262526694
02-Apr-2023 22:00:00,0,0,0,0,0,25,36.2559898005966,36.2559898005966,0,0.000160058963860177
02-Apr-2023 23:00:00,0,0,0,0,0,25,36.2559898005966,36.2559898005966,0,0.000160022689872585
03-Apr-2023 00:00:00,0,0,0,0,0,25,36.2559898005966,36.2559898005966,0,0.000159986440536164
03-Apr-2023 01:00:00,0,0,0,0,0,25,36.2559898005966,36.2559898005966,0,0.000159950215822713
03-Apr-2023 02:00:00,0,0,0,0,0,25,36.2559898005966,36.2559898005966,0,0.000159914015704588
03-Apr-2023 03:00:00,0,0,0,0,0,25,36.2559898005966,36.2559898005966,0,0.00015987784015381
03-Apr-2023 04:00:00,0,0,0,0,0,25,36.2559898005966,36.2559898005966,0,0.000159841689142848
03-Apr-2023 05:00:00,0,0,0,0,0,25,36.2559898005966,36.2559898005966,0,0.000159805562643833
03-Apr-2023 06:00:00,0,0,0,0,0,25,36.2559898005966,36.2559898005966,0,0.0001597694606289
03-Apr-2023 07:00:00,-193.200764930842,0,473.341874080564,0,0.236552660709927,25,36.2559898005966,36.2559898005966,0,0.000159733383070626
03-Apr-2023 08:00:00,-339.35848691749,0,831.42829294785,0,0.415506393277287,25,36.2559898005966,36.2559898005966,0,0.000338500148325704
03-Apr-2023 09:00:00,23.3724770763163,59.623666011011,0,0.0297969345382364,0,25,36.2559898005966,36.2857867351349,8.58047904997439e-05,0.000526709722743934
03-Apr-2023 10:00:00,11.5291562211759,29.4111128091222,0,0.0146982073009106,0,25,36.2857867351349,36.3004849424358,4.2133574808062e-05,0.000497474564142952
03-Apr-2023 11:00:00,61.5529765171202,157.022899278368,0,0.0784722135324178,0,25,36.3004849424358,36.3789571559682,0.000229194584787512,0.000483662599024104
03-Apr-2023 12:00:00,92.7214969508092,236.534430996962,0,0.11820811144276,0,25,36.3789571559682,36.497165267411,0.000349212622378359,0.000429049591619934
03-Apr-2023 13:00:00,180.071553620278,459.366208214995,0,0.229568319947524,0,25,36.497165267411,36.7267335873585,0.000700489793415054,0.000396055981678023
03-Apr-2023 14:00:00,142.207476710163,362.774175281029,0,0.181296439420804,0,25,36.7267335873585,36.9080300267793,0.000544956021918591,0.000297743269565109
03-Apr-2023 15:00:00,0,0,0,0,0,25,36.9080300267793,36.9080300267793,0,0.000159445639739353
03-Apr-2023 16:00:00,0,0,0,0,0,25,36.9080300267793,36.9080300267793,0,0.000159409781053554
03-Apr-2023 17:00:00,-79.7308672854594,0,195.340624849376,0,0.0976215016738508,25,36.9080300267793,36.9080300267793,0,0.000159373946550634
03-Apr-2023 18:00:00,76.5734016165114,195.340310246202,0,0.0976213444508758,0,25,36.9080300267793,37.0056513712302,0.000286120713419852,0.000226356589985266
03-Apr-2023 19:00:00,0,0,0,0,0,25,37.0056513712302,37.0056513712302,0,0.000159302349983403
03-Apr-2023 20:00:00,0,0,0,0,0,25,37.0056513712302,37.0056513712302,0,0.000159266587864915
03-Apr-2023 21:00:00,0,0,0,0,0,25,37.0056513712302,37.0056513712302,0,0.000159230849820835
03-Apr-2023 22:00:00,0,0,0,0,0,25,37.0056513712302,37.0056513712302,0,0.000159195135823742
03-Apr-2023 23:00:00,0,0,0,0,0,25,37.0056513712302,37.0056513712302,0,0.000159159445846879
04-Apr-2023 00:00:00,0,0,0,0,0,25,37.0056513712302,37.0056513712302,0,0.000159123779863268
04-Apr-2023 01:00:00,0,0,0,0,0,25,37.0056513712302,37.0056513712302,0,0.000159088137846153
04-Apr-2023 02:00:00,0,0,0,0,0,25,37.0056513712302,37.0056513712302,0,0.000159052519768443
04-Apr-2023 03:00:00,0,0,0,0,0,25,37.0056513712302,37.0056513712302,0,0.000159016925603606
04-Apr-2023 04:00:00,0,0,0,0,0,25,37.0056513712302,37.0056513712302,0,0.000158981355324661
04-Apr-2023 05:00:00,0,0,0,0,0,25,37.0056513712302,37.0056513712302,0,0.000158945808905187
04-Apr-2023 06:00:00,0,0,0,0,0,25,37.0056513712302,37.0056513712302,0,0.000158910286318314
04-Apr-2023 07:00:00,-166.360524470456,0,407.583284952616,0,0.203689797577519,25,37.0056513712302,37.0056513712302,0,0.000158874787537622
04-Apr-2023 08:00:00,-325.203974831062,0,796.749738336101,0,0.398175781277412,25,37.0056513712302,37.0056513712302,0,0.000314172109978972
04-Apr-2023 09:00:00,-235.809884123729,0,577.734216103135,0,0.288722746678228,25,37.0056513712302,37.0056513712302,0,0.00047626208876117
04-Apr-2023 10:00:00,0,0,0,0,0,25,37.0056513712302,37.0056513712302,0,0.00063476691231068
04-Apr-2023 11:00:00,0,0,0,0,0,25,37.0056513712302,37.0056513712302,0,0.000634625365441455
04-Apr-2023 12:00:00,0,0,0,0,0,25,37.0056513712302,37.0056513712302,0,0.000634483913220185
04-Apr-2023 13:00:00,0,0,0,0,0,25,37.0056513712302,37.0056513712302,0,0.000634342555542844
04-Apr-2023 14:00:00,0,0,0,0,0,25,37.0056513712302,37.0056513712302,0,0.000634201292302516
04-Apr-2023 15:00:00,0,0,0,0,0,25,37.0056513712302,37.0056513712302,0,0.000634060123395286
04-Apr-2023 16:00:00,0,0,0,0,0,25,37.0056513712302,37.0056513712302,0,0.000633919048715681
04-Apr-2023 17:00:00,252.256684611651,643.511950539927,0,0.321595177681123,0,25,37.0056513712302,37.3272465489113,0.00100640436837054,0.000633778068159452
04-Apr-2023 18:00:00,315.514376511475,804.883613549682,0,0.402240686431625,0,25,37.3272465489113,37.7294872353429,0.00128754584220719,0.000449362722030999
04-Apr-2023 19:00:00,130.753139253131,333.553926666151,0,0.166693616524813,0,25,37.7294872353429,37.8961808518677,0.00049715494315794,0.000283656253478703
04-Apr-2023 20:00:00,0,0,0,0,0,25,37.8961808518677,37.8961808518677,0,0.000158415457700789
04-Apr-2023 21:00:00,0,0,0,0,0,25,37.8961808518677,37.8961808518677,0,0.000158380289432491
04-Apr-2023 22:00:00,0,0,0,0,0,25,37.8961808518677,37.8961808518677,0,0.000158345144576355
04-Apr-2023 23:00:00,0,0,0,0,0,25,37.8961808518677,37.8961808518677,0,0.000158310023105623
05-Apr-2023 00:00:00,0,0,0,0,0,25,37.8961808518677,37.8961808518677,0,0.00015827492499465
05-Apr-2023 01:00:00,0,0,0,0,0,25,37.8961808518677,37.8961808518677,0,0.000158239850217901
05-Apr-2023 02:00:00,0,0,0,0,0,25,37.8961808518677,37.8961808518677,0,0.000158204798748951
05-Apr-2023 03:00:00,0,0,0,0,0,25,37.8961808518677,37.8961808518677,0,0.000158169770562488
05-Apr-2023 04:00:00,0,0,0,0,0,25,37.8961808518677,37.8961808518677,0,0.000158134765632423
05-Apr-2023 05:00:00,0,0,0,0,0,25,37.8961808518677,37.8961808518677,0,0.000158099783933108
05-Apr-2023 06:00:00,0,0,0,0,0,25,37.8961808518677,37.8961808518677,0,0.000158064825439008
05-Apr-2023 07:00:00,0,0,0,0,0,25,37.8961808518677,37.8961808518677,0,0.000158029890124478
05-Apr-2023 08:00:00,0,0,0,0,0,25,37.8961808518677,37.8961808518677,0,0.000157994977963427
05-Apr-2023 09:00:00,-345.05427207923,0,845.382966594114,0,0.422480243175469,25,37.8961808518677,37.8961808518677,0,0.000157960088931097
05-Apr-2023 10:00:00,-382.235851998403,0,936.477837396086,0,0.468004916239923,25,37.8961808518677,37.8961808518677,0,0.00039424190113857
05-Apr-2023 11:00:00,0,0,0,0,0,25,37.8961808518677,37.8961808518677,0,0.000631256394696522
05-Apr-2023 12:00:00,205.115541279249,523.253931834818,0,0.261496217808505,0,25,37.8961808518677,38.1576770696762,0.000801482902072215,0.000631117182783969
05-Apr-2023 13:00:00,240.941571712598,614.646866613772,0,0.307169848382694,0,25,38.1576770696762,38.4648469180589,0.000953348318884023,0.000498376334396644
05-Apr-2023 14:00:00,75.8607401313019,193.522296253321,0,0.0967127917307952,0,25,38.4648469180589,38.5615597097897,0.000281841615258155,0.000372244808038102
05-Apr-2023 15:00:00,40.0362621484207,102.133321807196,0,0.0510411403334311,0,25,38.5615597097897,38.6126008501232,0.000146711071448286,0.000327103499913717
05-Apr-2023 16:00:00,8.19927051254961,20.9165064095653,0,0.0104530266914369,0,25,38.6126008501232,38.6230538768146,2.96839690932527e-05,0.000288507925870651
05-Apr-2023 17:00:00,128.315199928723,327.334693695721,0,0.163585554070825,0,25,38.6230538768146,38.7866394308854,0.000485945919467962,0.00027966081376507
05-Apr-2023 18:00:00,0,0,0,0,0,25,38.7866394308854,38.7866394308854,0,0.000157647124213067
05-Apr-2023 19:00:00,0,0,0,0,0,25,38.7866394308854,38.7866394308854,0,0.00015761246506607
05-Apr-2023 20:00:00,0,0,0,0,0,25,38.7866394308854,38.7866394308854,0,0.000157577828768907
05-Apr-2023 21:00:00,0,0,0,0,0,25,38.7866394308854,38.7866394308854,0,0.000157543215296152
05-Apr-2023 22:00:00,0,0,0,0,0,25,38.7866394308854,38.7866394308854,0,0.000157508624622937
05-Apr-2023 23:00:00,0,0,0,0,0,25,38.7866394308854,38.7866394308854,0,0.000157474056724283
06-Apr-2023 00:00:00,0,0,0,0,0,25,38.7866394308854,38.7866394308854,0,0.000157439511575097
06-Apr-2023 01:00:00,0,0,0,0,0,25,38.7866394308854,38.7866394308854,0,0.0001574049891504
06-Apr-2023 02:00:00,0,0,0,0,0,25,38.7866394308854,38.7866394308854,0,0.000157370489425768
06-Apr-2023 03:00:00,0,0,0,0,0,25,38.7866394308854,38.7866394308854,0,0.000157336012375553
06-Apr-2023 04:00:00,0,0,0,0,0,25,38.7866394308854,38.7866394308854,0,0.000157301557975553
06-Apr-2023 05:00:00,0,0,0,0,0,25,38.7866394308854,38.7866394308854,0,0.000157267126200455
06-Apr-2023 06:00:00,0,0,0,0,0,25,38.7866394308854,38.7866394308854,0,0.000157232717026168
06-Apr-2023 07:00:00,-138.063898980776,0,338.256552502902,0,0.169043754374264,25,38.7866394308854,38.7866394308854,0,0.000157198330427377
06-Apr-2023 08:00:00,-292.635236222601,0,716.956328745372,0,0.358299014865253,25,38.7866394308854,38.7866394308854,0,0.000283341483978683
06-Apr-2023 09:00:00,-296.528611076758,0,726.495097138056,0,0.363066015561247,25,38.7866394308854,38.7866394308854,0,0.000421792172849211
06-Apr-2023 10:00:00,0,0,0,0,0,25,38.7866394308854,38.7866394308854,0,0.000628077633952229
06-Apr-2023 11:00:00,0,0,0,0,0,25,38.7866394308854,38.7866394308854,0,0.000627940514062564
06-Apr-2023 12:00:00,0,0,0,0,0,25,38.7866394308854,38.7866394308854,0,0.000627803483939648
06-Apr-2023 13:00:00,0,0,0,0,0,25,38.7866394308854,38.7866394308854,0,0.000627666543486671
06-Apr-2023 14:00:00,0,0,0,0,0,25,38.7866394308854,38.7866394308854,0,0.000627529692605822
06-Apr-2023 15:00:00,0,0,0,0,0,25,38.7866394308854,38.7866394308854,0,0.000627392931199178
06-Apr-2023 16:00:00,0,0,0,0,0,25,38.7866394308854,38.7866394308854,0,0.000627256259168596
06-Apr-2023 17:00:00,0,0,0,0,0,25,38.7866394308854,38.7866394308854,0,0.00062711967641893
06-Apr-2023 18:00:00,307.933308459687,785.544154233894,0,0.392575789222336,0,25,38.7866394308854,39.1792152201077,0.00124675697973611,0.000626983182850482
06-Apr-2023 19:00:00,284.964708797916,726.950787749786,0,0.363293747001392,0,25,39.1792152201077,39.5425089671091,0.00114236222770966,0.000409321519575401
06-Apr-2023 20:00:00,105.482642994226,269.088374985271,0,0.134476949018126,0,25,39.5425089671091,39.6769859161273,0.00039484390450506,0.000253179466492282
06-Apr-2023 21:00:00,0,0,0,0,0,25,39.6769859161273,39.6769859161273,0,0.00015671927474703
06-Apr-2023 22:00:00,0,0,0,0,0,25,39.6769859161273,39.6769859161273,0,0.000156685223844155
06-Apr-2023 23:00:00,0,0,0,0,0,25,39.6769859161273,39.6769859161273,0,0.000156651195126756
07-Apr-2023 00:00:00,0,0,0,0,0,25,39.6769859161273,39.6769859161273,0,0.00015661718857074
07-Apr-2023 01:00:00,0,0,0,0,0,25,39.6769859161273,39.6769859161273,0,0.000156583204151794
07-Apr-2023 02:00:00,0,0,0,0,0,25,39.6769859161273,39.6769859161273,0,0.000156549241846382
07-Apr-2023 03:00:00,0,0,0,0,0,25,39.6769859161273,39.6769859161273,0,0.000156515301630078
07-Apr-2023 04:00:00,0,0,0,0,0,25,39.6769859161273,39.6769859161273,0,0.000156481383479234
07-Apr-2023 05:00:00,0,0,0,0,0,25,39.6769859161273,39.6769859161273,0,0.000156447487369871
07-Apr-2023 06:00:00,0,0,0,0,0,25,39.6769859161273,39.6769859161273,0,0.000156413613278117
07-Apr-2023 07:00:00,0,0,0,0,0,25,39.6769859161273,39.6769859161273,0,0.000156379761179992
07-Apr-2023 08:00:00,0,0,0,0,0,25,39.6769859161273,39.6769859161273,0,0.000156345931052071
07-Apr-2023 09:00:00,0,0,0,0,0,25,39.6769859161273,39.6769859161273,0,0.000156312122870372
07-Apr-2023 10:00:00,0,0,0,0,0,25,39.6769859161273,39.6769859161273,0,0.000156278336611027
07-Apr-2023 11:00:00,0,0,0,0,0,25,39.6769859161273,39.6769859161273,0,0.000156244572250608
07-Apr-2023 12:00:00,0,0,0,0,0,25,39.6769859161273,39.6769859161273,0,0.00015621082976558
07-Apr-2023 13:00:00,0,0,0,0,0,25,39.6769859161273,39.6769859161273,0,0.000156177109131739
07-Apr-2023 14:00:00,0,0,0,0,0,25,39.6769859161273,39.6769859161273,0,0.000156143410326326
07-Apr-2023 15:00:00,0,0,0,0,0,25,39.6769859161273,39.6769859161273,0,0.000156109733325138
07-Apr-2023 16:00:00,0,0,0,0,0,25,39.6769859161273,39.6769859161273,0,0.000156076078104972
07-Apr-2023 17:00:00,0,0,0,0,0,25,39.6769859161273,39.6769859161273,0,0.000156042444642179
07-Apr-2023 18:00:00,0,0,0,0,0,25,39.6769859161273,39.6769859161273,0,0.000156008832913779
07-Apr-2023 19:00:00,0,0,0,0,0,25,39.6769859161273,39.6769859161273,0,0.000155975242895678
07-Apr-2023 20:00:00,0,0,0,0,0,25,39.6769859161273,39.6769859161273,0,0.000155941674565119
07-Apr-2023 21:00:00,0,0,0,0,0,25,39.6769859161273,39.6769859161273,0,0.000155908127898341
07-Apr-2023 22:00:00,0,0,0,0,0,25,39.6769859161273,39.6769859161273,0,0.000155874602872363
07-Apr-2023 23:00:00,0,0,0,0,0,25,39.6769859161273,39.6769859161273,0,0.000155841099463983
08-Apr-2023 00:00:00,0,0,0,0,0,25,39.6769859161273,39.6769859161273,0,0.000155807617649439
08-Apr-2023 01:00:00,0,0,0,0,0,25,39.6769859161273,39.6769859161273,0,0.000155774157406308
08-Apr-2023 02:00:00,0,0,0,0,0,25,39.6769859161273,39.6769859161273,0,0.000155740718710717
08-Apr-2023 03:00:00,0,0,0,0,0,25,39.6769859161273,39.6769859161273,0,0.000155707301539909
08-Apr-2023 04:00:00,0,0,0,0,0,25,39.6769859161273,39.6769859161273,0,0.000155673905871123
08-Apr-2023 05:00:00,0,0,0,0,0,25,39.6769859161273,39.6769859161273,0,0.00015564053168049
08-Apr-2023 06:00:00,0,0,0,0,0,25,39.6769859161273,39.6769859161273,0,0.000155607178945805
08-Apr-2023 07:00:00,0,0,0,0,0,25,39.6769859161273,39.6769859161273,0,0.000155573847643531
08-Apr-2023 08:00:00,0,0,0,0,0,25,39.6769859161273,39.6769859161273,0,0.000155540537751131
08-Apr-2023 09:00:00,0,0,0,0,0,25,39.6769859161273,39.6769859161273,0,0.00015550724924529
08-Apr-2023 10:00:00,0,0,0,0,0,25,39.6769859161273,39.6769859161273,0,0.00015547398210336
08-Apr-2023 11:00:00,0,0,0,0,0,25,39.6769859161273,39.6769859161273,0,0.000155440736302692
08-Apr-2023 12:00:00,0,0,0,0,0,25,39.6769859161273,39.6769859161273,0,0.000155407511820083
08-Apr-2023 13:00:00,0,0,0,0,0,25,39.6769859161273,39.6769859161273,0,0.000155374308632994
08-Apr-2023 14:00:00,-111.443828727353,0,273.037380382014,0,0.136450464958528,25,39.6769859161273,39.6769859161273,0,0.000155341126718778
08-Apr-2023 15:00:00,-267.236829408953,0,654.730232051936,0,0.327201515268334,25,39.6769859161273,39.6769859161273,0,0.000252523492634826
08-Apr-2023 16:00:00,-136.189612812085,0,333.664551389609,0,0.166748901244182,25,39.6769859161273,39.6769859161273,0,0.000395967343874815
08-Apr-2023 17:00:00,68.0339977223475,173.556116638641,0,0.0867346909738338,0,25,39.6769859161273,39.7637206071011,0.000250999861948265,0.000491719734568075
08-Apr-2023 18:00:00,107.323319739706,273.783978927822,0,0.136823577675073,0,25,39.7637206071011,39.9005441847762,0.000401717152768266,0.000424764255165022
08-Apr-2023 19:00:00,278.10750236029,709.457914184414,0,0.354551681251581,0,25,39.9005441847762,40.2550958660278,0.00110938519693488,0.000384587146684545
08-Apr-2023 20:00:00,41.0070248360361,104.609757234786,0,0.0522787392477691,0,25,40.2550958660278,40.3073746052755,0.000149480478732339,0.000187946643771197
08-Apr-2023 21:00:00,0,0,0,0,0,25,40.3073746052755,40.3073746052755,0,0.000155109447051771
08-Apr-2023 22:00:00,0,0,0,0,0,25,40.3073746052755,40.3073746052755,0,0.000155076434504631
08-Apr-2023 23:00:00,0,0,0,0,0,25,40.3073746052755,40.3073746052755,0,0.000155043443027192
09-Apr-2023 00:00:00,0,0,0,0,0,25,40.3073746052755,40.3073746052755,0,0.000155010472597028
09-Apr-2023 01:00:00,0,0,0,0,0,25,40.3073746052755,40.3073746052755,0,0.000154977523191602
09-Apr-2023 02:00:00,0,0,0,0,0,25,40.3073746052755,40.3073746052755,0,0.000154944594788597
09-Apr-2023 03:00:00,0,0,0,0,0,25,40.3073746052755,40.3073746052755,0,0.000154911687365811
09-Apr-2023 04:00:00,0,0,0,0,0,25,40.3073746052755,40.3073746052755,0,0.000154878800901037
09-Apr-2023 05:00:00,0,0,0,0,0,25,40.3073746052755,40.3073746052755,0,0.00015484593537185
09-Apr-2023 06:00:00,0,0,0,0,0,25,40.3073746052755,40.3073746052755,0,0.000154813090756156
09-Apr-2023 07:00:00,0,0,0,0,0,25,40.3073746052755,40.3073746052755,0,0.000154780267031862
09-Apr-2023 08:00:00,0,0,0,0,0,25,40.3073746052755,40.3073746052755,0,0.000154747464176541
09-Apr-2023 09:00:00,-176.814548237877,0,433.195643182798,0,0.216489576802997,25,40.3073746052755,40.3073746052755,0,0.000154714682168433
09-Apr-2023 10:00:00,-305.681005101595,0,748.918462498908,0,0.374272095201853,25,40.3073746052755,40.3073746052755,0,0.000315060272576329
09-Apr-2023 11:00:00,-244.567553033562,0,599.190504932226,0,0.299445529701262,25,40.3073746052755,40.3073746052755,0,0.000454820239551679
09-Apr-2023 12:00:00,0,0,0,0,0,25,40.3073746052755,40.3073746052755,0,0.000618167045030704
09-Apr-2023 13:00:00,0,0,0,0,0,25,40.3073746052755,40.3073746052755,0,0.000618036312860171
09-Apr-2023 14:00:00,0,0,0,0,0,25,40.3073746052755,40.3073746052755,0,0.000617905663598539
09-Apr-2023 15:00:00,0,0,0,0,0,25,40.3073746052755,40.3073746052755,0,0.000617775097157325
09-Apr-2023 16:00:00,0,0,0,0,0,25,40.3073746052755,40.3073746052755,0,0.000617644613448265
09-Apr-2023 17:00:00,0,0,0,0,0,25,40.3073746052755,40.3073746052755,0,0.000617514212385761
09-Apr-2023 18:00:00,137.51623011327,350.806709472627,0,0.17531569688787,0,25,40.3073746052755,40.4826903021634,0.000519672801111398,0.000617383893881551
09-Apr-2023 19:00:00,285.089984705461,727.270369146584,0,0.36345345784437,0,25,40.4826903021634,40.8461437600078,0.00113804227617198,0.000562787871906001
09-Apr-2023 20:00:00,212.186341825136,541.291688329429,0,0.270510588870279,0,25,40.8461437600078,41.1166543488781,0.000823206000766297,0.000371777902364756
09-Apr-2023 21:00:00,63.4357758800369,161.825958877645,0,0.080872543167239,0,25,41.1166543488781,41.1975268920453,0.000232545033431425,0.000206661100290662
09-Apr-2023 22:00:00,0,0,0,0,0,25,41.1975268920453,41.1975268920453,0,0.000154290403147295
09-Apr-2023 23:00:00,0,0,0,0,0,25,41.1975268920453,41.1975268920453,0,0.000154257910695454
10-Apr-2023 00:00:00,0,0,0,0,0,25,41.1975268920453,41.1975268920453,0,0.000154225438762756
10-Apr-2023 01:00:00,0,0,0,0,0,25,41.1975268920453,41.1975268920453,0,0.000154192987327884
10-Apr-2023 02:00:00,0,0,0,0,0,25,41.1975268920453,41.1975268920453,0,0.00015416055636952
10-Apr-2023 03:00:00,0,0,0,0,0,25,41.1975268920453,41.1975268920453,0,0.000154128145865573
10-Apr-2023 04:00:00,0,0,0,0,0,25,41.1975268920453,41.1975268920453,0,0.000154095755794947
10-Apr-2023 05:00:00,0,0,0,0,0,25,41.1975268920453,41.1975268920453,0,0.000154063386136105
10-Apr-2023 06:00:00,0,0,0,0,0,25,41.1975268920453,41.1975268920453,0,0.000154031036867619
10-Apr-2023 07:00:00,0,0,0,0,0,25,41.1975268920453,41.1975268920453,0,0.000153998707968062
10-Apr-2023 08:00:00,-223.713390347538,0,548.097806351467,0,0.273911947202133,25,41.1975268920453,41.1975268920453,0,0.000153966399416006
10-Apr-2023 09:00:00,-316.262829201805,0,774.843931544421,0,0.387228351596413,25,41.1975268920453,41.1975268920453,0,0.00034581998310057
10-Apr-2023 10:00:00,-187.008840700967,0,458.171659717369,0,0.228971344186591,25,41.1975268920453,41.1975268920453,0,0.000516612523191351
10-Apr-2023 11:00:00,0,0,0,0,0,25,41.1975268920453,41.1975268920453,0,0.000615181026866418
10-Apr-2023 12:00:00,0,0,0,0,0,25,41.1975268920453,41.1975268920453,0,0.000615052179647413
10-Apr-2023 13:00:00,0,0,0,0,0,25,41.1975268920453,41.1975268920453,0,0.00061492341335434
10-Apr-2023 14:00:00,0,0,0,0,0,25,41.1975268920453,41.1975268920453,0,0.000614794727902157
10-Apr-2023 15:00:00,0,0,0,0,0,25,41.1975268920453,41.1975268920453,0,0.000614666123206042
10-Apr-2023 16:00:00,0,0,0,0,0,25,41.1975268920453,41.1975268920453,0,0.000614537599182619
10-Apr-2023 17:00:00,0,0,0,0,0,25,41.1975268920453,41.1975268920453,0,0.000614409155746842
10-Apr-2023 18:00:00,103.020192258133,262.8066129034,0,0.131337637632884,0,25,41.1975268920453,41.3288645296782,0.000383205190200936,0.000614280792813782
10-Apr-2023 19:00:00,293.008380201758,747.470357657545,0,0.373548404626459,0,25,41.3288645296782,41.7024129343046,0.00116995748334087,0.000584728400454315
10-Apr-2023 20:00:00,202.892662986914,517.583323946209,0,0.258662330807701,0,25,41.7024129343046,41.9610752651123,0.000782274923569248,0.000376757813609019
10-Apr-2023 21:00:00,99.2265142161021,253.128862796179,0,0.126501180807686,0,25,41.9610752651123,42.08757644592,0.000367683974189348,0.000241396168927266
10-Apr-2023 22:00:00,0,0,0,0,0,25,42.08757644592,42.08757644592,0,0.00015351620429227
10-Apr-2023 23:00:00,0,0,0,0,0,25,42.08757644592,42.08757644592,0,0.000153484198410991
11-Apr-2023 00:00:00,0,0,0,0,0,25,42.08757644592,42.08757644592,0,0.000153452212539817
11-Apr-2023 01:00:00,0,0,0,0,0,25,42.08757644592,42.08757644592,0,0.000153420246657543
11-Apr-2023 02:00:00,0,0,0,0,0,25,42.08757644592,42.08757644592,0,0.000153388300743518
11-Apr-2023 03:00:00,0,0,0,0,0,25,42.08757644592,42.08757644592,0,0.000153356374777203
11-Apr-2023 04:00:00,0,0,0,0,0,25,42.08757644592,42.08757644592,0,0.000153324468737503
11-Apr-2023 05:00:00,0,0,0,0,0,25,42.08757644592,42.08757644592,0,0.000153292582603881
11-Apr-2023 06:00:00,0,0,0,0,0,25,42.08757644592,42.08757644592,0,0.000153260716355463
11-Apr-2023 07:00:00,0,0,0,0,0,25,42.08757644592,42.08757644592,0,0.000153228869971822
11-Apr-2023 08:00:00,0,0,0,0,0,25,42.08757644592,42.08757644592,0,0.000153197043432196
11-Apr-2023 09:00:00,0,0,0,0,0,25,42.08757644592,42.08757644592,0,0.000153165236716157
11-Apr-2023 10:00:00,0,0,0,0,0,25,42.08757644592,42.08757644592,0,0.000153133449802723
11-Apr-2023 11:00:00,-386.173876400766,0,946.125997181876,0,0.472826585298289,25,42.08757644592,42.08757644592,0,0.000153101682671797
11-Apr-2023 12:00:00,-49.6575005276396,0,121.660876292717,0,0.0608000381272948,25,42.08757644592,42.08757644592,0,0.000392574173048943
11-Apr-2023 13:00:00,33.8116917040478,86.2543155715504,0,0.0431056049832836,0,25,42.08757644592,42.1306820509033,0.000122202051875048,0.000413830943389315
11-Apr-2023 14:00:00,372.71117325295,950.793809318751,0,0.475159324996877,0,25,42.1306820509033,42.6058413759002,0.00152959907580907,0.00039725223564524
11-Apr-2023 15:00:00,12.045033281673,30.7271257185536,0,0.0153558849168184,0,25,42.6058413759002,42.621197260817,4.3109891930071e-05,0.000162489460609039
11-Apr-2023 16:00:00,0,0,0,0,0,25,42.621197260817,42.621197260817,0,0.000152943143035267
11-Apr-2023 17:00:00,0,0,0,0,0,25,42.621197260817,42.621197260817,0,0.000152911494168628
11-Apr-2023 18:00:00,0,0,0,0,0,25,42.621197260817,42.621197260817,0,0.000152879864941502
11-Apr-2023 19:00:00,0,0,0,0,0,25,42.621197260817,42.621197260817,0,0.000152848255333238
11-Apr-2023 20:00:00,0,0,0,0,0,25,42.621197260817,42.621197260817,0,0.000152816665323963
11-Apr-2023 21:00:00,0,0,0,0,0,25,42.621197260817,42.621197260817,0,0.000152785094893138
11-Apr-2023 22:00:00,0,0,0,0,0,25,42.621197260817,42.621197260817,0,0.000152753544020667
11-Apr-2023 23:00:00,0,0,0,0,0,25,42.621197260817,42.621197260817,0,0.000152722012686568
12-Apr-2023 00:00:00,0,0,0,0,0,25,42.621197260817,42.621197260817,0,0.000152690500870079
12-Apr-2023 01:00:00,0,0,0,0,0,25,42.621197260817,42.621197260817,0,0.00015265900855177
12-Apr-2023 02:00:00,0,0,0,0,0,25,42.621197260817,42.621197260817,0,0.000152627535711214
12-Apr-2023 03:00:00,0,0,0,0,0,25,42.621197260817,42.621197260817,0,0.000152596082328205
12-Apr-2023 04:00:00,0,0,0,0,0,25,42.621197260817,42.621197260817,0,0.00015256464838298
12-Apr-2023 05:00:00,0,0,0,0,0,25,42.621197260817,42.621197260817,0,0.000152533233855334
12-Apr-2023 06:00:00,0,0,0,0,0,25,42.621197260817,42.621197260817,0,0.000152501838725505
12-Apr-2023 07:00:00,-167.596124573922,0,410.61050520611,0,0.205202651277416,25,42.621197260817,42.621197260817,0,0.000152470462973286
12-Apr-2023 08:00:00,-292.327242792954,0,716.201744842737,0,0.357921911465636,25,42.621197260817,42.621197260817,0,0.000302702127551568
12-Apr-2023 09:00:00,-266.934002494125,0,653.988306110606,0,0.32683073768646,25,42.621197260817,42.621197260817,0,0.000428563937808657
12-Apr-2023 10:00:00,0,0,0,0,0,25,42.621197260817,42.621197260817,0,0.000609211336998761
12-Apr-2023 11:00:00,0,0,0,0,0,25,42.621197260817,42.621197260817,0,0.000609086203722131
12-Apr-2023 12:00:00,0,0,0,0,0,25,42.621197260817,42.621197260817,0,0.000608961147522735
12-Apr-2023 13:00:00,0,0,0,0,0,25,42.621197260817,42.621197260817,0,0.000608836168319193
12-Apr-2023 14:00:00,0,0,0,0,0,25,42.621197260817,42.621197260817,0,0.000608711266034456
12-Apr-2023 15:00:00,331.639294009509,846.018607167115,0,0.422797904631242,0,25,42.621197260817,43.0439951654482,0.0013381530703955,0.000608586440588588
12-Apr-2023 16:00:00,284.907630847069,726.805180732319,0,0.363220979876221,0,25,43.0439951654482,43.4072161453245,0.00112815151672477,0.000388944781240741
12-Apr-2023 17:00:00,81.4923083068149,207.888541599018,0,0.10389232463719,0,25,43.4072161453245,43.5111084699616,0.000298634735816955,0.000221064517105907
12-Apr-2023 18:00:00,0,0,0,0,0,25,43.5111084699616,43.5111084699616,0,0.000152126602950164
12-Apr-2023 19:00:00,0,0,0,0,0,25,43.5111084699616,43.5111084699616,0,0.000152095458184509
12-Apr-2023 20:00:00,0,0,0,0,0,25,43.5111084699616,43.5111084699616,0,0.00015206433253967
12-Apr-2023 21:00:00,0,0,0,0,0,25,43.5111084699616,43.5111084699616,0,0.00015203322599644
12-Apr-2023 22:00:00,0,0,0,0,0,25,43.5111084699616,43.5111084699616,0,0.000152002138534835
12-Apr-2023 23:00:00,0,0,0,0,0,25,43.5111084699616,43.5111084699616,0,0.000151971070135537
13-Apr-2023 00:00:00,0,0,0,0,0,25,43.5111084699616,43.5111084699616,0,0.000151940020779118
13-Apr-2023 01:00:00,0,0,0,0,0,25,43.5111084699616,43.5111084699616,0,0.000151908990446259
13-Apr-2023 02:00:00,0,0,0,0,0,25,43.5111084699616,43.5111084699616,0,0.000151877979117088
13-Apr-2023 03:00:00,0,0,0,0,0,25,43.5111084699616,43.5111084699616,0,0.000151846986772619
13-Apr-2023 04:00:00,0,0,0,0,0,25,43.5111084699616,43.5111084699616,0,0.000151816013393535
13-Apr-2023 05:00:00,0,0,0,0,0,25,43.5111084699616,43.5111084699616,0,0.000151785058960296
13-Apr-2023 06:00:00,0,0,0,0,0,25,43.5111084699616,43.5111084699616,0,0.000151754123453474
13-Apr-2023 07:00:00,0,0,0,0,0,25,43.5111084699616,43.5111084699616,0,0.000151723206854082
13-Apr-2023 08:00:00,0,0,0,0,0,25,43.5111084699616,43.5111084699616,0,0.000151692309142692
13-Apr-2023 09:00:00,-77.2081845843229,0,189.160052231591,0,0.0945327597359276,25,43.5111084699616,43.5111084699616,0,0.00015166143030021
13-Apr-2023 10:00:00,-159.495254875873,0,390.763374445889,0,0.195284045200344,25,43.5111084699616,43.5111084699616,0,0.000213126443295963
13-Apr-2023 11:00:00,-151.928130837899,0,372.223920552853,0,0.186018950801026,25,43.5111084699616,43.5111084699616,0,0.000347123219724521
13-Apr-2023 12:00:00,53.1881907467194,135.684160068162,0,0.0678081759461078,0,25,43.5111084699616,43.5789166459078,0.00019279166905195,0.000389500258125119
13-Apr-2023 13:00:00,-34.2257139078546,0,83.8529990742438,0,0.04190554676374,25,43.5789166459078,43.5789166459078,0,0.000375811023485606
13-Apr-2023 14:00:00,151.411824363927,386.254653989609,0,0.19303081158901,0,25,43.5789166459078,43.7719474574968,0.000569326679102394,0.000383454232457114
13-Apr-2023 15:00:00,-269.881051944273,0,661.208577263469,0,0.330439069097186,25,43.7719474574968,43.7719474574968,0,0.000332316010145828
13-Apr-2023 16:00:00,86.6641458859193,221.082004811019,0,0.110485759525746,0,25,43.7719474574968,43.8824332170225,0.000317857076884226,0.000442923563625297
13-Apr-2023 17:00:00,346.522164453841,883.985113402655,0,0.441771670865894,0,25,43.8824332170225,44.3242048878884,0.00140073296102283,0.000389366899815835
13-Apr-2023 18:00:00,27.5075657720043,70.1723616632763,0,0.035068646508384,0,25,44.3242048878884,44.3592735343968,9.85119447526606e-05,0.000172690278634424
13-Apr-2023 19:00:00,0,0,0,0,0,25,44.3592735343968,44.3592735343968,0,0.000151353675451049
13-Apr-2023 20:00:00,0,0,0,0,0,25,44.3592735343968,44.3592735343968,0,0.000151323002904657
13-Apr-2023 21:00:00,0,0,0,0,0,25,44.3592735343968,44.3592735343968,0,0.000151292348998466
13-Apr-2023 22:00:00,0,0,0,0,0,25,44.3592735343968,44.3592735343968,0,0.000151261713713824
13-Apr-2023 23:00:00,0,0,0,0,0,25,44.3592735343968,44.3592735343968,0,0.000151231097031523
14-Apr-2023 00:00:00,0,0,0,0,0,25,44.3592735343968,44.3592735343968,0,0.000151200498933135
14-Apr-2023 01:00:00,0,0,0,0,0,25,44.3592735343968,44.3592735343968,0,0.000151169919399563
14-Apr-2023 02:00:00,0,0,0,0,0,25,44.3592735343968,44.3592735343968,0,0.000151139358412156
14-Apr-2023 03:00:00,0,0,0,0,0,25,44.3592735343968,44.3592735343968,0,0.000151108815952261
14-Apr-2023 04:00:00,0,0,0,0,0,25,44.3592735343968,44.3592735343968,0,0.000151078292001006
14-Apr-2023 05:00:00,0,0,0,0,0,25,44.3592735343968,44.3592735343968,0,0.000151047786539849
14-Apr-2023 06:00:00,0,0,0,0,0,25,44.3592735343968,44.3592735343968,0,0.000151017299549916
14-Apr-2023 07:00:00,0,0,0,0,0,25,44.3592735343968,44.3592735343968,0,0.000150986831012778
14-Apr-2023 08:00:00,0,0,0,0,0,25,44.3592735343968,44.3592735343968,0,0.000150956380909895
14-Apr-2023 09:00:00,0,0,0,0,0,25,44.3592735343968,44.3592735343968,0,0.000150925949222502
14-Apr-2023 10:00:00,0,0,0,0,0,25,44.3592735343968,44.3592735343968,0,0.00015089553593195
14-Apr-2023 11:00:00,0,0,0,0,0,25,44.3592735343968,44.3592735343968,0,0.000150865141020029
14-Apr-2023 12:00:00,0,0,0,0,0,25,44.3592735343968,44.3592735343968,0,0.000150834764467978
14-Apr-2023 13:00:00,0,0,0,0,0,25,44.3592735343968,44.3592735343968,0,0.000150804406257476
14-Apr-2023 14:00:00,0,0,0,0,0,25,44.3592735343968,44.3592735343968,0,0.000150774066369985
14-Apr-2023 15:00:00,0,0,0,0,0,25,44.3592735343968,44.3592735343968,0,0.000150743744787074
14-Apr-2023 16:00:00,0,0,0,0,0,25,44.3592735343968,44.3592735343968,0,0.000150713441490424
14-Apr-2023 17:00:00,0,0,0,0,0,25,44.3592735343968,44.3592735343968,0,0.000150683156461495
14-Apr-2023 18:00:00,0,0,0,0,0,25,44.3592735343968,44.3592735343968,0,0.000150652889682301
14-Apr-2023 19:00:00,0,0,0,0,0,25,44.3592735343968,44.3592735343968,0,0.000150622641133968
14-Apr-2023 20:00:00,0,0,0,0,0,25,44.3592735343968,44.3592735343968,0,0.000150592410798622
14-Apr-2023 21:00:00,0,0,0,0,0,25,44.3592735343968,44.3592735343968,0,0.000150562198658055
14-Apr-2023 22:00:00,0,0,0,0,0,25,44.3592735343968,44.3592735343968,0,0.000150532004693726
14-Apr-2023 23:00:00,0,0,0,0,0,25,44.3592735343968,44.3592735343968,0,0.000150501828887428
15-Apr-2023 00:00:00,0,0,0,0,0,25,44.3592735343968,44.3592735343968,0,0.000150471671221286
15-Apr-2023 01:00:00,0,0,0,0,0,25,44.3592735343968,44.3592735343968,0,0.000150441531676759
15-Apr-2023 02:00:00,0,0,0,0,0,25,44.3592735343968,44.3592735343968,0,0.000150411410235862
15-Apr-2023 03:00:00,0,0,0,0,0,25,44.3592735343968,44.3592735343968,0,0.000150381306880609
15-Apr-2023 04:00:00,0,0,0,0,0,25,44.3592735343968,44.3592735343968,0,0.000150351221592682
15-Apr-2023 05:00:00,0,0,0,0,0,25,44.3592735343968,44.3592735343968,0,0.000150321154354205
15-Apr-2023 06:00:00,0,0,0,0,0,25,44.3592735343968,44.3592735343968,0,0.000150291105147193
15-Apr-2023 07:00:00,0,0,0,0,0,25,44.3592735343968,44.3592735343968,0,0.000150261073953217
15-Apr-2023 08:00:00,0,0,0,0,0,25,44.3592735343968,44.3592735343968,0,0.000150231060754624
15-Apr-2023 09:00:00,0,0,0,0,0,25,44.3592735343968,44.3592735343968,0,0.00015020106553354
15-Apr-2023 10:00:00,0,0,0,0,0,25,44.3592735343968,44.3592735343968,0,0.000150171088271756
15-Apr-2023 11:00:00,0,0,0,0,0,25,44.3592735343968,44.3592735343968,0,0.000150141128951509
15-Apr-2023 12:00:00,0,0,0,0,0,25,44.3592735343968,44.3592735343968,0,0.000150111187554924
15-Apr-2023 13:00:00,0,0,0,0,0,25,44.3592735343968,44.3592735343968,0,0.000150081264064017
15-Apr-2023 14:00:00,0,0,0,0,0,25,44.3592735343968,44.3592735343968,0,0.000150051358461023
15-Apr-2023 15:00:00,0,0,0,0,0,25,44.3592735343968,44.3592735343968,0,0.000150021470728068
15-Apr-2023 16:00:00,0,0,0,0,0,25,44.3592735343968,44.3592735343968,0,0.000149991600847499
15-Apr-2023 17:00:00,0,0,0,0,0,25,44.3592735343968,44.3592735343968,0,0.000149961748801553
15-Apr-2023 18:00:00,0,0,0,0,0,25,44.3592735343968,44.3592735343968,0,0.000149931914572243
15-Apr-2023 19:00:00,0,0,0,0,0,25,44.3592735343968,44.3592735343968,0,0.000149902098142141
15-Apr-2023 20:00:00,0,0,0,0,0,25,44.3592735343968,44.3592735343968,0,0.00014987229949337
15-Apr-2023 21:00:00,0,0,0,0,0,25,44.3592735343968,44.3592735343968,0,0.000149842518608279
15-Apr-2023 22:00:00,0,0,0,0,0,25,44.3592735343968,44.3592735343968,0,0.000149812755469325
15-Apr-2023 23:00:00,0,0,0,0,0,25,44.3592735343968,44.3592735343968,0,0.000149783010058968
16-Apr-2023 00:00:00,0,0,0,0,0,25,44.3592735343968,44.3592735343968,0,0.000149753282359222
16-Apr-2023 01:00:00,0,0,0,0,0,25,44.3592735343968,44.3592735343968,0,0.000149723572352989
16-Apr-2023 02:00:00,0,0,0,0,0,25,44.3592735343968,44.3592735343968,0,0.000149693880022506
16-Apr-2023 03:00:00,0,0,0,0,0,25,44.3592735343968,44.3592735343968,0,0.00014966420535012
16-Apr-2023 04:00:00,0,0,0,0,0,25,44.3592735343968,44.3592735343968,0,0.000149634548318622
16-Apr-2023 05:00:00,0,0,0,0,0,25,44.3592735343968,44.3592735343968,0,0.00014960490891025
16-Apr-2023 06:00:00,0,0,0,0,0,25,44.3592735343968,44.3592735343968,0,0.000149575287107795
16-Apr-2023 07:00:00,0,0,0,0,0,25,44.3592735343968,44.3592735343968,0,0.000149545682893937
16-Apr-2023 08:00:00,0,0,0,0,0,25,44.3592735343968,44.3592735343968,0,0.00014951609625069
16-Apr-2023 09:00:00,0,0,0,0,0,25,44.3592735343968,44.3592735343968,0,0.000149486527161291
16-Apr-2023 10:00:00,0,0,0,0,0,25,44.3592735343968,44.3592735343968,0,0.000149456975608087
16-Apr-2023 11:00:00,0,0,0,0,0,25,44.3592735343968,44.3592735343968,0,0.000149427441573979
16-Apr-2023 12:00:00,0,0,0,0,0,25,44.3592735343968,44.3592735343968,0,0.000149397925041539
16-Apr-2023 13:00:00,0,0,0,0,0,25,44.3592735343968,44.3592735343968,0,0.000149368425993335
16-Apr-2023 14:00:00,0,0,0,0,0,25,44.3592735343968,44.3592735343968,0,0.000149338944412269
16-Apr-2023 15:00:00,0,0,0,0,0,25,44.3592735343968,44.3592735343968,0,0.000149309480281135
16-Apr-2023 16:00:00,0,0,0,0,0,25,44.3592735343968,44.3592735343968,0,0.000149280033582611
16-Apr-2023 17:00:00,0,0,0,0,0,25,44.3592735343968,44.3592735343968,0,0.0001492506042996
16-Apr-2023 18:00:00,0,0,0,0,0,25,44.3592735343968,44.3592735343968,0,0.000149221192415006
16-Apr-2023 19:00:00,0,0,0,0,0,25,44.3592735343968,44.3592735343968,0,0.000149191797911508
16-Apr-2023 20:00:00,0,0,0,0,0,25,44.3592735343968,44.3592735343968,0,0.000149162420772231
16-Apr-2023 21:00:00,0,0,0,0,0,25,44.3592735343968,44.3592735343968,0,0.000149133060979856
16-Apr-2023 22:00:00,0,0,0,0,0,25,44.3592735343968,44.3592735343968,0,0.000149103718517396
16-Apr-2023 23:00:00,0,0,0,0,0,25,44.3592735343968,44.3592735343968,0,0.000149074393367865
17-Apr-2023 00:00:00,0,0,0,0,0,25,44.3592735343968,44.3592735343968,0,0.000149045085514166
17-Apr-2023 01:00:00,0,0,0,0,0,25,44.3592735343968,44.3592735343968,0,0.000149015794939422
17-Apr-2023 02:00:00,0,0,0,0,0,25,44.3592735343968,44.3592735343968,0,0.000148986521626426
17-Apr-2023 03:00:00,0,0,0,0,0,25,44.3592735343968,44.3592735343968,0,0.000148957265558636
17-Apr-2023 04:00:00,0,0,0,0,0,25,44.3592735343968,44.3592735343968,0,0.00014892802671862
17-Apr-2023 05:00:00,0,0,0,0,0,25,44.3592735343968,44.3592735343968,0,0.000148898805089948
17-Apr-2023 06:00:00,0,0,0,0,0,25,44.3592735343968,44.3592735343968,0,0.00014886960065541
17-Apr-2023 07:00:00,0,0,0,0,0,25,44.3592735343968,44.3592735343968,0,0.000148840413398243
17-Apr-2023 08:00:00,0,0,0,0,0,25,44.3592735343968,44.3592735343968,0,0.000148811243301794
17-Apr-2023 09:00:00,0,0,0,0,0,25,44.3592735343968,44.3592735343968,0,0.000148782090348853
17-Apr-2023 10:00:00,0,0,0,0,0,25,44.3592735343968,44.3592735343968,0,0.000148752954523101
17-Apr-2023 11:00:00,-42.383900559443,0,103.840556370635,0,0.0518943310198078,25,44.3592735343968,44.3592735343968,0,0.00014872383580733
17-Apr-2023 12:00:00,-199.546189424468,0,488.888164089946,0,0.244321921084431,25,44.3592735343968,44.3592735343968,0,0.00017991389791161
17-Apr-2023 13:00:00,211.991400064807,540.794387920425,0,0.270262062928748,0,25,44.3592735343968,44.6295355973255,0.000813578244973551,0.000342750660124014
17-Apr-2023 14:00:00,20.3575361136845,51.9324900859299,0,0.0259532684087606,0,25,44.6295355973255,44.6554888657343,7.26460635243342e-05,0.000164144391197385
17-Apr-2023 15:00:00,0,0,0,0,0,25,44.6554888657343,44.6554888657343,0,0.000148607531712419
17-Apr-2023 16:00:00,0,0,0,0,0,25,44.6554888657343,44.6554888657343,0,0.000148578498297303
17-Apr-2023 17:00:00,0,0,0,0,0,25,44.6554888657343,44.6554888657343,0,0.000148549481892024
17-Apr-2023 18:00:00,0,0,0,0,0,25,44.6554888657343,44.6554888657343,0,0.000148520482480485
17-Apr-2023 19:00:00,0,0,0,0,0,25,44.6554888657343,44.6554888657343,0,0.0001484915000457
17-Apr-2023 20:00:00,0,0,0,0,0,25,44.6554888657343,44.6554888657343,0,0.000148462534571459
17-Apr-2023 21:00:00,0,0,0,0,0,25,44.6554888657343,44.6554888657343,0,0.000148433586040886
17-Apr-2023 22:00:00,0,0,0,0,0,25,44.6554888657343,44.6554888657343,0,0.000148404654437551
17-Apr-2023 23:00:00,0,0,0,0,0,25,44.6554888657343,44.6554888657343,0,0.000148375739745243
18-Apr-2023 00:00:00,0,0,0,0,0,25,44.6554888657343,44.6554888657343,0,0.0001483468419472
18-Apr-2023 01:00:00,0,0,0,0,0,25,44.6554888657343,44.6554888657343,0,0.0001483179610271
18-Apr-2023 02:00:00,0,0,0,0,0,25,44.6554888657343,44.6554888657343,0,0.000148289096968512
18-Apr-2023 03:00:00,0,0,0,0,0,25,44.6554888657343,44.6554888657343,0,0.000148260249754895
18-Apr-2023 04:00:00,0,0,0,0,0,25,44.6554888657343,44.6554888657343,0,0.000148231419370148
18-Apr-2023 05:00:00,0,0,0,0,0,25,44.6554888657343,44.6554888657343,0,0.000148202605797731
18-Apr-2023 06:00:00,0,0,0,0,0,25,44.6554888657343,44.6554888657343,0,0.000148173809021213
18-Apr-2023 07:00:00,0,0,0,0,0,25,44.6554888657343,44.6554888657343,0,0.000148145029024493
18-Apr-2023 08:00:00,0,0,0,0,0,25,44.6554888657343,44.6554888657343,0,0.000148116265791143
18-Apr-2023 09:00:00,0,0,0,0,0,25,44.6554888657343,44.6554888657343,0,0.000148087519305062
18-Apr-2023 10:00:00,0,0,0,0,0,25,44.6554888657343,44.6554888657343,0,0.00014805878954971
18-Apr-2023 11:00:00,0,0,0,0,0,25,44.6554888657343,44.6554888657343,0,0.000148030076509209
18-Apr-2023 12:00:00,0,0,0,0,0,25,44.6554888657343,44.6554888657343,0,0.000148001380167018
18-Apr-2023 13:00:00,0,0,0,0,0,25,44.6554888657343,44.6554888657343,0,0.00014797270050726
18-Apr-2023 14:00:00,0,0,0,0,0,25,44.6554888657343,44.6554888657343,0,0.000147944037513725
18-Apr-2023 15:00:00,0,0,0,0,0,25,44.6554888657343,44.6554888657343,0,0.000147915391169984
18-Apr-2023 16:00:00,0,0,0,0,0,25,44.6554888657343,44.6554888657343,0,0.00014788676146027
18-Apr-2023 17:00:00,0,0,0,0,0,25,44.6554888657343,44.6554888657343,0,0.000147858148368263
18-Apr-2023 18:00:00,0,0,0,0,0,25,44.6554888657343,44.6554888657343,0,0.000147829551878309
18-Apr-2023 19:00:00,0,0,0,0,0,25,44.6554888657343,44.6554888657343,0,0.000147800971973644
18-Apr-2023 20:00:00,0,0,0,0,0,25,44.6554888657343,44.6554888657343,0,0.000147772408638835
18-Apr-2023 21:00:00,0,0,0,0,0,25,44.6554888657343,44.6554888657343,0,0.000147743861857674
18-Apr-2023 22:00:00,0,0,0,0,0,25,44.6554888657343,44.6554888657343,0,0.000147715331614173
18-Apr-2023 23:00:00,0,0,0,0,0,25,44.6554888657343,44.6554888657343,0,0.000147686817892234
19-Apr-2023 00:00:00,0,0,0,0,0,25,44.6554888657343,44.6554888657343,0,0.000147658320676425
19-Apr-2023 01:00:00,0,0,0,0,0,25,44.6554888657343,44.6554888657343,0,0.000147629839950203
19-Apr-2023 02:00:00,0,0,0,0,0,25,44.6554888657343,44.6554888657343,0,0.000147601375697914
19-Apr-2023 03:00:00,0,0,0,0,0,25,44.6554888657343,44.6554888657343,0,0.000147572927903794
19-Apr-2023 04:00:00,0,0,0,0,0,25,44.6554888657343,44.6554888657343,0,0.000147544496551966
19-Apr-2023 05:00:00,0,0,0,0,0,25,44.6554888657343,44.6554888657343,0,0.000147516081626442
19-Apr-2023 06:00:00,-34.3173554871857,0,84.0775209436049,0,0.0420177515960045,25,44.6554888657343,44.6554888657343,0,0.000147487683111569
19-Apr-2023 07:00:00,-224.650860010015,0,550.394607024537,0,0.275059773625456,25,44.6554888657343,44.6554888657343,0,0.000172373596100006
19-Apr-2023 08:00:00,-366.197324372784,0,897.183444713321,0,0.448367538587367,25,44.6554888657343,44.6554888657343,0,0.000346560939001317
19-Apr-2023 09:00:00,-101.421775368351,0,248.48334965246,0,0.124179585033713,25,44.6554888657343,44.6554888657343,0,0.000563979583168006
19-Apr-2023 10:00:00,0,0,0,0,0,25,44.6554888657343,44.6554888657343,0,0.000589212208068735
19-Apr-2023 11:00:00,0,0,0,0,0,25,44.6554888657343,44.6554888657343,0,0.000589098995997461
19-Apr-2023 12:00:00,0,0,0,0,0,25,44.6554888657343,44.6554888657343,0,0.000588985849159229
19-Apr-2023 13:00:00,0,0,0,0,0,25,44.6554888657343,44.6554888657343,0,0.000588872767492088
19-Apr-2023 14:00:00,0,0,0,0,0,25,44.6554888657343,44.6554888657343,0,0.0005887597509322
19-Apr-2023 15:00:00,313.275973075384,799.173400702511,0,0.399387006847831,0,25,44.6554888657343,45.0548758725821,0.00124777386814529,0.000588646799418058
19-Apr-2023 16:00:00,384.503981422354,980.877503628454,0,0.490193654986733,0,25,45.0548758725821,45.5450695275689,0.00157116955715952,0.000382163283001447
19-Apr-2023 17:00:00,0,0,0,0,0,25,45.5450695275689,45.5450695275689,0,0.000147176378045177
19-Apr-2023 18:00:00,0,0,0,0,0,25,45.5450695275689,45.5450695275689,0,0.000147148175231759
19-Apr-2023 19:00:00,0,0,0,0,0,25,45.5450695275689,45.5450695275689,0,0.000147119988625155
19-Apr-2023 20:00:00,0,0,0,0,0,25,45.5450695275689,45.5450695275689,0,0.000147091818210265
19-Apr-2023 21:00:00,0,0,0,0,0,25,45.5450695275689,45.5450695275689,0,0.000147063663971103
19-Apr-2023 22:00:00,0,0,0,0,0,25,45.5450695275689,45.5450695275689,0,0.000147035525892569
19-Apr-2023 23:00:00,0,0,0,0,0,25,45.5450695275689,45.5450695275689,0,0.000147007403958677
20-Apr-2023 00:00:00,0,0,0,0,0,25,45.5450695275689,45.5450695275689,0,0.00014697929815477
20-Apr-2023 01:00:00,0,0,0,0,0,25,45.5450695275689,45.5450695275689,0,0.000146951208465085
20-Apr-2023 02:00:00,0,0,0,0,0,25,45.5450695275689,45.5450695275689,0,0.000146923134873855
20-Apr-2023 03:00:00,0,0,0,0,0,25,45.5450695275689,45.5450695275689,0,0.000146895077366205
20-Apr-2023 04:00:00,0,0,0,0,0,25,45.5450695275689,45.5450695275689,0,0.00014686703592659
20-Apr-2023 05:00:00,0,0,0,0,0,25,45.5450695275689,45.5450695275689,0,0.00014683901053969
20-Apr-2023 06:00:00,0,0,0,0,0,25,45.5450695275689,45.5450695275689,0,0.000146811001190184
20-Apr-2023 07:00:00,0,0,0,0,0,25,45.5450695275689,45.5450695275689,0,0.000146783007862972
20-Apr-2023 08:00:00,0,0,0,0,0,25,45.5450695275689,45.5450695275689,0,0.000146755030542289
20-Apr-2023 09:00:00,0,0,0,0,0,25,45.5450695275689,45.5450695275689,0,0.000146727069213703
20-Apr-2023 10:00:00,0,0,0,0,0,25,45.5450695275689,45.5450695275689,0,0.000146699123861005
20-Apr-2023 11:00:00,0,0,0,0,0,25,45.5450695275689,45.5450695275689,0,0.000146671194469761
20-Apr-2023 12:00:00,0,0,0,0,0,25,45.5450695275689,45.5450695275689,0,0.000146643281024428
20-Apr-2023 13:00:00,0,0,0,0,0,25,45.5450695275689,45.5450695275689,0,0.000146615383509907
20-Apr-2023 14:00:00,-101.077037731073,0,247.638742441128,0,0.123757492474327,25,45.5450695275689,45.5450695275689,0,0.0001465875019111
20-Apr-2023 15:00:00,97.0742430627677,247.638375160122,0,0.123757308925598,0,25,45.5450695275689,45.6688268364945,0.000355582403876509,0.000228298031381469
20-Apr-2023 16:00:00,0,0,0,0,0,25,45.6688268364945,45.6688268364945,0,0.000146531786400006
20-Apr-2023 17:00:00,-0.247840261838009,0,0.607208641503121,0,0.000303452594454333,25,45.6688268364945,45.6688268364945,0,0.000146503952457522
20-Apr-2023 18:00:00,0.23802543464358,0.607207741437705,0,0.000303452144646529,0,25,45.6688268364945,45.6691302886391,8.4045051002013e-07,0.000146660537468035
20-Apr-2023 19:00:00,0,0,0,0,0,25,45.6691302886391,45.6691302886391,0,0.000146448332123406
20-Apr-2023 20:00:00,0,0,0,0,0,25,45.6691302886391,45.6691302886391,0,0.000146420545701353
20-Apr-2023 21:00:00,0,0,0,0,0,25,45.6691302886391,45.6691302886391,0,0.000146392775089765
20-Apr-2023 22:00:00,0,0,0,0,0,25,45.6691302886391,45.6691302886391,0,0.000146365020273542
20-Apr-2023 23:00:00,0,0,0,0,0,25,45.6691302886391,45.6691302886391,0,0.000146337281237363
21-Apr-2023 00:00:00,0,0,0,0,0,25,45.6691302886391,45.6691302886391,0,0.000146309557966351
21-Apr-2023 01:00:00,0,0,0,0,0,25,45.6691302886391,45.6691302886391,0,0.000146281850446073
21-Apr-2023 02:00:00,0,0,0,0,0,25,45.6691302886391,45.6691302886391,0,0.000146254158660986
21-Apr-2023 03:00:00,0,0,0,0,0,25,45.6691302886391,45.6691302886391,0,0.000146226482596434
21-Apr-2023 04:00:00,0,0,0,0,0,25,45.6691302886391,45.6691302886391,0,0.000146198822237764
21-Apr-2023 05:00:00,0,0,0,0,0,25,45.6691302886391,45.6691302886391,0,0.000146171177569876
21-Apr-2023 06:00:00,0,0,0,0,0,25,45.6691302886391,45.6691302886391,0,0.000146143548577893
21-Apr-2023 07:00:00,-152.994698696196,0,374.837011805681,0,0.1873248434811,25,45.6691302886391,45.6691302886391,0,0.000146115935247382
21-Apr-2023 08:00:00,-280.561264060821,0,687.375096949011,0,0.343515790579216,25,45.6691302886391,45.6691302886391,0,0.000277414714591639
21-Apr-2023 09:00:00,-292.929150962508,0,717.676419858144,0,0.358658880488828,25,45.6691302886391,45.6691302886391,0,0.000393841152145802
21-Apr-2023 10:00:00,0,0,0,0,0,25,45.6691302886391,45.6691302886391,0,0.000583850544628062
21-Apr-2023 11:00:00,0,0,0,0,0,25,45.6691302886391,45.6691302886391,0,0.000583740394536125
21-Apr-2023 12:00:00,0,0,0,0,0,25,45.6691302886391,45.6691302886391,0,0.000583630306764782
21-Apr-2023 13:00:00,0,0,0,0,0,25,45.6691302886391,45.6691302886391,0,0.000583520281253636
21-Apr-2023 14:00:00,0,0,0,0,0,25,45.6691302886391,45.6691302886391,0,0.000583410317945177
21-Apr-2023 15:00:00,0,0,0,0,0,25,45.6691302886391,45.6691302886391,0,0.000583300416780341
21-Apr-2023 16:00:00,0,0,0,0,0,25,45.6691302886391,45.6691302886391,0,0.000583190577700954
21-Apr-2023 17:00:00,0,0,0,0,0,25,45.6691302886391,45.6691302886391,0,0.00058308080064795
21-Apr-2023 18:00:00,23.0078322173277,58.6934495339992,0,0.0293320587376308,0,25,45.6691302886391,45.6984623473767,8.19363714490984e-05,0.000582971085563599
21-Apr-2023 19:00:00,303.74004304881,774.847048593904,0,0.387229909342281,0,25,45.6984623473767,46.085692256719,0.00120182401582616,0.000579462927860153
21-Apr-2023 20:00:00,215.112114477052,548.755394074112,0,0.274240576748682,0,25,46.085692256719,46.3599328334677,0.000822377836258104,0.000373907351746139
21-Apr-2023 21:00:00,136.345699165459,347.820661136375,0,0.173823418858758,0,25,46.3599328334677,46.5337562523265,0.000505672254602907,0.000284907637892795
21-Apr-2023 22:00:00,19.4602295192454,49.6434426511362,0,0.0248093166672345,0,25,46.5337562523265,46.5585655689937,6.90397538049281e-05,0.000160247280019732
21-Apr-2023 23:00:00,0,0,0,0,0,25,46.5585655689937,46.5585655689937,0,0.000145676239872827
22-Apr-2023 00:00:00,0,0,0,0,0,25,46.5585655689937,46.5585655689937,0,0.00014564889053581
22-Apr-2023 01:00:00,0,0,0,0,0,25,46.5585655689937,46.5585655689937,0,0.000145621556596698
22-Apr-2023 02:00:00,0,0,0,0,0,25,46.5585655689937,46.5585655689937,0,0.000145594238041058
22-Apr-2023 03:00:00,0,0,0,0,0,25,46.5585655689937,46.5585655689937,0,0.00014556693485468
22-Apr-2023 04:00:00,0,0,0,0,0,25,46.5585655689937,46.5585655689937,0,0.000145539647022908
22-Apr-2023 05:00:00,0,0,0,0,0,25,46.5585655689937,46.5585655689937,0,0.000145512374531531
22-Apr-2023 06:00:00,0,0,0,0,0,25,46.5585655689937,46.5585655689937,0,0.000145485117365896
22-Apr-2023 07:00:00,-184.065627625656,0,450.960787682858,0,0.225367709986436,25,46.5585655689937,46.5585655689937,0,0.00014545787551179
22-Apr-2023 08:00:00,-295.288005061701,0,723.455612401167,0,0.361547032684242,25,46.5585655689937,46.5585655689937,0,0.000301891542380917
22-Apr-2023 09:00:00,-247.04844735774,0,605.268696026462,0,0.302483106460001,25,46.5585655689937,46.5585655689937,0,0.000425159464421121
22-Apr-2023 10:00:00,0,0,0,0,0,25,46.5585655689937,46.5585655689937,0,0.000581224024595928
22-Apr-2023 11:00:00,0,0,0,0,0,25,46.5585655689937,46.5585655689937,0,0.000581115354119754
22-Apr-2023 12:00:00,0,0,0,0,0,25,46.5585655689937,46.5585655689937,0,0.000581006744575285
22-Apr-2023 13:00:00,0,0,0,0,0,25,46.5585655689937,46.5585655689937,0,0.000580898195904789
22-Apr-2023 14:00:00,0,0,0,0,0,25,46.5585655689937,46.5585655689937,0,0.000580789708050977
22-Apr-2023 15:00:00,0,0,0,0,0,25,46.5585655689937,46.5585655689937,0,0.000580681280958339
22-Apr-2023 16:00:00,0,0,0,0,0,25,46.5585655689937,46.5585655689937,0,0.000580572914569144
22-Apr-2023 17:00:00,0,0,0,0,0,25,46.5585655689937,46.5585655689937,0,0.000580464608827214
22-Apr-2023 18:00:00,11.1105972946123,28.3433604454394,0,0.0141645979237578,0,25,46.5585655689937,46.5727301669175,3.9291265554714e-05,0.000580356363675705
22-Apr-2023 19:00:00,315.555663510066,804.988937525677,0,0.402293322101788,0,25,46.5727301669175,46.9750234890193,0.00125101535436073,0.000578683086465581
22-Apr-2023 20:00:00,217.220277307771,554.133360479007,0,0.276928216131438,0,25,46.9750234890193,47.2519517051507,0.000829011956468201,0.000372244977030256
22-Apr-2023 21:00:00,142.799704194113,364.284959678861,0,0.182051454112374,0,25,47.2519517051507,47.4340031592631,0.000529565936509824,0.000281752339802432
22-Apr-2023 22:00:00,10.8997125374092,27.8053891260439,0,0.0138957466896771,0,25,47.4340031592631,47.4478989059527,3.84480339555016e-05,0.000153234397243907
22-Apr-2023 23:00:00,0,0,0,0,0,25,47.4478989059527,47.4478989059527,0,0.00014502407658723
23-Apr-2023 00:00:00,0,0,0,0,0,25,47.4478989059527,47.4478989059527,0,0.000144997092852872
23-Apr-2023 01:00:00,0,0,0,0,0,25,47.4478989059527,47.4478989059527,0,0.000144970124174915
23-Apr-2023 02:00:00,0,0,0,0,0,25,47.4478989059527,47.4478989059527,0,0.000144943170539369
23-Apr-2023 03:00:00,0,0,0,0,0,25,47.4478989059527,47.4478989059527,0,0.00014491623193269
23-Apr-2023 04:00:00,0,0,0,0,0,25,47.4478989059527,47.4478989059527,0,0.000144889308340224
23-Apr-2023 05:00:00,0,0,0,0,0,25,47.4478989059527,47.4478989059527,0,0.000144862399748646
23-Apr-2023 06:00:00,0,0,0,0,0,25,47.4478989059527,47.4478989059527,0,0.000144835506143526
23-Apr-2023 07:00:00,0,0,0,0,0,25,47.4478989059527,47.4478989059527,0,0.000144808627511317
23-Apr-2023 08:00:00,0,0,0,0,0,25,47.4478989059527,47.4478989059527,0,0.000144781763838031
23-Apr-2023 09:00:00,0,0,0,0,0,25,47.4478989059527,47.4478989059527,0,0.000144754915109679
23-Apr-2023 10:00:00,0,0,0,0,0,25,47.4478989059527,47.4478989059527,0,0.000144728081312495
23-Apr-2023 11:00:00,0,0,0,0,0,25,47.4478989059527,47.4478989059527,0,0.000144701262432489
23-Apr-2023 12:00:00,0,0,0,0,0,25,47.4478989059527,47.4478989059527,0,0.00014467445845634
23-Apr-2023 13:00:00,-200.332296242979,0,490.814125795299,0,0.245284420687306,25,47.4478989059527,47.4478989059527,0,0.000144647669369613
23-Apr-2023 14:00:00,-360.313509612882,0,882.768098551561,0,0.441163467542009,25,47.4478989059527,47.4478989059527,0,0.000311499024095108
23-Apr-2023 15:00:00,-2.96678059409371,0,7.26861245552959,0,0.00363248998277341,25,47.4478989059527,47.4478989059527,0,0.000507071876483689
23-Apr-2023 16:00:00,-52.0516631719851,0,127.526574771364,0,0.0637314216748444,25,47.4478989059527,47.4478989059527,0,0.000509817079070052
23-Apr-2023 17:00:00,-110.647002312519,0,271.085155665672,0,0.13547484041263,25,47.4478989059527,47.4478989059527,0,0.000548382045103768
23-Apr-2023 18:00:00,148.412140784035,378.602399959273,0,0.189206596681296,0,25,47.4478989059527,47.637105502634,0.000551235498015473,0.000577776511494044
23-Apr-2023 19:00:00,306.545846543395,782.004710569885,0,0.390806951809038,0,25,47.637105502634,48.0279124544431,0.00120761122133875,0.000517024344794947
23-Apr-2023 20:00:00,224.057109448976,571.574258798409,0,0.285644307245582,0,25,48.0279124544431,48.3135567616887,0.000854823009055733,0.000337316340507599
23-Apr-2023 21:00:00,18.5118187084082,47.2240273173679,0,0.023600213551908,0,25,48.3135567616887,48.3371569752406,6.53279623808734e-05,0.000158159605211594
23-Apr-2023 22:00:00,0,0,0,0,0,25,48.3371569752406,48.3371569752406,0,0.0001444072353598
23-Apr-2023 23:00:00,0,0,0,0,0,25,48.3371569752406,48.3371569752406,0,0.000144380594415239
24-Apr-2023 00:00:00,0,0,0,0,0,25,48.3371569752406,48.3371569752406,0,0.00014435396821022
24-Apr-2023 01:00:00,0,0,0,0,0,25,48.3371569752406,48.3371569752406,0,0.000144327356730534
24-Apr-2023 02:00:00,0,0,0,0,0,25,48.3371569752406,48.3371569752406,0,0.000144300759962634
24-Apr-2023 03:00:00,0,0,0,0,0,25,48.3371569752406,48.3371569752406,0,0.0001442741778932
24-Apr-2023 04:00:00,0,0,0,0,0,25,48.3371569752406,48.3371569752406,0,0.000144247610508685
24-Apr-2023 05:00:00,0,0,0,0,0,25,48.3371569752406,48.3371569752406,0,0.000144221057795546
24-Apr-2023 06:00:00,0,0,0,0,0,25,48.3371569752406,48.3371569752406,0,0.000144194519740237
24-Apr-2023 07:00:00,-38.0688432295441,0,93.2686659123831,0,0.0466110274424703,25,48.3371569752406,48.3371569752406,0,0.000144167996329436
24-Apr-2023 08:00:00,-156.637271321408,0,383.761314737449,0,0.191784764986231,25,48.3371569752406,48.3371569752406,0,0.000171234541046283
24-Apr-2023 09:00:00,43.9763388290061,112.184537829097,0,0.0560642367961505,0,25,48.3371569752406,48.3932212120367,0.000156673995031054,0.000306709738528976
24-Apr-2023 10:00:00,143.01836539213,364.842768857474,0,0.182330219319077,0,25,48.3932212120367,48.5755514313558,0.000528769848112259,0.000269987064194011
24-Apr-2023 11:00:00,-104.126877620274,0,255.110850169671,0,0.127491679245213,25,48.5755514313558,48.5755514313558,0,0.000144062048860416
24-Apr-2023 12:00:00,24.026542697463,61.2922007588342,0,0.0306307849869236,0,25,48.5755514313558,48.6061822163427,8.49065523194081e-05,0.000227303780351518
24-Apr-2023 13:00:00,-273.809973424563,0,670.83443489018,0,0.335249592648766,25,48.6061822163427,48.6061822163427,0,0.00020414110991207
24-Apr-2023 14:00:00,-113.560841762823,0,278.224062318916,0,0.139042509904506,25,48.6061822163427,48.6061822163427,0,0.0003611959046117
24-Apr-2023 15:00:00,63.5805781575052,162.195352442615,0,0.0810571476474839,0,25,48.6061822163427,48.6872393639902,0.000228029526257584,0.000410130234623551
24-Apr-2023 16:00:00,313.87943667374,800.712848657501,0,0.400156346155673,0,25,48.6872393639902,49.0873957101459,0.00123643308917132,0.000373691529743425
24-Apr-2023 17:00:00,70.5414699102533,179.952729362891,0,0.0899313989819545,0,25,49.0873957101459,49.1773271091278,0.000253332620334834,0.000199046200681341
24-Apr-2023 18:00:00,0,0,0,0,0,25,49.1773271091278,49.1773271091278,0,0.000143877201500109
24-Apr-2023 19:00:00,0,0,0,0,0,25,49.1773271091278,49.1773271091278,0,0.000143850852776461
24-Apr-2023 20:00:00,0,0,0,0,0,25,49.1773271091278,49.1773271091278,0,0.000143824518523683
24-Apr-2023 21:00:00,0,0,0,0,0,25,49.1773271091278,49.1773271091278,0,0.000143798198728229
24-Apr-2023 22:00:00,0,0,0,0,0,25,49.1773271091278,49.1773271091278,0,0.000143771893376998
24-Apr-2023 23:00:00,0,0,0,0,0,25,49.1773271091278,49.1773271091278,0,0.000143745602456891
25-Apr-2023 00:00:00,0,0,0,0,0,25,49.1773271091278,49.1773271091278,0,0.000143719325954583
25-Apr-2023 01:00:00,0,0,0,0,0,25,49.1773271091278,49.1773271091278,0,0.000143693063856754
25-Apr-2023 02:00:00,0,0,0,0,0,25,49.1773271091278,49.1773271091278,0,0.000143666816150745
25-Apr-2023 03:00:00,0,0,0,0,0,25,49.1773271091278,49.1773271091278,0,0.00014364058282279
25-Apr-2023 04:00:00,0,0,0,0,0,25,49.1773271091278,49.1773271091278,0,0.000143614363860234
25-Apr-2023 05:00:00,0,0,0,0,0,25,49.1773271091278,49.1773271091278,0,0.000143588159249974
25-Apr-2023 06:00:00,0,0,0,0,0,25,49.1773271091278,49.1773271091278,0,0.000143561968978689
25-Apr-2023 07:00:00,0,0,0,0,0,25,49.1773271091278,49.1773271091278,0,0.000143535793033278
25-Apr-2023 08:00:00,0,0,0,0,0,25,49.1773271091278,49.1773271091278,0,0.00014350963140064
25-Apr-2023 09:00:00,0,0,0,0,0,25,49.1773271091278,49.1773271091278,0,0.000143483484068119
25-Apr-2023 10:00:00,-388.652099577518,0,952.197643964918,0,0.475860891536691,25,49.1773271091278,49.1773271091278,0,0.000143457351022391
25-Apr-2023 11:00:00,231.283845495764,590.009809938173,0,0.294857476230971,0,25,49.1773271091278,49.4721845853588,0.000882092735711992,0.000368686263937823
25-Apr-2023 12:00:00,141.975291449882,362.181865943577,0,0.181000432755411,0,25,49.4721845853588,49.6531850181142,0.000523210506145649,0.000267733925188418
25-Apr-2023 13:00:00,0,0,0,0,0,25,49.6531850181142,49.6531850181142,0,0.000143379037476299
25-Apr-2023 14:00:00,0,0,0,0,0,25,49.6531850181142,49.6531850181142,0,0.000143352961448073
25-Apr-2023 15:00:00,0,0,0,0,0,25,49.6531850181142,49.6531850181142,0,0.000143326899641805
25-Apr-2023 16:00:00,0,0,0,0,0,25,49.6531850181142,49.6531850181142,0,0.000143300852044836
25-Apr-2023 17:00:00,0,0,0,0,0,25,49.6531850181142,49.6531850181142,0,0.000143274818643846
25-Apr-2023 18:00:00,0,0,0,0,0,25,49.6531850181142,49.6531850181142,0,0.000143248799426177
25-Apr-2023 19:00:00,0,0,0,0,0,25,49.6531850181142,49.6531850181142,0,0.000143222794378728
25-Apr-2023 20:00:00,0,0,0,0,0,25,49.6531850181142,49.6531850181142,0,0.000143196803489065
25-Apr-2023 21:00:00,0,0,0,0,0,25,49.6531850181142,49.6531850181142,0,0.000143170826743866
25-Apr-2023 22:00:00,0,0,0,0,0,25,49.6531850181142,49.6531850181142,0,0.000143144864130917
25-Apr-2023 23:00:00,0,0,0,0,0,25,49.6531850181142,49.6531850181142,0,0.000143118915636675
26-Apr-2023 00:00:00,0,0,0,0,0,25,49.6531850181142,49.6531850181142,0,0.000143092981248927
26-Apr-2023 01:00:00,0,0,0,0,0,25,49.6531850181142,49.6531850181142,0,0.000143067060954571
26-Apr-2023 02:00:00,0,0,0,0,0,25,49.6531850181142,49.6531850181142,0,0.000143041154740953
26-Apr-2023 03:00:00,0,0,0,0,0,25,49.6531850181142,49.6531850181142,0,0.000143015262595414
26-Apr-2023 04:00:00,0,0,0,0,0,25,49.6531850181142,49.6531850181142,0,0.000142989384505077
26-Apr-2023 05:00:00,0,0,0,0,0,25,49.6531850181142,49.6531850181142,0,0.000142963520457506
26-Apr-2023 06:00:00,-80.3200299065769,0,196.784073271113,0,0.0983428652029552,25,49.6531850181142,49.6531850181142,0,0.000142937670439602
26-Apr-2023 07:00:00,-246.17845168226,0,603.137206621537,0,0.301417894363587,25,49.6531850181142,49.6531850181142,0,0.000203659437307602
26-Apr-2023 08:00:00,-192.158262135062,0,470.787742230902,0,0.235276232998952,25,49.6531850181142,49.6531850181142,0,0.000353047450825317
26-Apr-2023 09:00:00,169.930748463396,433.496807304581,0,0.216640083610485,0,25,49.6531850181142,49.8698251017247,0.000632539134911764,0.000457280613066713
26-Apr-2023 10:00:00,-33.4262641823328,0,81.8943472467154,0,0.0409267102682236,25,49.8698251017247,49.8698251017247,0,0.00035599623913618
26-Apr-2023 11:00:00,167.516331199508,427.337579590582,0,0.213562008790895,0,25,49.8698251017247,50.0833871105156,0.000622633589282828,0.000363390580071732
26-Apr-2023 12:00:00,192.76406014027,491.74505137824,0,0.245749650863688,0,25,50.0833871105156,50.3291367613793,0.000722909206022027,0.000307811264417479
26-Apr-2023 13:00:00,-185.717011018157,0,455.006676994486,0,0.227389643675405,25,50.3291367613793,50.3291367613793,0,0.000142757112087333
26-Apr-2023 14:00:00,-308.675114404884,0,756.254030291967,0,0.377938046122922,25,50.3291367613793,50.3291367613793,0,0.000297536189029834
26-Apr-2023 15:00:00,327.658367828803,835.863183236741,0,0.417722730253244,0,25,50.3291367613793,50.7468594916325,0.00129184047613046,0.000431561562818761
26-Apr-2023 16:00:00,147.151574332224,375.386669214857,0,0.187599534840008,0,25,50.7468594916325,50.9344590264726,0.000541545484173456,0.000271208571302362
26-Apr-2023 17:00:00,0,0,0,0,0,25,50.9344590264726,50.9344590264726,0,0.000142654242598628
26-Apr-2023 18:00:00,0,0,0,0,0,25,50.9344590264726,50.9344590264726,0,0.000142628559954616
26-Apr-2023 19:00:00,0,0,0,0,0,25,50.9344590264726,50.9344590264726,0,0.000142602891176846
26-Apr-2023 20:00:00,0,0,0,0,0,25,50.9344590264726,50.9344590264726,0,0.000142577236253105
26-Apr-2023 21:00:00,0,0,0,0,0,25,50.9344590264726,50.9344590264726,0,0.000142551595170293
26-Apr-2023 22:00:00,0,0,0,0,0,25,50.9344590264726,50.9344590264726,0,0.00014252596791664
26-Apr-2023 23:00:00,0,0,0,0,0,25,50.9344590264726,50.9344590264726,0,0.000142500354479491
27-Apr-2023 00:00:00,0,0,0,0,0,25,50.9344590264726,50.9344590264726,0,0.000142474754846411
27-Apr-2023 01:00:00,0,0,0,0,0,25,50.9344590264726,50.9344590264726,0,0.000142449169004744
27-Apr-2023 02:00:00,0,0,0,0,0,25,50.9344590264726,50.9344590264726,0,0.00014242359694272
27-Apr-2023 03:00:00,0,0,0,0,0,25,50.9344590264726,50.9344590264726,0,0.000142398038647462
27-Apr-2023 04:00:00,0,0,0,0,0,25,50.9344590264726,50.9344590264726,0,0.000142372494106757
27-Apr-2023 05:00:00,0,0,0,0,0,25,50.9344590264726,50.9344590264726,0,0.000142346963308171
27-Apr-2023 06:00:00,0,0,0,0,0,25,50.9344590264726,50.9344590264726,0,0.000142321446239713
27-Apr-2023 07:00:00,0,0,0,0,0,25,50.9344590264726,50.9344590264726,0,0.000142295942888948
27-Apr-2023 08:00:00,-218.204435893289,0,534.600867938557,0,0.267166850544007,25,50.9344590264726,50.9344590264726,0,0.000142270453243221
27-Apr-2023 09:00:00,37.2228446039289,94.9562362345124,0,0.0474543909217953,0,25,50.9344590264726,50.9819134173943,0.000131381217723742,0.000316842997392763
27-Apr-2023 10:00:00,-215.552222758761,0,528.102945758963,0,0.26391951312292,25,50.9819134173943,50.9819134173943,0,0.000291859726696542
27-Apr-2023 11:00:00,-157.562049449478,0,386.027021151221,0,0.192917052049586,25,50.9819134173943,50.9819134173943,0,0.000367469218252703
27-Apr-2023 12:00:00,99.9818634851905,255.055774196915,0,0.127464155020947,0,25,50.9819134173943,51.1093775724153,0.000361269413306442,0.000490845604171675
27-Apr-2023 13:00:00,88.9170735734546,226.829269320037,0,0.113357955682178,0,25,51.1093775724153,51.2227355280975,0.00031985079960431,0.000392155779934678
27-Apr-2023 14:00:00,81.5424835818976,208.016539749739,0,0.103956291729005,0,25,51.2227355280975,51.3266918198265,0.000292427080447938,0.000357163476073286
27-Apr-2023 15:00:00,40.460144993027,103.214655594457,0,0.0515815370287139,0,25,51.3266918198265,51.3782733568552,0.000142837669914159,0.000337907239160717
27-Apr-2023 16:00:00,219.764938381704,560.62484281047,0,0.280172335237616,0,25,51.3782733568552,51.6584456920928,0.000829814407638241,0.000321803505444418
27-Apr-2023 17:00:00,0,0,0,0,0,25,51.6584456920928,51.6584456920928,0,0.000142041661153947
27-Apr-2023 18:00:00,-29.7667426694045,0,72.9285195400411,0,0.0364460367516447,25,51.6584456920928,51.6584456920928,0,0.000142016307889348
27-Apr-2023 19:00:00,28.5879385568698,72.9284146858924,0,0.0364459843507708,0,25,51.6584456920928,51.6948916764436,0.000100392384767362,0.00016278255055413
27-Apr-2023 20:00:00,0,0,0,0,0,25,51.6948916764436,51.6948916764436,0,0.000141965642061814
27-Apr-2023 21:00:00,0,0,0,0,0,25,51.6948916764436,51.6948916764436,0,0.000141940329474677
27-Apr-2023 22:00:00,0,0,0,0,0,25,51.6948916764436,51.6948916764436,0,0.000141915030422268
27-Apr-2023 23:00:00,0,0,0,0,0,25,51.6948916764436,51.6948916764436,0,0.00014188974489282
28-Apr-2023 00:00:00,0,0,0,0,0,25,51.6948916764436,51.6948916764436,0,0.000141864472874342
28-Apr-2023 01:00:00,0,0,0,0,0,25,51.6948916764436,51.6948916764436,0,0.000141839214354622
28-Apr-2023 02:00:00,0,0,0,0,0,25,51.6948916764436,51.6948916764436,0,0.000141813969321669
28-Apr-2023 03:00:00,0,0,0,0,0,25,51.6948916764436,51.6948916764436,0,0.000141788737763493
28-Apr-2023 04:00:00,0,0,0,0,0,25,51.6948916764436,51.6948916764436,0,0.000141763519668103
28-Apr-2023 05:00:00,0,0,0,0,0,25,51.6948916764436,51.6948916764436,0,0.00014173831502351
28-Apr-2023 06:00:00,0,0,0,0,0,25,51.6948916764436,51.6948916764436,0,0.000141713123817944
28-Apr-2023 07:00:00,0,0,0,0,0,25,51.6948916764436,51.6948916764436,0,0.000141687946039193
28-Apr-2023 08:00:00,-205.650638508214,0,503.844064345125,0,0.25179613410551,25,51.6948916764436,51.6948916764436,0,0.000141662781675711
28-Apr-2023 09:00:00,-197.764791757176,0,484.523739805081,0,0.242140799502789,25,51.6948916764436,51.6948916764436,0,0.000308397940014693
28-Apr-2023 10:00:00,-226.812524183134,0,555.690684248678,0,0.277706488879899,25,51.6948916764436,51.6948916764436,0,0.000368801878356528
28-Apr-2023 11:00:00,-95.8161159154386,0,234.749483992824,0,0.117316083954435,25,51.6948916764436,51.6948916764436,0,0.000544171011279682
28-Apr-2023 12:00:00,0,0,0,0,0,25,51.6948916764436,51.6948916764436,0,0.000565975461014556
28-Apr-2023 13:00:00,0,0,0,0,0,25,51.6948916764436,51.6948916764436,0,0.000565875119648673
28-Apr-2023 14:00:00,175.744472262334,448.327735363096,0,0.224051841760668,0,25,51.6948916764436,51.9189435182042,0.000652179485762072,0.000565774831631893
28-Apr-2023 15:00:00,358.496150574542,914.530996363629,0,0.457036979691968,0,25,51.9189435182042,52.3759804978962,0.00142410753352265,0.000478871325609198
28-Apr-2023 16:00:00,163.026945354038,415.885064678668,0,0.207838613032818,0,25,52.3759804978962,52.583819110929,0.000601071479571058,0.000282800553336404
28-Apr-2023 17:00:00,0,0,0,0,0,25,52.583819110929,52.583819110929,0,0.000141436904119496
28-Apr-2023 18:00:00,0,0,0,0,0,25,52.583819110929,52.583819110929,0,0.000141411873253672
28-Apr-2023 19:00:00,0,0,0,0,0,25,52.583819110929,52.583819110929,0,0.000141386855672554
28-Apr-2023 20:00:00,0,0,0,0,0,25,52.583819110929,52.583819110929,0,0.000141361851364818
28-Apr-2023 21:00:00,0,0,0,0,0,25,52.583819110929,52.583819110929,0,0.000141336860318253
28-Apr-2023 22:00:00,0,0,0,0,0,25,52.583819110929,52.583819110929,0,0.000141311882521311
28-Apr-2023 23:00:00,0,0,0,0,0,25,52.583819110929,52.583819110929,0,0.000141286917962447
29-Apr-2023 00:00:00,0,0,0,0,0,25,52.583819110929,52.583819110929,0,0.000141261966629669
29-Apr-2023 01:00:00,0,0,0,0,0,25,52.583819110929,52.583819110929,0,0.000141237028511654
29-Apr-2023 02:00:00,0,0,0,0,0,25,52.583819110929,52.583819110929,0,0.000141212103596411
29-Apr-2023 03:00:00,0,0,0,0,0,25,52.583819110929,52.583819110929,0,0.000141187191872616
29-Apr-2023 04:00:00,0,0,0,0,0,25,52.583819110929,52.583819110929,0,0.000141162293328279
29-Apr-2023 05:00:00,0,0,0,0,0,25,52.583819110929,52.583819110929,0,0.000141137407952074
29-Apr-2023 06:00:00,0,0,0,0,0,25,52.583819110929,52.583819110929,0,0.000141112535732457
29-Apr-2023 07:00:00,0,0,0,0,0,25,52.583819110929,52.583819110929,0,0.000141087676657214
29-Apr-2023 08:00:00,0,0,0,0,0,25,52.583819110929,52.583819110929,0,0.000141062830715688
29-Apr-2023 09:00:00,0,0,0,0,0,25,52.583819110929,52.583819110929,0,0.000141037997895443
29-Apr-2023 10:00:00,0,0,0,0,0,25,52.583819110929,52.583819110929,0,0.000141013178185823
29-Apr-2023 11:00:00,0,0,0,0,0,25,52.583819110929,52.583819110929,0,0.000140988371574613
29-Apr-2023 12:00:00,0,0,0,0,0,25,52.583819110929,52.583819110929,0,0.00014096357805049
29-Apr-2023 13:00:00,0,0,0,0,0,25,52.583819110929,52.583819110929,0,0.000140938797601908
29-Apr-2023 14:00:00,0,0,0,0,0,25,52.583819110929,52.583819110929,0,0.000140914030217543
29-Apr-2023 15:00:00,0,0,0,0,0,25,52.583819110929,52.583819110929,0,0.000140889275885847
29-Apr-2023 16:00:00,-34.4510236042349,0,84.4050078303755,0,0.0421814132085835,25,52.583819110929,52.583819110929,0,0.000140864534595275
29-Apr-2023 17:00:00,33.0867158786278,84.4048874454792,0,0.0421813530462165,0,25,52.583819110929,52.6260004639753,0.000116115729520638,0.000164750614116249
29-Apr-2023 18:00:00,0,0,0,0,0,25,52.6260004639753,52.6260004639753,0,0.000140815091091762
29-Apr-2023 19:00:00,0,0,0,0,0,25,52.6260004639753,52.6260004639753,0,0.000140790388856393
29-Apr-2023 20:00:00,0,0,0,0,0,25,52.6260004639753,52.6260004639753,0,0.000140765699615963
29-Apr-2023 21:00:00,0,0,0,0,0,25,52.6260004639753,52.6260004639753,0,0.000140741023360036
29-Apr-2023 22:00:00,0,0,0,0,0,25,52.6260004639753,52.6260004639753,0,0.00014071636007662
29-Apr-2023 23:00:00,0,0,0,0,0,25,52.6260004639753,52.6260004639753,0,0.000140691709754392
30-Apr-2023 00:00:00,0,0,0,0,0,25,52.6260004639753,52.6260004639753,0,0.000140667072382472
30-Apr-2023 01:00:00,0,0,0,0,0,25,52.6260004639753,52.6260004639753,0,0.000140642447949091
30-Apr-2023 02:00:00,0,0,0,0,0,25,52.6260004639753,52.6260004639753,0,0.000140617836443147
30-Apr-2023 03:00:00,0,0,0,0,0,25,52.6260004639753,52.6260004639753,0,0.000140593237853093
30-Apr-2023 04:00:00,0,0,0,0,0,25,52.6260004639753,52.6260004639753,0,0.000140568652167827
30-Apr-2023 05:00:00,0,0,0,0,0,25,52.6260004639753,52.6260004639753,0,0.000140544079376026
30-Apr-2023 06:00:00,-124.863307034605,0,305.915102234782,0,0.15288111056211,25,52.6260004639753,52.6260004639753,0,0.000140519519466586
30-Apr-2023 07:00:00,-263.946441470263,0,646.668781602144,0,0.323172804398872,25,52.6260004639753,52.6260004639753,0,0.000241234320586203
30-Apr-2023 08:00:00,-337.147603396577,0,826.011628321615,0,0.412799414453581,25,52.6260004639753,52.6260004639753,0,0.000361159677004119
30-Apr-2023 09:00:00,0,0,0,0,0,25,52.6260004639753,52.6260004639753,0,0.000561512253502983
30-Apr-2023 10:00:00,0,0,0,0,0,25,52.6260004639753,52.6260004639753,0,0.00056141426689349
30-Apr-2023 11:00:00,0,0,0,0,0,25,52.6260004639753,52.6260004639753,0,0.000561316331563644
30-Apr-2023 12:00:00,0,0,0,0,0,25,52.6260004639753,52.6260004639753,0,0.000561218447468148
30-Apr-2023 13:00:00,0,0,0,0,0,25,52.6260004639753,52.6260004639753,0,0.000561120614562816
30-Apr-2023 14:00:00,0,0,0,0,0,25,52.6260004639753,52.6260004639753,0,0.000561022832803904
30-Apr-2023 15:00:00,0,0,0,0,0,25,52.6260004639753,52.6260004639753,0,0.000560925102144783
30-Apr-2023 16:00:00,0,0,0,0,0,25,52.6260004639753,52.6260004639753,0,0.000560827422542598
30-Apr-2023 17:00:00,0,0,0,0,0,25,52.6260004639753,52.6260004639753,0,0.000560729793952719
30-Apr-2023 18:00:00,0,0,0,0,0,25,52.6260004639753,52.6260004639753,0,0.000560632216330736
30-Apr-2023 19:00:00,313.962257688006,800.924126755118,0,0.400261932411353,0,25,52.6260004639753,53.0262623963866,0.00122432502318684,0.000560534689631131
30-Apr-2023 20:00:00,236.619012345146,603.619929451903,0,0.301659135158372,0,25,53.0262623963866,53.327921531545,0.00089540053628745,0.00036358324289032
30-Apr-2023 21:00:00,138.695913122074,353.816104903251,0,0.17681964263031,0,25,53.327921531545,53.5047411741753,0.000505512747989878,0.000265926505215175
30-Apr-2023 22:00:00,7.88016014756437,20.1024493560316,0,0.0100462015772272,0,25,53.5047411741753,53.5147873757525,2.73316277580316e-05,0.000145875659618433
30-Apr-2023 23:00:00,0,0,0,0,0,25,53.5147873757525,53.5147873757525,0,0.000140103961129956
01-May-2023 00:00:00,0,0,0,0,0,25,53.5147873757525,53.5147873757525,0,0.000140079631189227
01-May-2023 01:00:00,0,0,0,0,0,25,53.5147873757525,53.5147873757525,0,0.00014005531391903
01-May-2023 02:00:00,0,0,0,0,0,25,53.5147873757525,53.5147873757525,0,0.000140031009308705
01-May-2023 03:00:00,0,0,0,0,0,25,53.5147873757525,53.5147873757525,0,0.000140006717347152
01-May-2023 04:00:00,0,0,0,0,0,25,53.5147873757525,53.5147873757525,0,0.000139982438023267
01-May-2023 05:00:00,0,0,0,0,0,25,53.5147873757525,53.5147873757525,0,0.000139958171326393
01-May-2023 06:00:00,-130.122771866065,0,318.800791071859,0,0.159320735168345,25,53.5147873757525,53.5147873757525,0,0.000139933917245427
01-May-2023 07:00:00,-162.219206179748,0,397.437055140384,0,0.198619217961211,25,53.5147873757525,53.5147873757525,0,0.000245147039082516
01-May-2023 08:00:00,-87.3682964707813,0,214.052326353414,0,0.106972676838288,25,53.5147873757525,53.5147873757525,0,0.000338350607616889
01-May-2023 09:00:00,-225.656944610289,0,552.859514295209,0,0.276291611341933,25,53.5147873757525,53.5147873757525,0,0.000357095020227627
01-May-2023 10:00:00,-120.505043112892,0,295.237355626586,0,0.147544905360613,25,53.5147873757525,53.5147873757525,0,0.000525031613148652
01-May-2023 11:00:00,0,0,0,0,0,25,53.5147873757525,53.5147873757525,0,0.000558981152057214
01-May-2023 12:00:00,0,0,0,0,0,25,53.5147873757525,53.5147873757525,0,0.000558884484324285
01-May-2023 13:00:00,0,0,0,0,0,25,53.5147873757525,53.5147873757525,0,0.000558787866726584
01-May-2023 14:00:00,0,0,0,0,0,25,53.5147873757525,53.5147873757525,0,0.000558691299219261
01-May-2023 15:00:00,0,0,0,0,0,25,53.5147873757525,53.5147873757525,0,0.000558594781760346
01-May-2023 16:00:00,0,0,0,0,0,25,53.5147873757525,53.5147873757525,0,0.000558498314305877
01-May-2023 17:00:00,234.924806078443,599.297974689906,0,0.29949923772609,0,25,53.5147873757525,53.8142866134786,0.000887352722724888,0.000558401896813221
01-May-2023 18:00:00,250.425072924672,638.839471746613,0,0.319260105820396,0,25,53.8142866134786,54.133546719299,0.000950729141504236,0.000410286871917576
01-May-2023 19:00:00,211.736557337142,540.144278921281,0,0.269937170875203,0,25,54.133546719299,54.4034838901742,0.00079164361827519,0.000312209281263076
01-May-2023 20:00:00,0,0,0,0,0,25,54.4034838901742,54.4034838901742,0,0.000139595678686044
01-May-2023 21:00:00,0,0,0,0,0,25,54.4034838901742,54.4034838901742,0,0.000139571612539857
01-May-2023 22:00:00,0,0,0,0,0,25,54.4034838901742,54.4034838901742,0,0.000139547558836162
01-May-2023 23:00:00,0,0,0,0,0,25,54.4034838901742,54.4034838901742,0,0.000139523517564299
02-May-2023 00:00:00,0,0,0,0,0,25,54.4034838901742,54.4034838901742,0,0.000139499488713835
02-May-2023 01:00:00,0,0,0,0,0,25,54.4034838901742,54.4034838901742,0,0.000139475472273665
02-May-2023 02:00:00,0,0,0,0,0,25,54.4034838901742,54.4034838901742,0,0.000139451468233576
02-May-2023 03:00:00,0,0,0,0,0,25,54.4034838901742,54.4034838901742,0,0.000139427476582688
02-May-2023 04:00:00,0,0,0,0,0,25,54.4034838901742,54.4034838901742,0,0.000139403497310342
02-May-2023 05:00:00,0,0,0,0,0,25,54.4034838901742,54.4034838901742,0,0.000139379530405437
02-May-2023 06:00:00,0,0,0,0,0,25,54.4034838901742,54.4034838901742,0,0.000139355575858424
02-May-2023 07:00:00,-143.741064409393,0,352.165607803013,0,0.175994806498257,25,54.4034838901742,54.4034838901742,0,0.000139331633657536
02-May-2023 08:00:00,138.048723458453,352.165110863401,0,0.175994558152624,0,25,54.4034838901742,54.5794784483268,0.000501719514485272,0.000256521792061815
02-May-2023 09:00:00,0,0,0,0,0,25,54.5794784483268,54.5794784483268,0,0.000139283786253719
02-May-2023 10:00:00,0,0,0,0,0,25,54.5794784483268,54.5794784483268,0,0.000139259881029696
02-May-2023 11:00:00,0,0,0,0,0,25,54.5794784483268,54.5794784483268,0,0.000139235988109387
02-May-2023 12:00:00,0,0,0,0,0,25,54.5794784483268,54.5794784483268,0,0.000139212107483466
02-May-2023 13:00:00,0,0,0,0,0,25,54.5794784483268,54.5794784483268,0,0.000139188239140386
02-May-2023 14:00:00,-230.584281450581,0,564.931489553925,0,0.282324582485719,25,54.5794784483268,54.5794784483268,0,0.000139164383069934
02-May-2023 15:00:00,-103.971017343941,0,254.728992492655,0,0.127300845823416,25,54.5794784483268,54.5794784483268,0,0.000316027546624298
02-May-2023 16:00:00,282.087741988842,719.61158670623,0,0.359625980362934,0,25,54.5794784483268,54.9391044286898,0.00108178973295131,0.000345352305302971
02-May-2023 17:00:00,-11.1376349418341,0,27.2872056074937,0,0.0136367844115411,25,54.9391044286898,54.9391044286898,0,0.000167221127916894
02-May-2023 18:00:00,49.9137596741471,127.331019576906,0,0.0636336929419819,0,25,54.9391044286898,55.0027381216318,0.00017527149197763,0.000175355023696699
02-May-2023 19:00:00,0,0,0,0,0,25,55.0027381216318,55.0027381216318,0,0.000139045286441375
02-May-2023 20:00:00,0,0,0,0,0,25,55.0027381216318,55.0027381216318,0,0.000139021503786863
02-May-2023 21:00:00,0,0,0,0,0,25,55.0027381216318,55.0027381216318,0,0.000138997733331703
02-May-2023 22:00:00,0,0,0,0,0,25,55.0027381216318,55.0027381216318,0,0.000138973975065682
02-May-2023 23:00:00,0,0,0,0,0,25,55.0027381216318,55.0027381216318,0,0.000138950228977919
03-May-2023 00:00:00,0,0,0,0,0,25,55.0027381216318,55.0027381216318,0,0.000138926495058422
03-May-2023 01:00:00,0,0,0,0,0,25,55.0027381216318,55.0027381216318,0,0.000138902773296534
03-May-2023 02:00:00,0,0,0,0,0,25,55.0027381216318,55.0027381216318,0,0.00013887906368204
03-May-2023 03:00:00,0,0,0,0,0,25,55.0027381216318,55.0027381216318,0,0.000138855366204504
03-May-2023 04:00:00,0,0,0,0,0,25,55.0027381216318,55.0027381216318,0,0.000138831680853713
03-May-2023 05:00:00,0,0,0,0,0,25,55.0027381216318,55.0027381216318,0,0.000138808007619229
03-May-2023 06:00:00,-140.222854349283,0,343.545993155743,0,0.171687153001371,25,55.0027381216318,55.0027381216318,0,0.000138784346490617
03-May-2023 07:00:00,-236.19652805065,0,578.681493724092,0,0.289196148787652,25,55.0027381216318,55.0027381216318,0,0.000252367948410104
03-May-2023 08:00:00,-317.321297379951,0,777.437178580881,0,0.388524327126877,25,55.0027381216318,55.0027381216318,0,0.000353400015568051
03-May-2023 09:00:00,-32.0162358568008,0,78.4397778491621,0,0.0392002887801909,25,55.0027381216318,55.0027381216318,0,0.000550096861073435
03-May-2023 10:00:00,0,0,0,0,0,25,55.0027381216318,55.0027381216318,0,0.000554491270831292
03-May-2023 11:00:00,0,0,0,0,0,25,55.0027381216318,55.0027381216318,0,0.00055439691342829
03-May-2023 12:00:00,0,0,0,0,0,25,55.0027381216318,55.0027381216318,0,0.000554302604177881
03-May-2023 13:00:00,0,0,0,0,0,25,55.0027381216318,55.0027381216318,0,0.000554208343041429
03-May-2023 14:00:00,0,0,0,0,0,25,55.0027381216318,55.0027381216318,0,0.000554114129976302
03-May-2023 15:00:00,0,0,0,0,0,25,55.0027381216318,55.0027381216318,0,0.000554019964942309
03-May-2023 16:00:00,0,0,0,0,0,25,55.0027381216318,55.0027381216318,0,0.000553925847898595
03-May-2023 17:00:00,0,0,0,0,0,25,55.0027381216318,55.0027381216318,0,0.000553831778804748
03-May-2023 18:00:00,0,0,0,0,0,25,55.0027381216318,55.0027381216318,0,0.000553737757619688
03-May-2023 19:00:00,312.904203720376,798.225009490754,0,0.398913048221266,0,25,55.0027381216318,55.401651169853,0.00121270043804703,0.000553643784302782
03-May-2023 20:00:00,244.291531105075,623.192681390498,0,0.311440620385056,0,25,55.401651169853,55.7130917902381,0.000921810450157129,0.000359448839348131
03-May-2023 21:00:00,139.76993401288,356.555954114489,0,0.178188882615936,0,25,55.7130917902381,55.891280672854,0.000506724037943301,0.000256515329526197
03-May-2023 22:00:00,0,0,0,0,0,25,55.891280672854,55.891280672854,0,0.000138407406467422
03-May-2023 23:00:00,0,0,0,0,0,25,55.891280672854,55.891280672854,0,0.000138383949572329
04-May-2023 00:00:00,0,0,0,0,0,25,55.891280672854,55.891280672854,0,0.000138360504599477
04-May-2023 01:00:00,0,0,0,0,0,25,55.891280672854,55.891280672854,0,0.000138337071538874
04-May-2023 02:00:00,0,0,0,0,0,25,55.891280672854,55.891280672854,0,0.000138313650379862
04-May-2023 03:00:00,0,0,0,0,0,25,55.891280672854,55.891280672854,0,0.000138290241112893
04-May-2023 04:00:00,0,0,0,0,0,25,55.891280672854,55.891280672854,0,0.000138266843727974
04-May-2023 05:00:00,0,0,0,0,0,25,55.891280672854,55.891280672854,0,0.000138243458214893
04-May-2023 06:00:00,-82.9437768480771,0,203.212253277789,0,0.101555348964412,25,55.891280672854,55.891280672854,0,0.000138220084563434
04-May-2023 07:00:00,-213.888450924954,0,524.026704766138,0,0.26188241117748,25,55.891280672854,55.891280672854,0,0.000199241100162117
04-May-2023 08:00:00,-292.168023996209,0,715.811658790712,0,0.3577269659124,25,55.891280672854,55.891280672854,0,0.000335269886894807
04-May-2023 09:00:00,-136.673944501995,0,334.851164029888,0,0.167341911059415,25,55.891280672854,55.891280672854,0,0.000508196763155722
04-May-2023 10:00:00,0,0,0,0,0,25,55.891280672854,55.891280672854,0,0.000552239901240981
04-May-2023 11:00:00,0,0,0,0,0,25,55.891280672854,55.891280672854,0,0.000552146688326927
04-May-2023 12:00:00,0,0,0,0,0,25,55.891280672854,55.891280672854,0,0.000552053522596463
04-May-2023 13:00:00,0,0,0,0,0,25,55.891280672854,55.891280672854,0,0.000551960404010954
04-May-2023 14:00:00,0,0,0,0,0,25,55.891280672854,55.891280672854,0,0.000551867332530431
04-May-2023 15:00:00,0,0,0,0,0,25,55.891280672854,55.891280672854,0,0.000551774308114927
04-May-2023 16:00:00,0,0,0,0,0,25,55.891280672854,55.891280672854,0,0.000551681330724918
04-May-2023 17:00:00,18.4318093470272,47.0199218036407,0,0.0234982117959224,0,25,55.891280672854,55.9147788846499,6.38170432517016e-05,0.000551588400321545
04-May-2023 18:00:00,325.93659011028,831.470893138468,0,0.41552768272787,0,25,55.9147788846499,56.3303065673778,0.00126667277124773,0.000548963887679443
04-May-2023 19:00:00,329.024045431963,839.347054673375,0,0.419463795438968,0,25,56.3303065673778,56.7497703628168,0.00127892624864873,0.000349097970214984
04-May-2023 20:00:00,23.5004805934977,59.9502055956575,0,0.0299601227364605,0,25,56.7497703628168,56.7797304855532,8.13577091115791e-05,0.000154505018568951
04-May-2023 21:00:00,0,0,0,0,0,25,56.7797304855532,56.7797304855532,0,0.000137870896418368
04-May-2023 22:00:00,0,0,0,0,0,25,56.7797304855532,56.7797304855532,0,0.000137847711200401
04-May-2023 23:00:00,0,0,0,0,0,25,56.7797304855532,56.7797304855532,0,0.000137824537675302
05-May-2023 00:00:00,0,0,0,0,0,25,56.7797304855532,56.7797304855532,0,0.000137801375833302
05-May-2023 01:00:00,0,0,0,0,0,25,56.7797304855532,56.7797304855532,0,0.000137778225664853
05-May-2023 02:00:00,0,0,0,0,0,25,56.7797304855532,56.7797304855532,0,0.000137755087159741
05-May-2023 03:00:00,0,0,0,0,0,25,56.7797304855532,56.7797304855532,0,0.000137731960308196
05-May-2023 04:00:00,0,0,0,0,0,25,56.7797304855532,56.7797304855532,0,0.000137708845100892
05-May-2023 05:00:00,0,0,0,0,0,25,56.7797304855532,56.7797304855532,0,0.000137685741527838
05-May-2023 06:00:00,-39.2299121600103,0,96.1132847920253,0,0.0480326260829712,25,56.7797304855532,56.7797304855532,0,0.000137662649578818
05-May-2023 07:00:00,3.3980115487639,8.66839680807118,0,0.00433203238784167,0,25,56.7797304855532,56.7840625179411,1.167441862715e-05,0.000164349187285584
05-May-2023 08:00:00,-301.448650743169,0,738.549194320764,0,0.369090052134315,25,56.7840625179411,56.7840625179411,0,0.000161851229957932
05-May-2023 09:00:00,-349.777361313073,0,856.954535217029,0,0.428263136040494,25,56.7840625179411,56.7840625179411,0,0.000342091029004177
05-May-2023 10:00:00,-38.6778978957196,0,94.7608498445129,0,0.047356746548982,25,56.7840625179411,56.7840625179411,0,0.00054444251850283
05-May-2023 11:00:00,0,0,0,0,0,25,56.7840625179411,56.7840625179411,0,0.000549923642777728
05-May-2023 12:00:00,0,0,0,0,0,25,56.7840625179411,56.7840625179411,0,0.000549831597643768
05-May-2023 13:00:00,0,0,0,0,0,25,56.7840625179411,56.7840625179411,0,0.000549739598712629
05-May-2023 14:00:00,0,0,0,0,0,25,56.7840625179411,56.7840625179411,0,0.000549647645947227
05-May-2023 15:00:00,0,0,0,0,0,25,56.7840625179411,56.7840625179411,0,0.000549555739307594
05-May-2023 16:00:00,0,0,0,0,0,25,56.7840625179411,56.7840625179411,0,0.000549463878755763
05-May-2023 17:00:00,155.255014132275,396.058709521111,0,0.197930389565773,0,25,56.7840625179411,56.9819929075068,0.000564724779201581,0.000549372064253317
05-May-2023 18:00:00,374.122753839897,954.394780203818,0,0.476958910646586,0,25,56.9819929075068,57.4589518181534,0.00147683688569045,0.000485280316894876
05-May-2023 19:00:00,167.444844192734,427.155214777383,0,0.213470871952715,0,25,57.4589518181534,57.6724226901061,0.0006109152750432,0.000278216171463397
05-May-2023 20:00:00,0,0,0,0,0,25,57.6724226901061,57.6724226901061,0,0.000137340577426315
05-May-2023 21:00:00,0,0,0,0,0,25,57.6724226901061,57.6724226901061,0,0.000137317658681191
05-May-2023 22:00:00,0,0,0,0,0,25,57.6724226901061,57.6724226901061,0,0.000137294751405781
05-May-2023 23:00:00,0,0,0,0,0,25,57.6724226901061,57.6724226901061,0,0.000137271855590981
06-May-2023 00:00:00,0,0,0,0,0,25,57.6724226901061,57.6724226901061,0,0.0001372489712268
06-May-2023 01:00:00,0,0,0,0,0,25,57.6724226901061,57.6724226901061,0,0.000137226098303911
06-May-2023 02:00:00,0,0,0,0,0,25,57.6724226901061,57.6724226901061,0,0.000137203236812766
06-May-2023 03:00:00,0,0,0,0,0,25,57.6724226901061,57.6724226901061,0,0.000137180386743596
06-May-2023 04:00:00,0,0,0,0,0,25,57.6724226901061,57.6724226901061,0,0.000137157548087075
06-May-2023 05:00:00,0,0,0,0,0,25,57.6724226901061,57.6724226901061,0,0.000137134720834098
06-May-2023 06:00:00,0,0,0,0,0,25,57.6724226901061,57.6724226901061,0,0.000137111904974452
06-May-2023 07:00:00,0,0,0,0,0,25,57.6724226901061,57.6724226901061,0,0.000137089100499255
06-May-2023 08:00:00,0,0,0,0,0,25,57.6724226901061,57.6724226901061,0,0.000137066307398515
06-May-2023 09:00:00,0,0,0,0,0,25,57.6724226901061,57.6724226901061,0,0.00013704352566335
06-May-2023 10:00:00,0,0,0,0,0,25,57.6724226901061,57.6724226901061,0,0.000137020755283768
06-May-2023 11:00:00,0,0,0,0,0,25,57.6724226901061,57.6724226901061,0,0.000136997996250887
06-May-2023 12:00:00,0,0,0,0,0,25,57.6724226901061,57.6724226901061,0,0.000136975248554938
06-May-2023 13:00:00,0,0,0,0,0,25,57.6724226901061,57.6724226901061,0,0.000136952512186594
06-May-2023 14:00:00,0,0,0,0,0,25,57.6724226901061,57.6724226901061,0,0.000136929787136308
06-May-2023 15:00:00,0,0,0,0,0,25,57.6724226901061,57.6724226901061,0,0.000136907073394976
06-May-2023 16:00:00,0,0,0,0,0,25,57.6724226901061,57.6724226901061,0,0.00013688437095305
06-May-2023 17:00:00,0,0,0,0,0,25,57.6724226901061,57.6724226901061,0,0.000136861679800981
06-May-2023 18:00:00,0,0,0,0,0,25,57.6724226901061,57.6724226901061,0,0.000136838999929889
06-May-2023 19:00:00,0,0,0,0,0,25,57.6724226901061,57.6724226901061,0,0.000136816331330225
06-May-2023 20:00:00,0,0,0,0,0,25,57.6724226901061,57.6724226901061,0,0.000136793673992219
06-May-2023 21:00:00,0,0,0,0,0,25,57.6724226901061,57.6724226901061,0,0.000136771027907212
06-May-2023 22:00:00,0,0,0,0,0,25,57.6724226901061,57.6724226901061,0,0.000136748393065655
06-May-2023 23:00:00,0,0,0,0,0,25,57.6724226901061,57.6724226901061,0,0.000136725769458224
07-May-2023 00:00:00,0,0,0,0,0,25,57.6724226901061,57.6724226901061,0,0.000136703157075369
07-May-2023 01:00:00,0,0,0,0,0,25,57.6724226901061,57.6724226901061,0,0.000136680555907986
07-May-2023 02:00:00,0,0,0,0,0,25,57.6724226901061,57.6724226901061,0,0.000136657965947196
07-May-2023 03:00:00,0,0,0,0,0,25,57.6724226901061,57.6724226901061,0,0.000136635387183226
07-May-2023 04:00:00,0,0,0,0,0,25,57.6724226901061,57.6724226901061,0,0.000136612819606974
07-May-2023 05:00:00,0,0,0,0,0,25,57.6724226901061,57.6724226901061,0,0.000136590263209335
07-May-2023 06:00:00,0,0,0,0,0,25,57.6724226901061,57.6724226901061,0,0.000136567717980984
07-May-2023 07:00:00,0,0,0,0,0,25,57.6724226901061,57.6724226901061,0,0.000136545183912817
07-May-2023 08:00:00,0,0,0,0,0,25,57.6724226901061,57.6724226901061,0,0.000136522660995508
07-May-2023 09:00:00,-225.125835588221,0,551.558297191141,0,0.275641327931605,25,57.6724226901061,57.6724226901061,0,0.000136500149219509
07-May-2023 10:00:00,-195.881918665628,0,479.910700730787,0,0.239835432649069,25,57.6724226901061,57.6724226901061,0,0.000307500998932175
07-May-2023 11:00:00,-50.3476280470515,0,123.351688715276,0,0.0616450218467147,25,57.6724226901061,57.6724226901061,0,0.000362291935828152
07-May-2023 12:00:00,-165.704921646211,0,405.977058033217,0,0.202887085473872,25,57.6724226901061,57.6724226901061,0,0.000392844595236808
07-May-2023 13:00:00,-88.4347852639355,0,216.665223896642,0,0.108278472711965,25,57.6724226901061,57.6724226901061,0,0.000527100790482571
07-May-2023 14:00:00,0,0,0,0,0,25,57.6724226901061,57.6724226901061,0,0.000545287456874766
07-May-2023 15:00:00,0,0,0,0,0,25,57.6724226901061,57.6724226901061,0,0.000545197719777679
07-May-2023 16:00:00,19.4969719245233,49.7371732768452,0,0.024856158559143,0,25,57.6724226901061,57.6972788486653,6.72529567686819e-05,0.000545108026970498
07-May-2023 17:00:00,-20.300761094803,0,49.7368646822674,0,0.0248560043389642,25,57.6972788486653,57.6972788486653,0,0.000542360350394455
07-May-2023 18:00:00,197.842191855594,504.699469019371,0,0.252223622698336,0,25,57.6972788486653,57.9495024713636,0.000729706649370165,0.000544928774076636
07-May-2023 19:00:00,311.944239697393,795.776121677022,0,0.397689216230396,0,25,57.9495024713636,58.347191687594,0.00120028419238391,0.000437552872863955
07-May-2023 20:00:00,186.944279645976,476.898672566266,0,0.238330171197534,0,25,58.347191687594,58.5855218587916,0.000685690506955133,0.000290082693088278
07-May-2023 21:00:00,0,0,0,0,0,25,58.5855218587916,58.5855218587916,0,0.000136230873630572
07-May-2023 22:00:00,0,0,0,0,0,25,58.5855218587916,58.5855218587916,0,0.000136208505865154
07-May-2023 23:00:00,0,0,0,0,0,25,58.5855218587916,58.5855218587916,0,0.000136186149113593
08-May-2023 00:00:00,0,0,0,0,0,25,58.5855218587916,58.5855218587916,0,0.000136163803367007
08-May-2023 01:00:00,0,0,0,0,0,25,58.5855218587916,58.5855218587916,0,0.000136141468616513
08-May-2023 02:00:00,0,0,0,0,0,25,58.5855218587916,58.5855218587916,0,0.000136119144853231
08-May-2023 03:00:00,0,0,0,0,0,25,58.5855218587916,58.5855218587916,0,0.000136096832067611
08-May-2023 04:00:00,0,0,0,0,0,25,58.5855218587916,58.5855218587916,0,0.000136074530251218
08-May-2023 05:00:00,0,0,0,0,0,25,58.5855218587916,58.5855218587916,0,0.000136052239394946
08-May-2023 06:00:00,-178.510016071081,0,437.349539374148,0,0.218565486943602,25,58.5855218587916,58.5855218587916,0,0.00013602995948947
08-May-2023 07:00:00,-278.081656222024,0,681.300057743959,0,0.340479788977491,25,58.5855218587916,58.5855218587916,0,0.000278553863122921
08-May-2023 08:00:00,-268.838049744799,0,658.653221874756,0,0.329162029922417,25,58.5855218587916,58.5855218587916,0,0.000380709366096799
08-May-2023 09:00:00,0,0,0,0,0,25,58.5855218587916,58.5855218587916,0,0.00054358999034565
08-May-2023 10:00:00,0,0,0,0,0,25,58.5855218587916,58.5855218587916,0,0.000543501088555054
08-May-2023 11:00:00,0,0,0,0,0,25,58.5855218587916,58.5855218587916,0,0.000543412230368023
08-May-2023 12:00:00,0,0,0,0,0,25,58.5855218587916,58.5855218587916,0,0.000543323415749697
08-May-2023 13:00:00,0,0,0,0,0,25,58.5855218587916,58.5855218587916,0,0.00054323464466477
08-May-2023 14:00:00,0,0,0,0,0,25,58.5855218587916,58.5855218587916,0,0.000543145917077048
08-May-2023 15:00:00,0,0,0,0,0,25,58.5855218587916,58.5855218587916,0,0.000543057232951005
08-May-2023 16:00:00,0,0,0,0,0,25,58.5855218587916,58.5855218587916,0,0.000542968592252224
08-May-2023 17:00:00,0,0,0,0,0,25,58.5855218587916,58.5855218587916,0,0.000542879994944068
08-May-2023 18:00:00,0,0,0,0,0,25,58.5855218587916,58.5855218587916,0,0.000542791440991675
08-May-2023 19:00:00,310.004038132233,790.826627888349,0,0.395215706091129,0,25,58.5855218587916,58.9807375648827,0.00119023634213775,0.000542702930359074
08-May-2023 20:00:00,243.438527524865,621.016651849146,0,0.310353149349898,0,25,58.9807375648827,59.2910907142326,0.000910764894297589,0.000353301424472763
08-May-2023 21:00:00,143.209006713627,365.329098759254,0,0.182573262748253,0,25,59.2910907142326,59.4736639769808,0.000515619071954049,0.000254589377741032
08-May-2023 22:00:00,0,0,0,0,0,25,59.4736639769808,59.4736639769808,0,0.000135674963062993
08-May-2023 23:00:00,0,0,0,0,0,25,59.4736639769808,59.4736639769808,0,0.000135652867962133
09-May-2023 00:00:00,0,0,0,0,0,25,59.4736639769808,59.4736639769808,0,0.000135630783652863
09-May-2023 01:00:00,0,0,0,0,0,25,59.4736639769808,59.4736639769808,0,0.000135608710125856
09-May-2023 02:00:00,0,0,0,0,0,25,59.4736639769808,59.4736639769808,0,0.000135586647372676
09-May-2023 03:00:00,0,0,0,0,0,25,59.4736639769808,59.4736639769808,0,0.000135564595384219
09-May-2023 04:00:00,0,0,0,0,0,25,59.4736639769808,59.4736639769808,0,0.000135542554152268
09-May-2023 05:00:00,0,0,0,0,0,25,59.4736639769808,59.4736639769808,0,0.000135520523667498
09-May-2023 06:00:00,-159.970177931405,0,391.926935931943,0,0.195865535198372,25,59.4736639769808,59.4736639769808,0,0.000135498503921694
09-May-2023 07:00:00,-262.781169359533,0,643.813864930856,0,0.32174605943571,25,59.4736639769808,59.4736639769808,0,0.000263227616784212
09-May-2023 08:00:00,-302.596865024222,0,741.362319309345,0,0.370495911698823,25,59.4736639769808,59.4736639769808,0,0.000360436084575477
09-May-2023 09:00:00,0,0,0,0,0,25,59.4736639769808,59.4736639769808,0,0.00054146831044255
09-May-2023 10:00:00,0,0,0,0,0,25,59.4736639769808,59.4736639769808,0,0.000541380445400419
09-May-2023 11:00:00,0,0,0,0,0,25,59.4736639769808,59.4736639769808,0,0.000541292623118972
09-May-2023 12:00:00,0,0,0,0,0,25,59.4736639769808,59.4736639769808,0,0.000541204843562682
09-May-2023 13:00:00,0,0,0,0,0,25,59.4736639769808,59.4736639769808,0,0.000541117106696909
09-May-2023 14:00:00,0,0,0,0,0,25,59.4736639769808,59.4736639769808,0,0.000541029412488347
09-May-2023 15:00:00,0,0,0,0,0,25,59.4736639769808,59.4736639769808,0,0.000540941760900804
09-May-2023 16:00:00,0,0,0,0,0,25,59.4736639769808,59.4736639769808,0,0.000540854151900305
09-May-2023 17:00:00,0,0,0,0,0,25,59.4736639769808,59.4736639769808,0,0.000540766585453101
09-May-2023 18:00:00,0,0,0,0,0,25,59.4736639769808,59.4736639769808,0,0.000540679061524107
09-May-2023 19:00:00,296.971882675686,757.581333356341,0,0.378601365995173,0,25,59.4736639769808,59.852265342976,0.00113238839424756,0.000540591580078464
09-May-2023 20:00:00,237.425158987665,605.67642598894,0,0.30268686955969,0,25,59.852265342976,60.1549522125357,0.000884554036309604,0.000356927735420731
09-May-2023 21:00:00,161.72814503722,412.571798564336,0,0.206182807878229,0,25,60.1549522125357,60.3611350204139,0.000585250227973566,0.000269670809152078
09-May-2023 22:00:00,0.448380908873907,1.14382884916813,0,0.000571628610278926,0,25,60.3611350204139,60.3617066490242,1.52641987688495e-06,0.000135468509440795
09-May-2023 23:00:00,0,0,0,0,0,25,60.3617066490242,60.3617066490242,0,0.000135125802852132
10-May-2023 00:00:00,0,0,0,0,0,25,60.3617066490242,60.3617066490242,0,0.000135103974921336
10-May-2023 01:00:00,0,0,0,0,0,25,60.3617066490242,60.3617066490242,0,0.000135082157565414
10-May-2023 02:00:00,0,0,0,0,0,25,60.3617066490242,60.3617066490242,0,0.000135060350775262
10-May-2023 03:00:00,0,0,0,0,0,25,60.3617066490242,60.3617066490242,0,0.000135038554542888
10-May-2023 04:00:00,0,0,0,0,0,25,60.3617066490242,60.3617066490242,0,0.000135016768859852
10-May-2023 05:00:00,0,0,0,0,0,25,60.3617066490242,60.3617066490242,0,0.000134994993717275
10-May-2023 06:00:00,-108.631866879192,0,266.148073854019,0,0.13300753316043,25,60.3617066490242,60.3617066490242,0,0.000134973229106938
10-May-2023 07:00:00,-226.75509983054,0,555.549994584822,0,0.27763617920281,25,60.3617066490242,60.3617066490242,0,0.000217141859011116
10-May-2023 08:00:00,-318.935245975114,0,781.39135263903,0,0.390500426106462,25,60.3617066490242,60.3617066490242,0,0.000335162615096696
10-May-2023 09:00:00,-70.9446243836705,0,173.814329739993,0,0.0868637330034946,25,60.3617066490242,60.3617066490242,0,0.000526839522475786
10-May-2023 10:00:00,0,0,0,0,0,25,60.3617066490242,60.3617066490242,0,0.000539284433198173
10-May-2023 11:00:00,0,0,0,0,0,25,60.3617066490242,60.3617066490242,0,0.000539197626849175
10-May-2023 12:00:00,0,0,0,0,0,25,60.3617066490242,60.3617066490242,0,0.000539110862404879
10-May-2023 13:00:00,0,0,0,0,0,25,60.3617066490242,60.3617066490242,0,0.000539024139832422
10-May-2023 14:00:00,0,0,0,0,0,25,60.3617066490242,60.3617066490242,0,0.00053893745909761
10-May-2023 15:00:00,0,0,0,0,0,25,60.3617066490242,60.3617066490242,0,0.000538850820166692
10-May-2023 16:00:00,0,0,0,0,0,25,60.3617066490242,60.3617066490242,0,0.000538764223006138
10-May-2023 17:00:00,25.8561176012739,65.9594836767192,0,0.0329632602082555,0,25,60.3617066490242,60.3946699092325,8.88663875134588e-05,0.000538677667582643
10-May-2023 18:00:00,87.2701017901302,222.627810689108,0,0.111258276206451,0,25,60.3946699092325,60.5059281854389,0.000306926253044987,0.000535009864418123
10-May-2023 19:00:00,320.907462330198,818.641485536219,0,0.409116184675771,0,25,60.5059281854389,60.9150443701147,0.0012319344249572,0.00050717502000408
10-May-2023 20:00:00,232.616866118969,593.410372752473,0,0.296556907922275,0,25,60.9150443701147,61.211601278037,0.0008630854702118,0.00032099927204321
10-May-2023 21:00:00,29.8481513924228,76.1432433480174,0,0.0380525953763205,0,25,61.211601278037,61.2496538734133,0.000102552119287114,0.000155264395019339
10-May-2023 22:00:00,0,0,0,0,0,25,61.2496538734133,61.2496538734133,0,0.000134626420810191
10-May-2023 23:00:00,0,0,0,0,0,25,61.2496538734133,61.2496538734133,0,0.000134604833954999
11-May-2023 00:00:00,0,0,0,0,0,25,61.2496538734133,61.2496538734133,0,0.000134583257480392
11-May-2023 01:00:00,0,0,0,0,0,25,61.2496538734133,61.2496538734133,0,0.000134561691378376
11-May-2023 02:00:00,0,0,0,0,0,25,61.2496538734133,61.2496538734133,0,0.000134540135640293
11-May-2023 03:00:00,0,0,0,0,0,25,61.2496538734133,61.2496538734133,0,0.00013451859025837
11-May-2023 04:00:00,0,0,0,0,0,25,61.2496538734133,61.2496538734133,0,0.000134497055223948
11-May-2023 05:00:00,0,0,0,0,0,25,61.2496538734133,61.2496538734133,0,0.000134475530528588
11-May-2023 06:00:00,0,0,0,0,0,25,61.2496538734133,61.2496538734133,0,0.00013445401616452
11-May-2023 07:00:00,-152.362893946106,0,373.289090167959,0,0.186551269449255,25,61.2496538734133,61.2496538734133,0,0.000134432512123084
11-May-2023 08:00:00,-216.328583674054,0,530.005030001431,0,0.264870079960735,25,61.2496538734133,61.2496538734133,0,0.000254940701155615
11-May-2023 09:00:00,-284.181290939462,0,696.244162801682,0,0.347948107347167,25,61.2496538734133,61.2496538734133,0,0.000340583344211387
11-May-2023 10:00:00,-72.314315497578,0,177.170072969066,0,0.0885407661014822,25,61.2496538734133,61.2496538734133,0,0.000524347472898201
11-May-2023 11:00:00,0,0,0,0,0,25,61.2496538734133,61.2496538734133,0,0.000537126768948237
11-May-2023 12:00:00,0,0,0,0,0,25,61.2496538734133,61.2496538734133,0,0.0005370410002008
11-May-2023 13:00:00,11.2690789110028,28.7476502831705,0,0.0143666418206749,0,25,61.2496538734133,61.264020515234,3.84455464993438e-05,0.000536955272527839
11-May-2023 14:00:00,-11.7336663727228,0,28.7474826131709,0,0.0143665580275716,25,61.264020515234,61.264020515234,0,0.000535397673742777
11-May-2023 15:00:00,25.519715722493,65.1013156186045,0,0.0325343906139953,0,25,61.264020515234,61.296554905848,8.75278593607254e-05,0.000536783940270791
11-May-2023 16:00:00,37.7258949103134,96.239527832432,0,0.0480957160581869,0,25,61.296554905848,61.3446506219061,0.000129978609481551,0.000533181193132171
11-May-2023 17:00:00,232.389303037778,592.829854688209,0,0.296266793947131,0,25,61.3446506219061,61.6409174158533,0.00086136181713159,0.000525489658426137
11-May-2023 18:00:00,331.599682321995,845.917556943864,0,0.422747404769547,0,25,61.6409174158533,62.0636648206228,0.00127500469341799,0.000354839753227365
11-May-2023 19:00:00,69.1973940105813,176.523964312708,0,0.0882178732197439,0,25,62.0636648206228,62.1518826938426,0.000240852661932855,0.000184553775399499
11-May-2023 20:00:00,0,0,0,0,0,25,62.1518826938426,62.1518826938426,0,0.00013415389521465
11-May-2023 21:00:00,0,0,0,0,0,25,62.1518826938426,62.1518826938426,0,0.000134132534829856
11-May-2023 22:00:00,0,0,0,0,0,25,62.1518826938426,62.1518826938426,0,0.000134111184644681
11-May-2023 23:00:00,0,0,0,0,0,25,62.1518826938426,62.1518826938426,0,0.000134089844651575
12-May-2023 00:00:00,0,0,0,0,0,25,62.1518826938426,62.1518826938426,0,0.000134068514842101
12-May-2023 01:00:00,0,0,0,0,0,25,62.1518826938426,62.1518826938426,0,0.000134047195208264
12-May-2023 02:00:00,0,0,0,0,0,25,62.1518826938426,62.1518826938426,0,0.000134025885741851
12-May-2023 03:00:00,0,0,0,0,0,25,62.1518826938426,62.1518826938426,0,0.000134004586435088
12-May-2023 04:00:00,0,0,0,0,0,25,62.1518826938426,62.1518826938426,0,0.000133983297279539
12-May-2023 05:00:00,0,0,0,0,0,25,62.1518826938426,62.1518826938426,0,0.000133962018267431
12-May-2023 06:00:00,0,0,0,0,0,25,62.1518826938426,62.1518826938426,0,0.000133940749390771
12-May-2023 07:00:00,-196.845948173219,0,482.272573024386,0,0.241015778622882,25,62.1518826938426,62.1518826938426,0,0.000133919490641121
12-May-2023 08:00:00,-286.399157038478,0,701.677934744271,0,0.350663635554358,25,62.1518826938426,62.1518826938426,0,0.000286487713667904
12-May-2023 09:00:00,-241.871626040668,0,592.585483799636,0,0.296144669565036,25,62.1518826938426,62.1518826938426,0,0.000395481955991706
12-May-2023 10:00:00,0,0,0,0,0,25,62.1518826938426,62.1518826938426,0,0.00053516442169399
12-May-2023 11:00:00,0,0,0,0,0,25,62.1518826938426,62.1518826938426,0,0.000535079589414567
12-May-2023 12:00:00,0,0,0,0,0,25,62.1518826938426,62.1518826938426,0,0.000534994797465105
12-May-2023 13:00:00,0,0,0,0,0,25,62.1518826938426,62.1518826938426,0,0.000534910045812076
12-May-2023 14:00:00,0,0,0,0,0,25,62.1518826938426,62.1518826938426,0,0.00053482533442506
12-May-2023 15:00:00,0,0,0,0,0,25,62.1518826938426,62.1518826938426,0,0.00053474066327075
12-May-2023 16:00:00,0,0,0,0,0,25,62.1518826938426,62.1518826938426,0,0.000534656032318503
12-May-2023 17:00:00,0,0,0,0,0,25,62.1518826938426,62.1518826938426,0,0.000534571441535237
12-May-2023 18:00:00,0,0,0,0,0,25,62.1518826938426,62.1518826938426,0,0.000534486890890973
12-May-2023 19:00:00,230.975968000173,589.224408163706,0,0.294464971596055,0,25,62.1518826938426,62.4463476654386,0.000854199143887069,0.000534402380352184
12-May-2023 20:00:00,245.046668877992,625.119053260184,0,0.312403324967608,0,25,62.4463476654386,62.7587509904062,0.000910477567978851,0.000395973604130795
12-May-2023 21:00:00,147.567858029329,376.448617421757,0,0.188130243589084,0,25,62.7587509904062,62.9468812339953,0.000528217957385585,0.000303082192278703
12-May-2023 22:00:00,72.763153994077,185.620290801217,0,0.0927637635188489,0,25,62.9468812339953,63.0396449975142,0.000253133342522027,0.000186759936185554
12-May-2023 23:00:00,0,0,0,0,0,25,63.0396449975142,63.0396449975142,0,0.000133580721422
13-May-2023 00:00:00,0,0,0,0,0,25,63.0396449975142,63.0396449975142,0,0.000133559633613611
13-May-2023 01:00:00,0,0,0,0,0,25,63.0396449975142,63.0396449975142,0,0.000133538555788792
13-May-2023 02:00:00,0,0,0,0,0,25,63.0396449975142,63.0396449975142,0,0.000133517487940216
13-May-2023 03:00:00,0,0,0,0,0,25,63.0396449975142,63.0396449975142,0,0.000133496430059887
13-May-2023 04:00:00,0,0,0,0,0,25,63.0396449975142,63.0396449975142,0,0.000133475382139814
13-May-2023 05:00:00,0,0,0,0,0,25,63.0396449975142,63.0396449975142,0,0.000133454344172446
13-May-2023 06:00:00,-89.4528603784483,0,219.159507927198,0,0.109524991467865,25,63.0396449975142,63.0396449975142,0,0.000133433316149567
13-May-2023 07:00:00,-220.181193826356,0,539.443924874573,0,0.26958716885286,25,63.0396449975142,63.0396449975142,0,0.000197902342661926
13-May-2023 08:00:00,-285.218091952009,0,698.784325282423,0,0.349217553864279,25,63.0396449975142,63.0396449975142,0,0.00032640910861792
13-May-2023 09:00:00,-130.186477287014,0,318.956869353185,0,0.159398735308938,25,63.0396449975142,63.0396449975142,0,0.000494839549711523
13-May-2023 10:00:00,0,0,0,0,0,25,63.0396449975142,63.0396449975142,0,0.000533139513552605
13-May-2023 11:00:00,0,0,0,0,0,25,63.0396449975142,63.0396449975142,0,0.000533055640427049
13-May-2023 12:00:00,0,0,0,0,0,25,63.0396449975142,63.0396449975142,0,0.000532971806873617
13-May-2023 13:00:00,0,0,0,0,0,25,63.0396449975142,63.0396449975142,0,0.000532888012860999
13-May-2023 14:00:00,0,0,0,0,0,25,63.0396449975142,63.0396449975142,0,0.000532804258358555
13-May-2023 15:00:00,0,0,0,0,0,25,63.0396449975142,63.0396449975142,0,0.000532720543334531
13-May-2023 16:00:00,0,0,0,0,0,25,63.0396449975142,63.0396449975142,0,0.000532636867759173
13-May-2023 17:00:00,404.946880429742,1033.02775619832,0,0.516255750224049,0,25,63.0396449975142,63.5559007477382,0.00159583730757246,0.000532553231600286
13-May-2023 18:00:00,291.341496194587,743.218102537213,0,0.371423339598807,0,25,63.5559007477382,63.927324087337,0.00109895838571533,0.000324614674850343
13-May-2023 19:00:00,0,0,0,0,0,25,63.927324087337,63.927324087337,0,0.000133160853267089
13-May-2023 20:00:00,0,0,0,0,0,25,63.927324087337,63.927324087337,0,0.000133139963651496
13-May-2023 21:00:00,0,0,0,0,0,25,63.927324087337,63.927324087337,0,0.000133119083863598
13-May-2023 22:00:00,0,0,0,0,0,25,63.927324087337,63.927324087337,0,0.00013309821389651
13-May-2023 23:00:00,0,0,0,0,0,25,63.927324087337,63.927324087337,0,0.000133077353741795
14-May-2023 00:00:00,0,0,0,0,0,25,63.927324087337,63.927324087337,0,0.000133056503392348
14-May-2023 01:00:00,0,0,0,0,0,25,63.927324087337,63.927324087337,0,0.000133035662839953
14-May-2023 02:00:00,0,0,0,0,0,25,63.927324087337,63.927324087337,0,0.000133014832077283
14-May-2023 03:00:00,0,0,0,0,0,25,63.927324087337,63.927324087337,0,0.000132994011096788
14-May-2023 04:00:00,0,0,0,0,0,25,63.927324087337,63.927324087337,0,0.000132973199890474
14-May-2023 05:00:00,0,0,0,0,0,25,63.927324087337,63.927324087337,0,0.000132952398451014
14-May-2023 06:00:00,-69.2172848525684,0,169.582347888793,0,0.084748799544624,25,63.927324087337,63.927324087337,0,0.000132931606770414
14-May-2023 07:00:00,66.4761907741317,169.582119321764,0,0.0847486853182231,0,25,63.927324087337,64.0120727726552,0.000230246002112577,0.000180592162831728
14-May-2023 08:00:00,0,0,0,0,0,25,64.0120727726552,64.0120727726552,0,0.000132890052656265
14-May-2023 09:00:00,-86.6223517096826,0,212.224761688722,0,0.106059351168777,25,64.0120727726552,64.0120727726552,0,0.000132869290207172
14-May-2023 10:00:00,-287.887288061255,0,705.323855750075,0,0.352485685032521,25,64.0120727726552,64.0120727726552,0,0.000194677505897634
14-May-2023 11:00:00,303.534719710077,774.323264566523,0,0.386968148209157,0,25,64.0120727726552,64.3990409208644,0.00114915258085474,0.000337990236833008
14-May-2023 12:00:00,56.1426697139296,143.221096209004,0,0.07157476072414,0,25,64.3990409208644,64.4706156815886,0.00019351633619033,0.000172242770886122
14-May-2023 13:00:00,0,0,0,0,0,25,64.4706156815886,64.4706156815886,0,0.000132786337621038
14-May-2023 14:00:00,0,0,0,0,0,25,64.4706156815886,64.4706156815886,0,0.000132765623739317
14-May-2023 15:00:00,0,0,0,0,0,25,64.4706156815886,64.4706156815886,0,0.000132744919547845
14-May-2023 16:00:00,0,0,0,0,0,25,64.4706156815886,64.4706156815886,0,0.00013272422503996
14-May-2023 17:00:00,0,0,0,0,0,25,64.4706156815886,64.4706156815886,0,0.000132703540207446
14-May-2023 18:00:00,-1.3280469998721,0,3.25371514968666,0,0.00162604455256704,25,64.4706156815886,64.4706156815886,0,0.000132682865042977
14-May-2023 19:00:00,1.275454622743,3.25371077230356,0,0.0016260423649693,0,25,64.4706156815886,64.4722417239535,4.30591394154356e-06,0.000133556666479739
14-May-2023 20:00:00,0,0,0,0,0,25,64.4722417239535,64.4722417239535,0,0.000132641543688417
14-May-2023 21:00:00,0,0,0,0,0,25,64.4722417239535,64.4722417239535,0,0.000132620897483005
14-May-2023 22:00:00,0,0,0,0,0,25,64.4722417239535,64.4722417239535,0,0.000132600260915661
14-May-2023 23:00:00,0,0,0,0,0,25,64.4722417239535,64.4722417239535,0,0.000132579633978835
15-May-2023 00:00:00,0,0,0,0,0,25,64.4722417239535,64.4722417239535,0,0.000132559016665201
15-May-2023 01:00:00,0,0,0,0,0,25,64.4722417239535,64.4722417239535,0,0.000132538408966987
15-May-2023 02:00:00,0,0,0,0,0,25,64.4722417239535,64.4722417239535,0,0.000132517810876642
15-May-2023 03:00:00,0,0,0,0,0,25,64.4722417239535,64.4722417239535,0,0.000132497222387062
15-May-2023 04:00:00,0,0,0,0,0,25,64.4722417239535,64.4722417239535,0,0.000132476643490698
15-May-2023 05:00:00,0,0,0,0,0,25,64.4722417239535,64.4722417239535,0,0.000132456074179776
15-May-2023 06:00:00,-70.8976122470694,0,173.69915000532,0,0.0868061719167016,25,64.4722417239535,64.4722417239535,0,0.000132435514447415
15-May-2023 07:00:00,-223.84840453057,0,548.428591099896,0,0.274077256921487,25,64.4722417239535,64.4722417239535,0,0.000181238517020121
15-May-2023 08:00:00,14.3052041179189,36.4928676477524,0,0.0182373151662931,0,25,64.4722417239535,64.4904790391198,4.85312239819902e-05,0.000320855809841758
15-May-2023 09:00:00,268.767252077691,685.630745096151,0,0.342644050522814,0,25,64.4904790391198,64.8331230896426,0.00100334884939837,0.00031727853811514
15-May-2023 10:00:00,0,0,0,0,0,25,64.8331230896426,64.8331230896426,0,0.000132353371151472
15-May-2023 11:00:00,0,0,0,0,0,25,64.8331230896426,64.8331230896426,0,0.000132332859198891
15-May-2023 12:00:00,0,0,0,0,0,25,64.8331230896426,64.8331230896426,0,0.00013231235678024
15-May-2023 13:00:00,-253.774520654135,0,621.747575602631,0,0.310718428587022,25,64.8331230896426,64.8331230896426,0,0.000132291863887968
15-May-2023 14:00:00,-137.53025294435,0,336.949119713658,0,0.168390364674492,25,64.8331230896426,64.8331230896426,0,0.000309422837309059
15-May-2023 15:00:00,301.731056802864,769.722083680775,0,0.384668707486644,0,25,64.8331230896426,65.2177917971293,0.00113967279900445,0.000340884210174419
15-May-2023 16:00:00,44.0074007080383,112.263777316424,0,0.0561038367398422,0,25,65.2177917971293,65.2738956338691,0.000150750086952117,0.000185956816349142
15-May-2023 17:00:00,30.0679262268713,76.7038934358963,0,0.0383327803277842,0,25,65.2738956338691,65.3122284141969,0.000102449763972084,0.000152612102414018
15-May-2023 18:00:00,0,0,0,0,0,25,65.3122284141969,65.3122284141969,0,0.000132189542064731
15-May-2023 19:00:00,0,0,0,0,0,25,65.3122284141969,65.3122284141969,0,0.000132169106176194
15-May-2023 20:00:00,0,0,0,0,0,25,65.3122284141969,65.3122284141969,0,0.000132148679762745
15-May-2023 21:00:00,0,0,0,0,0,25,65.3122284141969,65.3122284141969,0,0.000132128262816833
15-May-2023 22:00:00,0,0,0,0,0,25,65.3122284141969,65.3122284141969,0,0.000132107855331354
15-May-2023 23:00:00,0,0,0,0,0,25,65.3122284141969,65.3122284141969,0,0.000132087457298757
16-May-2023 00:00:00,0,0,0,0,0,25,65.3122284141969,65.3122284141969,0,0.000132067068712161
16-May-2023 01:00:00,0,0,0,0,0,25,65.3122284141969,65.3122284141969,0,0.00013204668956357
16-May-2023 02:00:00,0,0,0,0,0,25,65.3122284141969,65.3122284141969,0,0.000132026319846323
16-May-2023 03:00:00,0,0,0,0,0,25,65.3122284141969,65.3122284141969,0,0.000132005959553094
16-May-2023 04:00:00,0,0,0,0,0,25,65.3122284141969,65.3122284141969,0,0.000131985608676333
16-May-2023 05:00:00,0,0,0,0,0,25,65.3122284141969,65.3122284141969,0,0.000131965267208933
16-May-2023 06:00:00,0,0,0,0,0,25,65.3122284141969,65.3122284141969,0,0.000131944935143791
16-May-2023 07:00:00,0,0,0,0,0,25,65.3122284141969,65.3122284141969,0,0.000131924612473355
16-May-2023 08:00:00,0,0,0,0,0,25,65.3122284141969,65.3122284141969,0,0.000131904299190522
16-May-2023 09:00:00,0,0,0,0,0,25,65.3122284141969,65.3122284141969,0,0.000131883995288185
16-May-2023 10:00:00,0,0,0,0,0,25,65.3122284141969,65.3122284141969,0,0.000131863700759016
16-May-2023 11:00:00,0,0,0,0,0,25,65.3122284141969,65.3122284141969,0,0.000131843415595911
16-May-2023 12:00:00,0,0,0,0,0,25,65.3122284141969,65.3122284141969,0,0.000131823139791543
16-May-2023 13:00:00,0,0,0,0,0,25,65.3122284141969,65.3122284141969,0,0.000131802873338804
16-May-2023 14:00:00,0,0,0,0,0,25,65.3122284141969,65.3122284141969,0,0.000131782616230369
16-May-2023 15:00:00,0,0,0,0,0,25,65.3122284141969,65.3122284141969,0,0.000131762368459132
16-May-2023 16:00:00,-21.8972559794434,0,53.6482771496362,0,0.026810733208214,25,65.3122284141969,65.3122284141969,0,0.000131742130018209
16-May-2023 17:00:00,21.0300965477132,53.6482054788603,0,0.0268106973907348,0,25,65.3122284141969,65.3390391115876,7.14068894263342e-05,0.000145948276310648
16-May-2023 18:00:00,0,0,0,0,0,25,65.3390391115876,65.3390391115876,0,0.000131701681097551
16-May-2023 19:00:00,0,0,0,0,0,25,65.3390391115876,65.3390391115876,0,0.000131681470603606
16-May-2023 20:00:00,0,0,0,0,0,25,65.3390391115876,65.3390391115876,0,0.00013166126941111
16-May-2023 21:00:00,0,0,0,0,0,25,65.3390391115876,65.3390391115876,0,0.000131641077512956
16-May-2023 22:00:00,0,0,0,0,0,25,65.3390391115876,65.3390391115876,0,0.00013162089490204
16-May-2023 23:00:00,0,0,0,0,0,25,65.3390391115876,65.3390391115876,0,0.000131600721571035
17-May-2023 00:00:00,0,0,0,0,0,25,65.3390391115876,65.3390391115876,0,0.0001315805575135
17-May-2023 01:00:00,0,0,0,0,0,25,65.3390391115876,65.3390391115876,0,0.00013156040272122
17-May-2023 02:00:00,0,0,0,0,0,25,65.3390391115876,65.3390391115876,0,0.000131540257187979
17-May-2023 03:00:00,0,0,0,0,0,25,65.3390391115876,65.3390391115876,0,0.000131520120906448
17-May-2023 04:00:00,0,0,0,0,0,25,65.3390391115876,65.3390391115876,0,0.0001314999938693
17-May-2023 05:00:00,0,0,0,0,0,25,65.3390391115876,65.3390391115876,0,0.000131479876069873
17-May-2023 06:00:00,-89.9255225946515,0,220.317530356896,0,0.110103713321787,25,65.3390391115876,65.3390391115876,0,0.000131459767501063
17-May-2023 07:00:00,86.3643567673546,220.317236651415,0,0.110103566542436,0,25,65.3390391115876,65.44914267813,0.000300527563286773,0.000195393296485991
17-May-2023 08:00:00,-194.93465355725,0,477.589901215262,0,0.238675612801231,25,65.44914267813,65.44914267813,0,0.000131419578025982
17-May-2023 09:00:00,-349.649054314753,0,856.640183071146,0,0.428106038516315,25,65.44914267813,65.44914267813,0,0.00028002064420618
17-May-2023 10:00:00,-180.269196759879,0,441.659532061703,0,0.220719406327688,25,65.44914267813,65.44914267813,0,0.000446987653032194
17-May-2023 11:00:00,0,0,0,0,0,25,65.44914267813,65.44914267813,0,0.000525183597217538
17-May-2023 12:00:00,0,0,0,0,0,25,65.44914267813,65.44914267813,0,0.000525103422634343
17-May-2023 13:00:00,0,0,0,0,0,25,65.44914267813,65.44914267813,0,0.000525023284758452
17-May-2023 14:00:00,0,0,0,0,0,25,65.44914267813,65.44914267813,0,0.000524943183561666
17-May-2023 15:00:00,0,0,0,0,0,25,65.44914267813,65.44914267813,0,0.00052486311901645
17-May-2023 16:00:00,0,0,0,0,0,25,65.44914267813,65.44914267813,0,0.000524783091093717
17-May-2023 17:00:00,0,0,0,0,0,25,65.44914267813,65.44914267813,0,0.000524703099766821
17-May-2023 18:00:00,0,0,0,0,0,25,65.44914267813,65.44914267813,0,0.000524623145008007
17-May-2023 19:00:00,112.761017565169,287.655657054001,0,0.143755950551725,0,25,65.44914267813,65.5928986286818,0.000396205934515698,0.000524543226787522
17-May-2023 20:00:00,249.70340728907,636.99848798232,0,0.318340073954183,0,25,65.5928986286818,65.911238702636,0.000923473699582872,0.000494118713833425
17-May-2023 21:00:00,146.354868288699,373.354255838517,0,0.186583836001258,0,25,65.911238702636,66.0978225386372,0.000520299071088887,0.000328093704490939
17-May-2023 22:00:00,84.9486942766904,216.705852746659,0,0.108298776984837,0,25,66.0978225386372,66.2061213156221,0.000294994627619616,0.000279519355368407
17-May-2023 23:00:00,24.006444210366,61.2409291080766,0,0.0306051619730518,0,25,66.2061213156221,66.2367264775951,8.14589380702391e-05,0.000209219501948743
18-May-2023 00:00:00,0,0,0,0,0,25,66.2367264775951,66.2367264775951,0,0.000187956871423811
18-May-2023 01:00:00,31.4309284082848,80.1809398170531,0,0.040070434691181,0,25,66.2367264775951,66.2767969122863,0.000106943818274308,0.000187928291347284
18-May-2023 02:00:00,46.8958629482784,119.632303439486,0,0.0597862585904476,0,25,66.2767969122863,66.3365831708768,0.00016048206786215,0.000163091389849379
18-May-2023 03:00:00,0,0,0,0,0,25,66.3365831708768,66.3365831708768,0,0.000131039607359273
18-May-2023 04:00:00,0,0,0,0,0,25,66.3365831708768,66.3365831708768,0,0.000131019700088553
18-May-2023 05:00:00,0,0,0,0,0,25,66.3365831708768,66.3365831708768,0,0.00013099980188791
18-May-2023 06:00:00,-130.199628629839,0,318.989090143107,0,0.159414837652727,25,66.3365831708768,66.3365831708768,0,0.00013097991275024
18-May-2023 07:00:00,-217.618717137641,0,533.16585698722,0,0.266449703641789,25,66.3365831708768,66.3365831708768,0,0.000229703901942546
18-May-2023 08:00:00,-293.202988710193,0,718.347322339974,0,0.358994164087943,25,66.3365831708768,66.3365831708768,0,0.000327628393575363
18-May-2023 09:00:00,-2.66134153065409,0,6.52028675010251,0,0.00325851411799226,25,66.3365831708768,66.3365831708768,0,0.000507446172241188
18-May-2023 10:00:00,72.6981771955214,185.454533662044,0,0.0926809263678383,0,25,66.3365831708768,66.4292640972446,0.000251175432192302,0.000508223403264507
18-May-2023 11:00:00,-44.8864788368122,0,109.97187315019,0,0.0549584573464217,25,66.4292640972446,66.4292640972446,0,0.000466232549581447
18-May-2023 12:00:00,-111.900817819918,0,274.157003658798,0,0.137009996830983,25,66.4292640972446,66.4292640972446,0,0.000495750589151189
18-May-2023 13:00:00,0,0,0,0,0,25,66.4292640972446,66.4292640972446,0,0.000523110915529479
18-May-2023 14:00:00,0,0,0,0,0,25,66.4292640972446,66.4292640972446,0,0.000523031686309405
18-May-2023 15:00:00,0,0,0,0,0,25,66.4292640972446,66.4292640972446,0,0.000522952493078321
18-May-2023 16:00:00,68.5761789438772,174.939231999687,0,0.0874259030483193,0,25,66.4292640972446,66.5166900002929,0.000236522323831423,0.000522873335808915
18-May-2023 17:00:00,157.016466561364,400.552210615725,0,0.200176017299213,0,25,66.5166900002929,66.7168660175921,0.000559772564131339,0.000510510318643798
18-May-2023 18:00:00,-116.0772945123,0,284.389371555136,0,0.142123623965585,25,66.7168660175921,66.7168660175921,0,0.000392158121945485
18-May-2023 19:00:00,242.401282029054,618.370617421055,0,0.309030793313871,0,25,66.7168660175921,67.025896810906,0.000892017250407273,0.000491633840488115
18-May-2023 20:00:00,245.046077994947,625.117545905477,0,0.312402571666905,0,25,67.025896810906,67.3382993825729,0.00090210653638309,0.00032814254508895
18-May-2023 21:00:00,94.4678821892597,240.989495380765,0,0.12043453042517,0,25,67.3382993825729,67.4587339129981,0.000328425450006831,0.000201445923300625
18-May-2023 22:00:00,0,0,0,0,0,25,67.4587339129981,67.4587339129981,0,0.000130662913552015
18-May-2023 23:00:00,0,0,0,0,0,25,67.4587339129981,67.4587339129981,0,0.000130643177442158
19-May-2023 00:00:00,0,0,0,0,0,25,67.4587339129981,67.4587339129981,0,0.000130623450272482
19-May-2023 01:00:00,0,0,0,0,0,25,67.4587339129981,67.4587339129981,0,0.000130603732036771
19-May-2023 02:00:00,0,0,0,0,0,25,67.4587339129981,67.4587339129981,0,0.000130584022728142
19-May-2023 03:00:00,0,0,0,0,0,25,67.4587339129981,67.4587339129981,0,0.00013056432233971
19-May-2023 04:00:00,0,0,0,0,0,25,67.4587339129981,67.4587339129981,0,0.000130544630864593
19-May-2023 05:00:00,0,0,0,0,0,25,67.4587339129981,67.4587339129981,0,0.000130524948296573
19-May-2023 06:00:00,0,0,0,0,0,25,67.4587339129981,67.4587339129981,0,0.000130505274628545
19-May-2023 07:00:00,-137.405643798364,0,336.643827305993,0,0.168237794755618,25,67.4587339129981,67.4587339129981,0,0.00013048560985407
19-May-2023 08:00:00,-306.967747331363,0,752.070980961839,0,0.375847566697571,25,67.4587339129981,67.4587339129981,0,0.000235057582091747
19-May-2023 09:00:00,-280.322452284161,0,686.790008096194,0,0.343223392351921,25,67.4587339129981,67.4587339129981,0,0.000358017920998321
19-May-2023 10:00:00,0,0,0,0,0,25,67.4587339129981,67.4587339129981,0,0.000521454623493733
19-May-2023 11:00:00,0,0,0,0,0,25,67.4587339129981,67.4587339129981,0,0.000521376144355878
19-May-2023 12:00:00,0,0,0,0,0,25,67.4587339129981,67.4587339129981,0,0.000521297700640355
19-May-2023 13:00:00,22.071571075087,56.3050282527729,0,0.0281384449039345,0,25,67.4587339129981,67.486872357902,7.46548015964077e-05,0.000521219292321629
19-May-2023 14:00:00,-22.981505281508,0,56.3046879396945,0,0.0281382748324311,25,67.486872357902,67.486872357902,0,0.000518229849354901
19-May-2023 15:00:00,137.352861973167,350.389954013181,0,0.175107423294943,0,25,67.486872357902,67.6619797811969,0.000485138134707741,0.000521062581765319
19-May-2023 16:00:00,248.910331265063,634.975334859854,0,0.317329002928463,0,25,67.6619797811969,67.9793087841254,0.000916521298058276,0.000474801169401573
19-May-2023 17:00:00,9.64115649641495,24.5947869806504,0,0.012291247866392,0,25,67.9793087841254,67.9916000319918,3.24248353220091e-05,0.000321301653590123
19-May-2023 18:00:00,-58.4849860746639,0,143.288215882926,0,0.0716083037895685,25,67.9916000319918,67.9916000319918,0,0.000319349356478371
19-May-2023 19:00:00,324.252512799955,827.174777550907,0,0.41338069842624,0,25,67.9916000319918,68.404980730418,0.00122748690980692,0.000330647754686053
19-May-2023 20:00:00,31.9745711957355,81.5677836625905,0,0.0407635100762571,0,25,68.404980730418,68.4457442404943,0.000108355258423648,0.000151625343110418
19-May-2023 21:00:00,0,0,0,0,0,25,68.4457442404943,68.4457442404943,0,0.000130211233077215
19-May-2023 22:00:00,0,0,0,0,0,25,68.4457442404943,68.4457442404943,0,0.000130191700903559
19-May-2023 23:00:00,0,0,0,0,0,25,68.4457442404943,68.4457442404943,0,0.000130172177517096
20-May-2023 00:00:00,0,0,0,0,0,25,68.4457442404943,68.4457442404943,0,0.000130152662910943
20-May-2023 01:00:00,0,0,0,0,0,25,68.4457442404943,68.4457442404943,0,0.000130133157078882
20-May-2023 02:00:00,0,0,0,0,0,25,68.4457442404943,68.4457442404943,0,0.000130113660014031
20-May-2023 03:00:00,0,0,0,0,0,25,68.4457442404943,68.4457442404943,0,0.000130094171709727
20-May-2023 04:00:00,0,0,0,0,0,25,68.4457442404943,68.4457442404943,0,0.000130074692159976
20-May-2023 05:00:00,0,0,0,0,0,25,68.4457442404943,68.4457442404943,0,0.000130055221357672
20-May-2023 06:00:00,0,0,0,0,0,25,68.4457442404943,68.4457442404943,0,0.000130035759296598
20-May-2023 07:00:00,0,0,0,0,0,25,68.4457442404943,68.4457442404943,0,0.000130016305970093
20-May-2023 08:00:00,0,0,0,0,0,25,68.4457442404943,68.4457442404943,0,0.000129996861371495
20-May-2023 09:00:00,0,0,0,0,0,25,68.4457442404943,68.4457442404943,0,0.000129977425494365
20-May-2023 10:00:00,0,0,0,0,0,25,68.4457442404943,68.4457442404943,0,0.000129957998332486
20-May-2023 11:00:00,0,0,0,0,0,25,68.4457442404943,68.4457442404943,0,0.000129938579878974
20-May-2023 12:00:00,0,0,0,0,0,25,68.4457442404943,68.4457442404943,0,0.000129919170127168
20-May-2023 13:00:00,-209.976585794438,0,514.442635196373,0,0.25709277121258,25,68.4457442404943,68.4457442404943,0,0.000129899769071296
20-May-2023 14:00:00,-301.090295296507,0,737.671223476443,0,0.368651286095174,25,68.4457442404943,68.4457442404943,0,0.000285351383340959
20-May-2023 15:00:00,-213.55287441383,0,523.204542313884,0,0.261471535389247,25,68.4457442404943,68.4457442404943,0,0.000409343855218847
20-May-2023 16:00:00,0,0,0,0,0,25,68.4457442404943,68.4457442404943,0,0.000519115550863702
20-May-2023 17:00:00,0,0,0,0,0,25,68.4457442404943,68.4457442404943,0,0.000519038122933413
20-May-2023 18:00:00,4.60898260844706,11.757608695018,0,0.00587586641430185,0,25,68.4457442404943,68.4516201069086,1.5457738562874e-05,0.000518960729638307
20-May-2023 19:00:00,243.400550214639,620.919770955713,0,0.310304733111301,0,25,68.4516201069086,68.7619248400199,0.000893014669041486,0.000518310653997212
20-May-2023 20:00:00,251.475762027985,641.519801091798,0,0.320599600745526,0,25,68.7619248400199,69.0825244407654,0.000924899863751827,0.000370376301461084
20-May-2023 21:00:00,150.18514886999,383.125379770382,0,0.191466956406987,0,25,69.0825244407654,69.2739913971724,0.000531395683801894,0.000282102847482646
20-May-2023 22:00:00,46.2293415891594,117.931993849896,0,0.0589365286606179,0,25,69.2739913971724,69.332927925833,0.000157242794624868,0.000160961159596518
20-May-2023 23:00:00,0,0,0,0,0,25,69.332927925833,69.332927925833,0,0.00012970623533648
21-May-2023 00:00:00,0,0,0,0,0,25,69.332927925833,69.332927925833,0,0.000129686929503769
21-May-2023 01:00:00,0,0,0,0,0,25,69.332927925833,69.332927925833,0,0.000129667632289054
21-May-2023 02:00:00,0,0,0,0,0,25,69.332927925833,69.332927925833,0,0.000129648343685895
21-May-2023 03:00:00,0,0,0,0,0,25,69.332927925833,69.332927925833,0,0.000129629063688075
21-May-2023 04:00:00,0,0,0,0,0,25,69.332927925833,69.332927925833,0,0.000129609792288932
21-May-2023 05:00:00,0,0,0,0,0,25,69.332927925833,69.332927925833,0,0.000129590529482249
21-May-2023 06:00:00,0,0,0,0,0,25,69.332927925833,69.332927925833,0,0.000129571275261586
21-May-2023 07:00:00,0,0,0,0,0,25,69.332927925833,69.332927925833,0,0.000129552029620728
21-May-2023 08:00:00,-190.042150726791,0,465.603269280637,0,0.232685291994321,25,69.332927925833,69.332927925833,0,0.000129532792553233
21-May-2023 09:00:00,-239.16536656419,0,585.955148082265,0,0.292831158461902,25,69.332927925833,69.332927925833,0,0.000273024127758426
21-May-2023 10:00:00,-181.471343331504,0,444.604791162185,0,0.222191299931127,25,69.332927925833,69.332927925833,0,0.000347648863243899
21-May-2023 11:00:00,-113.885858831362,0,279.020354136836,0,0.139440456839998,25,69.332927925833,69.332927925833,0,0.000489498540241495
21-May-2023 12:00:00,0,0,0,0,0,25,69.332927925833,69.332927925833,0,0.000517573543724392
21-May-2023 13:00:00,0,0,0,0,0,25,69.332927925833,69.332927925833,0,0.000517496803632334
21-May-2023 14:00:00,0,0,0,0,0,25,69.332927925833,69.332927925833,0,0.000517420097664312
21-May-2023 15:00:00,0,0,0,0,0,25,69.332927925833,69.332927925833,0,0.000517343425795902
21-May-2023 16:00:00,29.6429528521774,75.6197776841261,0,0.0377909933453904,0,25,69.332927925833,69.3707189191784,0.000100187983792438,0.000517266788000681
21-May-2023 17:00:00,219.600233480427,560.204677245987,0,0.279962357444271,0,25,69.3707189191784,69.6506812766227,0.000797117348198956,0.000513169671299885
21-May-2023 18:00:00,241.64890255064,616.451282016938,0,0.308071605205866,0,25,69.6506812766227,69.9587528818285,0.00088398895468686,0.000368228487307665
21-May-2023 19:00:00,204.94563620624,522.820500526122,0,0.261279610457832,0,25,69.9587528818285,70.2200324922864,0.000739024163393054,0.000285905342209292
21-May-2023 20:00:00,0,0,0,0,0,25,70.2200324922864,70.2200324922864,0,0.000129302614150228
21-May-2023 21:00:00,0,0,0,0,0,25,70.2200324922864,70.2200324922864,0,0.000129283487958931
21-May-2023 22:00:00,0,0,0,0,0,25,70.2200324922864,70.2200324922864,0,0.000129264370252402
21-May-2023 23:00:00,0,0,0,0,0,25,70.2200324922864,70.2200324922864,0,0.000129245261024424
22-May-2023 00:00:00,0,0,0,0,0,25,70.2200324922864,70.2200324922864,0,0.000129226160268781
22-May-2023 01:00:00,0,0,0,0,0,25,70.2200324922864,70.2200324922864,0,0.000129207067979253
22-May-2023 02:00:00,0,0,0,0,0,25,70.2200324922864,70.2200324922864,0,0.000129187984149182
22-May-2023 03:00:00,0,0,0,0,0,25,70.2200324922864,70.2200324922864,0,0.000129168908773014
22-May-2023 04:00:00,0,0,0,0,0,25,70.2200324922864,70.2200324922864,0,0.000129149841843867
22-May-2023 05:00:00,0,0,0,0,0,25,70.2200324922864,70.2200324922864,0,0.000129130783355969
22-May-2023 06:00:00,0,0,0,0,0,25,70.2200324922864,70.2200324922864,0,0.000129111733302878
22-May-2023 07:00:00,-91.5922150247025,0,224.400926810521,0,0.112144391209656,25,70.2200324922864,70.2200324922864,0,0.000129092691678157
22-May-2023 08:00:00,-20.0768981255912,0,49.1884004076983,0,0.0245819092492246,25,70.2200324922864,70.2200324922864,0,0.000193297325913777
22-May-2023 09:00:00,-237.753707177997,0,582.496582586092,0,0.291102739923085,25,70.2200324922864,70.2200324922864,0,0.000210377556817187
22-May-2023 10:00:00,-196.030280672441,0,480.274187647479,0,0.240017085281099,25,70.2200324922864,70.2200324922864,0,0.000323192281560747
22-May-2023 11:00:00,14.7212655809489,37.5542489309921,0,0.0187677405951985,0,25,70.2200324922864,70.2388002328816,4.93942246583556e-05,0.000440011824036635
22-May-2023 12:00:00,-187.074995914196,0,458.33373998978,0,0.229052343822979,25,70.2388002328816,70.2388002328816,0,0.000425274714699997
22-May-2023 13:00:00,-7.29671154996279,0,17.8769432974088,0,0.00893400464638123,25,70.2388002328816,70.2388002328816,0,0.000514795072877661
22-May-2023 14:00:00,0,0,0,0,0,25,70.2388002328816,70.2388002328816,0,0.000515589326410382
22-May-2023 15:00:00,0,0,0,0,0,25,70.2388002328816,70.2388002328816,0,0.000515513465403572
22-May-2023 16:00:00,0,0,0,0,0,25,70.2388002328816,70.2388002328816,0,0.000515437637871763
22-May-2023 17:00:00,0,0,0,0,0,25,70.2388002328816,70.2388002328816,0,0.000515361843791196
22-May-2023 18:00:00,275.115569534568,701.825432486143,0,0.350737347569287,0,25,70.2388002328816,70.5895375804509,0.00101803696348327,0.000515286083136335
22-May-2023 19:00:00,259.780003859578,662.704091478515,0,0.331186452513001,0,25,70.5895375804509,70.9207240329639,0.000955137443978959,0.000350310372312146
22-May-2023 20:00:00,160.87578182445,410.397402613393,0,0.205096153230081,0,25,70.9207240329639,71.1258201861939,0.00056954883506119,0.000256199906036647
22-May-2023 21:00:00,0,0,0,0,0,25,71.1258201861939,71.1258201861939,0,0.000128826990469788
22-May-2023 22:00:00,0,0,0,0,0,25,71.1258201861939,71.1258201861939,0,0.000128808074532305
22-May-2023 23:00:00,0,0,0,0,0,25,71.1258201861939,71.1258201861939,0,0.000128789166924603
23-May-2023 00:00:00,0,0,0,0,0,25,71.1258201861939,71.1258201861939,0,0.00012877026764091
23-May-2023 01:00:00,0,0,0,0,0,25,71.1258201861939,71.1258201861939,0,0.000128751376675007
23-May-2023 02:00:00,0,0,0,0,0,25,71.1258201861939,71.1258201861939,0,0.000128732494020678
23-May-2023 03:00:00,0,0,0,0,0,25,71.1258201861939,71.1258201861939,0,0.000128713619671705
23-May-2023 04:00:00,0,0,0,0,0,25,71.1258201861939,71.1258201861939,0,0.000128694753622538
23-May-2023 05:00:00,0,0,0,0,0,25,71.1258201861939,71.1258201861939,0,0.000128675895866515
23-May-2023 06:00:00,0,0,0,0,0,25,71.1258201861939,71.1258201861939,0,0.000128657046397862
23-May-2023 07:00:00,0,0,0,0,0,25,71.1258201861939,71.1258201861939,0,0.000128638205210363
23-May-2023 08:00:00,0,0,0,0,0,25,71.1258201861939,71.1258201861939,0,0.000128619372298022
23-May-2023 09:00:00,-120.416219969607,0,295.019738925538,0,0.147436151387076,25,71.1258201861939,71.1258201861939,0,0.000128600547654845
23-May-2023 10:00:00,-175.36659153721,0,429.648149266165,0,0.214716716274945,25,71.1258201861939,71.1258201861939,0,0.000217169743587986
23-May-2023 11:00:00,6.821181191827,17.4009724281301,0,0.00869613814499256,0,25,71.1258201861939,71.1345163243389,2.27806935849673e-05,0.000311835835195451
23-May-2023 12:00:00,233.267456602141,595.0700423524,0,0.297386328012194,0,25,71.1345163243389,71.4319026523511,0.00084830920934692,0.000310230691623836
23-May-2023 13:00:00,43.9789391701942,112.191171352536,0,0.056067551900318,0,25,71.4319026523511,71.4879702042515,0.000148861972607994,0.00015788509288539
23-May-2023 14:00:00,0,0,0,0,0,25,71.4879702042515,71.4879702042515,0,0.000128506548264351
23-May-2023 15:00:00,0,0,0,0,0,25,71.4879702042515,71.4879702042515,0,0.000128487773108921
23-May-2023 16:00:00,0,0,0,0,0,25,71.4879702042515,71.4879702042515,0,0.000128469006180687
23-May-2023 17:00:00,0,0,0,0,0,25,71.4879702042515,71.4879702042515,0,0.000128450247473211
23-May-2023 18:00:00,0,0,0,0,0,25,71.4879702042515,71.4879702042515,0,0.000128431496980497
23-May-2023 19:00:00,0,0,0,0,0,25,71.4879702042515,71.4879702042515,0,0.000128412754696994
23-May-2023 20:00:00,0,0,0,0,0,25,71.4879702042515,71.4879702042515,0,0.000128394020616263
23-May-2023 21:00:00,0,0,0,0,0,25,71.4879702042515,71.4879702042515,0,0.000128375294732308
23-May-2023 22:00:00,0,0,0,0,0,25,71.4879702042515,71.4879702042515,0,0.000128356577039357
23-May-2023 23:00:00,0,0,0,0,0,25,71.4879702042515,71.4879702042515,0,0.000128337867531414
24-May-2023 00:00:00,0,0,0,0,0,25,71.4879702042515,71.4879702042515,0,0.000128319166202706
24-May-2023 01:00:00,0,0,0,0,0,25,71.4879702042515,71.4879702042515,0,0.000128300473046794
24-May-2023 02:00:00,0,0,0,0,0,25,71.4879702042515,71.4879702042515,0,0.000128281788058127
24-May-2023 03:00:00,0,0,0,0,0,25,71.4879702042515,71.4879702042515,0,0.000128263111230265
24-May-2023 04:00:00,0,0,0,0,0,25,71.4879702042515,71.4879702042515,0,0.000128244442558101
24-May-2023 05:00:00,0,0,0,0,0,25,71.4879702042515,71.4879702042515,0,0.000128225782035196
24-May-2023 06:00:00,0,0,0,0,0,25,71.4879702042515,71.4879702042515,0,0.000128207129655333
24-May-2023 07:00:00,0,0,0,0,0,25,71.4879702042515,71.4879702042515,0,0.000128188485413183
24-May-2023 08:00:00,0,0,0,0,0,25,71.4879702042515,71.4879702042515,0,0.000128169849302529
24-May-2023 09:00:00,0,0,0,0,0,25,71.4879702042515,71.4879702042515,0,0.000128151221317374
24-May-2023 10:00:00,0,0,0,0,0,25,71.4879702042515,71.4879702042515,0,0.000128132601452169
24-May-2023 11:00:00,0,0,0,0,0,25,71.4879702042515,71.4879702042515,0,0.000128113989700473
24-May-2023 12:00:00,0,0,0,0,0,25,71.4879702042515,71.4879702042515,0,0.000128095386056737
24-May-2023 13:00:00,0,0,0,0,0,25,71.4879702042515,71.4879702042515,0,0.000128076790515408
24-May-2023 14:00:00,0,0,0,0,0,25,71.4879702042515,71.4879702042515,0,0.000128058203069825
24-May-2023 15:00:00,-270.495779525035,0,662.714659836337,0,0.331191734051143,25,71.4879702042515,71.4879702042515,0,0.000128039623714882
24-May-2023 16:00:00,-99.5578081889019,0,243.91663006281,0,0.121897366348231,25,71.4879702042515,71.4879702042515,0,0.000304489804091812
24-May-2023 17:00:00,-111.177713500091,0,272.385398075222,0,0.136124636719252,25,71.4879702042515,71.4879702042515,0,0.000324780930908153
24-May-2023 18:00:00,-80.376327908243,0,196.922003375195,0,0.0984117957897028,25,71.4879702042515,71.4879702042515,0,0.000376814739424303
24-May-2023 19:00:00,84.3238922277907,215.111969968854,0,0.107502233867493,0,25,71.4879702042515,71.5954724381189,0.000289758030808246,0.000450838718150992
24-May-2023 20:00:00,240.319016872513,613.058716511512,0,0.306376170170671,0,25,71.5954724381189,71.9018486082896,0.000875534307042264,0.000370812697459533
24-May-2023 21:00:00,156.962910304494,400.415587511465,0,0.20010773988579,0,25,71.9018486082896,72.1019563481754,0.000553890546325403,0.000287695818244726
24-May-2023 22:00:00,57.750497993644,147.322698963378,0,0.0736245372130822,0,25,72.1019563481754,72.1755808853885,0.000196253385574996,0.000167129339241345
24-May-2023 23:00:00,0,0,0,0,0,25,72.1755808853885,72.1755808853885,0,0.000127891279421588
25-May-2023 00:00:00,0,0,0,0,0,25,72.1755808853885,72.1755808853885,0,0.000127872772615945
25-May-2023 01:00:00,0,0,0,0,0,25,72.1755808853885,72.1755808853885,0,0.000127854273841876
25-May-2023 02:00:00,0,0,0,0,0,25,72.1755808853885,72.1755808853885,0,0.000127835783094055
25-May-2023 03:00:00,0,0,0,0,0,25,72.1755808853885,72.1755808853885,0,0.000127817300366484
25-May-2023 04:00:00,0,0,0,0,0,25,72.1755808853885,72.1755808853885,0,0.000127798825653391
25-May-2023 05:00:00,0,0,0,0,0,25,72.1755808853885,72.1755808853885,0,0.000127780358949225
25-May-2023 06:00:00,-101.749043918038,0,249.285157599193,0,0.124580288655269,25,72.1755808853885,72.1755808853885,0,0.000127761900247547
25-May-2023 07:00:00,-181.001902192619,0,443.454660371916,0,0.221616521924995,25,72.1755808853885,72.1755808853885,0,0.000199808701330628
25-May-2023 08:00:00,-273.142834717266,0,669.199945057302,0,0.334432756150576,25,72.1755808853885,72.1755808853885,0,0.000306889820570921
25-May-2023 09:00:00,-162.153690507849,0,397.276541744231,0,0.19853900137143,25,72.1755808853885,72.1755808853885,0,0.000445047166587775
25-May-2023 10:00:00,-6.30326275871075,0,15.4429937588413,0,0.00771763806039047,25,72.1755808853885,72.1755808853885,0,0.000509763155839282
25-May-2023 11:00:00,0,0,0,0,0,25,72.1755808853885,72.1755808853885,0,0.000510432182365461
25-May-2023 12:00:00,0,0,0,0,0,25,72.1755808853885,72.1755808853885,0,0.000510358574724146
25-May-2023 13:00:00,0,0,0,0,0,25,72.1755808853885,72.1755808853885,0,0.000510284998917587
25-May-2023 14:00:00,0,0,0,0,0,25,72.1755808853885,72.1755808853885,0,0.000510211454922693
25-May-2023 15:00:00,0,0,0,0,0,25,72.1755808853885,72.1755808853885,0,0.000510137942717259
25-May-2023 16:00:00,0,0,0,0,0,25,72.1755808853885,72.1755808853885,0,0.000510064462277748
25-May-2023 17:00:00,0,0,0,0,0,25,72.1755808853885,72.1755808853885,0,0.000509991013581956
25-May-2023 18:00:00,0,0,0,0,0,25,72.1755808853885,72.1755808853885,0,0.000509917596606124
25-May-2023 19:00:00,116.179873274342,296.377227740669,0,0.148114556592038,0,25,72.1755808853885,72.3236954419805,0.000403531423121745,0.00050984421132827
25-May-2023 20:00:00,259.742108437168,662.607419482572,0,0.33113814067095,0,25,72.3236954419805,72.6548335826515,0.000951971489854875,0.000478333851206214
25-May-2023 21:00:00,150.660543256202,384.338120551536,0,0.192073023763886,0,25,72.6548335826515,72.8469066064153,0.000529664238455962,0.0003163011131464
25-May-2023 22:00:00,87.8347388348846,224.068211313481,0,0.111978116598441,0,25,72.8469066064153,72.9588847230138,0.000301477296107328,0.000259536225332146
25-May-2023 23:00:00,19.6776190519543,50.1980077855977,0,0.0250864606624676,0,25,72.9588847230138,72.9839711836762,6.58169931314068e-05,0.000185157930295388
26-May-2023 00:00:00,0,0,0,0,0,25,72.9839711836762,72.9839711836762,0,0.000169362110574278
26-May-2023 01:00:00,9.34960532207719,23.8510339848908,0,0.0119195572138385,0,25,72.9839711836762,72.9958907408901,3.11495704811426e-05,0.000169337778685552
26-May-2023 02:00:00,52.1717971093456,133.091319156494,0,0.0665124033765586,0,25,72.9958907408901,73.0624031442667,0.00017663791971928,0.000162341779713637
26-May-2023 03:00:00,0,0,0,0,0,25,73.0624031442667,73.0624031442667,0,0.000127376106005217
26-May-2023 04:00:00,0,0,0,0,0,25,73.0624031442667,73.0624031442667,0,0.000127357821916085
26-May-2023 05:00:00,0,0,0,0,0,25,73.0624031442667,73.0624031442667,0,0.000127339545698213
26-May-2023 06:00:00,-63.0699960510515,0,154.521490325076,0,0.0772221340954903,25,73.0624031442667,73.0624031442667,0,0.000127321277346049
26-May-2023 07:00:00,-187.924631538358,0,460.415347268978,0,0.230092627320828,25,73.0624031442667,73.0624031442667,0,0.000168469762797052
26-May-2023 08:00:00,-259.692550180305,0,636.246747941746,0,0.317964391774986,25,73.0624031442667,73.0624031442667,0,0.000296919923419736
26-May-2023 09:00:00,-213.584388648606,0,523.281752189085,0,0.261510121034026,25,73.0624031442667,73.0624031442667,0,0.000401038113889918
26-May-2023 10:00:00,0,0,0,0,0,25,73.0624031442667,73.0624031442667,0,0.000508747220420824
26-May-2023 11:00:00,0,0,0,0,0,25,73.0624031442667,73.0624031442667,0,0.000508674339218862
26-May-2023 12:00:00,0,0,0,0,0,25,73.0624031442667,73.0624031442667,0,0.00050860148933074
26-May-2023 13:00:00,0,0,0,0,0,25,73.0624031442667,73.0624031442667,0,0.000508528670732478
26-May-2023 14:00:00,0,0,0,0,0,25,73.0624031442667,73.0624031442667,0,0.000508455883403203
26-May-2023 15:00:00,0,0,0,0,0,25,73.0624031442667,73.0624031442667,0,0.000508383127319378
26-May-2023 16:00:00,0,0,0,0,0,25,73.0624031442667,73.0624031442667,0,0.0005083104024588
26-May-2023 17:00:00,0,0,0,0,0,25,73.0624031442667,73.0624031442667,0,0.000508237708800152
26-May-2023 18:00:00,0,0,0,0,0,25,73.0624031442667,73.0624031442667,0,0.000508165046320341
26-May-2023 19:00:00,173.235102505914,441.926281902843,0,0.220852714594124,0,25,73.0624031442667,73.2832558588608,0.000613773130734491,0.000508092414996719
26-May-2023 20:00:00,257.403350285736,656.641199708509,0,0.328156521593458,0,25,73.2832558588608,73.6114123804542,0.000940945270376997,0.000432070598828105
26-May-2023 21:00:00,145.490149108269,371.148339561911,0,0.185481429066422,0,25,73.6114123804542,73.7968938095207,0.000509619869672212,0.000303582412827685
26-May-2023 22:00:00,68.3557565965575,174.376930093259,0,0.0871448926003293,0,25,73.7968938095207,73.884038702121,0.000232511007811853,0.000217923627642724
26-May-2023 23:00:00,9.10898399061736,23.2372040576973,0,0.0116127956310332,0,25,73.884038702121,73.895651497752,3.02963930098599e-05,0.000161052396732586
27-May-2023 00:00:00,3.36872790632251,8.59369363857783,0,0.00429469946955414,0,25,73.895651497752,73.8999461972216,1.117995810207e-05,0.000154605830843479
27-May-2023 01:00:00,15.3215960569616,39.0857042269429,0,0.0195330855706861,0,25,73.8999461972216,73.9194792827923,5.1077376102493e-05,0.000152277892581321
27-May-2023 02:00:00,23.258588818314,59.3331347405969,0,0.0296517414995487,0,25,73.9194792827923,73.9491310242918,7.77661675120667e-05,0.000142123829520058
27-May-2023 03:00:00,0,0,0,0,0,25,73.9491310242918,73.9491310242918,0,0.000126939449017316
27-May-2023 04:00:00,0,0,0,0,0,25,73.9491310242918,73.9491310242918,0,0.000126921352296305
27-May-2023 05:00:00,0,0,0,0,0,25,73.9491310242918,73.9491310242918,0,0.000126903263312439
27-May-2023 06:00:00,-17.9224865692326,0,43.91009209462,0,0.0219440740103048,25,73.9491310242918,73.9491310242918,0,0.00012688518206061
27-May-2023 07:00:00,-167.816541730895,0,411.150527240692,0,0.205472527356668,25,73.9491310242918,73.9491310242918,0,0.000138120359433502
27-May-2023 08:00:00,-259.276901772163,0,635.228409341799,0,0.317455476932433,25,73.9491310242918,73.9491310242918,0,0.000264760692213484
27-May-2023 09:00:00,-279.178424484231,0,683.987139986366,0,0.341822658663851,25,73.9491310242918,73.9491310242918,0,0.000348624467016112
27-May-2023 10:00:00,0,0,0,0,0,25,73.9491310242918,73.9491310242918,0,0.000507006668859056
27-May-2023 11:00:00,0,0,0,0,0,25,73.9491310242918,73.9491310242918,0,0.00050693453303019
27-May-2023 12:00:00,0,0,0,0,0,25,73.9491310242918,73.9491310242918,0,0.000506862427981813
27-May-2023 13:00:00,0,0,0,0,0,25,73.9491310242918,73.9491310242918,0,0.000506790353692832
27-May-2023 14:00:00,0,0,0,0,0,25,73.9491310242918,73.9491310242918,0,0.000506718310141485
27-May-2023 15:00:00,0,0,0,0,0,25,73.9491310242918,73.9491310242918,0,0.000506646297306235
27-May-2023 16:00:00,0,0,0,0,0,25,73.9491310242918,73.9491310242918,0,0.000506574315164432
27-May-2023 17:00:00,0,0,0,0,0,25,73.9491310242918,73.9491310242918,0,0.000506502363694539
27-May-2023 18:00:00,0,0,0,0,0,25,73.9491310242918,73.9491310242918,0,0.000506430442875239
27-May-2023 19:00:00,78.1557350884408,199.376875225614,0,0.0996386183036553,0,25,73.9491310242918,74.0487696425955,0.000266755348073078,0.000506358552684105
27-May-2023 20:00:00,248.822718971541,634.751834111074,0,0.317217308401337,0,25,74.0487696425955,74.3659869509968,0.000905413986573345,0.000491546461831138
27-May-2023 21:00:00,158.488336718216,404.306981424019,0,0.20205246447977,0,25,74.3659869509968,74.5680394154766,0.000557124092244843,0.000324467177238885
27-May-2023 22:00:00,82.7820693070801,211.178748232347,0,0.105536605813267,0,25,74.5680394154766,74.6735760212899,0.000282727486513312,0.000282483066641248
27-May-2023 23:00:00,16.5607084256718,42.24670516753,0,0.0211127961856722,0,25,74.6735760212899,74.6946888174755,5.51582027371322e-05,0.000224020927194868
28-May-2023 00:00:00,10.737660639892,27.3919914282959,0,0.0136891511385787,0,25,74.6946888174755,74.7083779686141,3.56840081802701e-05,0.000209379602646331
28-May-2023 01:00:00,19.1720075525331,48.9081825319722,0,0.0244418703308207,0,25,74.7083779686141,74.7328198389449,6.39145768258076e-05,0.000199881071951458
28-May-2023 02:00:00,80.7474873710489,205.988488191451,0,0.102942772709371,0,25,74.7328198389449,74.8357626116543,0.000275490725459432,0.00018345511097162
28-May-2023 03:00:00,0,0,0,0,0,25,74.8357626116543,74.8357626116543,0,0.000126507252159458
28-May-2023 04:00:00,0,0,0,0,0,25,74.8357626116543,74.8357626116543,0,0.000126489339628
28-May-2023 05:00:00,0,0,0,0,0,25,74.8357626116543,74.8357626116543,0,0.000126471434703124
28-May-2023 06:00:00,-60.3666604487846,0,147.898318099522,0,0.073912202948287,25,74.8357626116543,74.8357626116543,0,0.000126453537379501
28-May-2023 07:00:00,-181.438393404999,0,444.524063842249,0,0.222150956442903,25,74.8357626116543,74.8357626116543,0,0.000165385564847353
28-May-2023 08:00:00,-244.375100224507,0,598.718995550042,0,0.299209892828607,25,74.8357626116543,74.8357626116543,0,0.000291720811402163
28-May-2023 09:00:00,-237.935728251794,0,582.942534216895,0,0.291325604306294,25,74.8357626116543,74.8357626116543,0,0.000376379714665864
28-May-2023 10:00:00,0,0,0,0,0,25,74.8357626116543,74.8357626116543,0,0.00050528386051174
28-May-2023 11:00:00,0,0,0,0,0,25,74.8357626116543,74.8357626116543,0,0.0005052124574354
28-May-2023 12:00:00,0,0,0,0,0,25,74.8357626116543,74.8357626116543,0,0.000505141084621519
28-May-2023 13:00:00,0,0,0,0,0,25,74.8357626116543,74.8357626116543,0,0.000505069742047448
28-May-2023 14:00:00,0,0,0,0,0,25,74.8357626116543,74.8357626116543,0,0.000504998429693648
28-May-2023 15:00:00,0,0,0,0,0,25,74.8357626116543,74.8357626116543,0,0.000504927147536804
28-May-2023 16:00:00,0,0,0,0,0,25,74.8357626116543,74.8357626116543,0,0.000504855895557155
28-May-2023 17:00:00,0,0,0,0,0,25,74.8357626116543,74.8357626116543,0,0.000504784673732939
28-May-2023 18:00:00,0,0,0,0,0,25,74.8357626116543,74.8357626116543,0,0.000504713482041952
28-May-2023 19:00:00,80.4322196982631,205.18423392414,0,0.102540846538801,0,25,74.8357626116543,74.9383034581931,0.00027433168700039,0.000504642320464654
28-May-2023 20:00:00,257.280593446381,656.328044506075,0,0.328000022241916,0,25,74.9383034581931,75.266303480435,0.000937707812448396,0.00048914153690216
28-May-2023 21:00:00,156.983115122591,400.467130414773,0,0.200133498458158,0,25,75.266303480435,75.4664369788932,0.000550652062500101,0.000320728861028075
28-May-2023 22:00:00,69.7529210018579,177.94112500474,0,0.0889260994526434,0,25,75.4664369788932,75.5553630783458,0.000236691896840002,0.000276762660025298
28-May-2023 23:00:00,17.3679507850032,44.3059969005185,0,0.022141927486516,0,25,75.5553630783458,75.5775050058324,5.77754127435992e-05,0.000226503212906515
29-May-2023 00:00:00,3.43715389184253,8.76824972408809,0,0.0043819338950965,0,25,75.5775050058324,75.5818869397274,1.13736669495323e-05,0.000211257101542017
29-May-2023 01:00:00,23.8462460729939,60.8322603902907,0,0.0304009297302802,0,25,75.5818869397274,75.6122878694577,7.95158976571175e-05,0.000208193202490659
29-May-2023 02:00:00,80.1254178139442,204.40157605598,0,0.102149713171404,0,25,75.6122878694577,75.7144375826291,0.000272885480447682,0.000187470905312237
29-May-2023 03:00:00,6.1653262386101,15.7278730576788,0,0.00786000652557663,0,25,75.7144375826291,75.7222975891547,2.04175690998176e-05,0.00013014861642513
29-May-2023 04:00:00,0,0,0,0,0,25,75.7222975891547,75.7222975891547,0,0.000126061708571434
29-May-2023 05:00:00,0,0,0,0,0,25,75.7222975891547,75.7222975891547,0,0.00012604398460514
29-May-2023 06:00:00,0,0,0,0,0,25,75.7222975891547,75.7222975891547,0,0.000126026268112645
29-May-2023 07:00:00,-101.126917787064,0,247.760948578307,0,0.12381856500665,25,75.7222975891547,75.7222975891547,0,0.00012600855908862
29-May-2023 08:00:00,-185.096124408878,0,453.485504801751,0,0.226629437682034,25,75.7222975891547,75.7222975891547,0,0.000196585548551287
29-May-2023 09:00:00,-4.22284245561091,0,10.3459640162467,0,0.00517039680971851,25,75.7222975891547,75.7222975891547,0,0.000303509659225654
29-May-2023 10:00:00,-320.554207886592,0,785.357809322151,0,0.392482663329411,25,75.7222975891547,75.7222975891547,0,0.000304406213942565
29-May-2023 11:00:00,-113.03483092515,0,276.935335766618,0,0.138398468648985,25,75.7222975891547,75.7222975891547,0,0.000476500090215382
29-May-2023 12:00:00,0,0,0,0,0,25,75.7222975891547,75.7222975891547,0,0.000503437160420006
29-May-2023 13:00:00,0,0,0,0,0,25,75.7222975891547,75.7222975891547,0,0.000503366537263572
29-May-2023 14:00:00,0,0,0,0,0,25,75.7222975891547,75.7222975891547,0,0.000503295943820481
29-May-2023 15:00:00,0,0,0,0,0,25,75.7222975891547,75.7222975891547,0,0.000503225380070305
29-May-2023 16:00:00,0,0,0,0,0,25,75.7222975891547,75.7222975891547,0,0.000503154845990839
29-May-2023 17:00:00,82.230495331484,209.77167176399,0,0.104833419172409,0,25,75.7222975891547,75.8271310083271,0.000280222052966739,0.000503084341562543
29-May-2023 18:00:00,35.5007689396585,90.5631860705573,0,0.0452589635535019,0,25,75.8271310083271,75.8723899718806,0.000118847971919217,0.000487029849886023
29-May-2023 19:00:00,259.288431252594,661.450079726004,0,0.330559759983011,0,25,75.8723899718806,76.2029497318636,0.000944208659603041,0.000471019560174035
29-May-2023 20:00:00,238.943102459683,609.548730764498,0,0.304622054355072,0,25,76.2029497318636,76.5075717862187,0.000862998853478264,0.000311833255242755
29-May-2023 21:00:00,79.3619185093479,202.453873748336,0,0.101176348699818,0,25,76.5075717862187,76.6087481349185,0.000269790298673023,0.000181221753471572
29-May-2023 22:00:00,0,0,0,0,0,25,76.6087481349185,76.6087481349185,0,0.000125743816390411
29-May-2023 23:00:00,0,0,0,0,0,25,76.6087481349185,76.6087481349185,0,0.000125726226152034
30-May-2023 00:00:00,0,0,0,0,0,25,76.6087481349185,76.6087481349185,0,0.000125708643293976
30-May-2023 01:00:00,0,0,0,0,0,25,76.6087481349185,76.6087481349185,0,0.000125691067810463
30-May-2023 02:00:00,0,0,0,0,0,25,76.6087481349185,76.6087481349185,0,0.000125673499696832
30-May-2023 03:00:00,0,0,0,0,0,25,76.6087481349185,76.6087481349185,0,0.000125655938947533
30-May-2023 04:00:00,0,0,0,0,0,25,76.6087481349185,76.6087481349185,0,0.00012563838555768
30-May-2023 05:00:00,-46.3910739178475,0,113.658131098726,0,0.0568006652167549,25,76.6087481349185,76.6087481349185,0,0.000125620839522167
30-May-2023 06:00:00,-171.818751581722,0,420.955941375218,0,0.210372784295461,25,76.6087481349185,76.6087481349185,0,0.000154711032263499
30-May-2023 07:00:00,-218.231547089736,0,534.667290369853,0,0.267200045162345,25,76.6087481349185,76.6087481349185,0,0.000280039250439623
30-May-2023 08:00:00,-285.52054707245,0,699.525340327502,0,0.349587876225638,25,76.6087481349185,76.6087481349185,0,0.000340712127944398
30-May-2023 09:00:00,-2.00600417584434,0,4.91471023081863,0,0.00245612705188337,25,76.6087481349185,76.6087481349185,0,0.00050172965601214
30-May-2023 10:00:00,0,0,0,0,0,25,76.6087481349185,76.6087481349185,0,0.000501890282791351
30-May-2023 11:00:00,0,0,0,0,0,25,76.6087481349185,76.6087481349185,0,0.000501820308543843
30-May-2023 12:00:00,0,0,0,0,0,25,76.6087481349185,76.6087481349185,0,0.00050175036355582
30-May-2023 13:00:00,0,0,0,0,0,25,76.6087481349185,76.6087481349185,0,0.000501680447807296
30-May-2023 14:00:00,0,0,0,0,0,25,76.6087481349185,76.6087481349185,0,0.000501610561276955
30-May-2023 15:00:00,0,0,0,0,0,25,76.6087481349185,76.6087481349185,0,0.000501540703945924
30-May-2023 16:00:00,0,0,0,0,0,25,76.6087481349185,76.6087481349185,0,0.000501470875792442
30-May-2023 17:00:00,0,0,0,0,0,25,76.6087481349185,76.6087481349185,0,0.000501401076797192
30-May-2023 18:00:00,0,0,0,0,0,25,76.6087481349185,76.6087481349185,0,0.000501331306938857
30-May-2023 19:00:00,34.9587762965174,89.18055177683,0,0.0445679918924688,0,25,76.6087481349185,76.653316126811,0.000116852557774966,0.000501261566198341
30-May-2023 20:00:00,240.505896054261,613.535449118012,0,0.306614417350331,0,25,76.653316126811,76.9599305441613,0.000868476517567746,0.0004964591060308
30-May-2023 21:00:00,165.157224085422,421.319449197506,0,0.210554447375066,0,25,76.9599305441613,77.1704849915364,0.000579415372413822,0.000340439141714333
30-May-2023 22:00:00,65.2951239890998,166.569193849744,0,0.0832429754371537,0,25,77.1704849915364,77.2537279669735,0.000220546335044813,0.00029666267943762
30-May-2023 23:00:00,14.395661263445,36.7236256720537,0,0.018352636517768,0,25,77.2537279669735,77.2720806034913,4.76948941711686e-05,0.000268461080623839
31-May-2023 00:00:00,0,0,0,0,0,25,77.2720806034913,77.2720806034913,0,0.000259248960341907
31-May-2023 01:00:00,32.2398378916209,82.2444844174002,0,0.0411016913630186,0,25,77.2720806034913,77.3131822948543,0.000107531678668726,0.000259212956041477
31-May-2023 02:00:00,67.4310934777023,172.018095606383,0,0.0859660647708063,0,25,77.3131822948543,77.3991483596251,0.000227890502672912,0.000234809555151649
31-May-2023 03:00:00,75.2605504942808,191.991200240512,0,0.0959476263071026,0,25,77.3991483596251,77.4950959859322,0.000255065793029141,0.000177152435154371
31-May-2023 04:00:00,0,0,0,0,0,25,77.4950959859322,77.4950959859322,0,0.000125219298735768
31-May-2023 05:00:00,-52.7424778676135,0,129.219070775653,0,0.0645772467644443,25,77.4950959859322,77.4950959859322,0,0.000125201927673624
31-May-2023 06:00:00,-177.09524173616,0,433.883342253593,0,0.216833254499547,25,77.4950959859322,77.4950959859322,0,0.000158463944488485
31-May-2023 07:00:00,-234.99418644639,0,575.735756793654,0,0.287724016388633,25,77.4950959859322,77.4950959859322,0,0.000284231301776572
31-May-2023 08:00:00,-259.053045235476,0,634.679960826915,0,0.317181389718598,25,77.4950959859322,77.4950959859322,0,0.000356457663199805
31-May-2023 09:00:00,0,0,0,0,0,25,77.4950959859322,77.4950959859322,0,0.000500288241841007
31-May-2023 10:00:00,0,0,0,0,0,25,77.4950959859322,77.4950959859322,0,0.000500218935440833
31-May-2023 11:00:00,0,0,0,0,0,25,77.4950959859322,77.4950959859322,0,0.000500149657836735
31-May-2023 12:00:00,0,0,0,0,0,25,77.4950959859322,77.4950959859322,0,0.000500080409008063
31-May-2023 13:00:00,0,0,0,0,0,25,77.4950959859322,77.4950959859322,0,0.000500011188935057
31-May-2023 14:00:00,0,0,0,0,0,25,77.4950959859322,77.4950959859322,0,0.000499941997598174
31-May-2023 15:00:00,0,0,0,0,0,25,77.4950959859322,77.4950959859322,0,0.000499872834977211
31-May-2023 16:00:00,0,0,0,0,0,25,77.4950959859322,77.4950959859322,0,0.000499803701052848
31-May-2023 17:00:00,208.278962730685,531.323884517053,0,0.265529177669692,0,25,77.4950959859322,77.7606251636019,0.000741979367634427,0.000499734595804435
31-May-2023 18:00:00,23.5226495633259,60.0067590901172,0,0.0299883853523824,0,25,77.7606251636019,77.7906135489543,7.81349313771496e-05,0.000390658358804252
31-May-2023 19:00:00,15.622600543886,39.8535728160357,0,0.0199168279940208,0,25,77.7906135489543,77.8105303769483,5.17367676567404e-05,0.000369212053380474
31-May-2023 20:00:00,246.522332466349,628.883501189667,0,0.314284608290688,0,25,77.8105303769483,78.124814985239,0.00089047303681139,0.00035685195812829
31-May-2023 21:00:00,168.845417285304,430.728105319654,0,0.215256424447603,0,25,78.124814985239,78.3400714096866,0.00059201711581458,0.000274351390525229
31-May-2023 22:00:00,32.3815859992447,82.6060867327671,0,0.0412824021653009,0,25,78.3400714096866,78.3813538118519,0.000107816821373674,0.000145716937006934
31-May-2023 23:00:00,0,0,0,0,0,25,78.3813538118519,78.3813538118519,0,0.000124890479607176
01-Jun-2023 00:00:00,0,0,0,0,0,25,78.3813538118519,78.3813538118519,0,0.000124873245013646
01-Jun-2023 01:00:00,0,0,0,0,0,25,78.3813538118519,78.3813538118519,0,0.000124856017553299
01-Jun-2023 02:00:00,0,0,0,0,0,25,78.3813538118519,78.3813538118519,0,0.000124838797221027
01-Jun-2023 03:00:00,0,0,0,0,0,25,78.3813538118519,78.3813538118519,0,0.000124821584011725
01-Jun-2023 04:00:00,0,0,0,0,0,25,78.3813538118519,78.3813538118519,0,0.000124804377920951
01-Jun-2023 05:00:00,0,0,0,0,0,25,78.3813538118519,78.3813538118519,0,0.000124787178943597
01-Jun-2023 06:00:00,0,0,0,0,0,25,78.3813538118519,78.3813538118519,0,0.00012476998707478
01-Jun-2023 07:00:00,0,0,0,0,0,25,78.3813538118519,78.3813538118519,0,0.000124752802309169
01-Jun-2023 08:00:00,0,0,0,0,0,25,78.3813538118519,78.3813538118519,0,0.000124735624642547
01-Jun-2023 09:00:00,-332.655084076444,0,815.004955987287,0,0.407298828579354,25,78.3813538118519,78.3813538118519,0,0.000124718454069805
01-Jun-2023 10:00:00,-353.297257841587,0,865.578281711889,0,0.43257285442873,25,78.3813538118519,78.3813538118519,0,0.000309392034265388
01-Jun-2023 11:00:00,-37.8559485919953,0,92.7470740503884,0,0.0463503618442721,25,78.3813538118519,78.3813538118519,0,0.000493559686608691
01-Jun-2023 12:00:00,0,0,0,0,0,25,78.3813538118519,78.3813538118519,0,0.000498427018350123
01-Jun-2023 13:00:00,0,0,0,0,0,25,78.3813538118519,78.3813538118519,0,0.000498358482492689
01-Jun-2023 14:00:00,0,0,0,0,0,25,78.3813538118519,78.3813538118519,0,0.000498289974899091
01-Jun-2023 15:00:00,0,0,0,0,0,25,78.3813538118519,78.3813538118519,0,0.000498221495550011
01-Jun-2023 16:00:00,0,0,0,0,0,25,78.3813538118519,78.3813538118519,0,0.000498153044426797
01-Jun-2023 17:00:00,0,0,0,0,0,25,78.3813538118519,78.3813538118519,0,0.000498084621508799
01-Jun-2023 18:00:00,0,0,0,0,0,25,78.3813538118519,78.3813538118519,0,0.000498016226778253
01-Jun-2023 19:00:00,48.4473694714727,123.590228243553,0,0.0617642320057735,0,25,78.3813538118519,78.4431180438577,0.000162275464308581,0.000497947860214065
01-Jun-2023 20:00:00,248.209742560643,633.18811877715,0,0.316435841467841,0,25,78.4431180438577,78.7595538853255,0.000896184074465844,0.000490783661609484
01-Jun-2023 21:00:00,155.582159769572,396.893264718296,0,0.198347458629833,0,25,78.7595538853255,78.9579013439554,0.000542215654224631,0.000328613837383029
01-Jun-2023 22:00:00,75.1477173397066,191.703360560476,0,0.0958037783910425,0,25,78.9579013439554,79.0537051223464,0.000254004375200401,0.000291077652360361
01-Jun-2023 23:00:00,24.1122265680103,61.5107820612507,0,0.0307400210201153,0,25,79.0537051223464,79.0844451433665,7.99380842974595e-05,0.000252606012431045
02-Jun-2023 00:00:00,1.82711028996018,4.66099563765351,0,0.00232933315225063,0,25,79.0844451433665,79.0867744765188,6.00643953008184e-06,0.000234091979046447
02-Jun-2023 01:00:00,30.1897575846927,77.0146877160528,0,0.0384880998081223,0,25,79.0867744765188,79.1252625763269,0.000100310490011635,0.000232563482707171
02-Jun-2023 02:00:00,75.2123916314262,191.868345998536,0,0.095886229884326,0,25,79.1252625763269,79.2211488062112,0.000254160845625906,0.00020670888136376
02-Jun-2023 03:00:00,36.3720243588851,92.7857764257273,0,0.046369703361183,0,25,79.2211488062112,79.2675185095724,0.000121107643686058,0.000147753683178653
02-Jun-2023 04:00:00,0,0,0,0,0,25,79.2675185095724,79.2675185095724,0,0.000124393554546298
02-Jun-2023 05:00:00,0,0,0,0,0,25,79.2675185095724,79.2675185095724,0,0.000124376524830883
02-Jun-2023 06:00:00,0,0,0,0,0,25,79.2675185095724,79.2675185095724,0,0.000124359502107652
02-Jun-2023 07:00:00,0,0,0,0,0,25,79.2675185095724,79.2675185095724,0,0.000124342486372164
02-Jun-2023 08:00:00,0,0,0,0,0,25,79.2675185095724,79.2675185095724,0,0.000124325477619092
02-Jun-2023 09:00:00,0,0,0,0,0,25,79.2675185095724,79.2675185095724,0,0.000124308475843993
02-Jun-2023 10:00:00,-27.7306194134984,0,67.940017563071,0,0.0339530322654028,25,79.2675185095724,79.2675185095724,0,0.000124291481042427
02-Jun-2023 11:00:00,-255.058504742861,0,624.89333662001,0,0.312290523048481,25,79.2675185095724,79.2675185095724,0,0.000141278127679945
02-Jun-2023 12:00:00,-291.235379897843,0,713.526680749716,0,0.356585047850933,25,79.2675185095724,79.2675185095724,0,0.000298623089125982
02-Jun-2023 13:00:00,-149.707020536939,0,366.782200315501,0,0.183299450432534,25,79.2675185095724,79.2675185095724,0,0.000447787945568878
02-Jun-2023 14:00:00,0,0,0,0,0,25,79.2675185095724,79.2675185095724,0,0.000496654221680437
02-Jun-2023 15:00:00,0,0,0,0,0,25,79.2675185095724,79.2675185095724,0,0.000496586414426847
02-Jun-2023 16:00:00,0,0,0,0,0,25,79.2675185095724,79.2675185095724,0,0.000496518634938825
02-Jun-2023 17:00:00,0,0,0,0,0,25,79.2675185095724,79.2675185095724,0,0.000496450883196164
02-Jun-2023 18:00:00,0,0,0,0,0,25,79.2675185095724,79.2675185095724,0,0.000496383159181768
02-Jun-2023 19:00:00,25.4494499414584,64.9220661771899,0,0.0324448106832533,0,25,79.2675185095724,79.2999633202557,8.438464934718e-05,0.00049631546287543
02-Jun-2023 20:00:00,262.041914063748,668.474270570785,0,0.334070100235275,0,25,79.2999633202557,79.6340334204909,0.000949712953509374,0.000492998452490623
02-Jun-2023 21:00:00,163.912599517304,418.144386523734,0,0.208967709407164,0,25,79.6340334204909,79.8430011298981,0.000572213294022128,0.000331298341373687
02-Jun-2023 22:00:00,66.6152131144794,169.936768149182,0,0.0849259211140341,0,25,79.8430011298981,79.9279270510121,0.000224114350640736,0.000290384515693631
02-Jun-2023 23:00:00,15.4512231836438,39.4163856725607,0,0.0196983436644481,0,25,79.9279270510121,79.9476253946766,5.0984379924901e-05,0.000258149364810834
03-Jun-2023 00:00:00,0,0,0,0,0,25,79.9476253946766,79.9476253946766,0,0.000247308598255946
03-Jun-2023 01:00:00,26.3768556053302,67.2878969523729,0,0.0336271349087321,0,25,79.9476253946766,79.9812525295853,8.73915692758964e-05,0.000247274925630148
03-Jun-2023 02:00:00,88.2911101506072,225.23242385359,0,0.112559931960815,0,25,79.9812525295853,80.0938124615461,0.000299406214368081,0.00022631859054667
03-Jun-2023 03:00:00,46.8959026415547,119.632404697844,0,0.0597863091943246,0,25,80.0938124615461,80.1535987707404,0.000156543504612305,0.00015436065677954
03-Jun-2023 04:00:00,0,0,0,0,0,25,80.1535987707404,80.1535987707404,0,0.000123986761613626
03-Jun-2023 05:00:00,0,0,0,0,0,25,80.1535987707404,80.1535987707404,0,0.000123969898402132
03-Jun-2023 06:00:00,-69.9586168707433,0,171.398611333321,0,0.0856564774279466,25,80.1535987707404,80.1535987707404,0,0.000123953042069136
03-Jun-2023 07:00:00,-247.579738936037,0,606.570360393291,0,0.30313361338995,25,80.1535987707404,80.1535987707404,0,0.000169032821450754
03-Jun-2023 08:00:00,-296.1144666072,0,725.48044318764,0,0.362558942122759,25,80.1535987707404,80.1535987707404,0,0.000304789020290519
03-Jun-2023 09:00:00,-110.013300237009,0,269.532585580672,0,0.134698943318677,25,80.1535987707404,80.1535987707404,0,0.0004701881207958
03-Jun-2023 10:00:00,0,0,0,0,0,25,80.1535987707404,80.1535987707404,0,0.000495303330489971
03-Jun-2023 11:00:00,0,0,0,0,0,25,80.1535987707404,80.1535987707404,0,0.000495236074961936
03-Jun-2023 12:00:00,0,0,0,0,0,25,80.1535987707404,80.1535987707404,0,0.000495168846823546
03-Jun-2023 13:00:00,0,0,0,0,0,25,80.1535987707404,80.1535987707404,0,0.000495101646056373
03-Jun-2023 14:00:00,0,0,0,0,0,25,80.1535987707404,80.1535987707404,0,0.000495034472641098
03-Jun-2023 15:00:00,0,0,0,0,0,25,80.1535987707404,80.1535987707404,0,0.000494967326561291
03-Jun-2023 16:00:00,0,0,0,0,0,25,80.1535987707404,80.1535987707404,0,0.000494900207795412
03-Jun-2023 17:00:00,0,0,0,0,0,25,80.1535987707404,80.1535987707404,0,0.000494833116327698
03-Jun-2023 18:00:00,0,0,0,0,0,25,80.1535987707404,80.1535987707404,0,0.000494766052138162
03-Jun-2023 19:00:00,0.830378666793256,2.118312925493,0,0.00105862714917191,0,25,80.1535987707404,80.1546573978896,2.72398807993346e-06,0.000494699015208377
03-Jun-2023 20:00:00,253.847193799465,647.56937193741,0,0.32362287453144,0,25,80.1546573978896,80.4782802724211,0.000915894733967026,0.000494534180859096
03-Jun-2023 21:00:00,165.480527378596,422.144202496418,0,0.210966617939239,0,25,80.4782802724211,80.6892468903603,0.000577229578328398,0.00034820546895431
03-Jun-2023 22:00:00,79.3882239406553,202.520979440447,0,0.101209884777835,0,25,80.6892468903603,80.7904567751381,0.000268002836452674,0.000298012681449134
03-Jun-2023 23:00:00,21.3451512443119,54.4519164395711,0,0.0272123520437637,0,25,80.7904567751381,80.8176691271819,7.04896401836352e-05,0.000268480572693797
04-Jun-2023 00:00:00,0,0,0,0,0,25,80.8176691271819,80.8176691271819,0,0.000255327017424811
04-Jun-2023 01:00:00,8.44189506041071,21.5354465826804,0,0.01076234212028,0,25,80.8176691271819,80.8284314693022,2.77420255740402e-05,0.000255292478767988
04-Jun-2023 02:00:00,82.5204517790466,210.511356579201,0,0.105203076751225,0,25,80.8284314693022,80.9336345460534,0.000278844104043108,0.000249396982232364
04-Jun-2023 03:00:00,83.1024224109739,211.995975538199,0,0.105945015261469,0,25,80.9336345460534,81.0395795613149,0.000280826019621594,0.000181180874032405
04-Jun-2023 04:00:00,0,0,0,0,0,25,81.0395795613149,81.0395795613149,0,0.000123583933649529
04-Jun-2023 05:00:00,0,0,0,0,0,25,81.0395795613149,81.0395795613149,0,0.000123567234245892
04-Jun-2023 06:00:00,-139.480631970453,0,341.72754832761,0,0.17077838497132,25,81.0395795613149,81.0395795613149,0,0.000123550541610395
04-Jun-2023 07:00:00,-198.408340977543,0,486.10043539498,0,0.242928753320829,25,81.0395795613149,81.0395795613149,0,0.000224414761619052
04-Jun-2023 08:00:00,-247.946506647395,0,607.468941286118,0,0.303582679303407,25,81.0395795613149,81.0395795613149,0,0.000307389483131137
04-Jun-2023 09:00:00,-137.749330484491,0,337.485859687002,0,0.168658600543229,25,81.0395795613149,81.0395795613149,0,0.000453361807645214
04-Jun-2023 10:00:00,0,0,0,0,0,25,81.0395795613149,81.0395795613149,0,0.000493696719953585
04-Jun-2023 11:00:00,0,0,0,0,0,25,81.0395795613149,81.0395795613149,0,0.000493630116685129
04-Jun-2023 12:00:00,0,0,0,0,0,25,81.0395795613149,81.0395795613149,0,0.000493563540365782
04-Jun-2023 13:00:00,0,0,0,0,0,25,81.0395795613149,81.0395795613149,0,0.000493496990975784
04-Jun-2023 14:00:00,0,0,0,0,0,25,81.0395795613149,81.0395795613149,0,0.000493430468498923
04-Jun-2023 15:00:00,0,0,0,0,0,25,81.0395795613149,81.0395795613149,0,0.000493363972915217
04-Jun-2023 16:00:00,0,0,0,0,0,25,81.0395795613149,81.0395795613149,0,0.000493297504208456
04-Jun-2023 17:00:00,0,0,0,0,0,25,81.0395795613149,81.0395795613149,0,0.000493231062358435
04-Jun-2023 18:00:00,0,0,0,0,0,25,81.0395795613149,81.0395795613149,0,0.000493164647349387
04-Jun-2023 19:00:00,109.185284927547,278.533890121293,0,0.139197346387453,0,25,81.0395795613149,81.1787769077023,0.000372540485907402,0.000493098259161329
04-Jun-2023 20:00:00,250.1661613744,638.17898309796,0,0.318930026535712,0,25,81.1787769077023,81.497706934238,0.000899867018043066,0.0004662377215916
04-Jun-2023 21:00:00,169.341463063824,431.99352822404,0,0.215888819702169,0,25,81.497706934238,81.7135957539402,0.000590583852711102,0.000308903918795345
04-Jun-2023 22:00:00,79.7610662710933,203.472107834422,0,0.101685211311555,0,25,81.7135957539402,81.8152809652517,0.000268855850643845,0.00024914043473423
04-Jun-2023 23:00:00,23.6834358896245,60.4169282898584,0,0.0301933674611986,0,25,81.8152809652517,81.8454743327129,7.81515796049459e-05,0.000183429316037209
05-Jun-2023 00:00:00,5.50022060009207,14.0311750002349,0,0.00701208145938774,0,25,81.8454743327129,81.8524864141723,1.80252140314363e-05,0.000164762675342045
05-Jun-2023 01:00:00,27.457423477312,70.044447646204,0,0.0350047214623708,0,25,81.8524864141723,81.8874911356347,9.07287480662045e-05,0.000160702580338956
05-Jun-2023 02:00:00,29.7864499045702,75.9858415932914,0,0.0379739338297308,0,25,81.8874911356347,81.9254650694644,9.85056874643342e-05,0.00014208931852866
05-Jun-2023 03:00:00,0,0,0,0,0,25,81.9254650694644,81.9254650694644,0,0.000123201551553098
05-Jun-2023 04:00:00,0,0,0,0,0,25,81.9254650694644,81.9254650694644,0,0.000123185006659199
05-Jun-2023 05:00:00,0,0,0,0,0,25,81.9254650694644,81.9254650694644,0,0.000123168468428858
05-Jun-2023 06:00:00,-20.8136434781454,0,50.9934265214562,0,0.0254839712750906,25,81.9254650694644,81.9254650694644,0,0.000123151936857857
05-Jun-2023 07:00:00,-166.605127037716,0,408.182561242404,0,0.203989285978213,25,81.9254650694644,81.9254650694644,0,0.00013580672344049
05-Jun-2023 08:00:00,-232.54461299409,0,569.73430183552,0,0.284724788523498,25,81.9254650694644,81.9254650694644,0,0.000258120502693693
05-Jun-2023 09:00:00,-278.946906305474,0,683.419920448411,0,0.341539190628891,25,81.9254650694644,81.9254650694644,0,0.000326883350859841
05-Jun-2023 10:00:00,-24.596849739745,0,60.2622818623752,0,0.0301160828897427,25,81.9254650694644,81.9254650694644,0,0.00048913842547571
05-Jun-2023 11:00:00,0,0,0,0,0,25,81.9254650694644,81.9254650694644,0,0.000492039681230683
05-Jun-2023 12:00:00,0,0,0,0,0,25,81.9254650694644,81.9254650694644,0,0.000491973746263863
05-Jun-2023 13:00:00,0,0,0,0,0,25,81.9254650694644,81.9254650694644,0,0.000491907837796957
05-Jun-2023 14:00:00,0,0,0,0,0,25,81.9254650694644,81.9254650694644,0,0.000491841955811312
05-Jun-2023 15:00:00,0,0,0,0,0,25,81.9254650694644,81.9254650694644,0,0.000491776100290053
05-Jun-2023 16:00:00,0,0,0,0,0,25,81.9254650694644,81.9254650694644,0,0.000491710271214529
05-Jun-2023 17:00:00,0,0,0,0,0,25,81.9254650694644,81.9254650694644,0,0.000491644468567864
05-Jun-2023 18:00:00,101.067122059305,257.824290967616,0,0.128847721622996,0,25,81.9254650694644,82.0543127910874,0.00034330003294053,0.000491578692331851
05-Jun-2023 19:00:00,328.22109958726,837.298723436889,0,0.418440141647621,0,25,82.0543127910874,82.472752932735,0.0012141235898101,0.000468619441158502
05-Jun-2023 20:00:00,258.9209877491,660.512723849746,0,0.330091316266739,0,25,82.472752932735,82.8028442490018,0.00093250621798191,0.000293949578269892
05-Jun-2023 21:00:00,6.60607019585923,16.852219887396,0,0.00842189899420089,0,25,82.8028442490018,82.811266147996,2.16252178392162e-05,0.000127154816973674
05-Jun-2023 22:00:00,0,0,0,0,0,25,82.811266147996,82.811266147996,0,0.000122888333745186
05-Jun-2023 23:00:00,0,0,0,0,0,25,82.811266147996,82.811266147996,0,0.000122871914701062
06-Jun-2023 00:00:00,0,0,0,0,0,25,82.811266147996,82.811266147996,0,0.000122855502236563
06-Jun-2023 01:00:00,0,0,0,0,0,25,82.811266147996,82.811266147996,0,0.000122839096346805
06-Jun-2023 02:00:00,0,0,0,0,0,25,82.811266147996,82.811266147996,0,0.000122822697028235
06-Jun-2023 03:00:00,0,0,0,0,0,25,82.811266147996,82.811266147996,0,0.000122806304275525
06-Jun-2023 04:00:00,0,0,0,0,0,25,82.811266147996,82.811266147996,0,0.000122789918084898
06-Jun-2023 05:00:00,0,0,0,0,0,25,82.811266147996,82.811266147996,0,0.000122773538451693
06-Jun-2023 06:00:00,0,0,0,0,0,25,82.811266147996,82.811266147996,0,0.000122757165371912
06-Jun-2023 07:00:00,0,0,0,0,0,25,82.811266147996,82.811266147996,0,0.00012274079884067
06-Jun-2023 08:00:00,0,0,0,0,0,25,82.811266147996,82.811266147996,0,0.000122724438853972
06-Jun-2023 09:00:00,0,0,0,0,0,25,82.811266147996,82.811266147996,0,0.000122708085407153
06-Jun-2023 10:00:00,0,0,0,0,0,25,82.811266147996,82.811266147996,0,0.000122691738496217
06-Jun-2023 11:00:00,0,0,0,0,0,25,82.811266147996,82.811266147996,0,0.000122675398116723
06-Jun-2023 12:00:00,0,0,0,0,0,25,82.811266147996,82.811266147996,0,0.00012265906426423
06-Jun-2023 13:00:00,0,0,0,0,0,25,82.811266147996,82.811266147996,0,0.000122642736934298
06-Jun-2023 14:00:00,0,0,0,0,0,25,82.811266147996,82.811266147996,0,0.000122626416122484
06-Jun-2023 15:00:00,0,0,0,0,0,25,82.811266147996,82.811266147996,0,0.000122610101825016
06-Jun-2023 16:00:00,0,0,0,0,0,25,82.811266147996,82.811266147996,0,0.000122593794037229
06-Jun-2023 17:00:00,0,0,0,0,0,25,82.811266147996,82.811266147996,0,0.000122577492754683
06-Jun-2023 18:00:00,0,0,0,0,0,25,82.811266147996,82.811266147996,0,0.000122561197972937
06-Jun-2023 19:00:00,0,0,0,0,0,25,82.811266147996,82.811266147996,0,0.000122544909688216
06-Jun-2023 20:00:00,0,0,0,0,0,25,82.811266147996,82.811266147996,0,0.000122528627895413
06-Jun-2023 21:00:00,0,0,0,0,0,25,82.811266147996,82.811266147996,0,0.000122512352591198
06-Jun-2023 22:00:00,0,0,0,0,0,25,82.811266147996,82.811266147996,0,0.000122496083770463
06-Jun-2023 23:00:00,0,0,0,0,0,25,82.811266147996,82.811266147996,0,0.000122479821429211
07-Jun-2023 00:00:00,0,0,0,0,0,25,82.811266147996,82.811266147996,0,0.000122463565563002
07-Jun-2023 01:00:00,0,0,0,0,0,25,82.811266147996,82.811266147996,0,0.00012244731616784
07-Jun-2023 02:00:00,0,0,0,0,0,25,82.811266147996,82.811266147996,0,0.000122431073239282
07-Jun-2023 03:00:00,0,0,0,0,0,25,82.811266147996,82.811266147996,0,0.000122414836772666
07-Jun-2023 04:00:00,0,0,0,0,0,25,82.811266147996,82.811266147996,0,0.00012239860676444
07-Jun-2023 05:00:00,0,0,0,0,0,25,82.811266147996,82.811266147996,0,0.000122382383209718
07-Jun-2023 06:00:00,0,0,0,0,0,25,82.811266147996,82.811266147996,0,0.000122366166104504
07-Jun-2023 07:00:00,-76.3102145508646,0,186.960025649618,0,0.0934332961767207,25,82.811266147996,82.811266147996,0,0.000122349955444356
07-Jun-2023 08:00:00,73.2882389429936,186.959793221922,0,0.0934331800209507,0,25,82.811266147996,82.9046993280169,0.000246006886875372,0.000171543827113041
07-Jun-2023 09:00:00,-116.398539038957,0,285.176420645444,0,0.142516951846799,25,82.9046993280169,82.9046993280169,0,0.000122317553442608
07-Jun-2023 10:00:00,-119.780072937723,0,293.461178697421,0,0.146657260718351,25,82.9046993280169,82.9046993280169,0,0.000203395718039845
07-Jun-2023 11:00:00,-306.583053135048,0,751.128480180867,0,0.375376551814526,25,82.9046993280169,82.9046993280169,0,0.000280216901535901
07-Jun-2023 12:00:00,-180.648259692251,0,442.588236246016,0,0.221183526359828,25,82.9046993280169,82.9046993280169,0,0.000415333603546841
07-Jun-2023 13:00:00,0,0,0,0,0,25,82.9046993280169,82.9046993280169,0,0.000488775050665691
07-Jun-2023 14:00:00,0,0,0,0,0,25,82.9046993280169,82.9046993280169,0,0.000488710419253469
07-Jun-2023 15:00:00,23.8158750172386,60.7547832072414,0,0.0303622104983715,0,25,82.9046993280169,82.9350615385153,7.84564349455286e-05,0.000488645813472743
07-Jun-2023 16:00:00,7.46635738617548,19.0468300667742,0,0.00951865570553433,0,25,82.9350615385153,82.9445801942208,2.44442930228961e-05,0.000485608162451356
07-Jun-2023 17:00:00,110.845905726833,282.770167670492,0,0.141314426621935,0,25,82.9445801942208,83.0858946208428,0.000377291141487213,0.000484467434458402
07-Jun-2023 18:00:00,222.311452272704,567.121051716082,0,0.283418816449816,0,25,83.0858946208428,83.3693134372926,0.000788929722411513,0.000441518320416057
07-Jun-2023 19:00:00,298.839177458315,762.344840454884,0,0.380981929262811,0,25,83.3693134372926,83.7502953665554,0.00109101741510176,0.000305074766527857
07-Jun-2023 20:00:00,31.4554794410399,80.2435700026529,0,0.0401017341342593,0,25,83.7502953665554,83.7903971006897,0.00010378338063427,0.000141910113897081
07-Jun-2023 21:00:00,0,0,0,0,0,25,83.7903971006897,83.7903971006897,0,0.000122123680562414
07-Jun-2023 22:00:00,0,0,0,0,0,25,83.7903971006897,83.7903971006897,0,0.000122107566069785
07-Jun-2023 23:00:00,0,0,0,0,0,25,83.7903971006897,83.7903971006897,0,0.000122091457954498
08-Jun-2023 00:00:00,0,0,0,0,0,25,83.7903971006897,83.7903971006897,0,0.000122075356212337
08-Jun-2023 01:00:00,0,0,0,0,0,25,83.7903971006897,83.7903971006897,0,0.00012205926083908
08-Jun-2023 02:00:00,0,0,0,0,0,25,83.7903971006897,83.7903971006897,0,0.000122043171830732
08-Jun-2023 03:00:00,0,0,0,0,0,25,83.7903971006897,83.7903971006897,0,0.000122027089182852
08-Jun-2023 04:00:00,0,0,0,0,0,25,83.7903971006897,83.7903971006897,0,0.000122011012891443
08-Jun-2023 05:00:00,0,0,0,0,0,25,83.7903971006897,83.7903971006897,0,0.000121994942952064
08-Jun-2023 06:00:00,0,0,0,0,0,25,83.7903971006897,83.7903971006897,0,0.000121978879360718
08-Jun-2023 07:00:00,0,0,0,0,0,25,83.7903971006897,83.7903971006897,0,0.000121962822113186
08-Jun-2023 08:00:00,-121.552199699492,0,297.802889263755,0,0.148827031116319,25,83.7903971006897,83.7903971006897,0,0.00012194677120525
08-Jun-2023 09:00:00,-264.568802405336,0,648.193565893074,0,0.323934815538767,25,83.7903971006897,83.7903971006897,0,0.000207014784729953
08-Jun-2023 10:00:00,-290.248147285045,0,711.107960848359,0,0.355376292278041,25,83.7903971006897,83.7903971006897,0,0.000313125121368163
08-Jun-2023 11:00:00,-46.9815215977962,0,115.104727914601,0,0.0575236021562222,25,83.7903971006897,83.7903971006897,0,0.000481029309788994
08-Jun-2023 12:00:00,0,0,0,0,0,25,83.7903971006897,83.7903971006897,0,0.000487294983247732
08-Jun-2023 13:00:00,34.9539609866511,89.1682678230895,0,0.0445618529850522,0,25,83.7903971006897,83.8349589536747,0.000115470650424276,0.000487230937116667
08-Jun-2023 14:00:00,-36.3949884474932,0,89.1677216963583,0,0.0445615800581501,25,83.8349589536747,83.8349589536747,0,0.000482562896670258
08-Jun-2023 15:00:00,0,0,0,0,0,25,83.8349589536747,83.8349589536747,0,0.000487102920577076
08-Jun-2023 16:00:00,19.6444656687873,50.1134328285391,0,0.025044194317111,0,25,83.8349589536747,83.8600031479918,6.45182072035455e-05,0.000487038950135465
08-Jun-2023 17:00:00,326.40554114274,832.667196792704,0,0.416125535628538,0,25,83.8600031479918,84.2761286836204,0.00120314034303209,0.000484573030717472
08-Jun-2023 18:00:00,239.922266867045,612.046599150625,0,0.305870364393116,0,25,84.2761286836204,84.5819990480135,0.000855487453582326,0.000307690447748143
08-Jun-2023 19:00:00,108.701735007699,277.300344407395,0,0.138580881762816,0,25,84.5819990480135,84.7205799297763,0.000368746454506852,0.000199893950878716
08-Jun-2023 20:00:00,0,0,0,0,0,25,84.7205799297763,84.7205799297763,0,0.000121754653287898
08-Jun-2023 21:00:00,0,0,0,0,0,25,84.7205799297763,84.7205799297763,0,0.000121738684417227
08-Jun-2023 22:00:00,0,0,0,0,0,25,84.7205799297763,84.7205799297763,0,0.000121722721828199
08-Jun-2023 23:00:00,0,0,0,0,0,25,84.7205799297763,84.7205799297763,0,0.000121706765516372
09-Jun-2023 00:00:00,0,0,0,0,0,25,84.7205799297763,84.7205799297763,0,0.000121690815478193
09-Jun-2023 01:00:00,0,0,0,0,0,25,84.7205799297763,84.7205799297763,0,0.000121674871708999
09-Jun-2023 02:00:00,0,0,0,0,0,25,84.7205799297763,84.7205799297763,0,0.000121658934205238
09-Jun-2023 03:00:00,0,0,0,0,0,25,84.7205799297763,84.7205799297763,0,0.000121643002962468
09-Jun-2023 04:00:00,0,0,0,0,0,25,84.7205799297763,84.7205799297763,0,0.000121627077976694
09-Jun-2023 05:00:00,0,0,0,0,0,25,84.7205799297763,84.7205799297763,0,0.000121611159243695
09-Jun-2023 06:00:00,-18.3159702940781,0,44.8741272204913,0,0.0224258506849032,25,84.7205799297763,84.7205799297763,0,0.000121595246759254
09-Jun-2023 07:00:00,-128.750429298375,0,315.438551781019,0,0.157640455662678,25,84.7205799297763,84.7205799297763,0,0.000132610518453591
09-Jun-2023 08:00:00,-196.720852221167,0,481.966087941859,0,0.240862612664597,25,84.7205799297763,84.7205799297763,0,0.000226822970615714
09-Jun-2023 09:00:00,-138.674558597718,0,339.752668564409,0,0.169791438562923,25,84.7205799297763,84.7205799297763,0,0.00030354017004619
09-Jun-2023 10:00:00,62.5929682506236,159.675939414856,0,0.0797980706720921,0,25,84.7205799297763,84.8003780004484,0.000208634784513162,0.000359356419364021
09-Jun-2023 11:00:00,-291.33550487498,0,713.771986943701,0,0.356707639652025,25,84.8003780004484,84.8003780004484,0,0.000321694588572896
09-Jun-2023 12:00:00,-14.6622037189654,0,35.9223991114652,0,0.0179522234440106,25,84.8003780004484,84.8003780004484,0,0.000484081476803677
09-Jun-2023 13:00:00,0,0,0,0,0,25,84.8003780004484,84.8003780004484,0,0.00048570136596604
09-Jun-2023 14:00:00,0,0,0,0,0,25,84.8003780004484,84.8003780004484,0,0.000485637946056938
09-Jun-2023 15:00:00,0,0,0,0,0,25,84.8003780004484,84.8003780004484,0,0.000485574550984857
09-Jun-2023 16:00:00,0,0,0,0,0,25,84.8003780004484,84.8003780004484,0,0.000485511180732257
09-Jun-2023 17:00:00,0,0,0,0,0,25,84.8003780004484,84.8003780004484,0,0.00048544783528448
09-Jun-2023 18:00:00,0,0,0,0,0,25,84.8003780004484,84.8003780004484,0,0.00048538451462421
09-Jun-2023 19:00:00,189.463083371322,483.324192273781,0,0.241541325474153,0,25,84.8003780004484,85.0419193259225,0.000662316322011025,0.000485321218735679
09-Jun-2023 20:00:00,252.454313337324,644.016105452358,0,0.321847129161598,0,25,85.0419193259225,85.3637664550841,0.000903351190655377,0.000397163015187552
09-Jun-2023 21:00:00,149.410026335835,381.148026366927,0,0.190478773796565,0,25,85.3637664550841,85.5542452288807,0.000514040694956863,0.000286788141833139
09-Jun-2023 22:00:00,87.6886364785698,223.695501220841,0,0.111791854683079,0,25,85.5542452288807,85.6660370835638,0.000294678056872333,0.000194598796817047
09-Jun-2023 23:00:00,14.3229263062377,36.5380773118309,0,0.0182599087015647,0,25,85.6660370835638,85.6842969922654,4.68133721222008e-05,0.00013109806537126
10-Jun-2023 00:00:00,0,0,0,0,0,25,85.6842969922654,85.6842969922654,0,0.000122122080005838
10-Jun-2023 01:00:00,1.26348965878601,3.22318790506635,0,0.00161078855825405,0,25,85.6842969922654,85.6859077808236,4.1092545764454e-06,0.000122106179728299
10-Jun-2023 02:00:00,0,0,0,0,0,25,85.6859077808236,85.6859077808236,0,0.000121278303048644
10-Jun-2023 03:00:00,0,0,0,0,0,25,85.6859077808236,85.6859077808236,0,0.000121262520850207
10-Jun-2023 04:00:00,0,0,0,0,0,25,85.6859077808236,85.6859077808236,0,0.000121246744811287
10-Jun-2023 05:00:00,0,0,0,0,0,25,85.6859077808236,85.6859077808236,0,0.000121230974928332
10-Jun-2023 06:00:00,-90.9933573365587,0,222.933725474569,0,0.111411157158705,25,85.6859077808236,85.6859077808236,0,0.000121215211196679
10-Jun-2023 07:00:00,82.5221601809218,210.51571474725,0,0.105205254746252,0,25,85.6859077808236,85.7911130355699,0.000276723589997807,0.000181163144767238
10-Jun-2023 08:00:00,-18.8842739998876,0,46.2664712997245,0,0.023121674812456,25,85.7911130355699,85.7911130355699,0,0.000124283458057928
10-Jun-2023 09:00:00,23.0041575776315,58.6840754531417,0,0.0293273740395511,0,25,85.7911130355699,85.8204404096094,7.54195513950062e-05,0.00013550469089596
10-Jun-2023 10:00:00,-221.931890874121,0,543.733132641597,0,0.271730700970313,25,85.8204404096094,85.8204404096094,0,0.000121152217708254
10-Jun-2023 11:00:00,147.014368199676,375.036653570601,0,0.187424614478062,0,25,85.8204404096094,86.0078650240875,0.000505000602219585,0.000271870089019854
10-Jun-2023 12:00:00,-23.6939974575244,0,58.0502937709349,0,0.0290106415646851,25,86.0078650240875,86.0078650240875,0,0.000164433499599603
10-Jun-2023 13:00:00,-302.57951199781,0,741.319804394635,0,0.370474664864885,25,86.0078650240875,86.0078650240875,0,0.000182242227992901
10-Jun-2023 14:00:00,-280.517711630905,0,687.268393495717,0,0.343462465515101,25,86.0078650240875,86.0078650240875,0,0.000313398369498952
10-Jun-2023 15:00:00,4.26362406627705,10.8765920058088,0,0.0054355782137975,0,25,86.0078650240875,86.0133006023013,1.38756134784312e-05,0.000477671226106091
10-Jun-2023 16:00:00,-51.9972104487694,0,127.393165599485,0,0.0636647504245302,25,86.0133006023013,86.0133006023013,0,0.000476805270709146
10-Jun-2023 17:00:00,0,0,0,0,0,25,86.0133006023013,86.0133006023013,0,0.000483934943909414
10-Jun-2023 18:00:00,0,0,0,0,0,25,86.0133006023013,86.0133006023013,0,0.000483872213343339
10-Jun-2023 19:00:00,101.145155592003,258.023356102048,0,0.1289472044488,0,25,86.0133006023013,86.1422478067501,0.000341388569094325,0.0004838095071662
10-Jun-2023 20:00:00,252.939899588448,645.254845888897,0,0.322466189849524,0,25,86.1422478067501,86.4647139965996,0.00090374377455732,0.000461163390254482
10-Jun-2023 21:00:00,159.339272550966,406.477736099403,0,0.203137299400001,0,25,86.4647139965996,86.6678512959996,0.000549337260113358,0.000304049828520281
10-Jun-2023 22:00:00,67.0271776118332,170.987697989371,0,0.0854511234329688,0,25,86.6678512959996,86.7533024194326,0.000223123407963766,0.00025435192976575
10-Jun-2023 23:00:00,8.7672589421437,22.3654564850605,0,0.0111771396726939,0,25,86.7533024194326,86.7644795591053,2.85481897951412e-05,0.000203124655147713
11-Jun-2023 00:00:00,2.67554413118913,6.82536768160492,0,0.00341097835162664,0,25,86.7644795591053,86.7678905374569,8.6920817813918e-06,0.000195674614343888
11-Jun-2023 01:00:00,24.8146943660607,63.3027917501548,0,0.0316355780860344,0,25,86.7678905374569,86.7995261155429,8.12901896934393e-05,0.000193393322257096
11-Jun-2023 02:00:00,75.608505022847,192.878839343997,0,0.0963912240599687,0,25,86.7995261155429,86.8959173396029,0.000252455379619931,0.000173081755294513
11-Jun-2023 03:00:00,2.218662389251,5.65985303380357,0,0.0028285122607714,0,25,86.8959173396029,86.8987458518637,7.20518595581643e-06,0.000122303584423777
11-Jun-2023 04:00:00,0,0,0,0,0,25,86.8987458518637,86.8987458518637,0,0.000120869957431324
11-Jun-2023 05:00:00,0,0,0,0,0,25,86.8987458518637,86.8987458518637,0,0.000120854334092702
11-Jun-2023 06:00:00,-137.236128612393,0,336.228515100362,0,0.168030242428967,25,86.8987458518637,86.8987458518637,0,0.000120838716810789
11-Jun-2023 07:00:00,-210.07257715771,0,514.677814036388,0,0.257210301867261,25,86.8987458518637,86.8987458518637,0,0.000217782503561192
11-Jun-2023 08:00:00,-265.579402951255,0,650.669537230575,0,0.325172182524026,25,86.8987458518637,86.8987458518637,0,0.000302323371993207
11-Jun-2023 09:00:00,-110.259922590545,0,270.136810346836,0,0.135000904721057,25,86.8987458518637,86.8987458518637,0,0.000458237851662657
11-Jun-2023 10:00:00,0,0,0,0,0,25,86.8987458518637,86.8987458518637,0,0.000482871830379317
11-Jun-2023 11:00:00,0,0,0,0,0,25,86.8987458518637,86.8987458518637,0,0.00048280951227464
11-Jun-2023 12:00:00,0,0,0,0,0,25,86.8987458518637,86.8987458518637,0,0.000482747218290891
11-Jun-2023 13:00:00,0,0,0,0,0,25,86.8987458518637,86.8987458518637,0,0.000482684948413858
11-Jun-2023 14:00:00,0,0,0,0,0,25,86.8987458518637,86.8987458518637,0,0.000482622702626667
11-Jun-2023 15:00:00,0,0,0,0,0,25,86.8987458518637,86.8987458518637,0,0.000482560480914884
11-Jun-2023 16:00:00,0,0,0,0,0,25,86.8987458518637,86.8987458518637,0,0.000482498283262078
11-Jun-2023 17:00:00,93.6510801125854,238.905816613738,0,0.119393211701019,0,25,86.8987458518637,87.0181390635647,0.00031478133135443,0.000482436109654039
11-Jun-2023 18:00:00,58.4829065011867,149.191088013231,0,0.0745582648741786,0,25,87.0181390635647,87.0926973284389,0.000193953294203575,0.000462941441336184
11-Jun-2023 19:00:00,106.696363615818,272.18460106076,0,0.136024288386187,0,25,87.0926973284389,87.2287216168251,0.000360287665453651,0.000428225226194012
11-Jun-2023 20:00:00,247.534798403549,631.466322458034,0,0.315575373542246,0,25,87.2287216168251,87.5442969903673,0.000881190825575751,0.000336778871735666
11-Jun-2023 21:00:00,164.459709508729,419.540075277371,0,0.209665205036167,0,25,87.5442969903673,87.7539621954035,0.000567167035481153,0.000257802136051755
11-Jun-2023 22:00:00,23.6422047108678,60.3117467113973,0,0.0301408029542216,0,25,87.7539621954035,87.7841029983577,7.73008734200609e-05,0.000135253903603916
11-Jun-2023 23:00:00,0,0,0,0,0,25,87.7841029983577,87.7841029983577,0,0.000120574145921815
12-Jun-2023 00:00:00,0,0,0,0,0,25,87.7841029983577,87.7841029983577,0,0.000120558636995449
12-Jun-2023 01:00:00,0,0,0,0,0,25,87.7841029983577,87.7841029983577,0,0.000120543134052298
12-Jun-2023 02:00:00,0,0,0,0,0,25,87.7841029983577,87.7841029983577,0,0.000120527637088141
12-Jun-2023 03:00:00,0,0,0,0,0,25,87.7841029983577,87.7841029983577,0,0.000120512146099205
12-Jun-2023 04:00:00,0,0,0,0,0,25,87.7841029983577,87.7841029983577,0,0.000120496661081937
12-Jun-2023 05:00:00,0,0,0,0,0,25,87.7841029983577,87.7841029983577,0,0.000120481182032339
12-Jun-2023 06:00:00,-122.086530552848,0,299.111999854477,0,0.14948125929759,25,87.7841029983577,87.7841029983577,0,0.000120465708946416
12-Jun-2023 07:00:00,-226.024169228538,0,553.759214609919,0,0.276741236686616,25,87.7841029983577,87.7841029983577,0,0.000204971291610345
12-Jun-2023 08:00:00,-275.143828046399,0,674.102378713677,0,0.336882747982847,25,87.7841029983577,87.7841029983577,0,0.000301538749127417
12-Jun-2023 09:00:00,-99.8213892336442,0,244.562403622428,0,0.122220091765331,25,87.7841029983577,87.7841029983577,0,0.00046117071212004
12-Jun-2023 10:00:00,462.099485381025,1178.82521780874,0,0.589118049879429,0,25,87.7841029983577,88.3732210482371,0.00178187564364829,0.000481382822077325
12-Jun-2023 11:00:00,-165.417311927632,0,405.272414222698,0,0.202534939641528,25,88.3732210482371,88.3732210482371,0,0.000277968109543503
12-Jun-2023 12:00:00,-76.7651278107638,0,188.074563136371,0,0.0939902864249732,25,88.3732210482371,88.3732210482371,0,0.000315240477964718
12-Jun-2023 13:00:00,-86.6217238335281,0,212.223223392144,0,0.106058582404869,25,88.3732210482371,88.3732210482371,0,0.000357294092042659
12-Jun-2023 14:00:00,-152.335704890381,0,373.222476981433,0,0.186517979500966,25,88.3732210482371,88.3732210482371,0,0.000431733650648303
12-Jun-2023 15:00:00,0,0,0,0,0,25,88.3732210482371,88.3732210482371,0,0.000481074342182586
12-Jun-2023 16:00:00,0,0,0,0,0,25,88.3732210482371,88.3732210482371,0,0.000481012717337803
12-Jun-2023 17:00:00,0,0,0,0,0,25,88.3732210482371,88.3732210482371,0,0.000480951116169859
12-Jun-2023 18:00:00,0,0,0,0,0,25,88.3732210482371,88.3732210482371,0,0.000480889538662321
12-Jun-2023 19:00:00,38.4531210491608,98.0946965539815,0,0.0490228368585615,0,25,88.3732210482371,88.4222438850957,0.000126309736064756,0.000480827984800314
12-Jun-2023 20:00:00,262.960827968283,670.818438694599,0,0.335241598548025,0,25,88.4222438850957,88.7574854836437,0.000939855078871288,0.000475662199306948
12-Jun-2023 21:00:00,167.366494744567,426.95534373614,0,0.213370986374882,0,25,88.7574854836437,88.9708564700186,0.000576761474329668,0.000315494701545571
12-Jun-2023 22:00:00,88.3094581301355,225.279229923815,0,0.112583323300257,0,25,88.9708564700186,89.0834397933189,0.000295308449149545,0.000275057963915248
12-Jun-2023 23:00:00,19.644021735473,50.1123003455945,0,0.0250436283586179,0,25,89.0834397933189,89.1084834216775,6.40032856873418e-05,0.000221163573586702
13-Jun-2023 00:00:00,10.4862338267262,26.7505964967506,0,0.0133686139414046,0,25,89.1084834216775,89.1218520356189,3.40469794171128e-05,0.00020487077716691
13-Jun-2023 01:00:00,29.5150981735101,75.2936177895665,0,0.0376279948973346,0,25,89.1218520356189,89.1594800305162,9.65175773147697e-05,0.000196015667895733
13-Jun-2023 02:00:00,77.648227852785,198.082213910166,0,0.0989916111495081,0,25,89.1594800305162,89.2584716416657,0.000258547833419442,0.000171890836256683
13-Jun-2023 03:00:00,0,0,0,0,0,25,89.2584716416657,89.2584716416657,0,0.000120142145030311
13-Jun-2023 04:00:00,0,0,0,0,0,25,89.2584716416657,89.2584716416657,0,0.000120126802185538
13-Jun-2023 05:00:00,0,0,0,0,0,25,89.2584716416657,89.2584716416657,0,0.000120111465217176
13-Jun-2023 06:00:00,0,0,0,0,0,25,89.2584716416657,89.2584716416657,0,0.000120096134121894
13-Jun-2023 07:00:00,-140.678969478424,0,344.663475222138,0,0.172245614803667,25,89.2584716416657,89.2584716416657,0,0.000120080808895695
13-Jun-2023 08:00:00,-174.483247468417,0,427.483956297622,0,0.213635160568527,25,89.2584716416657,89.2584716416657,0,0.00021914099749254
13-Jun-2023 09:00:00,-194.83004010684,0,477.333598261757,0,0.238547525368194,25,89.2584716416657,89.2584716416657,0,0.000294907913839015
13-Jun-2023 10:00:00,-212.99597054745,0,521.840127841253,0,0.260789669086084,25,89.2584716416657,89.2584716416657,0,0.0003784383857941
13-Jun-2023 11:00:00,0,0,0,0,0,25,89.2584716416657,89.2584716416657,0,0.000479846326532529
13-Jun-2023 12:00:00,41.1024000544451,104.85306136338,0,0.052400330516432,0,25,89.2584716416657,89.3108719721822,0.000134970202169682,0.00047978517234526
13-Jun-2023 13:00:00,-42.7969004089026,0,104.852406001811,0,0.052400002999406,25,89.3108719721822,89.3108719721822,0,0.000474190127057073
13-Jun-2023 14:00:00,0,0,0,0,0,25,89.3108719721822,89.3108719721822,0,0.000479662934081748
13-Jun-2023 15:00:00,245.188700587971,625.481379050945,0,0.312584397326809,0,25,89.3108719721822,89.623456369509,0.000869352494592079,0.000479601849976197
13-Jun-2023 16:00:00,-115.676366024725,0,283.407096760577,0,0.141632732014281,25,89.623456369509,89.623456369509,0,0.000343945676983148
13-Jun-2023 17:00:00,125.316284403843,319.684398989396,0,0.15976231833553,0,25,89.623456369509,89.7832186878445,0.000424527567993049,0.000438979519933325
13-Jun-2023 18:00:00,-142.853088914499,0,349.990067840523,0,0.174907580130197,25,89.7832186878445,89.7832186878445,0,0.000334414315499076
13-Jun-2023 19:00:00,-6.39964455044404,0,15.6791291485879,0,0.00783564675091849,25,89.7832186878445,89.7832186878445,0,0.000446307238361587
13-Jun-2023 20:00:00,247.421545696504,631.177412491083,0,0.315430990750166,0,25,89.7832186878445,90.0986496785947,0.000877391179690323,0.000449685704495106
13-Jun-2023 21:00:00,153.124490209394,390.62369951376,0,0.195214242635562,0,25,90.0986496785947,90.2938639212302,0.000523825162897895,0.000299490981622519
13-Jun-2023 22:00:00,87.2418767038639,222.55580791802,0,0.111222292812604,0,25,90.2938639212302,90.4050862140428,0.000291054813342018,0.000249922852684659
13-Jun-2023 23:00:00,15.8720765891619,40.4899912988823,0,0.020234878210336,0,25,90.4050862140428,90.4253210922532,5.15401993417819e-05,0.00018164064615922
14-Jun-2023 00:00:00,0,0,0,0,0,25,90.4253210922532,90.4253210922532,0,0.000169053026120025
14-Jun-2023 01:00:00,19.0029538348186,48.4769230480067,0,0.0242263483498284,0,25,90.4253210922532,90.449547440603,6.17779042237365e-05,0.000169031552251564
14-Jun-2023 02:00:00,55.5850404496997,141.798572575765,0,0.0708638543607019,0,25,90.449547440603,90.5204112949637,0.000183204953303207,0.000155081552873471
14-Jun-2023 03:00:00,0,0,0,0,0,25,90.5204112949637,90.5204112949637,0,0.000119775531142619
14-Jun-2023 04:00:00,0,0,0,0,0,25,90.5204112949637,90.5204112949637,0,0.00011976032830785
14-Jun-2023 05:00:00,0,0,0,0,0,25,90.5204112949637,90.5204112949637,0,0.000119745131260895
14-Jun-2023 06:00:00,-139.988976635909,0,342.972992757976,0,0.171400795980997,25,90.5204112949637,90.5204112949637,0,0.000119729939997537
14-Jun-2023 07:00:00,134.445249484864,342.972575216491,0,0.171400587314588,0,25,90.5204112949637,90.6918118822783,0.000456432102565185,0.000217974919259234
14-Jun-2023 08:00:00,0,0,0,0,0,25,90.6918118822783,90.6918118822783,0,0.000119699574808063
14-Jun-2023 09:00:00,0,0,0,0,0,25,90.6918118822783,90.6918118822783,0,0.000119684400874176
14-Jun-2023 10:00:00,0,0,0,0,0,25,90.6918118822783,90.6918118822783,0,0.000119669232709674
14-Jun-2023 11:00:00,0,0,0,0,0,25,90.6918118822783,90.6918118822783,0,0.000119654070310782
14-Jun-2023 12:00:00,0,0,0,0,0,25,90.6918118822783,90.6918118822783,0,0.000119638913673503
14-Jun-2023 13:00:00,-199.904476624392,0,489.76596772976,0,0.244760603563098,25,90.6918118822783,90.6918118822783,0,0.000119623762794729
14-Jun-2023 14:00:00,-260.23257571603,0,637.569810504274,0,0.318625592455909,25,90.6918118822783,90.6918118822783,0,0.000257899328242051
14-Jun-2023 15:00:00,99.5613053554359,253.982921825092,0,0.126927996914089,0,25,90.6918118822783,90.8187398791924,0.000333511266205844,0.000337993075208765
14-Jun-2023 16:00:00,290.950276165527,742.220092258997,0,0.37092458383758,0,25,90.8187398791924,91.18966446303,0.00104725134736788,0.000300915553926862
14-Jun-2023 17:00:00,-213.287172061185,0,522.553571549903,0,0.261146212668617,25,91.18966446303,91.18966446303,0,0.000151903366193862
14-Jun-2023 18:00:00,-117.110125249576,0,286.919806861462,0,0.143388209326068,25,91.18966446303,91.18966446303,0,0.000283533904362976
14-Jun-2023 19:00:00,303.508136753524,774.255450901847,0,0.386934258321763,0,25,91.18966446303,91.5765987213517,0.00109704764973684,0.000306532788422409
14-Jun-2023 20:00:00,65.2026470979585,166.333283413159,0,0.0831250791669962,0,25,91.5765987213517,91.6597238005187,0.000215338252881114,0.000161600749442936
14-Jun-2023 21:00:00,0,0,0,0,0,25,91.6597238005187,91.6597238005187,0,0.000119502762623291
14-Jun-2023 22:00:00,0,0,0,0,0,25,91.6597238005187,91.6597238005187,0,0.000119487663404971
14-Jun-2023 23:00:00,0,0,0,0,0,25,91.6597238005187,91.6597238005187,0,0.000119472569908519
15-Jun-2023 00:00:00,0,0,0,0,0,25,91.6597238005187,91.6597238005187,0,0.000119457482130381
15-Jun-2023 01:00:00,0,0,0,0,0,25,91.6597238005187,91.6597238005187,0,0.000119442400066783
15-Jun-2023 02:00:00,0,0,0,0,0,25,91.6597238005187,91.6597238005187,0,0.000119427323714616
15-Jun-2023 03:00:00,0,0,0,0,0,25,91.6597238005187,91.6597238005187,0,0.000119412253069662
15-Jun-2023 04:00:00,0,0,0,0,0,25,91.6597238005187,91.6597238005187,0,0.000119397188128589
15-Jun-2023 05:00:00,0,0,0,0,0,25,91.6597238005187,91.6597238005187,0,0.000119382128888068
15-Jun-2023 06:00:00,0,0,0,0,0,25,91.6597238005187,91.6597238005187,0,0.000119367075344101
15-Jun-2023 07:00:00,-146.724106167889,0,359.474060111328,0,0.179647206452438,25,91.6597238005187,91.6597238005187,0,0.000119352027493136
15-Jun-2023 08:00:00,-104.333463002477,0,255.616984356068,0,0.1277446198681,25,91.6597238005187,91.6597238005187,0,0.000222474886550472
15-Jun-2023 09:00:00,-197.024832344851,0,482.710839244885,0,0.241234802221332,25,91.6597238005187,91.6597238005187,0,0.000278516870039436
15-Jun-2023 10:00:00,-274.776020821265,0,673.201251012099,0,0.336432409301399,25,91.6597238005187,91.6597238005187,0,0.0003300441953904
15-Jun-2023 11:00:00,313.259517006042,799.13142093378,0,0.399366027453163,0,25,91.6597238005187,92.0590898279719,0.00113568073979392,0.000476937038144554
15-Jun-2023 12:00:00,273.700281880567,698.215004797364,0,0.348933035880742,0,25,92.0590898279719,92.4080228638526,0.00097704297797585,0.00030919138894725
15-Jun-2023 13:00:00,95.8154168064846,244.427083690012,0,0.1221524656122,0,25,92.4080228638526,92.5301753294648,0.000319726312888624,0.000194632118202698
15-Jun-2023 14:00:00,11.4460376930947,29.1990757476907,0,0.0145922417529689,0,25,92.5301753294648,92.5447675712178,3.69938486405319e-05,0.000126339614624271
15-Jun-2023 15:00:00,-117.607452003335,0,288.138257408171,0,0.143997130139016,25,92.5447675712178,92.5447675712178,0,0.000119231849208923
15-Jun-2023 16:00:00,112.950059952121,288.137908041126,0,0.143996955542791,0,25,92.5447675712178,92.6887645267606,0.000379271492632949,0.000199312070563451
15-Jun-2023 17:00:00,0,0,0,0,0,25,92.6887645267606,92.6887645267606,0,0.00011920186131853
15-Jun-2023 18:00:00,0,0,0,0,0,25,92.6887645267606,92.6887645267606,0,0.000119186875855659
15-Jun-2023 19:00:00,0,0,0,0,0,25,92.6887645267606,92.6887645267606,0,0.00011917189604338
15-Jun-2023 20:00:00,0,0,0,0,0,25,92.6887645267606,92.6887645267606,0,0.000119156921877916
15-Jun-2023 21:00:00,0,0,0,0,0,25,92.6887645267606,92.6887645267606,0,0.000119141953355273
15-Jun-2023 22:00:00,0,0,0,0,0,25,92.6887645267606,92.6887645267606,0,0.00011912699047234
15-Jun-2023 23:00:00,0,0,0,0,0,25,92.6887645267606,92.6887645267606,0,0.000119112033225566
16-Jun-2023 00:00:00,0,0,0,0,0,25,92.6887645267606,92.6887645267606,0,0.000119097081611397
16-Jun-2023 01:00:00,0,0,0,0,0,25,92.6887645267606,92.6887645267606,0,0.000119082135626281
16-Jun-2023 02:00:00,0,0,0,0,0,25,92.6887645267606,92.6887645267606,0,0.000119067195266442
16-Jun-2023 03:00:00,0,0,0,0,0,25,92.6887645267606,92.6887645267606,0,0.000119052260528774
16-Jun-2023 04:00:00,0,0,0,0,0,25,92.6887645267606,92.6887645267606,0,0.000119037331409499
16-Jun-2023 05:00:00,0,0,0,0,0,25,92.6887645267606,92.6887645267606,0,0.000119022407905067
16-Jun-2023 06:00:00,0,0,0,0,0,25,92.6887645267606,92.6887645267606,0,0.000119007490012146
16-Jun-2023 07:00:00,0,0,0,0,0,25,92.6887645267606,92.6887645267606,0,0.000118992577726962
16-Jun-2023 08:00:00,0,0,0,0,0,25,92.6887645267606,92.6887645267606,0,0.000118977671046183
16-Jun-2023 09:00:00,0,0,0,0,0,25,92.6887645267606,92.6887645267606,0,0.000118962769966258
16-Jun-2023 10:00:00,0,0,0,0,0,25,92.6887645267606,92.6887645267606,0,0.000118947874483855
16-Jun-2023 11:00:00,0,0,0,0,0,25,92.6887645267606,92.6887645267606,0,0.000118932984594977
16-Jun-2023 12:00:00,0,0,0,0,0,25,92.6887645267606,92.6887645267606,0,0.000118918100296739
16-Jun-2023 13:00:00,0,0,0,0,0,25,92.6887645267606,92.6887645267606,0,0.000118903221585365
16-Jun-2023 14:00:00,0,0,0,0,0,25,92.6887645267606,92.6887645267606,0,0.00011888834845708
16-Jun-2023 15:00:00,-114.901727023094,0,281.509231206579,0,0.140684273466556,25,92.6887645267606,92.6887645267606,0,0.000118873480908777
16-Jun-2023 16:00:00,110.351485229527,281.50889089165,0,0.140684103394128,0,25,92.6887645267606,92.8294486301547,0.000370110658794609,0.00019655062784607
16-Jun-2023 17:00:00,0,0,0,0,0,25,92.8294486301547,92.8294486301547,0,0.000118843762537901
16-Jun-2023 18:00:00,0,0,0,0,0,25,92.8294486301547,92.8294486301547,0,0.000118828911708224
16-Jun-2023 19:00:00,0,0,0,0,0,25,92.8294486301547,92.8294486301547,0,0.000118814066444539
16-Jun-2023 20:00:00,0,0,0,0,0,25,92.8294486301547,92.8294486301547,0,0.000118799226743294
16-Jun-2023 21:00:00,0,0,0,0,0,25,92.8294486301547,92.8294486301547,0,0.000118784392601157
16-Jun-2023 22:00:00,0,0,0,0,0,25,92.8294486301547,92.8294486301547,0,0.000118769564014354
16-Jun-2023 23:00:00,0,0,0,0,0,25,92.8294486301547,92.8294486301547,0,0.000118754740979776
17-Jun-2023 00:00:00,0,0,0,0,0,25,92.8294486301547,92.8294486301547,0,0.000118739923493649
17-Jun-2023 01:00:00,0,0,0,0,0,25,92.8294486301547,92.8294486301547,0,0.000118725111552642
17-Jun-2023 02:00:00,0,0,0,0,0,25,92.8294486301547,92.8294486301547,0,0.000118710305153424
17-Jun-2023 03:00:00,0,0,0,0,0,25,92.8294486301547,92.8294486301547,0,0.000118695504292221
17-Jun-2023 04:00:00,0,0,0,0,0,25,92.8294486301547,92.8294486301547,0,0.000118680708965924
17-Jun-2023 05:00:00,0,0,0,0,0,25,92.8294486301547,92.8294486301547,0,0.000118665919170757
17-Jun-2023 06:00:00,0,0,0,0,0,25,92.8294486301547,92.8294486301547,0,0.000118651134903613
17-Jun-2023 07:00:00,0,0,0,0,0,25,92.8294486301547,92.8294486301547,0,0.000118636356160717
17-Jun-2023 08:00:00,0,0,0,0,0,25,92.8294486301547,92.8294486301547,0,0.00011862158293896
17-Jun-2023 09:00:00,0,0,0,0,0,25,92.8294486301547,92.8294486301547,0,0.00011860681523479
17-Jun-2023 10:00:00,0,0,0,0,0,25,92.8294486301547,92.8294486301547,0,0.000118592053044653
17-Jun-2023 11:00:00,0,0,0,0,0,25,92.8294486301547,92.8294486301547,0,0.000118577296365219
17-Jun-2023 12:00:00,0,0,0,0,0,25,92.8294486301547,92.8294486301547,0,0.000118562545192935
17-Jun-2023 13:00:00,0,0,0,0,0,25,92.8294486301547,92.8294486301547,0,0.000118547799524693
17-Jun-2023 14:00:00,0,0,0,0,0,25,92.8294486301547,92.8294486301547,0,0.000118533059356496
17-Jun-2023 15:00:00,-38.0944660485766,0,93.3314418190128,0,0.0466423997096516,25,92.8294486301547,92.8294486301547,0,0.000118518324685679
17-Jun-2023 16:00:00,-155.805697370235,0,381.723958557077,0,0.190766595980548,25,92.8294486301547,92.8294486301547,0,0.000140903568966122
17-Jun-2023 17:00:00,162.000006242709,413.265322047726,0,0.2065293963257,0,25,92.8294486301547,93.0359780264804,0.000553897937121683,0.00025224220296538
17-Jun-2023 18:00:00,6.15079716058851,15.690809083134,0,0.00784148379966714,0,25,93.0359780264804,93.0438195102801,1.98261857184412e-05,0.000133238629123733
17-Jun-2023 19:00:00,18.0703758874216,46.0978976719939,0,0.0230374301209365,0,25,93.0438195102801,93.066856940401,5.8508582709893e-05,0.00012950438663939
17-Jun-2023 20:00:00,0,0,0,0,0,25,93.066856940401,93.066856940401,0,0.000118444733666179
17-Jun-2023 21:00:00,0,0,0,0,0,25,93.066856940401,93.066856940401,0,0.000118430031905259
17-Jun-2023 22:00:00,0,0,0,0,0,25,93.066856940401,93.066856940401,0,0.000118415335617961
17-Jun-2023 23:00:00,0,0,0,0,0,25,93.066856940401,93.066856940401,0,0.000118400644800065
18-Jun-2023 00:00:00,0,0,0,0,0,25,93.066856940401,93.066856940401,0,0.000118385959448686
18-Jun-2023 01:00:00,0,0,0,0,0,25,93.066856940401,93.066856940401,0,0.000118371279560048
18-Jun-2023 02:00:00,0,0,0,0,0,25,93.066856940401,93.066856940401,0,0.000118356605131043
18-Jun-2023 03:00:00,0,0,0,0,0,25,93.066856940401,93.066856940401,0,0.000118341936158339
18-Jun-2023 04:00:00,0,0,0,0,0,25,93.066856940401,93.066856940401,0,0.000118327272638608
18-Jun-2023 05:00:00,0,0,0,0,0,25,93.066856940401,93.066856940401,0,0.000118312614568072
18-Jun-2023 06:00:00,-23.7799222713157,0,58.2608095647234,0,0.0291158468589322,25,93.066856940401,93.066856940401,0,0.000118297961943625
18-Jun-2023 07:00:00,-161.789317322635,0,396.383827440457,0,0.198092867286585,25,93.066856940401,93.066856940401,0,0.000132187138440987
18-Jun-2023 08:00:00,-195.583927841553,0,479.180623211804,0,0.239470576317743,25,93.066856940401,93.066856940401,0,0.000246970345672448
18-Jun-2023 09:00:00,-237.351500656983,0,581.511176609607,0,0.290610283163222,25,93.066856940401,93.066856940401,0,0.00030262262130476
18-Jun-2023 10:00:00,-104.252626974834,0,255.418936088343,0,0.127645645221561,25,93.066856940401,93.066856940401,0,0.000451067859149834
18-Jun-2023 11:00:00,0,0,0,0,0,25,93.066856940401,93.066856940401,0,0.000472670650138785
18-Jun-2023 12:00:00,0,0,0,0,0,25,93.066856940401,93.066856940401,0,0.000472612198317179
18-Jun-2023 13:00:00,0,0,0,0,0,25,93.066856940401,93.066856940401,0,0.000472553768174677
18-Jun-2023 14:00:00,0,0,0,0,0,25,93.066856940401,93.066856940401,0,0.00047249535969951
18-Jun-2023 15:00:00,65.9046050325278,168.123992429918,0,0.084019986221848,0,25,93.066856940401,93.1508769266229,0.000217256747459926,0.000472436972876134
18-Jun-2023 16:00:00,147.200818223671,375.512291386917,0,0.18766231453619,0,25,93.1508769266229,93.338539241159,0.000500271213214498,0.000461899686045708
18-Jun-2023 17:00:00,-22.1241256635313,0,54.2041078756517,0,0.0270885096829844,25,93.338539241159,93.338539241159,0,0.000364631360355361
18-Jun-2023 18:00:00,190.571930087655,486.152882876671,0,0.242954963956357,0,25,93.338539241159,93.5814942051154,0.000658157114504454,0.000384161764788393
18-Jun-2023 19:00:00,311.672938788002,795.084027520413,0,0.397343342089162,0,25,93.5814942051154,93.9788375472045,0.00112622413321511,0.000291754022859747
18-Jun-2023 20:00:00,0,0,0,0,0,25,93.9788375472045,93.9788375472045,0,0.000118093395155228
18-Jun-2023 21:00:00,0,0,0,0,0,25,93.9788375472045,93.9788375472045,0,0.000118078823818646
18-Jun-2023 22:00:00,0,0,0,0,0,25,93.9788375472045,93.9788375472045,0,0.000118064257874639
18-Jun-2023 23:00:00,0,0,0,0,0,25,93.9788375472045,93.9788375472045,0,0.000118049697319877
19-Jun-2023 00:00:00,0,0,0,0,0,25,93.9788375472045,93.9788375472045,0,0.000118035142150807
19-Jun-2023 01:00:00,0,0,0,0,0,25,93.9788375472045,93.9788375472045,0,0.000118020592364099
19-Jun-2023 02:00:00,0,0,0,0,0,25,93.9788375472045,93.9788375472045,0,0.000118006047956865
19-Jun-2023 03:00:00,0,0,0,0,0,25,93.9788375472045,93.9788375472045,0,0.00011799150892533
19-Jun-2023 04:00:00,0,0,0,0,0,25,93.9788375472045,93.9788375472045,0,0.000117976975266387
19-Jun-2023 05:00:00,0,0,0,0,0,25,93.9788375472045,93.9788375472045,0,0.000117962446976483
19-Jun-2023 06:00:00,0,0,0,0,0,25,93.9788375472045,93.9788375472045,0,0.000117947924052952
19-Jun-2023 07:00:00,0,0,0,0,0,25,93.9788375472045,93.9788375472045,0,0.000117933406491799
19-Jun-2023 08:00:00,0,0,0,0,0,25,93.9788375472045,93.9788375472045,0,0.000117918894289915
19-Jun-2023 09:00:00,0,0,0,0,0,25,93.9788375472045,93.9788375472045,0,0.00011790438744419
19-Jun-2023 10:00:00,0,0,0,0,0,25,93.9788375472045,93.9788375472045,0,0.000117889885951072
19-Jun-2023 11:00:00,0,0,0,0,0,25,93.9788375472045,93.9788375472045,0,0.000117875389807676
19-Jun-2023 12:00:00,0,0,0,0,0,25,93.9788375472045,93.9788375472045,0,0.000117860899010225
19-Jun-2023 13:00:00,-29.4557420606487,0,72.1665680485893,0,0.0360652513985954,25,93.9788375472045,93.9788375472045,0,0.000117846413555833
19-Jun-2023 14:00:00,-157.038625634546,0,384.744632804639,0,0.192276178313163,25,93.9788375472045,93.9788375472045,0,0.000134984819850414
19-Jun-2023 15:00:00,14.935916558478,38.101827955301,0,0.01904139328101,0,25,93.9788375472045,93.9978789404856,4.82392498117323e-05,0.000246586987334929
19-Jun-2023 16:00:00,-98.0489118562106,0,240.219834047716,0,0.120049892077819,25,93.9978789404856,93.9978789404856,0,0.000236814330506485
19-Jun-2023 17:00:00,107.031141602519,273.038626537038,0,0.136451087724657,0,25,93.9978789404856,94.1343300282102,0.000357870888404332,0.000279935268967302
19-Jun-2023 18:00:00,151.305931556347,385.984519276395,0,0.192895811732331,0,25,94.1343300282102,94.3272258399425,0.000514318385979595,0.000227525036089693
19-Jun-2023 19:00:00,0,0,0,0,0,25,94.3272258399425,94.3272258399425,0,0.00011775961284588
19-Jun-2023 20:00:00,0,0,0,0,0,25,94.3272258399425,94.3272258399425,0,0.000117745164699867
19-Jun-2023 21:00:00,0,0,0,0,0,25,94.3272258399425,94.3272258399425,0,0.00011773072187049
19-Jun-2023 22:00:00,0,0,0,0,0,25,94.3272258399425,94.3272258399425,0,0.000117716284354641
19-Jun-2023 23:00:00,0,0,0,0,0,25,94.3272258399425,94.3272258399425,0,0.000117701852148988
20-Jun-2023 00:00:00,0,0,0,0,0,25,94.3272258399425,94.3272258399425,0,0.000117687425250201
20-Jun-2023 01:00:00,0,0,0,0,0,25,94.3272258399425,94.3272258399425,0,0.000117673003655172
20-Jun-2023 02:00:00,0,0,0,0,0,25,94.3272258399425,94.3272258399425,0,0.00011765858736057
20-Jun-2023 03:00:00,0,0,0,0,0,25,94.3272258399425,94.3272258399425,0,0.000117644176363063
20-Jun-2023 04:00:00,0,0,0,0,0,25,94.3272258399425,94.3272258399425,0,0.000117629770659766
20-Jun-2023 05:00:00,0,0,0,0,0,25,94.3272258399425,94.3272258399425,0,0.000117615370246682
20-Jun-2023 06:00:00,0,0,0,0,0,25,94.3272258399425,94.3272258399425,0,0.00011760097512159
20-Jun-2023 07:00:00,0,0,0,0,0,25,94.3272258399425,94.3272258399425,0,0.000117586585280272
20-Jun-2023 08:00:00,0,0,0,0,0,25,94.3272258399425,94.3272258399425,0,0.000117572200720284
20-Jun-2023 09:00:00,0,0,0,0,0,25,94.3272258399425,94.3272258399425,0,0.000117557821437853
20-Jun-2023 10:00:00,0,0,0,0,0,25,94.3272258399425,94.3272258399425,0,0.000117543447430091
20-Jun-2023 11:00:00,0,0,0,0,0,25,94.3272258399425,94.3272258399425,0,0.000117529078693668
20-Jun-2023 12:00:00,0,0,0,0,0,25,94.3272258399425,94.3272258399425,0,0.000117514715225253
20-Jun-2023 13:00:00,0,0,0,0,0,25,94.3272258399425,94.3272258399425,0,0.000117500357021738
20-Jun-2023 14:00:00,-68.2524117301416,0,167.218408738847,0,0.0835674206590939,25,94.3272258399425,94.3272258399425,0,0.000117486004080014
20-Jun-2023 15:00:00,30.3724037393247,77.4806217839917,0,0.0387209504167874,0,25,94.3272258399425,94.3659467903593,9.86204313081496e-05,0.000159097994767654
20-Jun-2023 16:00:00,-171.723234396979,0,420.721924272599,0,0.21025583421919,25,94.3659467903593,94.3659467903593,0,0.000138785546742293
20-Jun-2023 17:00:00,-26.9382006496673,0,65.998591591685,0,0.0329828043936457,25,94.3659467903593,94.3659467903593,0,0.000257518325444517
20-Jun-2023 18:00:00,129.277470195574,329.789464784628,0,0.164812326229199,0,25,94.3659467903593,94.5307591165885,0.000435672829702916,0.00026885514187569
20-Jun-2023 19:00:00,96.6924466462976,246.664404709943,0,0.123270567071436,0,25,94.5307591165885,94.65402968366,0.000321814616421612,0.000183006538817088
20-Jun-2023 20:00:00,0,0,0,0,0,25,94.65402968366,94.65402968366,0,0.000117399996744094
20-Jun-2023 21:00:00,0,0,0,0,0,25,94.65402968366,94.65402968366,0,0.000117385680544313
20-Jun-2023 22:00:00,0,0,0,0,0,25,94.65402968366,94.65402968366,0,0.000117371369580122
20-Jun-2023 23:00:00,0,0,0,0,0,25,94.65402968366,94.65402968366,0,0.000117357063849077
21-Jun-2023 00:00:00,0,0,0,0,0,25,94.65402968366,94.65402968366,0,0.000117342763347628
21-Jun-2023 01:00:00,0,0,0,0,0,25,94.65402968366,94.65402968366,0,0.000117328468072886
21-Jun-2023 02:00:00,0,0,0,0,0,25,94.65402968366,94.65402968366,0,0.000117314178020855
21-Jun-2023 03:00:00,0,0,0,0,0,25,94.65402968366,94.65402968366,0,0.000117299893189315
21-Jun-2023 04:00:00,0,0,0,0,0,25,94.65402968366,94.65402968366,0,0.000117285613574714
21-Jun-2023 05:00:00,0,0,0,0,0,25,94.65402968366,94.65402968366,0,0.000117271339173719
21-Jun-2023 06:00:00,0,0,0,0,0,25,94.65402968366,94.65402968366,0,0.000117257069983445
21-Jun-2023 07:00:00,0,0,0,0,0,25,94.65402968366,94.65402968366,0,0.000117242806000784
21-Jun-2023 08:00:00,-18.8280445302969,0,46.1287090992275,0,0.023052828135546,25,94.65402968366,94.65402968366,0,0.000117228547222181
21-Jun-2023 09:00:00,-216.275649895223,0,529.875342243296,0,0.264805268487404,25,94.65402968366,94.65402968366,0,0.000128152410675986
21-Jun-2023 10:00:00,-199.010968593088,0,487.576873053065,0,0.24366660322492,25,94.65402968366,94.65402968366,0,0.000268267094675423
21-Jun-2023 11:00:00,-52.8028689323075,0,129.367028884153,0,0.0646511888476528,25,94.65402968366,94.65402968366,0,0.000317265580845438
21-Jun-2023 12:00:00,-208.586935889824,0,511.037992930068,0,0.255391300814627,25,94.65402968366,94.65402968366,0,0.000350262133703927
21-Jun-2023 13:00:00,-27.1244632965284,0,66.4549350764946,0,0.0332108621071937,25,94.65402968366,94.65402968366,0,0.000465249358310382
21-Jun-2023 14:00:00,0,0,0,0,0,25,94.65402968366,94.65402968366,0,0.000468346033569711
21-Jun-2023 15:00:00,0,0,0,0,0,25,94.65402968366,94.65402968366,0,0.000468289171306147
21-Jun-2023 16:00:00,110.726045774206,282.464402485218,0,0.141161620432393,0,25,94.65402968366,94.7951913040924,0.00037040849802672,0.00046823232974802
21-Jun-2023 17:00:00,244.88089028832,624.696148694693,0,0.312191978358168,0,25,94.7951913040924,95.1073832824505,0.000861455577008341,0.00044192221322592
21-Jun-2023 18:00:00,-41.500312544298,0,101.67576573353,0,0.0508124766284508,25,95.1073832824505,95.1073832824505,0,0.000293931925225976
21-Jun-2023 19:00:00,279.460595392868,712.909682124662,0,0.356276702710976,0,25,95.1073832824505,95.4636599851615,0.000995558290656895,0.000302742945500922
21-Jun-2023 20:00:00,98.7750571312254,251.977186559248,0,0.125925630464392,0,25,95.4636599851615,95.5895856156259,0.000328579343145674,0.000184142416741473
21-Jun-2023 21:00:00,0,0,0,0,0,25,95.5895856156259,95.5895856156259,0,0.00011704365525067
21-Jun-2023 22:00:00,0,0,0,0,0,25,95.5895856156259,95.5895856156259,0,0.000117029469000496
21-Jun-2023 23:00:00,0,0,0,0,0,25,95.5895856156259,95.5895856156259,0,0.000117015287907751
22-Jun-2023 00:00:00,0,0,0,0,0,25,95.5895856156259,95.5895856156259,0,0.00011700111196844
22-Jun-2023 01:00:00,0,0,0,0,0,25,95.5895856156259,95.5895856156259,0,0.000116986941180119
22-Jun-2023 02:00:00,0,0,0,0,0,25,95.5895856156259,95.5895856156259,0,0.000116972775539681
22-Jun-2023 03:00:00,0,0,0,0,0,25,95.5895856156259,95.5895856156259,0,0.000116958615043794
22-Jun-2023 04:00:00,0,0,0,0,0,25,95.5895856156259,95.5895856156259,0,0.000116944459689128
22-Jun-2023 05:00:00,0,0,0,0,0,25,95.5895856156259,95.5895856156259,0,0.00011693030947324
22-Jun-2023 06:00:00,0,0,0,0,0,25,95.5895856156259,95.5895856156259,0,0.000116916164392356
22-Jun-2023 07:00:00,0,0,0,0,0,25,95.5895856156259,95.5895856156259,0,0.000116902024443588
22-Jun-2023 08:00:00,-30.1038071525177,0,73.7543275236685,0,0.0368587343946369,25,95.5895856156259,95.5895856156259,0,0.000116887889624051
22-Jun-2023 09:00:00,28.911662010911,73.7542398237525,0,0.0368586905665929,0,25,95.5895856156259,95.6264443061925,9.36631624595119e-05,0.000134266494210111
22-Jun-2023 10:00:00,0,0,0,0,0,25,95.6264443061925,95.6264443061925,0,0.000116859635359567
22-Jun-2023 11:00:00,-62.2968857175963,0,152.627370008111,0,0.0762755472304402,25,95.6264443061925,95.6264443061925,0,0.000116845515908404
22-Jun-2023 12:00:00,-239.576671386079,0,586.962844895893,0,0.293334755070411,25,95.6264443061925,95.6264443061925,0,0.000154193331874275
22-Jun-2023 13:00:00,-171.949145839435,0,421.275407306617,0,0.210532437434591,25,95.6264443061925,95.6264443061925,0,0.000284642095057963
22-Jun-2023 14:00:00,-248.23399670357,0,608.173291923747,0,0.303934678622562,25,95.6264443061925,95.6264443061925,0,0.000339371118040832
22-Jun-2023 15:00:00,-0.510127564950325,0,1.2498125341283,0,0.000624593970079108,25,95.6264443061925,95.6264443061925,0,0.000466876123570881
22-Jun-2023 16:00:00,0,0,0,0,0,25,95.6264443061925,95.6264443061925,0,0.000466874311661813
22-Jun-2023 17:00:00,0,0,0,0,0,25,95.6264443061925,95.6264443061925,0,0.000466817983699297
22-Jun-2023 18:00:00,242.532673232546,618.705799062617,0,0.309198300381118,0,25,95.6264443061925,95.9356426065736,0.000851465912155847,0.000466761676119587
22-Jun-2023 19:00:00,268.827339456363,685.784029225416,0,0.342720654285565,0,25,95.9356426065736,96.2783632608592,0.000952764899008418,0.000336515861166786
22-Jun-2023 20:00:00,182.570594892014,465.741313500035,0,0.232754279610212,0,25,96.2783632608592,96.5111175404694,0.000626094977113023,0.00024638706607738
22-Jun-2023 21:00:00,0,0,0,0,0,25,96.5111175404694,96.5111175404694,0,0.000116704602305839
22-Jun-2023 22:00:00,0,0,0,0,0,25,96.5111175404694,96.5111175404694,0,0.000116690538968678
22-Jun-2023 23:00:00,0,0,0,0,0,25,96.5111175404694,96.5111175404694,0,0.000116676480714339
23-Jun-2023 00:00:00,0,0,0,0,0,25,96.5111175404694,96.5111175404694,0,0.000116662427539937
23-Jun-2023 01:00:00,0,0,0,0,0,25,96.5111175404694,96.5111175404694,0,0.000116648379441919
23-Jun-2023 02:00:00,0,0,0,0,0,25,96.5111175404694,96.5111175404694,0,0.00011663433641762
23-Jun-2023 03:00:00,0,0,0,0,0,25,96.5111175404694,96.5111175404694,0,0.000116620298464154
23-Jun-2023 04:00:00,0,0,0,0,0,25,96.5111175404694,96.5111175404694,0,0.000116606265577968
23-Jun-2023 05:00:00,0,0,0,0,0,25,96.5111175404694,96.5111175404694,0,0.000116592237756175
23-Jun-2023 06:00:00,0,0,0,0,0,25,96.5111175404694,96.5111175404694,0,0.000116578214996332
23-Jun-2023 07:00:00,0,0,0,0,0,25,96.5111175404694,96.5111175404694,0,0.000116564197294444
23-Jun-2023 08:00:00,0,0,0,0,0,25,96.5111175404694,96.5111175404694,0,0.000116550184648068
23-Jun-2023 09:00:00,0,0,0,0,0,25,96.5111175404694,96.5111175404694,0,0.000116536177054316
23-Jun-2023 10:00:00,0,0,0,0,0,25,96.5111175404694,96.5111175404694,0,0.000116522174509415
23-Jun-2023 11:00:00,0,0,0,0,0,25,96.5111175404694,96.5111175404694,0,0.000116508177011143
23-Jun-2023 12:00:00,0,0,0,0,0,25,96.5111175404694,96.5111175404694,0,0.000116494184555727
23-Jun-2023 13:00:00,0,0,0,0,0,25,96.5111175404694,96.5111175404694,0,0.000116480197140945
23-Jun-2023 14:00:00,0,0,0,0,0,25,96.5111175404694,96.5111175404694,0,0.000116466214763022
23-Jun-2023 15:00:00,0,0,0,0,0,25,96.5111175404694,96.5111175404694,0,0.000116452237419296
23-Jun-2023 16:00:00,0,0,0,0,0,25,96.5111175404694,96.5111175404694,0,0.000116438265106877
23-Jun-2023 17:00:00,0,0,0,0,0,25,96.5111175404694,96.5111175404694,0,0.000116424297822437
23-Jun-2023 18:00:00,0,0,0,0,0,25,96.5111175404694,96.5111175404694,0,0.000116410335563311
23-Jun-2023 19:00:00,0,0,0,0,0,25,96.5111175404694,96.5111175404694,0,0.000116396378326167
23-Jun-2023 20:00:00,0,0,0,0,0,25,96.5111175404694,96.5111175404694,0,0.000116382426107897
23-Jun-2023 21:00:00,0,0,0,0,0,25,96.5111175404694,96.5111175404694,0,0.000116368478905837
23-Jun-2023 22:00:00,0,0,0,0,0,25,96.5111175404694,96.5111175404694,0,0.000116354536716878
23-Jun-2023 23:00:00,0,0,0,0,0,25,96.5111175404694,96.5111175404694,0,0.000116340599537912
24-Jun-2023 00:00:00,0,0,0,0,0,25,96.5111175404694,96.5111175404694,0,0.000116326667366051
24-Jun-2023 01:00:00,0,0,0,0,0,25,96.5111175404694,96.5111175404694,0,0.000116312740198632
24-Jun-2023 02:00:00,0,0,0,0,0,25,96.5111175404694,96.5111175404694,0,0.000116298818031657
24-Jun-2023 03:00:00,0,0,0,0,0,25,96.5111175404694,96.5111175404694,0,0.000116284900863128
24-Jun-2023 04:00:00,0,0,0,0,0,25,96.5111175404694,96.5111175404694,0,0.000116270988689715
24-Jun-2023 05:00:00,0,0,0,0,0,25,96.5111175404694,96.5111175404694,0,0.000116257081508309
24-Jun-2023 06:00:00,0,0,0,0,0,25,96.5111175404694,96.5111175404694,0,0.000116243179316022
24-Jun-2023 07:00:00,-178.335676238813,0,436.922406785092,0,0.218352027378857,25,96.5111175404694,96.5111175404694,0,0.00011622928210997
24-Jun-2023 08:00:00,-220.938513422821,0,541.299357885911,0,0.270514421732089,25,96.5111175404694,96.5111175404694,0,0.000238357932808242
24-Jun-2023 09:00:00,-167.434455020563,0,410.21441480038,0,0.205004705047666,25,96.5111175404694,96.5111175404694,0,0.000301998473522413
24-Jun-2023 10:00:00,-155.786879929165,0,381.677855826453,0,0.190743556135159,25,96.5111175404694,96.5111175404694,0,0.000414264750096427
24-Jun-2023 11:00:00,0,0,0,0,0,25,96.5111175404694,96.5111175404694,0,0.000464470464575317
24-Jun-2023 12:00:00,0,0,0,0,0,25,96.5111175404694,96.5111175404694,0,0.000464415002103813
24-Jun-2023 13:00:00,0,0,0,0,0,25,96.5111175404694,96.5111175404694,0,0.000464359559495309
24-Jun-2023 14:00:00,0,0,0,0,0,25,96.5111175404694,96.5111175404694,0,0.000464304136739147
24-Jun-2023 15:00:00,0,0,0,0,0,25,96.5111175404694,96.5111175404694,0,0.000464248733822226
24-Jun-2023 16:00:00,0,0,0,0,0,25,96.5111175404694,96.5111175404694,0,0.000464193350734332
24-Jun-2023 17:00:00,0,0,0,0,0,25,96.5111175404694,96.5111175404694,0,0.000464137987461921
24-Jun-2023 18:00:00,0,0,0,0,0,25,96.5111175404694,96.5111175404694,0,0.000464082643993891
24-Jun-2023 19:00:00,83.4409989124573,212.859691103208,0,0.106376657222992,0,25,96.5111175404694,96.6174941976924,0.000275575762038405,0.000464027320318916
24-Jun-2023 20:00:00,264.057843177423,673.616946881181,0,0.336640153363909,0,25,96.6174941976924,96.9541343510563,0.000933311798625547,0.000448790429352197
24-Jun-2023 21:00:00,150.319867396469,383.469049480789,0,0.191638705387701,0,25,96.9541343510563,97.145773056444,0.000508803109243228,0.000292797627477803
24-Jun-2023 22:00:00,68.2640269330273,174.142925849559,0,0.0870279489503045,0,25,97.145773056444,97.2328010053943,0.00022397370670818,0.000252362030213948
24-Jun-2023 23:00:00,25.3075778681599,64.5601476228569,0,0.0322639418405082,0,25,97.2328010053943,97.2650649472348,8.16923565661321e-05,0.000205982593493914
25-Jun-2023 00:00:00,0,0,0,0,0,25,97.2650649472348,97.2650649472348,0,0.000185447413840523
25-Jun-2023 01:00:00,26.9794176546692,68.8250450374213,0,0.0343953248562825,0,25,97.2650649472348,97.2994602720911,8.71402087300188e-05,0.000185425338081746
25-Jun-2023 02:00:00,75.470635868658,192.527132318005,0,0.0962154584297876,0,25,97.2994602720911,97.3956757305209,0.000248241838952779,0.000164308646026345
25-Jun-2023 03:00:00,0,0,0,0,0,25,97.3956757305209,97.3956757305209,0,0.000115952380506323
25-Jun-2023 04:00:00,0,0,0,0,0,25,97.3956757305209,97.3956757305209,0,0.000115938587324838
25-Jun-2023 05:00:00,0,0,0,0,0,25,97.3956757305209,97.3956757305209,0,0.000115924799064304
25-Jun-2023 06:00:00,0,0,0,0,0,25,97.3956757305209,97.3956757305209,0,0.000115911015722059
25-Jun-2023 07:00:00,0,0,0,0,0,25,97.3956757305209,97.3956757305209,0,0.000115897237294993
25-Jun-2023 08:00:00,0,0,0,0,0,25,97.3956757305209,97.3956757305209,0,0.000115883463780442
25-Jun-2023 09:00:00,0,0,0,0,0,25,97.3956757305209,97.3956757305209,0,0.000115869695175075
25-Jun-2023 10:00:00,-62.6297746480804,0,153.442947887797,0,0.0766831323777096,25,97.3956757305209,97.3956757305209,0,0.000115855931476894
25-Jun-2023 11:00:00,-186.382972534062,0,456.638282708453,0,0.228205038834809,25,97.3956757305209,97.3956757305209,0,0.000153117179627626
25-Jun-2023 12:00:00,-51.0942230785253,0,125.180846542387,0,0.0625591436993438,25,97.3956757305209,97.3956757305209,0,0.000269785839660308
25-Jun-2023 13:00:00,110.610068261587,282.16854148364,0,0.14101376385989,0,25,97.3956757305209,97.5366894943808,0.000368622945519537,0.000281885236948387
25-Jun-2023 14:00:00,177.61025569701,453.087386982167,0,0.226430478251958,0,25,97.5366894943808,97.7631199726327,0.000606921326292031,0.000241496606246061
25-Jun-2023 15:00:00,0,0,0,0,0,25,97.7631199726327,97.7631199726327,0,0.00011578718648031
25-Jun-2023 16:00:00,0,0,0,0,0,25,97.7631199726327,97.7631199726327,0,0.000115773452159962
25-Jun-2023 17:00:00,-82.9472080457212,0,203.220659712017,0,0.101559550080968,25,97.7631199726327,97.7631199726327,0,0.000115759722725928
25-Jun-2023 18:00:00,-52.2209987911253,0,127.941447038257,0,0.0639387541420574,25,97.7631199726327,97.7631199726327,0,0.000167147731668926
25-Jun-2023 19:00:00,78.8836582916008,201.233822172451,0,0.100566627772339,0,25,97.7631199726327,97.863686600405,0.00025964385383842,0.000207138140147833
25-Jun-2023 20:00:00,50.9313310321677,129.926864877979,0,0.0649309669555117,0,25,97.863686600405,97.9286175673606,0.000165862562023555,0.000146732628015123
25-Jun-2023 21:00:00,0,0,0,0,0,25,97.9286175673606,97.9286175673606,0,0.000115704853793419
25-Jun-2023 22:00:00,0,0,0,0,0,25,97.9286175673606,97.9286175673606,0,0.000115691148746988
25-Jun-2023 23:00:00,0,0,0,0,0,25,97.9286175673606,97.9286175673606,0,0.000115677448569329
26-Jun-2023 00:00:00,0,0,0,0,0,25,97.9286175673606,97.9286175673606,0,0.000115663753257778
26-Jun-2023 01:00:00,0,0,0,0,0,25,97.9286175673606,97.9286175673606,0,0.000115650062809003
26-Jun-2023 02:00:00,0,0,0,0,0,25,97.9286175673606,97.9286175673606,0,0.000115636377220785
26-Jun-2023 03:00:00,0,0,0,0,0,25,97.9286175673606,97.9286175673606,0,0.000115622696490014
26-Jun-2023 04:00:00,0,0,0,0,0,25,97.9286175673606,97.9286175673606,0,0.000115609020613583
26-Jun-2023 05:00:00,0,0,0,0,0,25,97.9286175673606,97.9286175673606,0,0.000115595349588382
26-Jun-2023 06:00:00,0,0,0,0,0,25,97.9286175673606,97.9286175673606,0,0.000115581683412413
26-Jun-2023 07:00:00,-144.696625995261,0,354.50673368839,0,0.177164784451969,25,97.9286175673606,97.9286175673606,0,0.000115568022082124
26-Jun-2023 08:00:00,-204.163911853298,0,500.201584040581,0,0.249975804118231,25,97.9286175673606,97.9286175673606,0,0.000213995255934574
26-Jun-2023 09:00:00,-262.132278895917,0,642.224083294997,0,0.320951565864566,25,97.9286175673606,97.9286175673606,0,0.000289469801296738
26-Jun-2023 10:00:00,-111.395163274951,0,272.918150023629,0,0.136390879572028,25,97.9286175673606,97.9286175673606,0,0.000437721603289365
26-Jun-2023 11:00:00,0,0,0,0,0,25,97.9286175673606,97.9286175673606,0,0.00046183046895254
26-Jun-2023 12:00:00,0,0,0,0,0,25,97.9286175673606,97.9286175673606,0,0.000461775946731136
26-Jun-2023 13:00:00,0,0,0,0,0,25,97.9286175673606,97.9286175673606,0,0.000461721443816288
26-Jun-2023 14:00:00,0,0,0,0,0,25,97.9286175673606,97.9286175673606,0,0.000461666960194673
26-Jun-2023 15:00:00,432.832782163343,1104.16526062077,0,0.551806726946913,0,25,97.9286175673606,98.4804242943075,0.00162735984465939,0.000461612495855634
26-Jun-2023 16:00:00,260.924336922401,665.623308475512,0,0.33264533157197,0,25,98.4804242943075,98.8130696258794,0.000918865891024079,0.000275049971239838
26-Jun-2023 17:00:00,0,0,0,0,0,25,98.8130696258794,98.8130696258794,0,0.000115431674673871
26-Jun-2023 18:00:00,0,0,0,0,0,25,98.8130696258794,98.8130696258794,0,0.000115418066459982
26-Jun-2023 19:00:00,0,0,0,0,0,25,98.8130696258794,98.8130696258794,0,0.000115404463057578
26-Jun-2023 20:00:00,0,0,0,0,0,25,98.8130696258794,98.8130696258794,0,0.000115390864463993
26-Jun-2023 21:00:00,0,0,0,0,0,25,98.8130696258794,98.8130696258794,0,0.000115377270676564
26-Jun-2023 22:00:00,0,0,0,0,0,25,98.8130696258794,98.8130696258794,0,0.00011536368169196
26-Jun-2023 23:00:00,0,0,0,0,0,25,98.8130696258794,98.8130696258794,0,0.00011535009750796
27-Jun-2023 00:00:00,0,0,0,0,0,25,98.8130696258794,98.8130696258794,0,0.000115336518121678
27-Jun-2023 01:00:00,0,0,0,0,0,25,98.8130696258794,98.8130696258794,0,0.000115322943529561
27-Jun-2023 02:00:00,0,0,0,0,0,25,98.8130696258794,98.8130696258794,0,0.000115309373729833
27-Jun-2023 03:00:00,0,0,0,0,0,25,98.8130696258794,98.8130696258794,0,0.00011529580871894
27-Jun-2023 04:00:00,0,0,0,0,0,25,98.8130696258794,98.8130696258794,0,0.00011528224849422
27-Jun-2023 05:00:00,0,0,0,0,0,25,98.8130696258794,98.8130696258794,0,0.000115268693053006
27-Jun-2023 06:00:00,-128.127073508006,0,313.911330094614,0,0.15687722643409,25,98.8130696258794,98.8130696258794,0,0.000115255142392634
27-Jun-2023 07:00:00,-116.063988163795,0,284.356771001299,0,0.142107331834732,25,98.8130696258794,98.8130696258794,0,0.000200876557073348
27-Jun-2023 08:00:00,-134.180591924166,0,328.742450214208,0,0.16428908056682,25,98.8130696258794,98.8130696258794,0,0.00026687969129302
27-Jun-2023 09:00:00,-76.3588066007954,0,187.079076171949,0,0.0934927916901293,25,98.8130696258794,98.8130696258794,0,0.000294278666814973
27-Jun-2023 10:00:00,44.4301876139181,113.342315341628,0,0.0566428362526876,0,25,98.8130696258794,98.8697124621321,0.0001441527722022,0.000322572281265199
27-Jun-2023 11:00:00,77.484090292069,197.663495643033,0,0.098782356643195,0,25,98.8697124621321,98.9684948187753,0.000254524685514734,0.00030214857575972
27-Jun-2023 12:00:00,-34.8447623206413,0,85.3696676855711,0,0.0426635020917397,25,98.9684948187753,98.9684948187753,0,0.00028506956591956
27-Jun-2023 13:00:00,-287.485550113142,0,704.339597777199,0,0.351993801987606,25,98.9684948187753,98.9684948187753,0,0.000290973020733887
27-Jun-2023 14:00:00,205.852584553863,525.134144270058,0,0.262435854207925,0,25,98.9684948187753,99.2309306729832,0.000709584962134968,0.000449297427555395
27-Jun-2023 15:00:00,-278.778203556076,0,683.006598712387,0,0.341332633039673,25,99.2309306729832,99.2309306729832,0,0.000312547924045781
27-Jun-2023 16:00:00,363.878962008824,928.262658185774,0,0.463899379403186,0,25,99.2309306729832,99.6948300523864,0.0013307226158456,0.000459427279224878
27-Jun-2023 17:00:00,83.9403015685762,214.133422368817,0,0.107013204582117,0,25,99.6948300523864,99.8018432569686,0.000276096259260561,0.00028619037775246
27-Jun-2023 18:00:00,-25.4292655446693,0,62.3017005844398,0,0.0311352826508945,25,99.8018432569686,99.8018432569686,0,0.000267852203795549
27-Jun-2023 19:00:00,262.839397327924,670.508666652868,0,0.335086789931469,0,25,99.8018432569686,100.1369300469,0.000924649013223033,0.000274654774456762
27-Jun-2023 20:00:00,0,0,0,0,0,25,100.1369300469,100.1369300469,0,0.00011506593354027
27-Jun-2023 21:00:00,0,0,0,0,0,25,100.1369300469,100.1369300469,0,0.000115052454252806
27-Jun-2023 22:00:00,0,0,0,0,0,25,100.1369300469,100.1369300469,0,0.000115038979701998
27-Jun-2023 23:00:00,0,0,0,0,0,25,100.1369300469,100.1369300469,0,0.000115025509883626
28-Jun-2023 00:00:00,0,0,0,0,0,25,100.1369300469,100.1369300469,0,0.000115012044796137
28-Jun-2023 01:00:00,0,0,0,0,0,25,100.1369300469,100.1369300469,0,0.000114998584436199
28-Jun-2023 02:00:00,0,0,0,0,0,25,100.1369300469,100.1369300469,0,0.000114985128800926
28-Jun-2023 03:00:00,0,0,0,0,0,25,100.1369300469,100.1369300469,0,0.000114971677888098
28-Jun-2023 04:00:00,0,0,0,0,0,25,100.1369300469,100.1369300469,0,0.000114958231694384
28-Jun-2023 05:00:00,0,0,0,0,0,25,100.1369300469,100.1369300469,0,0.00011494479021712
28-Jun-2023 06:00:00,0,0,0,0,0,25,100.1369300469,100.1369300469,0,0.000114931353454084
28-Jun-2023 07:00:00,-109.484192609519,0,268.236271893322,0,0.134051110391465,25,100.1369300469,100.1369300469,0,0.000114917921401725
28-Jun-2023 08:00:00,-212.353674156552,0,520.266501683554,0,0.260003249217168,25,100.1369300469,100.1369300469,0,0.000185889447733123
28-Jun-2023 09:00:00,-31.0080103097692,0,75.9696252589346,0,0.03796582971461,25,100.1369300469,100.1369300469,0,0.00028339903997443
28-Jun-2023 10:00:00,-215.166937352824,0,527.15899651442,0,0.263447774370025,25,100.1369300469,100.1369300469,0,0.000288504495497222
28-Jun-2023 11:00:00,-18.0159420805265,0,44.13905809729,0,0.0220584997987456,25,100.1369300469,100.1369300469,0,0.000410611744512401
28-Jun-2023 12:00:00,20.8609298464982,53.2166577716791,0,0.0265950313701545,0,25,100.1369300469,100.16352507827,6.69668762949827e-05,0.000422367391553102
28-Jun-2023 13:00:00,-124.616418942088,0,305.310226408116,0,0.152578823792162,25,100.16352507827,100.16352507827,0,0.000407834759350578
28-Jun-2023 14:00:00,-33.3383289027595,0,81.6789058117609,0,0.0408190433841883,25,100.16352507827,100.16352507827,0,0.000455156959074277
28-Jun-2023 15:00:00,0,0,0,0,0,25,100.16352507827,100.16352507827,0,0.000459020663469811
28-Jun-2023 16:00:00,0,0,0,0,0,25,100.16352507827,100.16352507827,0,0.00045896713024085
28-Jun-2023 17:00:00,98.6901146732924,251.760496615542,0,0.125817339637952,0,25,100.16352507827,100.289342417908,0.000326219371547143,0.000458913615738021
28-Jun-2023 18:00:00,224.90581585214,573.739326153419,0,0.286726299926746,0,25,100.289342417908,100.576068717835,0.000779474114702083,0.000438386820603931
28-Jun-2023 19:00:00,267.766217492179,683.077085439231,0,0.34136785879022,0,25,100.576068717835,100.917436576625,0.000942767155604096,0.00029468788412168
28-Jun-2023 20:00:00,102.267273281502,260.885901228321,0,0.130377761733294,0,25,100.917436576625,101.047814338358,0.000338167443797499,0.000183327114228193
28-Jun-2023 21:00:00,0,0,0,0,0,25,101.047814338358,101.047814338358,0,0.000114730365796456
28-Jun-2023 22:00:00,0,0,0,0,0,25,101.047814338358,101.047814338358,0,0.000114717004081166
28-Jun-2023 23:00:00,0,0,0,0,0,25,101.047814338358,101.047814338358,0,0.000114703647033698
29-Jun-2023 00:00:00,0,0,0,0,0,25,101.047814338358,101.047814338358,0,0.000114690294650277
29-Jun-2023 01:00:00,0,0,0,0,0,25,101.047814338358,101.047814338358,0,0.000114676946928682
29-Jun-2023 02:00:00,0,0,0,0,0,25,101.047814338358,101.047814338358,0,0.000114663603866916
29-Jun-2023 03:00:00,0,0,0,0,0,25,101.047814338358,101.047814338358,0,0.000114650265460758
29-Jun-2023 04:00:00,0,0,0,0,0,25,101.047814338358,101.047814338358,0,0.000114636931708878
29-Jun-2023 05:00:00,0,0,0,0,0,25,101.047814338358,101.047814338358,0,0.000114623602607944
29-Jun-2023 06:00:00,0,0,0,0,0,25,101.047814338358,101.047814338358,0,0.000114610278155292
29-Jun-2023 07:00:00,0,0,0,0,0,25,101.047814338358,101.047814338358,0,0.000114596958348256
29-Jun-2023 08:00:00,0,0,0,0,0,25,101.047814338358,101.047814338358,0,0.000114583643184396
29-Jun-2023 09:00:00,0,0,0,0,0,25,101.047814338358,101.047814338358,0,0.000114570332660158
29-Jun-2023 10:00:00,0,0,0,0,0,25,101.047814338358,101.047814338358,0,0.000114557026774209
29-Jun-2023 11:00:00,0,0,0,0,0,25,101.047814338358,101.047814338358,0,0.000114543725522775
29-Jun-2023 12:00:00,-65.6084372547483,0,160.740671274133,0,0.0803301705517908,25,101.047814338358,101.047814338358,0,0.000114530428903192
29-Jun-2023 13:00:00,63.0102696883331,160.740483898809,0,0.080330076910949,0,25,101.047814338358,101.128144415269,0.000205265138258137,0.000153350752938319
29-Jun-2023 14:00:00,0,0,0,0,0,25,101.128144415269,101.128144415269,0,0.000114503849550474
29-Jun-2023 15:00:00,0,0,0,0,0,25,101.128144415269,101.128144415269,0,0.000114490566811787
29-Jun-2023 16:00:00,-118.640612743246,0,290.669501220952,0,0.145262119550701,25,101.128144415269,101.128144415269,0,0.00011447728869407
29-Jun-2023 17:00:00,111.225994208682,283.739781144598,0,0.14179899107676,0,25,101.128144415269,101.269943406346,0.000368937005937486,0.000192242521555031
29-Jun-2023 18:00:00,2.71630199295891,6.92934181877273,0,0.00346293943966653,0,25,101.269943406346,101.273406345786,8.64768733399579e-06,0.000116094604139638
29-Jun-2023 19:00:00,0,0,0,0,0,25,101.273406345786,101.273406345786,0,0.000114437482043428
29-Jun-2023 20:00:00,0,0,0,0,0,25,101.273406345786,101.273406345786,0,0.000114424222384946
29-Jun-2023 21:00:00,0,0,0,0,0,25,101.273406345786,101.273406345786,0,0.000114410967334555
29-Jun-2023 22:00:00,0,0,0,0,0,25,101.273406345786,101.273406345786,0,0.00011439771688937
29-Jun-2023 23:00:00,0,0,0,0,0,25,101.273406345786,101.273406345786,0,0.000114384471046947
30-Jun-2023 00:00:00,0,0,0,0,0,25,101.273406345786,101.273406345786,0,0.0001143712298044
30-Jun-2023 01:00:00,0,0,0,0,0,25,101.273406345786,101.273406345786,0,0.000114357993159508
30-Jun-2023 02:00:00,0,0,0,0,0,25,101.273406345786,101.273406345786,0,0.000114344761109386
30-Jun-2023 03:00:00,0,0,0,0,0,25,101.273406345786,101.273406345786,0,0.000114331533651146
30-Jun-2023 04:00:00,0,0,0,0,0,25,101.273406345786,101.273406345786,0,0.000114318310782346
30-Jun-2023 05:00:00,0,0,0,0,0,25,101.273406345786,101.273406345786,0,0.000114305092500544
30-Jun-2023 06:00:00,0,0,0,0,0,25,101.273406345786,101.273406345786,0,0.000114291878802408
30-Jun-2023 07:00:00,0,0,0,0,0,25,101.273406345786,101.273406345786,0,0.000114278669685941
30-Jun-2023 08:00:00,0,0,0,0,0,25,101.273406345786,101.273406345786,0,0.000114265465148256
30-Jun-2023 09:00:00,0,0,0,0,0,25,101.273406345786,101.273406345786,0,0.000114252265186909
30-Jun-2023 10:00:00,0,0,0,0,0,25,101.273406345786,101.273406345786,0,0.000114239069799238
30-Jun-2023 11:00:00,0,0,0,0,0,25,101.273406345786,101.273406345786,0,0.000114225878981911
30-Jun-2023 12:00:00,0,0,0,0,0,25,101.273406345786,101.273406345786,0,0.000114212692733151
30-Jun-2023 13:00:00,0,0,0,0,0,25,101.273406345786,101.273406345786,0,0.000114199511050073
30-Jun-2023 14:00:00,0,0,0,0,0,25,101.273406345786,101.273406345786,0,0.000114186333929789
30-Jun-2023 15:00:00,0,0,0,0,0,25,101.273406345786,101.273406345786,0,0.000114173161370079
30-Jun-2023 16:00:00,0,0,0,0,0,25,101.273406345786,101.273406345786,0,0.000114159993367835
30-Jun-2023 17:00:00,0,0,0,0,0,25,101.273406345786,101.273406345786,0,0.000114146829920836
30-Jun-2023 18:00:00,0,0,0,0,0,25,101.273406345786,101.273406345786,0,0.000114133671026195
30-Jun-2023 19:00:00,0,0,0,0,0,25,101.273406345786,101.273406345786,0,0.000114120516681471
30-Jun-2023 20:00:00,0,0,0,0,0,25,101.273406345786,101.273406345786,0,0.000114107366883998
30-Jun-2023 21:00:00,0,0,0,0,0,25,101.273406345786,101.273406345786,0,0.000114094221631111
30-Jun-2023 22:00:00,0,0,0,0,0,25,101.273406345786,101.273406345786,0,0.000114081080919926
30-Jun-2023 23:00:00,0,0,0,0,0,25,101.273406345786,101.273406345786,0,0.000114067944748442
01-Jul-2023 00:00:00,0,0,0,0,0,25,101.273406345786,101.273406345786,0,0.000114054813113773
01-Jul-2023 01:00:00,0,0,0,0,0,25,101.273406345786,101.273406345786,0,0.000114041686013033
01-Jul-2023 02:00:00,0,0,0,0,0,25,101.273406345786,101.273406345786,0,0.00011402856344378
01-Jul-2023 03:00:00,0,0,0,0,0,25,101.273406345786,101.273406345786,0,0.00011401544540357
01-Jul-2023 04:00:00,0,0,0,0,0,25,101.273406345786,101.273406345786,0,0.00011400233188974
01-Jul-2023 05:00:00,0,0,0,0,0,25,101.273406345786,101.273406345786,0,0.000113989222899624
01-Jul-2023 06:00:00,0,0,0,0,0,25,101.273406345786,101.273406345786,0,0.000113976118430559
01-Jul-2023 07:00:00,-110.743482414901,0,271.321531916507,0,0.135592969473517,25,101.273406345786,101.273406345786,0,0.000113963018480101
01-Jul-2023 08:00:00,-219.59282575255,0,538.002423093747,0,0.268866778157795,25,101.273406345786,101.273406345786,0,0.00018532195418608
01-Jul-2023 09:00:00,-219.36883031503,0,537.453634271825,0,0.268592520875475,25,101.273406345786,101.273406345786,0,0.00028243245937376
01-Jul-2023 10:00:00,-172.452144005477,0,422.50775281342,0,0.211148302255582,25,101.273406345786,101.273406345786,0,0.000393442111977116
01-Jul-2023 11:00:00,0,0,0,0,0,25,101.273406345786,101.273406345786,0,0.000455422520910354
01-Jul-2023 12:00:00,37.858677496956,96.5782589208061,0,0.0482649969619221,0,25,101.273406345786,101.321671342748,0.000122132537389685,0.000455370236596364
01-Jul-2023 13:00:00,-39.4194657983145,0,96.5776912058705,0,0.0482647132463121,25,101.321671342748,101.321671342748,0,0.000450568452737832
01-Jul-2023 14:00:00,189.368678850095,483.083364413507,0,0.241420971720893,0,25,101.321671342748,101.563092314469,0.000646724260409237,0.000455265721965858
01-Jul-2023 15:00:00,408.172051813519,1041.25523421816,0,0.520367433392385,0,25,101.563092314469,102.083459747861,0.00151320314615688,0.000372395428390293
01-Jul-2023 16:00:00,95.9961357157342,244.888101315648,0,0.12238285922821,0,25,102.083459747861,102.205842607089,0.00031620549408129,0.000176952390500862
01-Jul-2023 17:00:00,0,0,0,0,0,25,102.205842607089,102.205842607089,0,0.000113832266923408
01-Jul-2023 18:00:00,0,0,0,0,0,25,102.205842607089,102.205842607089,0,0.000113819216505773
01-Jul-2023 19:00:00,0,0,0,0,0,25,102.205842607089,102.205842607089,0,0.000113806170575659
01-Jul-2023 20:00:00,0,0,0,0,0,25,102.205842607089,102.205842607089,0,0.00011379312913018
01-Jul-2023 21:00:00,0,0,0,0,0,25,102.205842607089,102.205842607089,0,0.000113780092167559
01-Jul-2023 22:00:00,0,0,0,0,0,25,102.205842607089,102.205842607089,0,0.000113767059684688
01-Jul-2023 23:00:00,0,0,0,0,0,25,102.205842607089,102.205842607089,0,0.000113754031678681
02-Jul-2023 00:00:00,0,0,0,0,0,25,102.205842607089,102.205842607089,0,0.000113741008147317
02-Jul-2023 01:00:00,0,0,0,0,0,25,102.205842607089,102.205842607089,0,0.000113727989088375
02-Jul-2023 02:00:00,0,0,0,0,0,25,102.205842607089,102.205842607089,0,0.000113714974498969
02-Jul-2023 03:00:00,0,0,0,0,0,25,102.205842607089,102.205842607089,0,0.000113701964376656
02-Jul-2023 04:00:00,0,0,0,0,0,25,102.205842607089,102.205842607089,0,0.00011368895871855
02-Jul-2023 05:00:00,0,0,0,0,0,25,102.205842607089,102.205842607089,0,0.000113675957522208
02-Jul-2023 06:00:00,0,0,0,0,0,25,102.205842607089,102.205842607089,0,0.00011366296078541
02-Jul-2023 07:00:00,0,0,0,0,0,25,102.205842607089,102.205842607089,0,0.000113649968505491
02-Jul-2023 08:00:00,0,0,0,0,0,25,102.205842607089,102.205842607089,0,0.000113636980679566
02-Jul-2023 09:00:00,0,0,0,0,0,25,102.205842607089,102.205842607089,0,0.000113623997305634
02-Jul-2023 10:00:00,0,0,0,0,0,25,102.205842607089,102.205842607089,0,0.000113611018380588
02-Jul-2023 11:00:00,-237.013320697122,0,580.682635707948,0,0.290196219744102,25,102.205842607089,102.205842607089,0,0.000113598043902208
02-Jul-2023 12:00:00,46.5152439555883,118.661336621399,0,0.0593010178017985,0,25,102.205842607089,102.265143624891,0.000150366756040576,0.000260719351132144
02-Jul-2023 13:00:00,-333.833040886237,0,817.89095017128,0,0.408741104533373,25,102.265143624891,102.265143624891,0,0.000238964124215313
02-Jul-2023 14:00:00,-161.779278157925,0,396.359231486917,0,0.19808057545573,25,102.265143624891,102.265143624891,0,0.000369240510485591
02-Jul-2023 15:00:00,3.17763745916338,8.10621800806984,0,0.00405108346230377,0,25,102.265143624891,102.269194708353,1.01051030282351e-05,0.00044945040257427
02-Jul-2023 16:00:00,-41.2131265015008,0,100.972159928677,0,0.0504608495395687,25,102.269194708353,102.269194708353,0,0.00044891085424803
02-Jul-2023 17:00:00,0,0,0,0,0,25,102.269194708353,102.269194708353,0,0.000453861781146481
02-Jul-2023 18:00:00,0,0,0,0,0,25,102.269194708353,102.269194708353,0,0.000453810032467805
02-Jul-2023 19:00:00,194.828146153188,497.010576921399,0,0.248381097911744,0,25,102.269194708353,102.517575806265,0.000665920917125251,0.000453758301485419
02-Jul-2023 20:00:00,260.836458091191,665.399127783649,0,0.332533297243203,0,25,102.517575806265,102.850109103508,0.000913680447217957,0.000366241334829542
02-Jul-2023 21:00:00,165.715812188485,422.744418848176,0,0.21126657613602,0,25,102.850109103508,103.061375679644,0.000559825763242539,0.000263902775592628
02-Jul-2023 22:00:00,66.2491116356935,169.00283580534,0,0.084459188308516,0,25,103.061375679644,103.145834867953,0.000215520146654491,0.000158333057403315
02-Jul-2023 23:00:00,5.84558514780444,14.9122070097052,0,0.00745237731619451,0,25,103.145834867953,103.153287245269,1.85870866034055e-05,0.000116925829024117
03-Jul-2023 00:00:00,0,0,0,0,0,25,103.153287245269,103.153287245269,0,0.000113429779173613
03-Jul-2023 01:00:00,0,0,0,0,0,25,103.153287245269,103.153287245269,0,0.000113416866682314
03-Jul-2023 02:00:00,0,0,0,0,0,25,103.153287245269,103.153287245269,0,0.000113403958599489
03-Jul-2023 03:00:00,0,0,0,0,0,25,103.153287245269,103.153287245269,0,0.000113391054923362
03-Jul-2023 04:00:00,0,0,0,0,0,25,103.153287245269,103.153287245269,0,0.000113378155650823
03-Jul-2023 05:00:00,0,0,0,0,0,25,103.153287245269,103.153287245269,0,0.000113365260779208
03-Jul-2023 06:00:00,0,0,0,0,0,25,103.153287245269,103.153287245269,0,0.000113352370306741
03-Jul-2023 07:00:00,0,0,0,0,0,25,103.153287245269,103.153287245269,0,0.000113339484230091
03-Jul-2023 08:00:00,0,0,0,0,0,25,103.153287245269,103.153287245269,0,0.000113326602547481
03-Jul-2023 09:00:00,0,0,0,0,0,25,103.153287245269,103.153287245269,0,0.000113313725255804
03-Jul-2023 10:00:00,-330.992185703567,0,810.930854973738,0,0.405262796088825,25,103.153287245269,103.153287245269,0,0.000113300852353282
03-Jul-2023 11:00:00,227.814738233156,581.160046513152,0,0.290434805853649,0,25,103.153287245269,103.443722051123,0.000787521747425135,0.000280938004820541
03-Jul-2023 12:00:00,90.0688105450498,229.767373839413,0,0.114826273782815,0,25,103.443722051123,103.558548324905,0.000295509356630086,0.000171479681565945
03-Jul-2023 13:00:00,0,0,0,0,0,25,103.558548324905,103.558548324905,0,0.000113262259952673
03-Jul-2023 14:00:00,0,0,0,0,0,25,103.558548324905,103.558548324905,0,0.000113249404579907
03-Jul-2023 15:00:00,0,0,0,0,0,25,103.558548324905,103.558548324905,0,0.000113236553583418
03-Jul-2023 16:00:00,0,0,0,0,0,25,103.558548324905,103.558548324905,0,0.000113223706960985
03-Jul-2023 17:00:00,0,0,0,0,0,25,103.558548324905,103.558548324905,0,0.000113210864709723
03-Jul-2023 18:00:00,0,0,0,0,0,25,103.558548324905,103.558548324905,0,0.000113198026827188
03-Jul-2023 19:00:00,0,0,0,0,0,25,103.558548324905,103.558548324905,0,0.000113185193311161
03-Jul-2023 20:00:00,0,0,0,0,0,25,103.558548324905,103.558548324905,0,0.000113172364159198
03-Jul-2023 21:00:00,0,0,0,0,0,25,103.558548324905,103.558548324905,0,0.000113159539368635
03-Jul-2023 22:00:00,0,0,0,0,0,25,103.558548324905,103.558548324905,0,0.000113146718936807
03-Jul-2023 23:00:00,0,0,0,0,0,25,103.558548324905,103.558548324905,0,0.000113133902861495
04-Jul-2023 00:00:00,0,0,0,0,0,25,103.558548324905,103.558548324905,0,0.000113121091140478
04-Jul-2023 01:00:00,0,0,0,0,0,25,103.558548324905,103.558548324905,0,0.000113108283770869
04-Jul-2023 02:00:00,0,0,0,0,0,25,103.558548324905,103.558548324905,0,0.000113095480750225
04-Jul-2023 03:00:00,0,0,0,0,0,25,103.558548324905,103.558548324905,0,0.000113082682076326
04-Jul-2023 04:00:00,0,0,0,0,0,25,103.558548324905,103.558548324905,0,0.000113069887746731
04-Jul-2023 05:00:00,0,0,0,0,0,25,103.558548324905,103.558548324905,0,0.000113057097758551
04-Jul-2023 06:00:00,0,0,0,0,0,25,103.558548324905,103.558548324905,0,0.000113044312110011
04-Jul-2023 07:00:00,-144.306625172112,0,353.551231671675,0,0.176687272199738,25,103.558548324905,103.558548324905,0,0.00011303153079778
04-Jul-2023 08:00:00,-169.436151581816,0,415.118571375449,0,0.20745555790877,25,103.558548324905,103.558548324905,0,0.000209070713613313
04-Jul-2023 09:00:00,-167.308474434921,0,409.905762365556,0,0.2048504559548,25,103.558548324905,103.558548324905,0,0.000277438128587493
04-Jul-2023 10:00:00,-103.719284590367,0,254.1122472464,0,0.126992627309545,25,103.558548324905,103.558548324905,0,0.000333697360689333
04-Jul-2023 11:00:00,-137.242766325825,0,336.244777498271,0,0.168038369564353,25,103.558548324905,103.558548324905,0,0.000414866483982701
04-Jul-2023 12:00:00,103.591168194368,264.263184169306,0,0.132065559305,0,25,103.558548324905,103.69061388421,0.00034155894667226,0.000451652444800388
04-Jul-2023 13:00:00,-74.8686560256177,0,183.428207262763,0,0.0916682694966334,25,103.69061388421,103.69061388421,0,0.000429429754007948
04-Jul-2023 14:00:00,-32.9928528321567,0,80.832489438784,0,0.040396046696044,25,103.69061388421,103.69061388421,0,0.000447742543067786
04-Jul-2023 15:00:00,0,0,0,0,0,25,103.69061388421,103.69061388421,0,0.000451499506442188
04-Jul-2023 16:00:00,7.57664664224951,19.3281802098202,0,0.00965926047467275,0,25,103.69061388421,103.700273144685,2.40904791999341e-05,0.000451448561505252
04-Jul-2023 17:00:00,246.570124281584,629.005419085674,0,0.31434553677445,0,25,103.700273144685,104.01461868146,0.000857793512491656,0.000450570062669797
04-Jul-2023 18:00:00,-15.0265591600361,0,36.8150699420885,0,0.0183983358031427,25,104.01461868146,104.01461868146,0,0.000317749389161515
04-Jul-2023 19:00:00,245.457414241921,626.166873066126,0,0.31292697304654,0,25,104.01461868146,104.327545654506,0.000853225608068442,0.000327246392188396
04-Jul-2023 20:00:00,208.213834006891,531.157739813496,0,0.265446146833331,0,25,104.327545654506,104.592991801339,0.000713410059439423,0.000251332964761097
04-Jul-2023 21:00:00,0,0,0,0,0,25,104.592991801339,104.592991801339,0,0.000112853046427608
04-Jul-2023 22:00:00,0,0,0,0,0,25,104.592991801339,104.592991801339,0,0.000112840329874908
04-Jul-2023 23:00:00,0,0,0,0,0,25,104.592991801339,104.592991801339,0,0.000112827617619882
05-Jul-2023 00:00:00,0,0,0,0,0,25,104.592991801339,104.592991801339,0,0.000112814909660308
05-Jul-2023 01:00:00,0,0,0,0,0,25,104.592991801339,104.592991801339,0,0.000112802205993745
05-Jul-2023 02:00:00,0,0,0,0,0,25,104.592991801339,104.592991801339,0,0.00011278950661775
05-Jul-2023 03:00:00,0,0,0,0,0,25,104.592991801339,104.592991801339,0,0.000112776811530102
05-Jul-2023 04:00:00,0,0,0,0,0,25,104.592991801339,104.592991801339,0,0.000112764120727915
05-Jul-2023 05:00:00,0,0,0,0,0,25,104.592991801339,104.592991801339,0,0.000112751434209413
05-Jul-2023 06:00:00,0,0,0,0,0,25,104.592991801339,104.592991801339,0,0.000112738751971264
05-Jul-2023 07:00:00,0,0,0,0,0,25,104.592991801339,104.592991801339,0,0.000112726074012137
05-Jul-2023 08:00:00,0,0,0,0,0,25,104.592991801339,104.592991801339,0,0.000112713400328923
05-Jul-2023 09:00:00,0,0,0,0,0,25,104.592991801339,104.592991801339,0,0.000112700730919402
05-Jul-2023 10:00:00,0,0,0,0,0,25,104.592991801339,104.592991801339,0,0.000112688065781352
05-Jul-2023 11:00:00,0,0,0,0,0,25,104.592991801339,104.592991801339,0,0.00011267540491211
05-Jul-2023 12:00:00,0,0,0,0,0,25,104.592991801339,104.592991801339,0,0.000112662748309234
05-Jul-2023 13:00:00,0,0,0,0,0,25,104.592991801339,104.592991801339,0,0.000112650095970501
05-Jul-2023 14:00:00,0,0,0,0,0,25,104.592991801339,104.592991801339,0,0.000112637447893915
05-Jul-2023 15:00:00,0,0,0,0,0,25,104.592991801339,104.592991801339,0,0.000112624804075923
05-Jul-2023 16:00:00,-138.83893672761,0,340.155394982644,0,0.169992701140751,25,104.592991801339,104.592991801339,0,0.000112612164515635
05-Jul-2023 17:00:00,-63.9539750524158,0,156.687238878419,0,0.0783044672056065,25,104.592991801339,104.592991801339,0,0.000204311996773843
05-Jul-2023 18:00:00,-79.010355529157,0,193.575371046435,0,0.0967393158652847,25,104.592991801339,104.592991801339,0,0.00024432229947835
05-Jul-2023 19:00:00,3.30294365485538,8.42587667054943,0,0.00421083291881531,0,25,104.592991801339,104.597202634258,1.04731022454452e-05,0.000270485080122729
05-Jul-2023 20:00:00,250.066259005034,637.924130114882,0,0.318802663725578,0,25,104.597202634258,104.916005297984,0.000870132779133781,0.000269719371752464
05-Jul-2023 21:00:00,17.2724587386924,44.0623947415623,0,0.0220201872771426,0,25,104.916005297984,104.938025485261,5.50352428658196e-05,0.000122597394997648
05-Jul-2023 22:00:00,0,0,0,0,0,25,104.938025485261,104.938025485261,0,0.0001125364164134
05-Jul-2023 23:00:00,0,0,0,0,0,25,104.938025485261,104.938025485261,0,0.000112523806584885
06-Jul-2023 00:00:00,0,0,0,0,0,25,104.938025485261,104.938025485261,0,0.000112511200994092
06-Jul-2023 01:00:00,0,0,0,0,0,25,104.938025485261,104.938025485261,0,0.000112498599638355
06-Jul-2023 02:00:00,0,0,0,0,0,25,104.938025485261,104.938025485261,0,0.000112486002516121
06-Jul-2023 03:00:00,0,0,0,0,0,25,104.938025485261,104.938025485261,0,0.000112473409624725
06-Jul-2023 04:00:00,0,0,0,0,0,25,104.938025485261,104.938025485261,0,0.000112460820961502
06-Jul-2023 05:00:00,0,0,0,0,0,25,104.938025485261,104.938025485261,0,0.000112448236524454
06-Jul-2023 06:00:00,-2.92002189671377,0,7.15405364694874,0,0.00357523920387243,25,104.938025485261,104.938025485261,0,0.000112435656311138
06-Jul-2023 07:00:00,-198.482188700606,0,486.281362316484,0,0.243019171572456,25,104.938025485261,104.938025485261,0,0.00011409044995947
06-Jul-2023 08:00:00,-246.926198550074,0,604.969186447682,0,0.302333426510586,25,104.938025485261,104.938025485261,0,0.000243260194035866
06-Jul-2023 09:00:00,-259.155352674384,0,634.930614052241,0,0.317306653699271,25,104.938025485261,104.938025485261,0,0.000311366266282365
06-Jul-2023 10:00:00,-14.4351106878928,0,35.3660211853373,0,0.0176741735059157,25,104.938025485261,104.938025485261,0,0.000447789453951408
06-Jul-2023 11:00:00,220.104645982571,561.49144383309,0,0.280605419206942,0,25,104.938025485261,105.218630904468,0.000756956274014564,0.000449274111644637
06-Jul-2023 12:00:00,-39.3177592858546,0,96.3285102503437,0,0.0481401850326555,25,105.218630904468,105.218630904468,0,0.000340747458212221
06-Jul-2023 13:00:00,129.846238877311,331.240405299264,0,0.165537433932666,0,25,105.218630904468,105.384168338401,0.000431476604785708,0.000373624820441121
06-Jul-2023 14:00:00,23.3783342890484,59.6386078802254,0,0.0298044017392431,0,25,105.384168338401,105.41397274014,7.46174008747769e-05,0.000291379844862938
06-Jul-2023 15:00:00,-139.967934642023,0,342.921439872956,0,0.171375032420268,25,105.41397274014,105.41397274014,0,0.000285727202206543
06-Jul-2023 16:00:00,86.5775672239122,220.861140877327,0,0.11037538274729,0,25,105.41397274014,105.524348122887,0.000282976987504735,0.000356824307813364
06-Jul-2023 17:00:00,158.57117172768,404.518295223674,0,0.202158068577548,0,25,105.524348122887,105.726506191465,0.000532457165890898,0.000299405854184975
06-Jul-2023 18:00:00,-122.193960713002,0,299.375203746855,0,0.14961279547569,25,105.726506191465,105.726506191465,0,0.000263920022270048
06-Jul-2023 19:00:00,22.018180243137,56.1688271508597,0,0.0280703783862367,0,25,105.726506191465,105.754576569851,7.02102951537498e-05,0.000287033755030919
06-Jul-2023 20:00:00,264.136367505485,673.817264044604,0,0.336740261891356,0,25,105.754576569851,106.091316831742,0.000922637153161765,0.000282586398700602
06-Jul-2023 21:00:00,78.2114363422311,199.518970260794,0,0.0997096303152392,0,25,106.091316831742,106.191026462057,0.000254616956148701,0.000161075154884838
06-Jul-2023 22:00:00,0,0,0,0,0,25,106.191026462057,106.191026462057,0,0.000112234945394141
06-Jul-2023 23:00:00,0,0,0,0,0,25,106.191026462057,106.191026462057,0,0.000112222436623455
07-Jul-2023 00:00:00,0,0,0,0,0,25,106.191026462057,106.191026462057,0,0.000112209932034091
07-Jul-2023 01:00:00,0,0,0,0,0,25,106.191026462057,106.191026462057,0,0.000112197431623828
07-Jul-2023 02:00:00,0,0,0,0,0,25,106.191026462057,106.191026462057,0,0.000112184935390225
07-Jul-2023 03:00:00,0,0,0,0,0,25,106.191026462057,106.191026462057,0,0.00011217244333106
07-Jul-2023 04:00:00,0,0,0,0,0,25,106.191026462057,106.191026462057,0,0.000112159955444113
07-Jul-2023 05:00:00,0,0,0,0,0,25,106.191026462057,106.191026462057,0,0.000112147471727164
07-Jul-2023 06:00:00,-130.201613643647,0,318.993953426935,0,0.159417268079428,25,106.191026462057,106.191026462057,0,0.000112134992177548
07-Jul-2023 07:00:00,-181.962597011039,0,445.808362677045,0,0.22279278494605,25,106.191026462057,106.191026462057,0,0.00019705711844975
07-Jul-2023 08:00:00,-231.291621006886,0,566.664471466871,0,0.283190640413229,25,106.191026462057,106.191026462057,0,0.00027498808166837
07-Jul-2023 09:00:00,-178.398185874427,0,437.075555392347,0,0.218428563414466,25,106.191026462057,106.191026462057,0,0.000382303764862701
07-Jul-2023 10:00:00,0,0,0,0,0,25,106.191026462057,106.191026462057,0,0.000448123855999905
07-Jul-2023 11:00:00,0,0,0,0,0,25,106.191026462057,106.191026462057,0,0.000448074045088953
07-Jul-2023 12:00:00,0,0,0,0,0,25,106.191026462057,106.191026462057,0,0.000448024250783385
07-Jul-2023 13:00:00,0,0,0,0,0,25,106.191026462057,106.191026462057,0,0.000447974473076762
07-Jul-2023 14:00:00,0,0,0,0,0,25,106.191026462057,106.191026462057,0,0.000447924711957759
07-Jul-2023 15:00:00,0,0,0,0,0,25,106.191026462057,106.191026462057,0,0.000447874967416606
07-Jul-2023 16:00:00,0,0,0,0,0,25,106.191026462057,106.191026462057,0,0.00044782523944531
07-Jul-2023 17:00:00,0,0,0,0,0,25,106.191026462057,106.191026462057,0,0.00044777552803521
07-Jul-2023 18:00:00,0,0,0,0,0,25,106.191026462057,106.191026462057,0,0.000447725833174983
07-Jul-2023 19:00:00,38.5325639504521,98.2973570164595,0,0.0491241164500048,0,25,106.191026462057,106.240150578507,0.000123566705263645,0.000447676154857968
07-Jul-2023 20:00:00,251.396190461989,641.316812403034,0,0.320498157122956,0,25,106.240150578507,106.56064873563,0.000873402294168935,0.000442852143818007
07-Jul-2023 21:00:00,154.473096607227,394.064021957211,0,0.196933544206502,0,25,106.56064873563,106.757582279837,0.000517232859938321,0.000297609388079989
07-Jul-2023 22:00:00,73.8826436956925,188.476131876767,0,0.0941909704531567,0,25,106.757582279837,106.85177325029,0.000239933756181032,0.000263612105200206
07-Jul-2023 23:00:00,25.2536210775524,64.4225027488582,0,0.0321951537975303,0,25,106.85177325029,106.883968404088,8.05136954656893e-05,0.000231904284413442
08-Jul-2023 00:00:00,2.81082640466043,7.17047552209294,0,0.00358344603802746,0,25,106.883968404088,106.887551850126,8.88571932250448e-06,0.000215177212012696
08-Jul-2023 01:00:00,8.87060139056963,22.6290851800246,0,0.0113088881459393,0,25,106.887551850126,106.898860738272,2.81061243258551e-05,0.000213133221427908
08-Jul-2023 02:00:00,88.2733516714914,225.187121610947,0,0.112537292159394,0,25,106.898860738272,107.011398030431,0.000288177092418462,0.000206566040428902
08-Jul-2023 03:00:00,49.7287618973755,126.859086472897,0,0.0633978443142911,0,25,107.011398030431,107.074795874745,0.000159983481785253,0.000141120535558592
08-Jul-2023 04:00:00,0,0,0,0,0,25,107.074795874745,107.074795874745,0,0.000111861491787435
08-Jul-2023 05:00:00,0,0,0,0,0,25,107.074795874745,107.074795874745,0,0.000111849107454098
08-Jul-2023 06:00:00,-103.155334045976,0,252.730568412641,0,0.126302133139751,25,107.074795874745,107.074795874745,0,0.000111836727232806
08-Jul-2023 07:00:00,-184.860942735846,0,452.909309702822,0,0.226341484109357,25,107.074795874745,107.074795874745,0,0.000176223857532687
08-Jul-2023 08:00:00,-218.594708761915,0,535.557036466693,0,0.267644695885404,25,107.074795874745,107.074795874745,0,0.000269926230421325
08-Jul-2023 09:00:00,-215.169441442725,0,527.165131534676,0,0.263450840347164,25,107.074795874745,107.074795874745,0,0.000350362824429018
08-Jul-2023 10:00:00,0,0,0,0,0,25,107.074795874745,107.074795874745,0,0.000446932958908741
08-Jul-2023 11:00:00,0,0,0,0,0,25,107.074795874745,107.074795874745,0,0.000446883544019894
08-Jul-2023 12:00:00,0,0,0,0,0,25,107.074795874745,107.074795874745,0,0.000446834145517938
08-Jul-2023 13:00:00,0,0,0,0,0,25,107.074795874745,107.074795874745,0,0.000446784763394437
08-Jul-2023 14:00:00,0,0,0,0,0,25,107.074795874745,107.074795874745,0,0.000446735397638731
08-Jul-2023 15:00:00,0,0,0,0,0,25,107.074795874745,107.074795874745,0,0.000446686048243494
08-Jul-2023 16:00:00,0,0,0,0,0,25,107.074795874745,107.074795874745,0,0.000446636715198512
08-Jul-2023 17:00:00,0,0,0,0,0,25,107.074795874745,107.074795874745,0,0.000446587398496012
08-Jul-2023 18:00:00,0,0,0,0,0,25,107.074795874745,107.074795874745,0,0.000446538098126226
08-Jul-2023 19:00:00,54.5259720691852,139.096867523432,0,0.0695136769232542,0,25,107.074795874745,107.144309551668,0.000175719792198825,0.000446488814079604
08-Jul-2023 20:00:00,252.09000920121,643.086758166353,0,0.321382687739307,0,25,107.144309551668,107.465692239408,0.000875070594061778,0.000438930031481544
08-Jul-2023 21:00:00,159.688842216386,407.369495449965,0,0.203582956246859,0,25,107.465692239408,107.669275195655,0.00053515563966483,0.000291189019563598
08-Jul-2023 22:00:00,85.4711429733755,218.038630034121,0,0.10896483260076,0,25,107.669275195655,107.778240028255,0.000278471273382708,0.000256018674720693
08-Jul-2023 23:00:00,24.0339909261961,61.311201342337,0,0.030640280530903,0,25,107.778240028255,107.808880308786,7.65035715443174e-05,0.000208608836774093
09-Jul-2023 00:00:00,1.37183528056276,3.49957979735399,0,0.00174891544095652,0,25,107.808880308786,107.810629224227,4.32947514306115e-06,0.000190179121539069
09-Jul-2023 01:00:00,13.6206610768392,34.7465843796919,0,0.0173646098849035,0,25,107.810629224227,107.827993834112,4.31851218233303e-05,0.000189084287172125
09-Jul-2023 02:00:00,65.8454891496668,167.973186606293,0,0.0839446209926501,0,25,107.827993834112,107.911938455105,0.000212909850081544,0.000178407803935299
09-Jul-2023 03:00:00,36.5043185494725,93.1232616057971,0,0.0465383616220875,0,25,107.911938455105,107.958476816727,0.00011672717761424,0.000132652045262471
09-Jul-2023 04:00:00,0,0,0,0,0,25,107.958476816727,107.958476816727,0,0.000111565398203339
09-Jul-2023 05:00:00,0,0,0,0,0,25,107.958476816727,107.958476816727,0,0.000111553111941776
09-Jul-2023 06:00:00,0,0,0,0,0,25,107.958476816727,107.958476816727,0,0.000111540829738077
09-Jul-2023 07:00:00,-127.45014071035,0,312.252844740357,0,0.156048398171093,25,107.958476816727,107.958476816727,0,0.000111528551590911
09-Jul-2023 08:00:00,-175.773805124451,0,430.645822554905,0,0.21521530362564,25,107.958476816727,107.958476816727,0,0.000193960138578309
09-Jul-2023 09:00:00,-244.982605925513,0,600.207384517506,0,0.299953715401052,25,107.958476816727,107.958476816727,0,0.000271995097110622
09-Jul-2023 10:00:00,-173.501098842165,0,425.077692163305,0,0.212432629766769,25,107.958476816727,107.958476816727,0,0.000384130688974471
09-Jul-2023 11:00:00,0,0,0,0,0,25,107.958476816727,107.958476816727,0,0.00044570248203657
09-Jul-2023 12:00:00,0,0,0,0,0,25,107.958476816727,107.958476816727,0,0.000445653474120844
09-Jul-2023 13:00:00,0,0,0,0,0,25,107.958476816727,107.958476816727,0,0.000445604482368411
09-Jul-2023 14:00:00,0,0,0,0,0,25,107.958476816727,107.958476816727,0,0.000445555506769502
09-Jul-2023 15:00:00,0,0,0,0,0,25,107.958476816727,107.958476816727,0,0.000445506547314789
09-Jul-2023 16:00:00,0,0,0,0,0,25,107.958476816727,107.958476816727,0,0.000445457603997612
09-Jul-2023 17:00:00,97.6272530778219,249.049114994444,0,0.124462326334055,0,25,107.958476816727,108.082939143061,0.000319425060976319,0.000445408676806647
09-Jul-2023 18:00:00,139.213308949361,355.135992217757,0,0.177479256480638,0,25,108.082939143061,108.260418399542,0.000462607607780885,0.000425870431386866
09-Jul-2023 19:00:00,208.29609441378,531.367587790254,0,0.265551018385934,0,25,108.260418399542,108.525969417928,0.000710260894349057,0.000324873108962676
09-Jul-2023 20:00:00,247.956230923055,632.541405415956,0,0.316112646384785,0,25,108.525969417928,108.842082064312,0.000857950523776796,0.000262051472472047
09-Jul-2023 21:00:00,0,0,0,0,0,25,108.842082064312,108.842082064312,0,0.000111357082157815
09-Jul-2023 22:00:00,0,0,0,0,0,25,108.842082064312,108.842082064312,0,0.000111344864583307
09-Jul-2023 23:00:00,0,0,0,0,0,25,108.842082064312,108.842082064312,0,0.000111332651029361
10-Jul-2023 00:00:00,0,0,0,0,0,25,108.842082064312,108.842082064312,0,0.000111320441493534
10-Jul-2023 01:00:00,0,0,0,0,0,25,108.842082064312,108.842082064312,0,0.000111308235973828
10-Jul-2023 02:00:00,0,0,0,0,0,25,108.842082064312,108.842082064312,0,0.000111296034468022
10-Jul-2023 03:00:00,0,0,0,0,0,25,108.842082064312,108.842082064312,0,0.000111283836973897
10-Jul-2023 04:00:00,0,0,0,0,0,25,108.842082064312,108.842082064312,0,0.000111271643489008
10-Jul-2023 05:00:00,0,0,0,0,0,25,108.842082064312,108.842082064312,0,0.000111259454012025
10-Jul-2023 06:00:00,0,0,0,0,0,25,108.842082064312,108.842082064312,0,0.000111247268539394
10-Jul-2023 07:00:00,0,0,0,0,0,25,108.842082064312,108.842082064312,0,0.000111235087070005
10-Jul-2023 08:00:00,0,0,0,0,0,25,108.842082064312,108.842082064312,0,0.000111222909601416
10-Jul-2023 09:00:00,-200.877940681817,0,492.150954670453,0,0.245952501084684,25,108.842082064312,108.842082064312,0,0.000111210736130962
10-Jul-2023 10:00:00,-218.53172696412,0,535.402731062094,0,0.267567581740177,25,108.842082064312,108.842082064312,0,0.000240418297412504
10-Jul-2023 11:00:00,-240.001029389245,0,588.00252200365,0,0.293854333834908,25,108.842082064312,108.842082064312,0,0.000295431217690822
10-Jul-2023 12:00:00,-62.2328874428709,0,152.470574235034,0,0.0761971885232552,25,108.842082064312,108.842082064312,0,0.000435950103595095
10-Jul-2023 13:00:00,0,0,0,0,0,25,108.842082064312,108.842082064312,0,0.00044443350611445
10-Jul-2023 14:00:00,313.73962017096,800.35617390551,0,0.399978097903803,0,25,108.842082064312,109.242060162216,0.00111235676701943,0.000444384915559315
10-Jul-2023 15:00:00,78.1543429339188,199.373323811017,0,0.0996368434837668,0,25,109.242060162216,109.3416970057,0.000253447866957912,0.000287819412747359
10-Jul-2023 16:00:00,-95.2607187546674,0,233.388760948935,0,0.116636062443246,25,109.3416970057,109.3416970057,0,0.000272822193415623
10-Jul-2023 17:00:00,86.0230035307922,219.446437578551,0,0.109668384596977,0,25,109.3416970057,109.451365390297,0.00027975986439438,0.0002917003934646
10-Jul-2023 18:00:00,306.618049076291,782.188900704825,0,0.390899000851986,0,25,109.451365390297,109.842264391149,0.0010834118986659,0.000273685275402391
10-Jul-2023 19:00:00,0,0,0,0,0,25,109.842264391149,109.842264391149,0,0.000111089220866667
10-Jul-2023 20:00:00,0,0,0,0,0,25,109.842264391149,109.842264391149,0,0.000111077091236256
10-Jul-2023 21:00:00,0,0,0,0,0,25,109.842264391149,109.842264391149,0,0.000111064965577778
10-Jul-2023 22:00:00,0,0,0,0,0,25,109.842264391149,109.842264391149,0,0.000111052843889903
10-Jul-2023 23:00:00,0,0,0,0,0,25,109.842264391149,109.842264391149,0,0.000111040726169742
11-Jul-2023 00:00:00,0,0,0,0,0,25,109.842264391149,109.842264391149,0,0.000111028612415742
11-Jul-2023 01:00:00,0,0,0,0,0,25,109.842264391149,109.842264391149,0,0.000111016502625239
11-Jul-2023 02:00:00,0,0,0,0,0,25,109.842264391149,109.842264391149,0,0.000111004396796455
11-Jul-2023 03:00:00,0,0,0,0,0,25,109.842264391149,109.842264391149,0,0.000110992294926948
11-Jul-2023 04:00:00,0,0,0,0,0,25,109.842264391149,109.842264391149,0,0.000110980197014499
11-Jul-2023 05:00:00,0,0,0,0,0,25,109.842264391149,109.842264391149,0,0.000110968103057552
11-Jul-2023 06:00:00,-54.7255477496715,0,134.077591986695,0,0.0670052933466742,25,109.842264391149,109.842264391149,0,0.000110956013052999
11-Jul-2023 07:00:00,-137.572590831363,0,337.05284753684,0,0.168442202667086,25,109.842264391149,109.842264391149,0,0.000141748105422446
11-Jul-2023 08:00:00,-183.944660200397,0,450.664417490973,0,0.225219598946013,25,109.842264391149,109.842264391149,0,0.000235479289148355
11-Jul-2023 09:00:00,-245.787859895424,0,602.180256743789,0,0.300939658542623,25,109.842264391149,109.842264391149,0,0.000282946705794096
11-Jul-2023 10:00:00,-99.5600015546146,0,243.922003808806,0,0.121900051878464,25,109.842264391149,109.842264391149,0,0.000424764007646239
11-Jul-2023 11:00:00,0,0,0,0,0,25,109.842264391149,109.842264391149,0,0.000443368181288095
11-Jul-2023 12:00:00,0,0,0,0,0,25,109.842264391149,109.842264391149,0,0.000443319939278819
11-Jul-2023 13:00:00,0,0,0,0,0,25,109.842264391149,109.842264391149,0,0.000443271713013171
11-Jul-2023 14:00:00,0,0,0,0,0,25,109.842264391149,109.842264391149,0,0.000443223502484491
11-Jul-2023 15:00:00,0,0,0,0,0,25,109.842264391149,109.842264391149,0,0.000443175307680566
11-Jul-2023 16:00:00,0,0,0,0,0,25,109.842264391149,109.842264391149,0,0.000443127128595622
11-Jul-2023 17:00:00,0,0,0,0,0,25,109.842264391149,109.842264391149,0,0.000443078965221222
11-Jul-2023 18:00:00,0,0,0,0,0,25,109.842264391149,109.842264391149,0,0.000443030817546708
11-Jul-2023 19:00:00,103.356076772517,263.663461154379,0,0.131765847653363,0,25,109.842264391149,109.974030238802,0.000338129042744661,0.000442982685565418
11-Jul-2023 20:00:00,260.179219708956,663.722499257541,0,0.331695401927807,0,25,109.974030238802,110.30572564073,0.000902811648436308,0.000421259585253519
11-Jul-2023 21:00:00,155.576137623006,396.877902099505,0,0.198339781159173,0,25,110.30572564073,110.504065421889,0.000518786657171033,0.000276649015961805
11-Jul-2023 22:00:00,71.704205224634,182.918890879168,0,0.0914137385702991,0,25,110.504065421889,110.59547916046,0.000231617650452376,0.000228891861971503
11-Jul-2023 23:00:00,27.7141263376193,70.6993018816819,0,0.0353319849483668,0,25,110.59547916046,110.630811145408,8.80413881880204e-05,0.00017693839856614
12-Jul-2023 00:00:00,0,0,0,0,0,25,110.630811145408,110.630811145408,0,0.000156238512076134
12-Jul-2023 01:00:00,20.5884084688616,52.5214501756674,0,0.0262476012871901,0,25,110.630811145408,110.657058746695,6.5226690359188e-05,0.000156221560032366
12-Jul-2023 02:00:00,53.8550876686266,137.385427726088,0,0.0686583846707088,0,25,110.657058746695,110.725717131366,0.000172766009730596,0.00014228714527742
12-Jul-2023 03:00:00,0,0,0,0,0,25,110.725717131366,110.725717131366,0,0.000110703032289994
12-Jul-2023 04:00:00,0,0,0,0,0,25,110.725717131366,110.725717131366,0,0.00011069102870831
12-Jul-2023 05:00:00,0,0,0,0,0,25,110.725717131366,110.725717131366,0,0.00011067902903017
12-Jul-2023 06:00:00,0,0,0,0,0,25,110.725717131366,110.725717131366,0,0.000110667033253797
12-Jul-2023 07:00:00,0,0,0,0,0,25,110.725717131366,110.725717131366,0,0.000110655041377195
12-Jul-2023 08:00:00,0,0,0,0,0,25,110.725717131366,110.725717131366,0,0.000110643053398141
12-Jul-2023 09:00:00,-226.205466846054,0,554.203393772832,0,0.276963215278777,25,110.725717131366,110.725717131366,0,0.000110631069314193
12-Jul-2023 10:00:00,-293.627863302443,0,719.388265090986,0,0.359514375357814,25,110.725717131366,110.725717131366,0,0.000250123451669415
12-Jul-2023 11:00:00,-82.2308708450541,0,201.465633570383,0,0.100682475547418,25,110.725717131366,110.725717131366,0,0.000357820780632512
12-Jul-2023 12:00:00,-119.456104843376,0,292.66745686627,0,0.146260598134068,25,110.725717131366,110.725717131366,0,0.000415393651373108
12-Jul-2023 13:00:00,0,0,0,0,0,25,110.725717131366,110.725717131366,0,0.000442118983662088
12-Jul-2023 14:00:00,0,0,0,0,0,25,110.725717131366,110.725717131366,0,0.000442071148229584
12-Jul-2023 15:00:00,0,0,0,0,0,25,110.725717131366,110.725717131366,0,0.000442023328319552
12-Jul-2023 16:00:00,0,0,0,0,0,25,110.725717131366,110.725717131366,0,0.000441975523925997
12-Jul-2023 17:00:00,0,0,0,0,0,25,110.725717131366,110.725717131366,0,0.000441927735038039
12-Jul-2023 18:00:00,0,0,0,0,0,25,110.725717131366,110.725717131366,0,0.000441879961649239
12-Jul-2023 19:00:00,77.0828523826224,196.639929547506,0,0.0982708293590736,0,25,110.725717131366,110.823987960725,0.000249431689568314,0.000441832203748715
12-Jul-2023 20:00:00,261.965280662438,668.278777200098,0,0.33397240239885,0,25,110.823987960725,111.157960363124,0.000908704431910434,0.000429140049184928
12-Jul-2023 21:00:00,166.989615748653,425.993917726155,0,0.212890513606274,0,25,111.157960363124,111.37085087673,0.000558681073064782,0.000280319473158652
12-Jul-2023 22:00:00,87.0140775112259,221.974687528638,0,0.110931877825406,0,25,111.37085087673,111.481782754555,0.000282407257519823,0.000235717444655004
12-Jul-2023 23:00:00,14.3946235963131,36.7209785620233,0,0.0183513136241995,0,25,111.481782754555,111.50013406818,4.54519629163874e-05,0.000174718283017627
13-Jul-2023 00:00:00,11.282738724316,28.7824967457041,0,0.0143840563446797,0,25,111.50013406818,111.514518124524,3.55835103107993e-05,0.000163826501104802
13-Jul-2023 01:00:00,13.1108286702813,33.4459915058195,0,0.0167146384336929,0,25,111.514518124524,111.531232762958,4.13767518954167e-05,0.000155635840833224
13-Jul-2023 02:00:00,61.0710552630528,155.793508324114,0,0.0778578252494324,0,25,111.531232762958,111.609090588207,0.00019624526023726,0.000146623844489824
13-Jul-2023 03:00:00,0,0,0,0,0,25,111.609090588207,111.609090588207,0,0.00011041601951467
13-Jul-2023 04:00:00,0,0,0,0,0,25,111.609090588207,111.609090588207,0,0.000110404109043838
13-Jul-2023 05:00:00,0,0,0,0,0,25,111.609090588207,111.609090588207,0,0.000110392202426368
13-Jul-2023 06:00:00,0,0,0,0,0,25,111.609090588207,111.609090588207,0,0.000110380299660262
13-Jul-2023 07:00:00,-161.928303577529,0,396.724343764945,0,0.198263040362292,25,111.609090588207,111.609090588207,0,0.000110368400743743
13-Jul-2023 08:00:00,-226.638720165563,0,555.264864405629,0,0.277493685360134,25,111.609090588207,111.609090588207,0,0.000216278483215593
13-Jul-2023 09:00:00,11.3493980860944,28.9525461379959,0,0.0144690385497231,0,25,111.609090588207,111.623559626757,3.57902209775496e-05,0.000284211242338683
13-Jul-2023 10:00:00,-293.320723963558,0,718.635773710718,0,0.359138317696511,25,111.623559626757,111.623559626757,0,0.000281567845454411
13-Jul-2023 11:00:00,-51.3857788700371,0,125.895158231591,0,0.0629161210552678,25,111.623559626757,111.623559626757,0,0.000434598400643305
13-Jul-2023 12:00:00,0,0,0,0,0,25,111.623559626757,111.623559626757,0,0.000441022681324732
13-Jul-2023 13:00:00,0,0,0,0,0,25,111.623559626757,111.623559626757,0,0.000440975200817872
13-Jul-2023 14:00:00,0,0,0,0,0,25,111.623559626757,111.623559626757,0,0.000440927735643637
13-Jul-2023 15:00:00,0,0,0,0,0,25,111.623559626757,111.623559626757,0,0.000440880285792256
13-Jul-2023 16:00:00,0,0,0,0,0,25,111.623559626757,111.623559626757,0,0.000440832851256623
13-Jul-2023 17:00:00,0,0,0,0,0,25,111.623559626757,111.623559626757,0,0.000440785432028967
13-Jul-2023 18:00:00,308.227100472669,786.293623654768,0,0.392950336659054,0,25,111.623559626757,112.016509963416,0.00108694288112526,0.000440738028099963
13-Jul-2023 19:00:00,331.152130155533,844.775842233503,0,0.422176832700401,0,25,112.016509963416,112.438686796117,0.00117737392371814,0.000286962669685087
13-Jul-2023 20:00:00,53.4747147747581,136.415088711118,0,0.0681734576267454,0,25,112.438686796117,112.506860253743,0.000171161081254534,0.000141406539958977
13-Jul-2023 21:00:00,0,0,0,0,0,25,112.506860253743,112.506860253743,0,0.000110202218930766
13-Jul-2023 22:00:00,0,0,0,0,0,25,112.506860253743,112.506860253743,0,0.000110190377506036
13-Jul-2023 23:00:00,0,0,0,0,0,25,112.506860253743,112.506860253743,0,0.000110178539897587
14-Jul-2023 00:00:00,0,0,0,0,0,25,112.506860253743,112.506860253743,0,0.000110166706103421
14-Jul-2023 01:00:00,0,0,0,0,0,25,112.506860253743,112.506860253743,0,0.000110154876121538
14-Jul-2023 02:00:00,0,0,0,0,0,25,112.506860253743,112.506860253743,0,0.000110143049949718
14-Jul-2023 03:00:00,0,0,0,0,0,25,112.506860253743,112.506860253743,0,0.000110131227585963
14-Jul-2023 04:00:00,0,0,0,0,0,25,112.506860253743,112.506860253743,0,0.000110119409028497
14-Jul-2023 05:00:00,0,0,0,0,0,25,112.506860253743,112.506860253743,0,0.0001101075942751
14-Jul-2023 06:00:00,0,0,0,0,0,25,112.506860253743,112.506860253743,0,0.000110095783323549
14-Jul-2023 07:00:00,-8.50612666314807,0,20.8400103247128,0,0.0104147977634747,25,112.506860253743,112.506860253743,0,0.000110083976172071
14-Jul-2023 08:00:00,-165.954160925619,0,406.587694267766,0,0.203192251008379,25,112.506860253743,112.506860253743,0,0.00011477867973908
14-Jul-2023 09:00:00,-258.654805223696,0,633.704272798056,0,0.316693789504276,25,112.506860253743,112.506860253743,0,0.000223587168716399
14-Jul-2023 10:00:00,-270.457357071185,0,662.620524824404,0,0.331144690067168,25,112.506860253743,112.506860253743,0,0.00029783184989074
14-Jul-2023 11:00:00,-17.8223444311471,0,43.6647438563105,0,0.0218214611975564,25,112.506860253743,112.506860253743,0,0.0004380565614166
14-Jul-2023 12:00:00,0,0,0,0,0,25,112.506860253743,112.506860253743,0,0.000439887364155123
14-Jul-2023 13:00:00,0,0,0,0,0,25,112.506860253743,112.506860253743,0,0.00043984024935062
14-Jul-2023 14:00:00,0.268476050163403,0.684887883069905,0,0.000342272805132386,0,25,112.506860253743,112.507202526548,8.42218901675462e-07,0.000439793149683343
14-Jul-2023 15:00:00,28.3332101749729,72.2785973851348,0,0.0361212380735307,0,25,112.507202526548,112.543323764622,8.98265797975584e-05,0.0004397178827662
14-Jul-2023 16:00:00,-29.7808524451098,0,72.9630884905191,0,0.0364633125889651,25,112.543323764622,112.543323764622,0,0.000436401739821068
14-Jul-2023 17:00:00,76.3841341786146,194.857485149527,0,0.0973800525484893,0,25,112.543323764622,112.64070381717,0.000246576609016336,0.000439651941410935
14-Jul-2023 18:00:00,233.961347265641,596.840171596022,0,0.298270950322849,0,25,112.64070381717,112.938974767493,0.000801335478045895,0.000427209903529402
14-Jul-2023 19:00:00,61.0177100245621,155.657423532046,0,0.0777898168575942,0,25,112.938974767493,113.016764584351,0.00019574399087452,0.000285618086574679
14-Jul-2023 20:00:00,247.411182595846,631.150976009811,0,0.315417779115348,0,25,113.016764584351,113.332182363466,0.000851338125131773,0.00027323916556643
14-Jul-2023 21:00:00,74.0192272201609,188.824559235104,0,0.0943650970690177,0,25,113.332182363466,113.426547460535,0.000238511679853504,0.000154796031405224
14-Jul-2023 22:00:00,0,0,0,0,0,25,113.426547460535,113.426547460535,0,0.000109907323514458
14-Jul-2023 23:00:00,0,0,0,0,0,25,113.426547460535,113.426547460535,0,0.000109895576886565
15-Jul-2023 00:00:00,0,0,0,0,0,25,113.426547460535,113.426547460535,0,0.000109883834024327
15-Jul-2023 01:00:00,0,0,0,0,0,25,113.426547460535,113.426547460535,0,0.000109872094925301
15-Jul-2023 02:00:00,0,0,0,0,0,25,113.426547460535,113.426547460535,0,0.000109860359587932
15-Jul-2023 03:00:00,0,0,0,0,0,25,113.426547460535,113.426547460535,0,0.000109848628010001
15-Jul-2023 04:00:00,0,0,0,0,0,25,113.426547460535,113.426547460535,0,0.00010983690018973
15-Jul-2023 05:00:00,0,0,0,0,0,25,113.426547460535,113.426547460535,0,0.0001098251761249
15-Jul-2023 06:00:00,0,0,0,0,0,25,113.426547460535,113.426547460535,0,0.000109813455813734
15-Jul-2023 07:00:00,-126.086190354108,0,308.911166367565,0,0.154378393986789,25,113.426547460535,113.426547460535,0,0.00010980173925379
15-Jul-2023 08:00:00,-215.164261404001,0,527.152440439803,0,0.263444497970916,25,113.426547460535,113.426547460535,0,0.000190001926681616
15-Jul-2023 09:00:00,-275.068694013945,0,673.918300334165,0,0.336790754789688,25,113.426547460535,113.426547460535,0,0.000273893582920071
15-Jul-2023 10:00:00,-105.01455395134,0,257.285657180782,0,0.128578539320731,25,113.426547460535,113.426547460535,0,0.000418378455320667
15-Jul-2023 11:00:00,0,0,0,0,0,25,113.426547460535,113.426547460535,0,0.0004388075386903
15-Jul-2023 12:00:00,0,0,0,0,0,25,113.426547460535,113.426547460535,0,0.00043876076996674
15-Jul-2023 13:00:00,0,0,0,0,0,25,113.426547460535,113.426547460535,0,0.000438714016195663
15-Jul-2023 14:00:00,0,0,0,0,0,25,113.426547460535,113.426547460535,0,0.000438667277365523
15-Jul-2023 15:00:00,348.469189638391,888.952014383649,0,0.444253880251699,0,25,113.426547460535,113.870801340787,0.00124499111925319,0.00043862055347188
15-Jul-2023 16:00:00,137.786025103279,351.49496199816,0,0.175659651173493,0,25,113.870801340787,114.04646099196,0.000454490399300622,0.000276526758498319
15-Jul-2023 17:00:00,206.488460589341,526.756277013626,0,0.263246515249188,0,25,114.04646099196,114.30970750721,0.000698825059354258,0.000243582611255899
15-Jul-2023 18:00:00,0,0,0,0,0,25,114.30970750721,114.30970750721,0,0.000109673104123909
15-Jul-2023 19:00:00,0,0,0,0,0,25,114.30970750721,114.30970750721,0,0.0001096614324263
15-Jul-2023 20:00:00,0,0,0,0,0,25,114.30970750721,114.30970750721,0,0.0001096497644546
15-Jul-2023 21:00:00,0,0,0,0,0,25,114.30970750721,114.30970750721,0,0.000109638100206366
15-Jul-2023 22:00:00,0,0,0,0,0,25,114.30970750721,114.30970750721,0,0.0001096264396796
15-Jul-2023 23:00:00,0,0,0,0,0,25,114.30970750721,114.30970750721,0,0.000109614782872969
16-Jul-2023 00:00:00,0,0,0,0,0,25,114.30970750721,114.30970750721,0,0.000109603129783586
16-Jul-2023 01:00:00,0,0,0,0,0,25,114.30970750721,114.30970750721,0,0.000109591480409899
16-Jul-2023 02:00:00,0,0,0,0,0,25,114.30970750721,114.30970750721,0,0.000109579834750351
16-Jul-2023 03:00:00,0,0,0,0,0,25,114.30970750721,114.30970750721,0,0.000109568192802278
16-Jul-2023 04:00:00,0,0,0,0,0,25,114.30970750721,114.30970750721,0,0.000109556554564127
16-Jul-2023 05:00:00,0,0,0,0,0,25,114.30970750721,114.30970750721,0,0.000109544920033899
16-Jul-2023 06:00:00,0,0,0,0,0,25,114.30970750721,114.30970750721,0,0.00010953328920893
16-Jul-2023 07:00:00,-149.901771924775,0,367.2593412157,0,0.183537901657021,25,114.30970750721,114.30970750721,0,0.000109521662088552
16-Jul-2023 08:00:00,58.2752057570642,148.661239176184,0,0.0742934728516662,0,25,114.30970750721,114.384000980061,0.00018645905403436,0.000206583893735068
16-Jul-2023 09:00:00,85.6899520781819,218.596816525974,0,0.109243786369802,0,25,114.384000980061,114.493244766431,0.000276999430544322,0.000162594276713834
16-Jul-2023 10:00:00,-224.731760015367,0,550.592812037649,0,0.275158826605521,25,114.493244766431,114.493244766431,0,0.000109486802930325
16-Jul-2023 11:00:00,-265.870333673624,0,651.382317500379,0,0.325528394552913,25,114.493244766431,114.493244766431,0,0.000247010979171458
16-Jul-2023 12:00:00,-88.7114190736255,0,217.342976730383,0,0.108617179775304,25,114.493244766431,114.493244766431,0,0.000330668924300337
16-Jul-2023 13:00:00,-141.958001416864,0,347.797103471316,0,0.173811645912702,25,114.493244766431,114.493244766431,0,0.000399040070822698
16-Jul-2023 14:00:00,0,0,0,0,0,25,114.493244766431,114.493244766431,0,0.000437550007726495
16-Jul-2023 15:00:00,0,0,0,0,0,25,114.493244766431,114.493244766431,0,0.000437503639898695
16-Jul-2023 16:00:00,0,0,0,0,0,25,114.493244766431,114.493244766431,0,0.000437457286807552
16-Jul-2023 17:00:00,13.8468861169211,35.3236890737783,0,0.0176530180278752,0,25,114.493244766431,114.510897784459,4.35607339796529e-05,0.000437410948447736
16-Jul-2023 18:00:00,168.223437803732,429.141422968704,0,0.21446347974448,0,25,114.510897784459,114.725361264203,0.000560878804590159,0.000435871051013059
16-Jul-2023 19:00:00,121.715833148572,310.499574358601,0,0.155172201078761,0,25,114.725361264203,114.880533465282,0.000398671485228042,0.000363854778433259
16-Jul-2023 20:00:00,262.097313375375,668.615595345344,0,0.334140727309018,0,25,114.880533465282,115.214674192591,0.000904933704128086,0.000286022453790169
16-Jul-2023 21:00:00,126.797231246276,323.462324607847,0,0.161650337135356,0,25,115.214674192591,115.376324529727,0.000415882169564064,0.000193611995770393
16-Jul-2023 22:00:00,0,0,0,0,0,25,115.376324529727,115.376324529727,0,0.000109347698411977
16-Jul-2023 23:00:00,0,0,0,0,0,25,115.376324529727,115.376324529727,0,0.000109336130287296
17-Jul-2023 00:00:00,0,0,0,0,0,25,115.376324529727,115.376324529727,0,0.000109324565833235
17-Jul-2023 01:00:00,0,0,0,0,0,25,115.376324529727,115.376324529727,0,0.000109313005048017
17-Jul-2023 02:00:00,0,0,0,0,0,25,115.376324529727,115.376324529727,0,0.000109301447929422
17-Jul-2023 03:00:00,0,0,0,0,0,25,115.376324529727,115.376324529727,0,0.000109289894475673
17-Jul-2023 04:00:00,0,0,0,0,0,25,115.376324529727,115.376324529727,0,0.000109278344684771
17-Jul-2023 05:00:00,0,0,0,0,0,25,115.376324529727,115.376324529727,0,0.000109266798555163
17-Jul-2023 06:00:00,0,0,0,0,0,25,115.376324529727,115.376324529727,0,0.000109255256084406
17-Jul-2023 07:00:00,-48.2721282332552,0,118.266714171475,0,0.059103805183146,25,115.376324529727,115.376324529727,0,0.000109243717270502
17-Jul-2023 08:00:00,-93.4439217589494,0,228.937608309426,0,0.114411598355535,25,115.376324529727,115.376324529727,0,0.000135743611382688
17-Jul-2023 09:00:00,-292.963358110638,0,717.760227371064,0,0.35870076330388,25,115.376324529727,115.376324529727,0,0.000200328703205077
17-Jul-2023 10:00:00,-286.537018602194,0,702.015695575374,0,0.350832431571901,25,115.376324529727,115.376324529727,0,0.000296279064407878
17-Jul-2023 11:00:00,75.5629958849777,192.762744604535,0,0.0963332056994178,0,25,115.376324529727,115.472657735426,0.000243056934251917,0.000436579367940615
17-Jul-2023 12:00:00,20.3152763386297,51.8246845373205,0,0.0258993925723741,0,25,115.472657735426,115.498557127998,6.39936421771292e-05,0.000424440245333502
17-Jul-2023 13:00:00,-99.8305617603492,0,244.584876312856,0,0.12223132249518,25,115.498557127998,115.498557127998,0,0.000418012607220852
17-Jul-2023 14:00:00,0,0,0,0,0,25,115.498557127998,115.498557127998,0,0.000436441231766116
17-Jul-2023 15:00:00,0,0,0,0,0,25,115.498557127998,115.498557127998,0,0.000436395215503538
17-Jul-2023 16:00:00,0,0,0,0,0,25,115.498557127998,115.498557127998,0,0.000436349213794207
17-Jul-2023 17:00:00,54.0727287226233,137.940634496488,0,0.0689358493235822,0,25,115.498557127998,115.567492977322,0.000172504472435497,0.000436303226629908
17-Jul-2023 18:00:00,104.101849706186,265.565943128025,0,0.132716613257384,0,25,115.567492977322,115.700209590579,0.000338398442545684,0.00042899664626872
17-Jul-2023 19:00:00,169.486500852888,432.363522583898,0,0.216073724429734,0,25,115.700209590579,115.916283315009,0.000564590484460836,0.000382472658510657
17-Jul-2023 20:00:00,252.202966852249,643.374915439412,0,0.32152669437252,0,25,115.916283315009,116.237810009382,0.000866510522255226,0.000279115592710433
17-Jul-2023 21:00:00,112.755604738957,287.641848823871,0,0.143749049886992,0,25,116.237810009382,116.381559059269,0.000367448773910817,0.00018241894645632
17-Jul-2023 22:00:00,0,0,0,0,0,25,116.381559059269,116.381559059269,0,0.0001090710726106
17-Jul-2023 23:00:00,0,0,0,0,0,25,116.381559059269,116.381559059269,0,0.000109059592048988
18-Jul-2023 00:00:00,0,0,0,0,0,25,116.381559059269,116.381559059269,0,0.000109048115112254
18-Jul-2023 01:00:00,0,0,0,0,0,25,116.381559059269,116.381559059269,0,0.000109036641797733
18-Jul-2023 02:00:00,0,0,0,0,0,25,116.381559059269,116.381559059269,0,0.000109025172104094
18-Jul-2023 03:00:00,0,0,0,0,0,25,116.381559059269,116.381559059269,0,0.000109013706029337
18-Jul-2023 04:00:00,0,0,0,0,0,25,116.381559059269,116.381559059269,0,0.000109002243571243
18-Jul-2023 05:00:00,0,0,0,0,0,25,116.381559059269,116.381559059269,0,0.000108990784728258
18-Jul-2023 06:00:00,-40.2029968319897,0,98.4973422383749,0,0.0492240590896426,25,116.381559059269,116.381559059269,0,0.00010897932949816
18-Jul-2023 07:00:00,-90.1918600417405,0,220.970057102264,0,0.11042981364431,25,116.381559059269,116.381559059269,0,0.000130794803745893
18-Jul-2023 08:00:00,-235.127117258587,0,576.061437283538,0,0.287886775254142,25,116.381559059269,116.381559059269,0,0.000191725094612405
18-Jul-2023 09:00:00,-214.160793922889,0,524.693945111077,0,0.262215864623227,25,116.381559059269,116.381559059269,0,0.000275894056167125
18-Jul-2023 10:00:00,-141.470472799518,0,346.602658358819,0,0.1732147218185,25,116.381559059269,116.381559059269,0,0.000397429593954612
18-Jul-2023 11:00:00,0,0,0,0,0,25,116.381559059269,116.381559059269,0,0.000435477936050033
18-Jul-2023 12:00:00,0,0,0,0,0,25,116.381559059269,116.381559059269,0,0.000435432223779397
18-Jul-2023 13:00:00,0,0,0,0,0,25,116.381559059269,116.381559059269,0,0.000435386525902803
18-Jul-2023 14:00:00,0,0,0,0,0,25,116.381559059269,116.381559059269,0,0.000435340842408261
18-Jul-2023 15:00:00,0,0,0,0,0,25,116.381559059269,116.381559059269,0,0.000435295173293548
18-Jul-2023 16:00:00,66.7080506509745,170.173598599425,0,0.0850442771611318,0,25,116.381559059269,116.46660333643,0.000213615677533141,0.000435249518547343
18-Jul-2023 17:00:00,-69.4581522748411,0,170.172473073361,0,0.0850437146793406,25,116.46660333643,116.46660333643,0,0.000425333068191369
18-Jul-2023 18:00:00,0,0,0,0,0,25,116.46660333643,116.46660333643,0,0.000435158252133583
18-Jul-2023 19:00:00,84.816186525205,216.36782276838,0,0.10812984646096,0,25,116.46660333643,116.574733182891,0.000273433970344295,0.00043511264045093
18-Jul-2023 20:00:00,242.936021488684,619.734748695623,0,0.309712518088767,0,25,116.574733182891,116.884445700979,0.000831139990155716,0.000420366159483931
18-Jul-2023 21:00:00,169.396848194244,432.134816822051,0,0.215959428696677,0,25,116.884445700979,117.100405129676,0.000563518560996457,0.000278356682176462
18-Jul-2023 22:00:00,80.5940260337352,205.5970051881,0,0.102747129029535,0,25,117.100405129676,117.203152258706,0.0002592244854418,0.000236522885979751
18-Jul-2023 23:00:00,21.2258981226223,54.1476992924037,0,0.0270603194864586,0,25,117.203152258706,117.230212578192,6.67541953432993e-05,0.000183500510473555
19-Jul-2023 00:00:00,12.0967605632591,30.8590830695384,0,0.0154218306194595,0,25,117.230212578192,117.245634408812,3.79118872815276e-05,0.000167365092548444
19-Jul-2023 01:00:00,15.7231699540758,40.1101274338668,0,0.0200450411963352,0,25,117.245634408812,117.265679450008,4.93437918716588e-05,0.000158472732141535
19-Jul-2023 02:00:00,65.7635220659517,167.764086902938,0,0.0838401233897741,0,25,117.265679450008,117.349519573398,0.000210307547437838,0.000147525406431592
19-Jul-2023 03:00:00,0,0,0,0,0,25,117.349519573398,117.349519573398,0,0.000108739600937602
19-Jul-2023 04:00:00,0,0,0,0,0,25,117.349519573398,117.349519573398,0,0.000108728224717414
19-Jul-2023 05:00:00,0,0,0,0,0,25,117.349519573398,117.349519573398,0,0.000108716852066815
19-Jul-2023 06:00:00,0,0,0,0,0,25,117.349519573398,117.349519573398,0,0.000108705482984028
19-Jul-2023 07:00:00,0,0,0,0,0,25,117.349519573398,117.349519573398,0,0.0001086941174675
19-Jul-2023 08:00:00,0,0,0,0,0,25,117.349519573398,117.349519573398,0,0.00010868275551501
19-Jul-2023 09:00:00,0,0,0,0,0,25,117.349519573398,117.349519573398,0,0.000108671397125004
19-Jul-2023 10:00:00,-110.490010218523,0,270.700525035381,0,0.135282621207087,25,117.349519573398,117.349519573398,0,0.000108660042295039
19-Jul-2023 11:00:00,106.11448827457,270.700225190229,0,0.135282471359435,0,25,117.349519573398,117.484802044757,0.000344513847727768,0.000176635587964435
19-Jul-2023 12:00:00,-149.698941690652,0,366.762407142098,0,0.183289558791653,25,117.484802044757,117.484802044757,0,0.000108637343309459
19-Jul-2023 13:00:00,143.770704382177,366.762000974941,0,0.183289355809566,0,25,117.484802044757,117.668091400567,0.000473368530433116,0.000204806060949414
19-Jul-2023 14:00:00,-119.71709102189,0,293.30687300363,0,0.146580146428601,25,117.668091400567,117.668091400567,0,0.000108614658543393
19-Jul-2023 15:00:00,97.9080037900968,249.765315791063,0,0.124820247771646,0,25,117.668091400567,117.792911648338,0.000316780523744398,0.000183323639099786
19-Jul-2023 16:00:00,-99.4453656415771,0,243.641145821864,0,0.1217596930644,25,117.792911648338,117.792911648338,0,0.000118185261393178
19-Jul-2023 17:00:00,36.1598678762972,92.2445609089215,0,0.0460992308390412,0,25,117.792911648338,117.839010879177,0.000114289652570154,0.000181453765499384
19-Jul-2023 18:00:00,76.4151713861388,194.936661699334,0,0.0974196210391472,0,25,117.839010879177,117.936430500217,0.000245202066334715,0.000154590877996075
19-Jul-2023 19:00:00,0,0,0,0,0,25,117.936430500217,117.936430500217,0,0.000108558008740989
19-Jul-2023 20:00:00,0,0,0,0,0,25,117.936430500217,117.936430500217,0,0.000108546689413291
19-Jul-2023 21:00:00,0,0,0,0,0,25,117.936430500217,117.936430500217,0,0.000108535373625873
19-Jul-2023 22:00:00,0,0,0,0,0,25,117.936430500217,117.936430500217,0,0.000108524061376958
19-Jul-2023 23:00:00,0,0,0,0,0,25,117.936430500217,117.936430500217,0,0.000108512752663881
20-Jul-2023 00:00:00,0,0,0,0,0,25,117.936430500217,117.936430500217,0,0.000108501447485976
20-Jul-2023 01:00:00,0,0,0,0,0,25,117.936430500217,117.936430500217,0,0.000108490145840134
20-Jul-2023 02:00:00,0,0,0,0,0,25,117.936430500217,117.936430500217,0,0.00010847884772569
20-Jul-2023 03:00:00,0,0,0,0,0,25,117.936430500217,117.936430500217,0,0.000108467553139757
20-Jul-2023 04:00:00,0,0,0,0,0,25,117.936430500217,117.936430500217,0,0.000108456262081225
20-Jul-2023 05:00:00,0,0,0,0,0,25,117.936430500217,117.936430500217,0,0.000108444974548094
20-Jul-2023 06:00:00,0,0,0,0,0,25,117.936430500217,117.936430500217,0,0.000108433690538146
20-Jul-2023 07:00:00,0,0,0,0,0,25,117.936430500217,117.936430500217,0,0.000108422410050268
20-Jul-2023 08:00:00,-108.114641669568,0,264.880872090442,0,0.132374248920761,25,117.936430500217,117.936430500217,0,0.000108411133081798
20-Jul-2023 09:00:00,103.833187105561,264.880579350921,0,0.132374102624149,0,25,117.936430500217,118.068804602841,0.000336605318717542,0.00017450261426788
20-Jul-2023 10:00:00,0,0,0,0,0,25,118.068804602841,118.068804602841,0,0.00010838858969775
20-Jul-2023 11:00:00,0,0,0,0,0,25,118.068804602841,118.068804602841,0,0.000108377323277953
20-Jul-2023 12:00:00,0,0,0,0,0,25,118.068804602841,118.068804602841,0,0.000108366060370901
20-Jul-2023 13:00:00,0,0,0,0,0,25,118.068804602841,118.068804602841,0,0.000108354800974597
20-Jul-2023 14:00:00,-308.440368961169,0,755.678903954864,0,0.3776506266641,25,118.068804602841,118.068804602841,0,0.00010834354508682
20-Jul-2023 15:00:00,-118.719492517066,0,290.862756666811,0,0.145358698983914,25,118.068804602841,118.068804602841,0,0.000265173790250373
20-Jul-2023 16:00:00,-159.344183255527,0,390.393248976042,0,0.195099074950546,25,118.068804602841,118.068804602841,0,0.000290820776372991
20-Jul-2023 17:00:00,190.311730686131,485.489108893192,0,0.242623242825183,0,25,118.068804602841,118.311427845666,0.00063728074128877,0.00039913138388159
20-Jul-2023 18:00:00,281.110687198325,717.119099995727,0,0.358380359817954,0,25,118.311427845666,118.669808205484,0.00097382230582771,0.000278941404022959
20-Jul-2023 19:00:00,68.7318893976623,175.336452545057,0,0.0876244140654957,0,25,118.669808205484,118.757432619549,0.0002197096738768,0.00016533566396193
20-Jul-2023 20:00:00,23.1158667232301,58.9690477633422,0,0.0294697889871775,0,25,118.757432619549,118.786902408537,7.26269489336739e-05,0.000121188173248354
20-Jul-2023 21:00:00,0,0,0,0,0,25,118.786902408537,118.786902408537,0,0.000108264851969242
20-Jul-2023 22:00:00,0,0,0,0,0,25,118.786902408537,118.786902408537,0,0.000108253624087506
20-Jul-2023 23:00:00,0,0,0,0,0,25,118.786902408537,118.786902408537,0,0.000108242399697644
21-Jul-2023 00:00:00,0,0,0,0,0,25,118.786902408537,118.786902408537,0,0.00010823117879899
21-Jul-2023 01:00:00,0,0,0,0,0,25,118.786902408537,118.786902408537,0,0.0001082199613891
21-Jul-2023 02:00:00,0,0,0,0,0,25,118.786902408537,118.786902408537,0,0.000108208747466199
21-Jul-2023 03:00:00,0,0,0,0,0,25,118.786902408537,118.786902408537,0,0.000108197537028509
21-Jul-2023 04:00:00,0,0,0,0,0,25,118.786902408537,118.786902408537,0,0.000108186330074478
21-Jul-2023 05:00:00,0,0,0,0,0,25,118.786902408537,118.786902408537,0,0.000108175126602328
21-Jul-2023 06:00:00,0,0,0,0,0,25,118.786902408537,118.786902408537,0,0.000108163926609617
21-Jul-2023 07:00:00,0,0,0,0,0,25,118.786902408537,118.786902408537,0,0.000108152730095235
21-Jul-2023 08:00:00,0,0,0,0,0,25,118.786902408537,118.786902408537,0,0.000108141537057183
21-Jul-2023 09:00:00,0,0,0,0,0,25,118.786902408537,118.786902408537,0,0.000108130347493463
21-Jul-2023 10:00:00,0,0,0,0,0,25,118.786902408537,118.786902408537,0,0.00010811916140252
21-Jul-2023 11:00:00,0,0,0,0,0,25,118.786902408537,118.786902408537,0,0.000108107978782357
21-Jul-2023 12:00:00,0,0,0,0,0,25,118.786902408537,118.786902408537,0,0.000108096799631419
21-Jul-2023 13:00:00,0,0,0,0,0,25,118.786902408537,118.786902408537,0,0.000108085623947929
21-Jul-2023 14:00:00,0,0,0,0,0,25,118.786902408537,118.786902408537,0,0.000108074451729445
21-Jul-2023 15:00:00,-116.946740535389,0,286.519514311702,0,0.143188163074314,25,118.786902408537,118.786902408537,0,0.000108063282975079
21-Jul-2023 16:00:00,112.315525871863,286.519198652712,0,0.143188005323694,0,25,118.786902408537,118.93009041386,0.000364927846353558,0.000180380819684745
21-Jul-2023 17:00:00,0,0,0,0,0,25,118.93009041386,118.93009041386,0,0.000108040955850042
21-Jul-2023 18:00:00,0,0,0,0,0,25,118.93009041386,118.93009041386,0,0.000108029797476039
21-Jul-2023 19:00:00,0,0,0,0,0,25,118.93009041386,118.93009041386,0,0.000108018642558827
21-Jul-2023 20:00:00,0,0,0,0,0,25,118.93009041386,118.93009041386,0,0.000108007491095741
21-Jul-2023 21:00:00,0,0,0,0,0,25,118.93009041386,118.93009041386,0,0.000107996343086336
21-Jul-2023 22:00:00,0,0,0,0,0,25,118.93009041386,118.93009041386,0,0.000107985198527727
21-Jul-2023 23:00:00,0,0,0,0,0,25,118.93009041386,118.93009041386,0,0.000107974057418803
22-Jul-2023 00:00:00,0,0,0,0,0,25,118.93009041386,118.93009041386,0,0.000107962919757565
22-Jul-2023 01:00:00,0,0,0,0,0,25,118.93009041386,118.93009041386,0,0.000107951785541793
22-Jul-2023 02:00:00,0,0,0,0,0,25,118.93009041386,118.93009041386,0,0.0001079406547706
22-Jul-2023 03:00:00,0,0,0,0,0,25,118.93009041386,118.93009041386,0,0.000107929527441319
22-Jul-2023 04:00:00,0,0,0,0,0,25,118.93009041386,118.93009041386,0,0.000107918403552842
22-Jul-2023 05:00:00,0,0,0,0,0,25,118.93009041386,118.93009041386,0,0.00010790728310317
22-Jul-2023 06:00:00,0,0,0,0,0,25,118.93009041386,118.93009041386,0,0.000107896166090526
22-Jul-2023 07:00:00,-108.67875162249,0,266.262941475102,0,0.133064938268417,25,118.93009041386,118.93009041386,0,0.000107885052512691
22-Jul-2023 08:00:00,19.2473040970134,49.1002655536057,0,0.0245378638448804,0,25,118.93009041386,118.954628277705,6.03732808299173e-05,0.000174071921658303
22-Jul-2023 09:00:00,2.40900613374649,6.14542381057777,0,0.00307117631713032,0,25,118.954628277705,118.957699454022,7.50838715879443e-06,0.000159783844524641
22-Jul-2023 10:00:00,-43.8336434727472,0,107.392426508231,0,0.0536693785648329,25,118.957699454022,118.957699454022,0,0.000158034600596713
22-Jul-2023 11:00:00,-38.6223176147779,0,94.6246781562059,0,0.0472886947307376,25,118.957699454022,118.957699454022,0,0.000189472769792198
22-Jul-2023 12:00:00,-27.9158015853766,0,68.3937138841727,0,0.034179767058557,25,118.957699454022,118.957699454022,0,0.000215571130165015
22-Jul-2023 13:00:00,0.813322171315635,2.07480145743784,0,0.00103688228757513,0,25,118.957699454022,118.95873633631,2.53342984923854e-06,0.000231073642906754
22-Jul-2023 14:00:00,40.6239759996843,103.632591835929,0,0.0517904007176059,0,25,118.95873633631,119.010526737027,0.000128452073127006,0.000230629084149836
22-Jul-2023 15:00:00,-10.8882172605929,0,26.6761322884525,0,0.0133314004440043,25,119.010526737027,119.010526737027,0,0.000205718612026784
22-Jul-2023 16:00:00,157.736843836083,402.38990774511,0,0.201094406669221,0,25,119.010526737027,119.211621143697,0.000521227541660174,0.000212777965017397
22-Jul-2023 17:00:00,-45.5253706050604,0,111.537157982398,0,0.0557407086368806,25,119.211621143697,119.211621143697,0,0.00010777410528795
22-Jul-2023 18:00:00,4.40108848881917,11.2272665531101,0,0.00561082786262375,0,25,119.211621143697,119.217231971559,1.372383300835e-05,0.000132352026533944
22-Jul-2023 19:00:00,39.3213708357292,100.309619478901,0,0.0501297448670171,0,25,119.217231971559,119.267361716426,0.000124238048434255,0.000129753629658946
22-Jul-2023 20:00:00,0,0,0,0,0,25,119.267361716426,119.267361716426,0,0.000107740887809626
22-Jul-2023 21:00:00,0,0,0,0,0,25,119.267361716426,119.267361716426,0,0.000107729822140357
22-Jul-2023 22:00:00,0,0,0,0,0,25,119.267361716426,119.267361716426,0,0.000107718759879916
22-Jul-2023 23:00:00,0,0,0,0,0,25,119.267361716426,119.267361716426,0,0.000107707701026749
23-Jul-2023 00:00:00,0,0,0,0,0,25,119.267361716426,119.267361716426,0,0.000107696645578415
23-Jul-2023 01:00:00,0,0,0,0,0,25,119.267361716426,119.267361716426,0,0.000107685593534246
23-Jul-2023 02:00:00,0,0,0,0,0,25,119.267361716426,119.267361716426,0,0.0001076745448918
23-Jul-2023 03:00:00,0,0,0,0,0,25,119.267361716426,119.267361716426,0,0.000107663499649302
23-Jul-2023 04:00:00,0,0,0,0,0,25,119.267361716426,119.267361716426,0,0.000107652457805196
23-Jul-2023 05:00:00,0,0,0,0,0,25,119.267361716426,119.267361716426,0,0.000107641419357929
23-Jul-2023 06:00:00,0,0,0,0,0,25,119.267361716426,119.267361716426,0,0.000107630384305279
23-Jul-2023 07:00:00,0,0,0,0,0,25,119.267361716426,119.267361716426,0,0.000107619352645694
23-Jul-2023 08:00:00,0,0,0,0,0,25,119.267361716426,119.267361716426,0,0.000107608324377839
23-Jul-2023 09:00:00,0,0,0,0,0,25,119.267361716426,119.267361716426,0,0.000107597299499496
23-Jul-2023 10:00:00,0,0,0,0,0,25,119.267361716426,119.267361716426,0,0.000107586278008887
23-Jul-2023 11:00:00,-213.200978885869,0,522.342398270379,0,0.261040678795792,25,119.267361716426,119.267361716426,0,0.000107575259904902
23-Jul-2023 12:00:00,-198.039739856041,0,485.1973626473,0,0.242477442602349,25,119.267361716426,119.267361716426,0,0.000238164927900408
23-Jul-2023 13:00:00,21.4585543562567,54.7412100924916,0,0.0273569265829543,0,25,119.267361716426,119.294718643009,6.73411466879381e-05,0.000283209932161022
23-Jul-2023 14:00:00,125.036430170982,318.970485130057,0,0.159405539795131,0,25,119.294718643009,119.454124182804,0.00040798806160891,0.000277133096837856
23-Jul-2023 15:00:00,248.456347639804,633.817213366848,0,0.31675023156764,0,25,119.454124182804,119.770874414372,0.000849135972827597,0.000253220221444916
23-Jul-2023 16:00:00,0,0,0,0,0,25,119.770874414372,119.770874414372,0,0.000107520220115731
23-Jul-2023 17:00:00,0,0,0,0,0,25,119.770874414372,119.770874414372,0,0.000107509222292412
23-Jul-2023 18:00:00,0,0,0,0,0,25,119.770874414372,119.770874414372,0,0.000107498227843061
23-Jul-2023 19:00:00,0,0,0,0,0,25,119.770874414372,119.770874414372,0,0.000107487236766124
23-Jul-2023 20:00:00,0,0,0,0,0,25,119.770874414372,119.770874414372,0,0.000107476249059379
23-Jul-2023 21:00:00,0,0,0,0,0,25,119.770874414372,119.770874414372,0,0.000107465264722384
23-Jul-2023 22:00:00,0,0,0,0,0,25,119.770874414372,119.770874414372,0,0.000107454283751807
23-Jul-2023 23:00:00,0,0,0,0,0,25,119.770874414372,119.770874414372,0,0.000107443306147204
24-Jul-2023 00:00:00,0,0,0,0,0,25,119.770874414372,119.770874414372,0,0.00010743233190591
24-Jul-2023 01:00:00,0,0,0,0,0,25,119.770874414372,119.770874414372,0,0.000107421361027038
24-Jul-2023 02:00:00,0,0,0,0,0,25,119.770874414372,119.770874414372,0,0.000107410393508145
24-Jul-2023 03:00:00,0,0,0,0,0,25,119.770874414372,119.770874414372,0,0.000107399429348121
24-Jul-2023 04:00:00,0,0,0,0,0,25,119.770874414372,119.770874414372,0,0.000107388468545189
24-Jul-2023 05:00:00,0,0,0,0,0,25,119.770874414372,119.770874414372,0,0.000107377511097129
24-Jul-2023 06:00:00,0,0,0,0,0,25,119.770874414372,119.770874414372,0,0.000107366557002386
24-Jul-2023 07:00:00,-102.473155359211,0,251.059230630067,0,0.125466881874096,25,119.770874414372,119.770874414372,0,0.000107355606259851
24-Jul-2023 08:00:00,-173.819923577089,0,425.858812763867,0,0.212822994884491,25,119.770874414372,119.770874414372,0,0.000168763911794434
24-Jul-2023 09:00:00,-68.605978282431,0,168.084646791956,0,0.0840003232343608,25,119.770874414372,119.770874414372,0,0.000256840823831261
24-Jul-2023 10:00:00,-47.8950448485822,0,117.342859879026,0,0.0586421088850707,25,119.770874414372,119.770874414372,0,0.000268366502864881
24-Jul-2023 11:00:00,-277.245929723442,0,679.252527822433,0,0.339456535643395,25,119.770874414372,119.770874414372,0,0.00027747248385146
24-Jul-2023 12:00:00,-50.8797963453649,0,124.655501046144,0,0.0622966022219611,25,119.770874414372,119.770874414372,0,0.000422778604670881
24-Jul-2023 13:00:00,372.005153189437,948.992737728156,0,0.474259239244456,0,25,119.770874414372,120.245133653616,0.00133146423926062,0.000428952548643835
24-Jul-2023 14:00:00,282.374946080156,720.344250204479,0,0.359992129037721,0,25,120.245133653616,120.605125782654,0.000976611699599728,0.000266508754670269
24-Jul-2023 15:00:00,37.9778027332677,96.8821498297646,0,0.0484168664816415,0,25,120.605125782654,120.653542649136,0.000119750342815916,0.000128397855820195
24-Jul-2023 16:00:00,0,0,0,0,0,25,120.653542649136,120.653542649136,0,0.000107257200121724
24-Jul-2023 17:00:00,0,0,0,0,0,25,120.653542649136,120.653542649136,0,0.000107246282802675
24-Jul-2023 18:00:00,0,0,0,0,0,25,120.653542649136,120.653542649136,0,0.000107235368816738
24-Jul-2023 19:00:00,0,0,0,0,0,25,120.653542649136,120.653542649136,0,0.000107224458162136
24-Jul-2023 20:00:00,0,0,0,0,0,25,120.653542649136,120.653542649136,0,0.000107213550837093
24-Jul-2023 21:00:00,0,0,0,0,0,25,120.653542649136,120.653542649136,0,0.000107202646839832
24-Jul-2023 22:00:00,0,0,0,0,0,25,120.653542649136,120.653542649136,0,0.000107191746169022
24-Jul-2023 23:00:00,0,0,0,0,0,25,120.653542649136,120.653542649136,0,0.000107180848822663
25-Jul-2023 00:00:00,0,0,0,0,0,25,120.653542649136,120.653542649136,0,0.000107169954799202
25-Jul-2023 01:00:00,0,0,0,0,0,25,120.653542649136,120.653542649136,0,0.000107159064097084
25-Jul-2023 02:00:00,0,0,0,0,0,25,120.653542649136,120.653542649136,0,0.000107148176714089
25-Jul-2023 03:00:00,0,0,0,0,0,25,120.653542649136,120.653542649136,0,0.000107137292649107
25-Jul-2023 04:00:00,0,0,0,0,0,25,120.653542649136,120.653542649136,0,0.000107126411900582
25-Jul-2023 05:00:00,0,0,0,0,0,25,120.653542649136,120.653542649136,0,0.000107115534466073
25-Jul-2023 06:00:00,0,0,0,0,0,25,120.653542649136,120.653542649136,0,0.00010710466034447
25-Jul-2023 07:00:00,0,0,0,0,0,25,120.653542649136,120.653542649136,0,0.000107093789533774
25-Jul-2023 08:00:00,0,0,0,0,0,25,120.653542649136,120.653542649136,0,0.000107082922032653
25-Jul-2023 09:00:00,-131.690763425137,0,322.642370391585,0,0.161240564913336,25,120.653542649136,120.653542649136,0,0.000107072057839108
25-Jul-2023 10:00:00,-40.5791357554108,0,99.4188826007565,0,0.0496845990008778,25,120.653542649136,120.653542649136,0,0.000189351277377181
25-Jul-2023 11:00:00,151.181009795697,385.665841315555,0,0.192736552381586,0,25,120.653542649136,120.846279201517,0.00049744181618333,0.000216251204744555
25-Jul-2023 12:00:00,14.2664400256461,36.3939796572604,0,0.0181878958806899,0,25,120.846279201517,120.864467097398,4.45731092194035e-05,0.000114967558757728
25-Jul-2023 13:00:00,-264.291609546699,0,647.514443389413,0,0.323595423982715,25,120.864467097398,120.864467097398,0,0.000107028634108719
25-Jul-2023 14:00:00,208.535346709017,531.977925278105,0,0.265856034621742,0,25,120.864467097398,121.13032313202,0.000700987726638569,0.00025339668189428
25-Jul-2023 15:00:00,45.289597331043,115.534687068987,0,0.0577384742973449,0,25,121.13032313202,121.188061606317,0.000143120052390533,0.000132354425624648
25-Jul-2023 16:00:00,0,0,0,0,0,25,121.188061606317,121.188061606317,0,0.000106996100960099
25-Jul-2023 17:00:00,0,0,0,0,0,25,121.188061606317,121.188061606317,0,0.000106985263168102
25-Jul-2023 18:00:00,0,0,0,0,0,25,121.188061606317,121.188061606317,0,0.000106974428668805
25-Jul-2023 19:00:00,0,0,0,0,0,25,121.188061606317,121.188061606317,0,0.00010696359746043
25-Jul-2023 20:00:00,0,0,0,0,0,25,121.188061606317,121.188061606317,0,0.000106952769541424
25-Jul-2023 21:00:00,0,0,0,0,0,25,121.188061606317,121.188061606317,0,0.000106941944910011
25-Jul-2023 22:00:00,0,0,0,0,0,25,121.188061606317,121.188061606317,0,0.000106931123564635
25-Jul-2023 23:00:00,0,0,0,0,0,25,121.188061606317,121.188061606317,0,0.0001069203055033
26-Jul-2023 00:00:00,0,0,0,0,0,25,121.188061606317,121.188061606317,0,0.000106909490725338
26-Jul-2023 01:00:00,0,0,0,0,0,25,121.188061606317,121.188061606317,0,0.000106898679227863
26-Jul-2023 02:00:00,0,0,0,0,0,25,121.188061606317,121.188061606317,0,0.000106887871009764
26-Jul-2023 03:00:00,0,0,0,0,0,25,121.188061606317,121.188061606317,0,0.00010687706606971
26-Jul-2023 04:00:00,0,0,0,0,0,25,121.188061606317,121.188061606317,0,0.000106866264405259
26-Jul-2023 05:00:00,0,0,0,0,0,25,121.188061606317,121.188061606317,0,0.000106855466015521
26-Jul-2023 06:00:00,0,0,0,0,0,25,121.188061606317,121.188061606317,0,0.000106844670898276
26-Jul-2023 07:00:00,0,0,0,0,0,25,121.188061606317,121.188061606317,0,0.000106833879052415
26-Jul-2023 08:00:00,0,0,0,0,0,25,121.188061606317,121.188061606317,0,0.000106823090475716
26-Jul-2023 09:00:00,-26.7921370144984,0,65.640735685521,0,0.0328039658598306,25,121.188061606317,121.188061606317,0,0.000106812305166848
26-Jul-2023 10:00:00,-104.183773089846,0,255.250244070124,0,0.12756134136438,25,121.188061606317,121.188061606317,0,0.000120976535369577
26-Jul-2023 11:00:00,-198.695395768463,0,486.803719632735,0,0.243280219706514,25,121.188061606317,121.188061606317,0,0.000188368499200342
26-Jul-2023 12:00:00,68.4498262401888,174.616903673951,0,0.0872648194272619,0,25,121.188061606317,121.275326425744,0.000218190795982287,0.000264682144939909
26-Jul-2023 13:00:00,248.164482580447,633.072659643997,0,0.316378140751623,0,25,121.275326425744,121.591704566496,0.000846378321634922,0.000251358262027379
26-Jul-2023 14:00:00,-26.6532466774671,0,65.3004543597945,0,0.0326339102247848,25,121.591704566496,121.591704566496,0,0.000106758427581788
26-Jul-2023 15:00:00,25.5977502416683,65.3003832695621,0,0.0326338746974323,0,25,121.591704566496,121.624338441194,8.02546058844555e-05,0.000120842445099356
26-Jul-2023 16:00:00,-151.03978170858,0,370.047465186021,0,0.184931266959531,25,121.624338441194,121.624338441194,0,0.000106736899364579
26-Jul-2023 17:00:00,-165.573778409986,0,405.655757104465,0,0.202726515294585,25,121.624338441194,121.624338441194,0,0.000202158521015239
26-Jul-2023 18:00:00,17.2710780944847,44.058872690012,0,0.0220184271314403,0,25,121.624338441194,121.646356868325,5.39771969855773e-05,0.000262524681856169
26-Jul-2023 19:00:00,55.8226138874455,142.404627263891,0,0.0711667302668123,0,25,121.646356868325,121.717523598592,0.000177009994240918,0.000259572508725103
26-Jul-2023 20:00:00,230.979232403671,589.232735723651,0,0.294469133295178,0,25,121.717523598592,122.011992731887,0.000782318548557037,0.000246143945840327
26-Jul-2023 21:00:00,0,0,0,0,0,25,122.011992731887,122.011992731887,0,0.000106683135748575
26-Jul-2023 22:00:00,0,0,0,0,0,25,122.011992731887,122.011992731887,0,0.000106672392771401
26-Jul-2023 23:00:00,0,0,0,0,0,25,122.011992731887,122.011992731887,0,0.000106661653038742
27-Jul-2023 00:00:00,0,0,0,0,0,25,122.011992731887,122.011992731887,0,0.000106650916549045
27-Jul-2023 01:00:00,0,0,0,0,0,25,122.011992731887,122.011992731887,0,0.000106640183301421
27-Jul-2023 02:00:00,0,0,0,0,0,25,122.011992731887,122.011992731887,0,0.00010662945329365
27-Jul-2023 03:00:00,0,0,0,0,0,25,122.011992731887,122.011992731887,0,0.000106618726523733
27-Jul-2023 04:00:00,0,0,0,0,0,25,122.011992731887,122.011992731887,0,0.000106608002990782
27-Jul-2023 05:00:00,0,0,0,0,0,25,122.011992731887,122.011992731887,0,0.0001065972826928
27-Jul-2023 06:00:00,0,0,0,0,0,25,122.011992731887,122.011992731887,0,0.000106586565628009
27-Jul-2023 07:00:00,0,0,0,0,0,25,122.011992731887,122.011992731887,0,0.000106575851795299
27-Jul-2023 08:00:00,0,0,0,0,0,25,122.011992731887,122.011992731887,0,0.00010656514119245
27-Jul-2023 09:00:00,0,0,0,0,0,25,122.011992731887,122.011992731887,0,0.000106554433818351
27-Jul-2023 10:00:00,0,0,0,0,0,25,122.011992731887,122.011992731887,0,0.000106543729670783
27-Jul-2023 11:00:00,0,0,0,0,0,25,122.011992731887,122.011992731887,0,0.000106533028748856
27-Jul-2023 12:00:00,0,0,0,0,0,25,122.011992731887,122.011992731887,0,0.000106522331050574
27-Jul-2023 13:00:00,0,0,0,0,0,25,122.011992731887,122.011992731887,0,0.000106511636573936
27-Jul-2023 14:00:00,0,0,0,0,0,25,122.011992731887,122.011992731887,0,0.000106500945318277
27-Jul-2023 15:00:00,0,0,0,0,0,25,122.011992731887,122.011992731887,0,0.000106490257280933
27-Jul-2023 16:00:00,0,0,0,0,0,25,122.011992731887,122.011992731887,0,0.000106479572461016
27-Jul-2023 17:00:00,0,0,0,0,0,25,122.011992731887,122.011992731887,0,0.000106468890856526
27-Jul-2023 18:00:00,0,0,0,0,0,25,122.011992731887,122.011992731887,0,0.000106458212466132
27-Jul-2023 19:00:00,0,0,0,0,0,25,122.011992731887,122.011992731887,0,0.000106447537288057
27-Jul-2023 20:00:00,0,0,0,0,0,25,122.011992731887,122.011992731887,0,0.000106436865320969
27-Jul-2023 21:00:00,0,0,0,0,0,25,122.011992731887,122.011992731887,0,0.000106426196562648
27-Jul-2023 22:00:00,0,0,0,0,0,25,122.011992731887,122.011992731887,0,0.000106415531011761
27-Jul-2023 23:00:00,0,0,0,0,0,25,122.011992731887,122.011992731887,0,0.000106404868667198
28-Jul-2023 00:00:00,0,0,0,0,0,25,122.011992731887,122.011992731887,0,0.000106394209526961
28-Jul-2023 01:00:00,0,0,0,0,0,25,122.011992731887,122.011992731887,0,0.000106383553589051
28-Jul-2023 02:00:00,0,0,0,0,0,25,122.011992731887,122.011992731887,0,0.000106372900852358
28-Jul-2023 03:00:00,0,0,0,0,0,25,122.011992731887,122.011992731887,0,0.000106362251315328
28-Jul-2023 04:00:00,0,0,0,0,0,25,122.011992731887,122.011992731887,0,0.000106351604975963
28-Jul-2023 05:00:00,0,0,0,0,0,25,122.011992731887,122.011992731887,0,0.000106340961833151
28-Jul-2023 06:00:00,0,0,0,0,0,25,122.011992731887,122.011992731887,0,0.000106330321884895
28-Jul-2023 07:00:00,0,0,0,0,0,25,122.011992731887,122.011992731887,0,0.000106319685129641
28-Jul-2023 08:00:00,0,0,0,0,0,25,122.011992731887,122.011992731887,0,0.000106309051566278
28-Jul-2023 09:00:00,-183.142873666351,0,448.70004048256,0,0.224237901290635,25,122.011992731887,122.011992731887,0,0.000106298421192141
28-Jul-2023 10:00:00,122.533170060091,312.584617500232,0,0.156214201649291,0,25,122.011992731887,122.168206933536,0.000398279774068255,0.000220911517419653
28-Jul-2023 11:00:00,25.0962122710974,64.0209496711668,0,0.031994477596785,0,25,122.168206933536,122.200201411133,7.86196126455474e-05,0.000136311606630857
28-Jul-2023 12:00:00,28.2604439936726,72.0929693716139,0,0.0360284704505817,0,25,122.200201411133,122.236229881584,8.86349742765247e-05,0.000121761230436057
28-Jul-2023 13:00:00,0,0,0,0,0,25,122.236229881584,122.236229881584,0,0.000106255931564769
28-Jul-2023 14:00:00,0,0,0,0,0,25,122.236229881584,122.236229881584,0,0.000106245317116782
28-Jul-2023 15:00:00,0,0,0,0,0,25,122.236229881584,122.236229881584,0,0.000106234705848918
28-Jul-2023 16:00:00,0,0,0,0,0,25,122.236229881584,122.236229881584,0,0.000106224097760066
28-Jul-2023 17:00:00,0,0,0,0,0,25,122.236229881584,122.236229881584,0,0.00010621349284845
28-Jul-2023 18:00:00,0,0,0,0,0,25,122.236229881584,122.236229881584,0,0.000106202891112073
28-Jul-2023 19:00:00,0,0,0,0,0,25,122.236229881584,122.236229881584,0,0.000106192292550045
28-Jul-2023 20:00:00,0,0,0,0,0,25,122.236229881584,122.236229881584,0,0.000106181697160368
28-Jul-2023 21:00:00,0,0,0,0,0,25,122.236229881584,122.236229881584,0,0.000106171104941488
28-Jul-2023 22:00:00,0,0,0,0,0,25,122.236229881584,122.236229881584,0,0.000106160515891851
28-Jul-2023 23:00:00,0,0,0,0,0,25,122.236229881584,122.236229881584,0,0.000106149930009902
29-Jul-2023 00:00:00,0,0,0,0,0,25,122.236229881584,122.236229881584,0,0.000106139347294087
29-Jul-2023 01:00:00,0,0,0,0,0,25,122.236229881584,122.236229881584,0,0.000106128767742852
29-Jul-2023 02:00:00,0,0,0,0,0,25,122.236229881584,122.236229881584,0,0.000106118191354643
29-Jul-2023 03:00:00,0,0,0,0,0,25,122.236229881584,122.236229881584,0,0.00010610761812746
29-Jul-2023 04:00:00,0,0,0,0,0,25,122.236229881584,122.236229881584,0,0.000106097048060416
29-Jul-2023 05:00:00,0,0,0,0,0,25,122.236229881584,122.236229881584,0,0.000106086481151513
29-Jul-2023 06:00:00,0,0,0,0,0,25,122.236229881584,122.236229881584,0,0.000106075917399195
29-Jul-2023 07:00:00,-79.8472955175741,0,195.625874018057,0,0.0977640549815375,25,122.236229881584,122.236229881584,0,0.000106065356802354
29-Jul-2023 08:00:00,40.5068471140514,103.333793658294,0,0.0516410762910016,0,25,122.236229881584,122.287870957875,0.000127626850705387,0.000151218423929844
29-Jul-2023 09:00:00,-32.6172307802798,0,79.9122154116855,0,0.0399361396360248,25,122.287870957875,122.287870957875,0,0.000125916538581849
29-Jul-2023 10:00:00,67.5038114229956,172.203600568866,0,0.0860587708989836,0,25,122.287870957875,122.373929728774,0.000214850201985639,0.000145001918514742
29-Jul-2023 11:00:00,0,0,0,0,0,25,122.373929728774,122.373929728774,0,0.000106023145932888
29-Jul-2023 12:00:00,0,0,0,0,0,25,122.373929728774,122.373929728774,0,0.00010601260108789
29-Jul-2023 13:00:00,0,0,0,0,0,25,122.373929728774,122.373929728774,0,0.000106002059388155
29-Jul-2023 14:00:00,0,0,0,0,0,25,122.373929728774,122.373929728774,0,0.000105991520832571
29-Jul-2023 15:00:00,0,0,0,0,0,25,122.373929728774,122.373929728774,0,0.000105980985419807
29-Jul-2023 16:00:00,0,0,0,0,0,25,122.373929728774,122.373929728774,0,0.000105970453147863
29-Jul-2023 17:00:00,0,0,0,0,0,25,122.373929728774,122.373929728774,0,0.000105959924015409
29-Jul-2023 18:00:00,0,0,0,0,0,25,122.373929728774,122.373929728774,0,0.000105949398020888
29-Jul-2023 19:00:00,0,0,0,0,0,25,122.373929728774,122.373929728774,0,0.000105938875162304
29-Jul-2023 20:00:00,0,0,0,0,0,25,122.373929728774,122.373929728774,0,0.000105928355438989
29-Jul-2023 21:00:00,0,0,0,0,0,25,122.373929728774,122.373929728774,0,0.000105917838848502
29-Jul-2023 22:00:00,0,0,0,0,0,25,122.373929728774,122.373929728774,0,0.000105907325389731
29-Jul-2023 23:00:00,0,0,0,0,0,25,122.373929728774,122.373929728774,0,0.000105896815061346
30-Jul-2023 00:00:00,0,0,0,0,0,25,122.373929728774,122.373929728774,0,0.000105886307861347
30-Jul-2023 01:00:00,0,0,0,0,0,25,122.373929728774,122.373929728774,0,0.000105875803787958
30-Jul-2023 02:00:00,0,0,0,0,0,25,122.373929728774,122.373929728774,0,0.000105865302840513
30-Jul-2023 03:00:00,0,0,0,0,0,25,122.373929728774,122.373929728774,0,0.00010585480501657
30-Jul-2023 04:00:00,0,0,0,0,0,25,122.373929728774,122.373929728774,0,0.00010584431031524
30-Jul-2023 05:00:00,0,0,0,0,0,25,122.373929728774,122.373929728774,0,0.000105833818734524
30-Jul-2023 06:00:00,0,0,0,0,0,25,122.373929728774,122.373929728774,0,0.000105823330273314
30-Jul-2023 07:00:00,0,0,0,0,0,25,122.373929728774,122.373929728774,0,0.000105812844929609
30-Jul-2023 08:00:00,-88.7825450063441,0,217.517235265543,0,0.108704265500021,25,122.373929728774,122.373929728774,0,0.000105802362702079
30-Jul-2023 09:00:00,-25.8106158385261,0,63.2360088043889,0,0.0316022033005442,25,122.373929728774,122.373929728774,0,0.00015683556045798
30-Jul-2023 10:00:00,-82.5666218951133,0,202.288223643028,0,0.101093565038994,25,122.373929728774,122.373929728774,0,0.000174939678723174
30-Jul-2023 11:00:00,-291.123577947441,0,713.25276597123,0,0.356448158906162,25,122.373929728774,122.373929728774,0,0.000227037219205695
30-Jul-2023 12:00:00,-230.828403509228,0,565.529588597609,0,0.282623482557526,25,122.373929728774,122.373929728774,0,0.000318054940588564
30-Jul-2023 13:00:00,-1.62254442968259,0,3.97523385272234,0,0.00198662361455389,25,122.373929728774,122.373929728774,0,0.000422637896098088
30-Jul-2023 14:00:00,0,0,0,0,0,25,122.373929728774,122.373929728774,0,0.000422753795273678
30-Jul-2023 15:00:00,289.405663996422,738.279755092913,0,0.368955399846533,0,25,122.373929728774,122.74288512862,0.00100131444873419,0.000422711973659728
30-Jul-2023 16:00:00,367.061409846235,936.381147566925,0,0.46795659548572,0,25,122.74288512862,123.210841724106,0.00130717960557208,0.000281078443287841
30-Jul-2023 17:00:00,35.7098278825382,91.0964997003525,0,0.0455254871066229,0,25,123.210841724106,123.256367211212,0.000112192139937461,0.000125255444515693
30-Jul-2023 18:00:00,-20.1106635905332,0,49.2711257968062,0,0.0246232512727667,25,123.256367211212,123.256367211212,0,0.000105697711476394
30-Jul-2023 19:00:00,19.3142604907978,49.2710726806067,0,0.0246232247279394,0,25,123.256367211212,123.28099043594,6.03045432626126e-05,0.000116240476934815
30-Jul-2023 20:00:00,0,0,0,0,0,25,123.28099043594,123.28099043594,0,0.000105676818471068
30-Jul-2023 21:00:00,0,0,0,0,0,25,123.28099043594,123.28099043594,0,0.000105666376613911
30-Jul-2023 22:00:00,0,0,0,0,0,25,123.28099043594,123.28099043594,0,0.000105655937851168
30-Jul-2023 23:00:00,0,0,0,0,0,25,123.28099043594,123.28099043594,0,0.000105645502181062
31-Jul-2023 00:00:00,0,0,0,0,0,25,123.28099043594,123.28099043594,0,0.000105635069602927
31-Jul-2023 01:00:00,0,0,0,0,0,25,123.28099043594,123.28099043594,0,0.000105624640114765
31-Jul-2023 02:00:00,0,0,0,0,0,25,123.28099043594,123.28099043594,0,0.000105614213715466
31-Jul-2023 03:00:00,0,0,0,0,0,25,123.28099043594,123.28099043594,0,0.000105603790402586
31-Jul-2023 04:00:00,0,0,0,0,0,25,123.28099043594,123.28099043594,0,0.000105593370175683
31-Jul-2023 05:00:00,0,0,0,0,0,25,123.28099043594,123.28099043594,0,0.000105582953032535
31-Jul-2023 06:00:00,0,0,0,0,0,25,123.28099043594,123.28099043594,0,0.000105572538972032
31-Jul-2023 07:00:00,0,0,0,0,0,25,123.28099043594,123.28099043594,0,0.000105562127992398
31-Jul-2023 08:00:00,0,0,0,0,0,25,123.28099043594,123.28099043594,0,0.000105551720091857
31-Jul-2023 09:00:00,0,0,0,0,0,25,123.28099043594,123.28099043594,0,0.000105541315269297
31-Jul-2023 10:00:00,0,0,0,0,0,25,123.28099043594,123.28099043594,0,0.000105530913523388
31-Jul-2023 11:00:00,0,0,0,0,0,25,123.28099043594,123.28099043594,0,0.000105520514852353
31-Jul-2023 12:00:00,0,0,0,0,0,25,123.28099043594,123.28099043594,0,0.000105510119254415
31-Jul-2023 13:00:00,0,0,0,0,0,25,123.28099043594,123.28099043594,0,0.000105499726728686
31-Jul-2023 14:00:00,0,0,0,0,0,25,123.28099043594,123.28099043594,0,0.000105489337272724
31-Jul-2023 15:00:00,0,0,0,0,0,25,123.28099043594,123.28099043594,0,0.000105478950886084
31-Jul-2023 16:00:00,0,0,0,0,0,25,123.28099043594,123.28099043594,0,0.000105468567566325
31-Jul-2023 17:00:00,0,0,0,0,0,25,123.28099043594,123.28099043594,0,0.000105458187312557
31-Jul-2023 18:00:00,0,0,0,0,0,25,123.28099043594,123.28099043594,0,0.000105447810123449
31-Jul-2023 19:00:00,0,0,0,0,0,25,123.28099043594,123.28099043594,0,0.000105437435996336
31-Jul-2023 20:00:00,0,0,0,0,0,25,123.28099043594,123.28099043594,0,0.000105427064931218
31-Jul-2023 21:00:00,0,0,0,0,0,25,123.28099043594,123.28099043594,0,0.000105416696925209
31-Jul-2023 22:00:00,0,0,0,0,0,25,123.28099043594,123.28099043594,0,0.000105406331977864
31-Jul-2023 23:00:00,0,0,0,0,0,25,123.28099043594,123.28099043594,0,0.000105395970087407
01-Aug-2023 00:00:00,0,0,0,0,0,25,123.28099043594,123.28099043594,0,0.00010538561125184
01-Aug-2023 01:00:00,0,0,0,0,0,25,123.28099043594,123.28099043594,0,0.000105375255470275
01-Aug-2023 02:00:00,0,0,0,0,0,25,123.28099043594,123.28099043594,0,0.000105364902740934
01-Aug-2023 03:00:00,0,0,0,0,0,25,123.28099043594,123.28099043594,0,0.000105354553062265
01-Aug-2023 04:00:00,0,0,0,0,0,25,123.28099043594,123.28099043594,0,0.000105344206432711
01-Aug-2023 05:00:00,0,0,0,0,0,25,123.28099043594,123.28099043594,0,0.000105333862851165
01-Aug-2023 06:00:00,0,0,0,0,0,25,123.28099043594,123.28099043594,0,0.000105323522315848
01-Aug-2023 07:00:00,0,0,0,0,0,25,123.28099043594,123.28099043594,0,0.000105313184824984
01-Aug-2023 08:00:00,0,0,0,0,0,25,123.28099043594,123.28099043594,0,0.000105302850378131
01-Aug-2023 09:00:00,0,0,0,0,0,25,123.28099043594,123.28099043594,0,0.000105292518972178
01-Aug-2023 10:00:00,0,0,0,0,0,25,123.28099043594,123.28099043594,0,0.000105282190606903
01-Aug-2023 11:00:00,0,0,0,0,0,25,123.28099043594,123.28099043594,0,0.000105271865280532
01-Aug-2023 12:00:00,0,0,0,0,0,25,123.28099043594,123.28099043594,0,0.000105261542991286
01-Aug-2023 13:00:00,-144.014990849051,0,352.836727580176,0,0.176330198690743,25,123.28099043594,123.28099043594,0,0.000105251223738279
01-Aug-2023 14:00:00,-115.408914136178,0,282.751839633636,0,0.141305267183227,25,123.28099043594,123.28099043594,0,0.000194667835675455
01-Aug-2023 15:00:00,-89.5950800275078,0,219.507946067394,0,0.109699123471961,25,123.28099043594,123.28099043594,0,0.000248007409621609
01-Aug-2023 16:00:00,323.962176002157,826.434122454482,0,0.413010555949267,0,25,123.28099043594,123.69400099189,0.00113447415557683,0.000263768762743144
01-Aug-2023 17:00:00,11.2340058756765,28.6581782542767,0,0.0143219281630568,0,25,123.69400099189,123.708322920053,3.49530398697229e-05,0.000111372035890955
01-Aug-2023 18:00:00,-61.1501260230764,0,149.817808756537,0,0.0748714686439467,25,123.708322920053,123.708322920053,0,0.000105199672956635
01-Aug-2023 19:00:00,58.7285180148703,149.817647997118,0,0.0748713883044069,0,25,123.708322920053,123.783194308357,0.000186021793432412,0.000138236996248597
01-Aug-2023 20:00:00,0,0,0,0,0,25,123.783194308357,123.783194308357,0,0.000105179073842443
01-Aug-2023 21:00:00,0,0,0,0,0,25,123.783194308357,123.783194308357,0,0.000105168778822495
01-Aug-2023 22:00:00,0,0,0,0,0,25,123.783194308357,123.783194308357,0,0.000105158486824575
01-Aug-2023 23:00:00,0,0,0,0,0,25,123.783194308357,123.783194308357,0,0.000105148197847571
02-Aug-2023 00:00:00,0,0,0,0,0,25,123.783194308357,123.783194308357,0,0.000105137911890596
02-Aug-2023 01:00:00,0,0,0,0,0,25,123.783194308357,123.783194308357,0,0.000105127628951207
02-Aug-2023 02:00:00,0,0,0,0,0,25,123.783194308357,123.783194308357,0,0.000105117349028516
02-Aug-2023 03:00:00,0,0,0,0,0,25,123.783194308357,123.783194308357,0,0.000105107072120747
02-Aug-2023 04:00:00,0,0,0,0,0,25,123.783194308357,123.783194308357,0,0.000105096798226789
02-Aug-2023 05:00:00,0,0,0,0,0,25,123.783194308357,123.783194308357,0,0.000105086527344866
02-Aug-2023 06:00:00,0,0,0,0,0,25,123.783194308357,123.783194308357,0,0.000105076259473647
02-Aug-2023 07:00:00,0,0,0,0,0,25,123.783194308357,123.783194308357,0,0.000105065994611575
02-Aug-2023 08:00:00,-243.650449721521,0,596.943601817726,0,0.298322639589068,25,123.783194308357,123.783194308357,0,0.00010505573275732
02-Aug-2023 09:00:00,-270.859063952803,0,663.604706684367,0,0.331636535074646,25,123.783194308357,123.783194308357,0,0.000243305328690546
02-Aug-2023 10:00:00,-206.127905679289,0,505.013368914257,0,0.252380494210024,25,123.783194308357,123.783194308357,0,0.000336048612050499
02-Aug-2023 11:00:00,39.5644141367901,100.929627899975,0,0.0504395941529109,0,25,123.783194308357,123.83363390251,0.000124408287605626,0.000419896898336436
02-Aug-2023 12:00:00,190.971838445785,487.173057259655,0,0.243464796231712,0,25,123.83363390251,124.077098698742,0.000635707345947867,0.000415219390272892
02-Aug-2023 13:00:00,255.737038423575,652.390404141773,0,0.326032185977898,0,25,124.077098698742,124.40313088472,0.000872096177568615,0.000310418618521879
02-Aug-2023 14:00:00,205.811983934077,525.030571260401,0,0.262384093583409,0,25,124.40313088472,124.665514978303,0.000688537241548326,0.000232963542832421
02-Aug-2023 15:00:00,0,0,0,0,0,25,124.665514978303,124.665514978303,0,0.000104983983870266
02-Aug-2023 16:00:00,0,0,0,0,0,25,124.665514978303,124.665514978303,0,0.000104973746024806
02-Aug-2023 17:00:00,0,0,0,0,0,25,124.665514978303,124.665514978303,0,0.000104963511174283
02-Aug-2023 18:00:00,0,0,0,0,0,25,124.665514978303,124.665514978303,0,0.000104953279316256
02-Aug-2023 19:00:00,0,0,0,0,0,25,124.665514978303,124.665514978303,0,0.000104943050450501
02-Aug-2023 20:00:00,0,0,0,0,0,25,124.665514978303,124.665514978303,0,0.000104932824574577
02-Aug-2023 21:00:00,0,0,0,0,0,25,124.665514978303,124.665514978303,0,0.000104922601687374
02-Aug-2023 22:00:00,0,0,0,0,0,25,124.665514978303,124.665514978303,0,0.000104912381787559
02-Aug-2023 23:00:00,0,0,0,0,0,25,124.665514978303,124.665514978303,0,0.000104902164873355
03-Aug-2023 00:00:00,0,0,0,0,0,25,124.665514978303,124.665514978303,0,0.000104891950943653
03-Aug-2023 01:00:00,0,0,0,0,0,25,124.665514978303,124.665514978303,0,0.000104881739996676
03-Aug-2023 02:00:00,0,0,0,0,0,25,124.665514978303,124.665514978303,0,0.000104871532031314
03-Aug-2023 03:00:00,0,0,0,0,0,25,124.665514978303,124.665514978303,0,0.000104861327046013
03-Aug-2023 04:00:00,0,0,0,0,0,25,124.665514978303,124.665514978303,0,0.000104851125038996
03-Aug-2023 05:00:00,0,0,0,0,0,25,124.665514978303,124.665514978303,0,0.000104840926009153
03-Aug-2023 06:00:00,0,0,0,0,0,25,124.665514978303,124.665514978303,0,0.000104830729955152
03-Aug-2023 07:00:00,-169.008679614872,0,414.071265056435,0,0.206932166444995,25,124.665514978303,124.665514978303,0,0.000104820536874994
03-Aug-2023 08:00:00,162.315762345782,414.07082231067,0,0.206931945182743,0,25,124.665514978303,124.872446923486,0.000534053068331042,0.000209842588766218
03-Aug-2023 09:00:00,0,0,0,0,0,25,124.872446923486,124.872446923486,0,0.000104800159632212
03-Aug-2023 10:00:00,-163.519699484559,0,400.623263737171,0,0.200211526105533,25,124.872446923486,124.872446923486,0,0.000104789975466035
03-Aug-2023 11:00:00,-142.489758017972,0,349.099907144032,0,0.174462722210911,25,124.872446923486,124.872446923486,0,0.000206455889645074
03-Aug-2023 12:00:00,137.019454704026,349.539425265373,0,0.174682371446963,0,25,124.872446923486,125.047129294933,0.000446451497416345,0.00025609633450463
03-Aug-2023 13:00:00,140.449185863439,358.288739447548,0,0.179054842302623,0,25,125.047129294933,125.226184137235,0.000458136676820209,0.000206305036124066
03-Aug-2023 14:00:00,16.4208200641456,41.8898471024123,0,0.0209344563230446,0,25,125.226184137235,125.247118593558,5.11091971550637e-05,0.000113663238059614
03-Aug-2023 15:00:00,0,0,0,0,0,25,125.247118593558,125.247118593558,0,0.000104739099133333
03-Aug-2023 16:00:00,-27.9717019604165,0,68.5306698030205,0,0.0342482107961122,25,125.247118593558,125.247118593558,0,0.000104728932756482
03-Aug-2023 17:00:00,26.8639938626769,68.5305965884614,0,0.0342481742071271,0,25,125.247118593558,125.281366767766,8.3941046440883e-05,0.000119234930300527
03-Aug-2023 18:00:00,0,0,0,0,0,25,125.281366767766,125.281366767766,0,0.000104708608880344
03-Aug-2023 19:00:00,0,0,0,0,0,25,125.281366767766,125.281366767766,0,0.000104698451378171
03-Aug-2023 20:00:00,0,0,0,0,0,25,125.281366767766,125.281366767766,0,0.000104688296831412
03-Aug-2023 21:00:00,0,0,0,0,0,25,125.281366767766,125.281366767766,0,0.000104678145239179
03-Aug-2023 22:00:00,0,0,0,0,0,25,125.281366767766,125.281366767766,0,0.00010466799659925
03-Aug-2023 23:00:00,0,0,0,0,0,25,125.281366767766,125.281366767766,0,0.000104657850910739
04-Aug-2023 00:00:00,0,0,0,0,0,25,125.281366767766,125.281366767766,0,0.000104647708171424
04-Aug-2023 01:00:00,0,0,0,0,0,25,125.281366767766,125.281366767766,0,0.000104637568381083
04-Aug-2023 02:00:00,0,0,0,0,0,25,125.281366767766,125.281366767766,0,0.000104627431537274
04-Aug-2023 03:00:00,0,0,0,0,0,25,125.281366767766,125.281366767766,0,0.000104617297639109
04-Aug-2023 04:00:00,0,0,0,0,0,25,125.281366767766,125.281366767766,0,0.000104607166684811
04-Aug-2023 05:00:00,0,0,0,0,0,25,125.281366767766,125.281366767766,0,0.000104597038673493
04-Aug-2023 06:00:00,0,0,0,0,0,25,125.281366767766,125.281366767766,0,0.000104586913602711
04-Aug-2023 07:00:00,0,0,0,0,0,25,125.281366767766,125.281366767766,0,0.000104576791472466
04-Aug-2023 08:00:00,0,0,0,0,0,25,125.281366767766,125.281366767766,0,0.000104566672280093
04-Aug-2023 09:00:00,-61.5126776671465,0,150.706060284509,0,0.0753153724560265,25,125.281366767766,125.281366767766,0,0.000104556556024926
04-Aug-2023 10:00:00,59.0767126196866,150.705899540017,0,0.0753152921239464,0,25,125.281366767766,125.35668205989,0.000186842521541275,0.000137613539664905
04-Aug-2023 11:00:00,0,0,0,0,0,25,125.35668205989,125.35668205989,0,0.000104536332319327
04-Aug-2023 12:00:00,-216.522507133415,0,530.480142476866,0,0.265107517479693,25,125.35668205989,125.35668205989,0,0.00010452622486623
04-Aug-2023 13:00:00,207.947994114557,530.479576822849,0,0.265107234794028,0,25,125.35668205989,125.621789294684,0.00069556452526609,0.000232797902725679
04-Aug-2023 14:00:00,0,0,0,0,0,25,125.621789294684,125.621789294684,0,0.000104506018752559
04-Aug-2023 15:00:00,0,0,0,0,0,25,125.621789294684,125.621789294684,0,0.000104495920089098
04-Aug-2023 16:00:00,0,0,0,0,0,25,125.621789294684,125.621789294684,0,0.000104485824352629
04-Aug-2023 17:00:00,-110.226471309641,0,270.054854708622,0,0.13495994738062,25,125.621789294684,125.621789294684,0,0.000104475731541598
04-Aug-2023 18:00:00,105.861390218032,270.054566882734,0,0.134959803539597,0,25,125.621789294684,125.756749098223,0.00034064417186197,0.000169707567351018
04-Aug-2023 19:00:00,0,0,0,0,0,25,125.756749098223,125.756749098223,0,0.000104455554690741
04-Aug-2023 20:00:00,0,0,0,0,0,25,125.756749098223,125.756749098223,0,0.000104445470648251
04-Aug-2023 21:00:00,0,0,0,0,0,25,125.756749098223,125.756749098223,0,0.000104435389525648
04-Aug-2023 22:00:00,0,0,0,0,0,25,125.756749098223,125.756749098223,0,0.000104425311321599
04-Aug-2023 23:00:00,0,0,0,0,0,25,125.756749098223,125.756749098223,0,0.00010441523603455
05-Aug-2023 00:00:00,0,0,0,0,0,25,125.756749098223,125.756749098223,0,0.000104405163663168
05-Aug-2023 01:00:00,0,0,0,0,0,25,125.756749098223,125.756749098223,0,0.000104395094206344
05-Aug-2023 02:00:00,0,0,0,0,0,25,125.756749098223,125.756749098223,0,0.000104385027662302
05-Aug-2023 03:00:00,0,0,0,0,0,25,125.756749098223,125.756749098223,0,0.000104374964029486
05-Aug-2023 04:00:00,0,0,0,0,0,25,125.756749098223,125.756749098223,0,0.000104364903307452
05-Aug-2023 05:00:00,0,0,0,0,0,25,125.756749098223,125.756749098223,0,0.000104354845493537
05-Aug-2023 06:00:00,0,0,0,0,0,25,125.756749098223,125.756749098223,0,0.000104344790587074
05-Aug-2023 07:00:00,0,0,0,0,0,25,125.756749098223,125.756749098223,0,0.000104334738586509
05-Aug-2023 08:00:00,0,0,0,0,0,25,125.756749098223,125.756749098223,0,0.000104324689490731
05-Aug-2023 09:00:00,0,0,0,0,0,25,125.756749098223,125.756749098223,0,0.000104314643297743
05-Aug-2023 10:00:00,0,0,0,0,0,25,125.756749098223,125.756749098223,0,0.000104304600006655
05-Aug-2023 11:00:00,0,0,0,0,0,25,125.756749098223,125.756749098223,0,0.000104294559615692
05-Aug-2023 12:00:00,-8.53153357515546,0,20.9022572591309,0,0.0104459056767271,25,125.756749098223,125.756749098223,0,0.000104284522123521
05-Aug-2023 13:00:00,8.19367612847706,20.9022350216252,0,0.0104458945635308,0,25,125.756749098223,125.767194992787,2.54099053551005e-05,0.000108751536991081
05-Aug-2023 14:00:00,0,0,0,0,0,25,125.767194992787,125.767194992787,0,0.000104264455831116
05-Aug-2023 15:00:00,0,0,0,0,0,25,125.767194992787,125.767194992787,0,0.000104254427027328
05-Aug-2023 16:00:00,0,0,0,0,0,25,125.767194992787,125.767194992787,0,0.000104244401117004
05-Aug-2023 17:00:00,0,0,0,0,0,25,125.767194992787,125.767194992787,0,0.000104234378098811
05-Aug-2023 18:00:00,0,0,0,0,0,25,125.767194992787,125.767194992787,0,0.000104224357970972
05-Aug-2023 19:00:00,0,0,0,0,0,25,125.767194992787,125.767194992787,0,0.000104214340732378
05-Aug-2023 20:00:00,0,0,0,0,0,25,125.767194992787,125.767194992787,0,0.000104204326381696
05-Aug-2023 21:00:00,0,0,0,0,0,25,125.767194992787,125.767194992787,0,0.000104194314917372
05-Aug-2023 22:00:00,0,0,0,0,0,25,125.767194992787,125.767194992787,0,0.000104184306338073
05-Aug-2023 23:00:00,0,0,0,0,0,25,125.767194992787,125.767194992787,0,0.000104174300642024
06-Aug-2023 00:00:00,0,0,0,0,0,25,125.767194992787,125.767194992787,0,0.000104164297828557
06-Aug-2023 01:00:00,0,0,0,0,0,25,125.767194992787,125.767194992787,0,0.000104154297895898
06-Aug-2023 02:00:00,0,0,0,0,0,25,125.767194992787,125.767194992787,0,0.000104144300842934
06-Aug-2023 03:00:00,0,0,0,0,0,25,125.767194992787,125.767194992787,0,0.000104134306667669
06-Aug-2023 04:00:00,0,0,0,0,0,25,125.767194992787,125.767194992787,0,0.000104124315369214
06-Aug-2023 05:00:00,0,0,0,0,0,25,125.767194992787,125.767194992787,0,0.000104114326946236
06-Aug-2023 06:00:00,0,0,0,0,0,25,125.767194992787,125.767194992787,0,0.000104104341397182
06-Aug-2023 07:00:00,0,0,0,0,0,25,125.767194992787,125.767194992787,0,0.000104094358720719
06-Aug-2023 08:00:00,0,0,0,0,0,25,125.767194992787,125.767194992787,0,0.000104084378915292
06-Aug-2023 09:00:00,0,0,0,0,0,25,125.767194992787,125.767194992787,0,0.000104074401979792
06-Aug-2023 10:00:00,0,0,0,0,0,25,125.767194992787,125.767194992787,0,0.000104064427912665
06-Aug-2023 11:00:00,0,0,0,0,0,25,125.767194992787,125.767194992787,0,0.000104054456712577
06-Aug-2023 12:00:00,0,0,0,0,0,25,125.767194992787,125.767194992787,0,0.000104044488378419
06-Aug-2023 13:00:00,0,0,0,0,0,25,125.767194992787,125.767194992787,0,0.000104034522908636
06-Aug-2023 14:00:00,0,0,0,0,0,25,125.767194992787,125.767194992787,0,0.000104024560301452
06-Aug-2023 15:00:00,0,0,0,0,0,25,125.767194992787,125.767194992787,0,0.000104014600555979
06-Aug-2023 16:00:00,0,0,0,0,0,25,125.767194992787,125.767194992787,0,0.000104004643670885
06-Aug-2023 17:00:00,0,0,0,0,0,25,125.767194992787,125.767194992787,0,0.000103994689644615
06-Aug-2023 18:00:00,0,0,0,0,0,25,125.767194992787,125.767194992787,0,0.000103984738475615
06-Aug-2023 19:00:00,0,0,0,0,0,25,125.767194992787,125.767194992787,0,0.000103974790162775
06-Aug-2023 20:00:00,0,0,0,0,0,25,125.767194992787,125.767194992787,0,0.000103964844704985
06-Aug-2023 21:00:00,0,0,0,0,0,25,125.767194992787,125.767194992787,0,0.000103954902100245
06-Aug-2023 22:00:00,0,0,0,0,0,25,125.767194992787,125.767194992787,0,0.000103944962347668
06-Aug-2023 23:00:00,0,0,0,0,0,25,125.767194992787,125.767194992787,0,0.000103935025445701
07-Aug-2023 00:00:00,0,0,0,0,0,25,125.767194992787,125.767194992787,0,0.000103925091392787
07-Aug-2023 01:00:00,0,0,0,0,0,25,125.767194992787,125.767194992787,0,0.000103915160188262
07-Aug-2023 02:00:00,0,0,0,0,0,25,125.767194992787,125.767194992787,0,0.000103905231830126
07-Aug-2023 03:00:00,0,0,0,0,0,25,125.767194992787,125.767194992787,0,0.000103895306317048
07-Aug-2023 04:00:00,0,0,0,0,0,25,125.767194992787,125.767194992787,0,0.000103885383647917
07-Aug-2023 05:00:00,0,0,0,0,0,25,125.767194992787,125.767194992787,0,0.000103875463821401
07-Aug-2023 06:00:00,0,0,0,0,0,25,125.767194992787,125.767194992787,0,0.000103865546835946
07-Aug-2023 07:00:00,0,0,0,0,0,25,125.767194992787,125.767194992787,0,0.000103855632689998
07-Aug-2023 08:00:00,0,0,0,0,0,25,125.767194992787,125.767194992787,0,0.000103845721382889
07-Aug-2023 09:00:00,0,0,0,0,0,25,125.767194992787,125.767194992787,0,0.000103835812912401
07-Aug-2023 10:00:00,0,0,0,0,0,25,125.767194992787,125.767194992787,0,0.00010382590727831
07-Aug-2023 11:00:00,0,0,0,0,0,25,125.767194992787,125.767194992787,0,0.000103816004477952
07-Aug-2023 12:00:00,0,0,0,0,0,25,125.767194992787,125.767194992787,0,0.000103806104510662
07-Aug-2023 13:00:00,-37.6627138092655,0,92.2736488327004,0,0.0461137675325839,25,125.767194992787,125.767194992787,0,0.000103796207375328
07-Aug-2023 14:00:00,-65.361445927768,0,160.135542523032,0,0.0800277573828244,25,125.767194992787,125.767194992787,0,0.000123239016777799
07-Aug-2023 15:00:00,98.9442403033927,252.408776284165,0,0.126141317483341,0,25,125.767194992787,125.89333631027,0.000317510785079189,0.000163578311468182
07-Aug-2023 16:00:00,0,0,0,0,0,25,125.89333631027,125.89333631027,0,0.000103766532945748
07-Aug-2023 17:00:00,0,0,0,0,0,25,125.89333631027,125.89333631027,0,0.000103756647123143
07-Aug-2023 18:00:00,0,0,0,0,0,25,125.89333631027,125.89333631027,0,0.000103746764125834
07-Aug-2023 19:00:00,0,0,0,0,0,25,125.89333631027,125.89333631027,0,0.000103736883952044
07-Aug-2023 20:00:00,0,0,0,0,0,25,125.89333631027,125.89333631027,0,0.00010372700660044
07-Aug-2023 21:00:00,0,0,0,0,0,25,125.89333631027,125.89333631027,0,0.000103717132069914
07-Aug-2023 22:00:00,0,0,0,0,0,25,125.89333631027,125.89333631027,0,0.000103707260358687
07-Aug-2023 23:00:00,0,0,0,0,0,25,125.89333631027,125.89333631027,0,0.000103697391465873
08-Aug-2023 00:00:00,0,0,0,0,0,25,125.89333631027,125.89333631027,0,0.000103687525389917
08-Aug-2023 01:00:00,0,0,0,0,0,25,125.89333631027,125.89333631027,0,0.000103677662129265
08-Aug-2023 02:00:00,0,0,0,0,0,25,125.89333631027,125.89333631027,0,0.000103667801682805
08-Aug-2023 03:00:00,0,0,0,0,0,25,125.89333631027,125.89333631027,0,0.000103657944049651
08-Aug-2023 04:00:00,0,0,0,0,0,25,125.89333631027,125.89333631027,0,0.000103648089227359
08-Aug-2023 05:00:00,0,0,0,0,0,25,125.89333631027,125.89333631027,0,0.000103638237215931
08-Aug-2023 06:00:00,0,0,0,0,0,25,125.89333631027,125.89333631027,0,0.0001036283880127
08-Aug-2023 07:00:00,0,0,0,0,0,25,125.89333631027,125.89333631027,0,0.000103618541617445
08-Aug-2023 08:00:00,0,0,0,0,0,25,125.89333631027,125.89333631027,0,0.000103608698028168
08-Aug-2023 09:00:00,0,0,0,0,0,25,125.89333631027,125.89333631027,0,0.000103598857243759
08-Aug-2023 10:00:00,-48.61341823633,0,119.102874679009,0,0.0595216765012537,25,125.89333631027,125.89333631027,0,0.000103589019262884
08-Aug-2023 11:00:00,46.688277530758,119.102748802954,0,0.0595216135946798,0,25,125.89333631027,125.952857923865,0.000146882754502309,0.000128936080356246
08-Aug-2023 12:00:00,-342.271218735484,0,838.564485901936,0,0.419072706597669,25,125.952857923865,125.952857923865,0,0.00010356935170619
08-Aug-2023 13:00:00,-378.196348762409,0,926.581054467903,0,0.463058997735084,25,125.952857923865,125.952857923865,0,0.000258592442420991
08-Aug-2023 14:00:00,0,0,0,0,0,25,125.952857923865,125.952857923865,0,0.000413998669808402
08-Aug-2023 15:00:00,0,0,0,0,0,25,125.952857923865,125.952857923865,0,0.00041395939285982
08-Aug-2023 16:00:00,140.228371250074,357.725436862435,0,0.178773331765335,0,25,125.952857923865,126.13163125563,0.000456954221904948,0.000413920127087852
08-Aug-2023 17:00:00,-102.005497225406,0,249.913468202244,0,0.124894286957643,25,126.13163125563,126.13163125563,0,0.000374943569575903
08-Aug-2023 18:00:00,9.31730917731328,23.7686458604931,0,0.0118783837383773,0,25,126.13163125563,126.143509639368,2.88954607753356e-05,0.000408874983396146
08-Aug-2023 19:00:00,301.656244491664,769.531235948123,0,0.384573331308407,0,25,126.143509639368,126.528082970677,0.00104440380204168,0.000407342915854203
08-Aug-2023 20:00:00,247.874804036101,632.333683765563,0,0.316008837464049,0,25,126.528082970677,126.844091808141,0.000840655380153654,0.000260016225686499
08-Aug-2023 21:00:00,90.8021009012031,231.638012503069,0,0.11576112568869,0,25,126.844091808141,126.95985293383,0.000290164485816591,0.000157311395736937
08-Aug-2023 22:00:00,0,0,0,0,0,25,126.95985293383,126.95985293383,0,0.00010347118168208
08-Aug-2023 23:00:00,0,0,0,0,0,25,126.95985293383,126.95985293383,0,0.000103461380025927
09-Aug-2023 00:00:00,0,0,0,0,0,25,126.95985293383,126.95985293383,0,0.000103451581154879
09-Aug-2023 01:00:00,0,0,0,0,0,25,126.95985293383,126.95985293383,0,0.000103441785067604
09-Aug-2023 02:00:00,0,0,0,0,0,25,126.95985293383,126.95985293383,0,0.000103431991762326
09-Aug-2023 03:00:00,0,0,0,0,0,25,126.95985293383,126.95985293383,0,0.000103422201237935
09-Aug-2023 04:00:00,0,0,0,0,0,25,126.95985293383,126.95985293383,0,0.000103412413493542
09-Aug-2023 05:00:00,0,0,0,0,0,25,126.95985293383,126.95985293383,0,0.000103402628527594
09-Aug-2023 06:00:00,0,0,0,0,0,25,126.95985293383,126.95985293383,0,0.000103392846338535
09-Aug-2023 07:00:00,0,0,0,0,0,25,126.95985293383,126.95985293383,0,0.000103383066925034
09-Aug-2023 08:00:00,-127.006175231992,0,311.165129318381,0,0.155504812253064,25,126.95985293383,126.95985293383,0,0.000103373290286424
09-Aug-2023 09:00:00,-211.797931848687,0,518.904933029283,0,0.259322805112086,25,126.95985293383,126.95985293383,0,0.000179630400505726
09-Aug-2023 10:00:00,-159.541514681241,0,390.876710969041,0,0.19534068514195,25,126.95985293383,126.95985293383,0,0.000257564849438952
09-Aug-2023 11:00:00,-222.069659338476,0,544.070665379266,0,0.271899382998134,25,126.95985293383,126.95985293383,0,0.000318303445284052
09-Aug-2023 12:00:00,253.376619585132,646.368927513092,0,0.323022952280406,0,25,126.95985293383,127.28287588611,0.000860708779990116,0.000413137150640175
09-Aug-2023 13:00:00,-263.820622990434,0,646.360526326564,0,0.323018753786389,25,127.28287588611,127.28287588611,0,0.000290943051922676
09-Aug-2023 14:00:00,188.368199871875,480.531122122129,0,0.240145488316906,0,25,127.28287588611,127.523021374427,0.000624186387418235,0.000413059097143176
09-Aug-2023 15:00:00,338.325330173062,863.074821870057,0,0.431321750059998,0,25,127.523021374427,127.954343124487,0.00118594796073324,0.000338323882273395
09-Aug-2023 16:00:00,-24.4775056577033,0,59.969888861373,0,0.029969959450961,25,127.954343124487,127.954343124487,0,0.000208566892744289
09-Aug-2023 17:00:00,-20.5700444767579,0,50.3966089680567,0,0.0251857116282143,25,127.954343124487,127.954343124487,0,0.000221416334589497
09-Aug-2023 18:00:00,208.432926246495,531.716648587996,0,0.265725461563216,0,25,127.954343124487,128.22006858605,0.000695436259479654,0.00023025204171967
09-Aug-2023 19:00:00,0,0,0,0,0,25,128.22006858605,128.22006858605,0,0.000103265929996876
09-Aug-2023 20:00:00,0,0,0,0,0,25,128.22006858605,128.22006858605,0,0.000103256186549272
09-Aug-2023 21:00:00,0,0,0,0,0,25,128.22006858605,128.22006858605,0,0.000103246445858796
09-Aug-2023 22:00:00,0,0,0,0,0,25,128.22006858605,128.22006858605,0,0.000103236707924781
09-Aug-2023 23:00:00,0,0,0,0,0,25,128.22006858605,128.22006858605,0,0.000103226972745674
10-Aug-2023 00:00:00,0,0,0,0,0,25,128.22006858605,128.22006858605,0,0.000103217240319919
10-Aug-2023 01:00:00,0,0,0,0,0,25,128.22006858605,128.22006858605,0,0.000103207510646408
10-Aug-2023 02:00:00,0,0,0,0,0,25,128.22006858605,128.22006858605,0,0.000103197783723807
10-Aug-2023 03:00:00,0,0,0,0,0,25,128.22006858605,128.22006858605,0,0.000103188059551229
10-Aug-2023 04:00:00,0,0,0,0,0,25,128.22006858605,128.22006858605,0,0.000103178338126675
10-Aug-2023 05:00:00,0,0,0,0,0,25,128.22006858605,128.22006858605,0,0.000103168619449034
10-Aug-2023 06:00:00,0,0,0,0,0,25,128.22006858605,128.22006858605,0,0.00010315890351742
10-Aug-2023 07:00:00,0,0,0,0,0,25,128.22006858605,128.22006858605,0,0.000103149190330276
10-Aug-2023 08:00:00,-49.0978558360022,0,120.289746798205,0,0.0601148159911072,25,128.22006858605,128.22006858605,0,0.000103139479886494
10-Aug-2023 09:00:00,-109.933648245581,0,269.337438201673,0,0.13460141839164,25,128.22006858605,128.22006858605,0,0.000128649436458517
10-Aug-2023 10:00:00,-163.828413160716,0,401.379612243754,0,0.200589511366194,25,128.22006858605,128.22006858605,0,0.000200460448884554
10-Aug-2023 11:00:00,-168.274390659717,0,412.272257116306,0,0.206033112002152,25,128.22006858605,128.22006858605,0,0.000254616885913883
10-Aug-2023 12:00:00,-223.522286133057,0,547.629601025989,0,0.273677961532228,25,128.22006858605,128.22006858605,0,0.000312277908788516
10-Aug-2023 13:00:00,-5.70125439876504,0,13.9680732769743,0,0.00698054636530452,25,128.22006858605,128.22006858605,0,0.000411619969251875
10-Aug-2023 14:00:00,0,0,0,0,0,25,128.22006858605,128.22006858605,0,0.000412125892677695
10-Aug-2023 15:00:00,0,0,0,0,0,25,128.22006858605,128.22006858605,0,0.00041208714629537
10-Aug-2023 16:00:00,0,0,0,0,0,25,128.22006858605,128.22006858605,0,0.000412048410840082
10-Aug-2023 17:00:00,0,0,0,0,0,25,128.22006858605,128.22006858605,0,0.00041200968630406
10-Aug-2023 18:00:00,0,0,0,0,0,25,128.22006858605,128.22006858605,0,0.000411970972685083
10-Aug-2023 19:00:00,232.79173700447,593.856471950178,0,0.296779846052063,0,25,128.22006858605,128.516848432102,0.000783649805361331,0.000411932269977822
10-Aug-2023 20:00:00,228.137708922166,581.983951332056,0,0.290846552389833,0,25,128.516848432102,128.807694984492,0.000766404645427321,0.00030293284764138
10-Aug-2023 21:00:00,144.881884704138,369.596644653413,0,0.184705969342035,0,25,128.807694984492,128.992400953834,0.000471549351219569,0.000237669913715211
10-Aug-2023 22:00:00,65.1780466487115,166.27052716508,0,0.083093716724178,0,25,128.992400953834,129.075494670558,0.000205823145702,0.000153237249504112
10-Aug-2023 23:00:00,17.6299869471448,44.9744564978184,0,0.0224759902537823,0,25,129.075494670558,129.097970660812,5.46801273609843e-05,0.00011407250456319
11-Aug-2023 00:00:00,0,0,0,0,0,25,129.097970660812,129.097970660812,0,0.000104719708252432
11-Aug-2023 01:00:00,3.18173930643048,8.11668190415939,0,0.00405631279568185,0,25,129.097970660812,129.102026973608,9.81450676229567e-06,0.000104709881413534
11-Aug-2023 02:00:00,0,0,0,0,0,25,129.102026973608,129.102026973608,0,0.000102965159513246
11-Aug-2023 03:00:00,0,0,0,0,0,25,129.102026973608,129.102026973608,0,0.000102955500945523
11-Aug-2023 04:00:00,0,0,0,0,0,25,129.102026973608,129.102026973608,0,0.000102945845095626
11-Aug-2023 05:00:00,0,0,0,0,0,25,129.102026973608,129.102026973608,0,0.000102936191961778
11-Aug-2023 06:00:00,0,0,0,0,0,25,129.102026973608,129.102026973608,0,0.000102926541542869
11-Aug-2023 07:00:00,0,0,0,0,0,25,129.102026973608,129.102026973608,0,0.00010291689383779
11-Aug-2023 08:00:00,0,0,0,0,0,25,129.102026973608,129.102026973608,0,0.000102907248844986
11-Aug-2023 09:00:00,-278.211236384077,0,681.617529140989,0,0.34063844534782,25,129.102026973608,129.102026973608,0,0.000102897606563568
11-Aug-2023 10:00:00,-317.549915745546,0,777.997293576587,0,0.38880424466596,25,129.102026973608,129.102026973608,0,0.000246634682397273
11-Aug-2023 11:00:00,-120.348529696648,0,294.853897756787,0,0.147353272242272,25,129.102026973608,129.102026973608,0,0.000384017863658048
11-Aug-2023 12:00:00,-4.19207906909721,0,10.2705937192882,0,0.00513273049439689,25,129.102026973608,129.102026973608,0,0.000410877531908271
11-Aug-2023 13:00:00,0,0,0,0,0,25,129.102026973608,129.102026973608,0,0.000411237481168891
11-Aug-2023 14:00:00,0,0,0,0,0,25,129.102026973608,129.102026973608,0,0.000411198984797689
11-Aug-2023 15:00:00,0,0,0,0,0,25,129.102026973608,129.102026973608,0,0.000411160499234953
11-Aug-2023 16:00:00,0,0,0,0,0,25,129.102026973608,129.102026973608,0,0.000411122024478017
11-Aug-2023 17:00:00,0,0,0,0,0,25,129.102026973608,129.102026973608,0,0.000411083560518222
11-Aug-2023 18:00:00,0,0,0,0,0,25,129.102026973608,129.102026973608,0,0.000411045107352459
11-Aug-2023 19:00:00,222.109714202957,566.606413783054,0,0.283161626078488,0,25,129.102026973608,129.385188599686,0.000744018746682618,0.000411006664977176
11-Aug-2023 20:00:00,234.049514295347,597.065087488131,0,0.298383352068032,0,25,129.385188599686,129.683571951754,0.000787321687044318,0.000309861238442233
11-Aug-2023 21:00:00,156.213933587762,398.504932621843,0,0.199152889865988,0,25,129.683571951754,129.88272484162,0.00051015308383634,0.000238571572858781
11-Aug-2023 22:00:00,75.6489119670445,192.981918283277,0,0.0964427377727519,0,25,129.88272484162,129.979167579393,0.000239616457698266,0.000148376368620973
11-Aug-2023 23:00:00,3.7222108679725,9.49543588768495,0,0.00474534527120687,0,25,129.979167579393,129.983912924664,1.14737415177757e-05,0.000104786164565995
12-Aug-2023 00:00:00,0,0,0,0,0,25,129.983912924664,129.983912924664,0,0.000102753296819857
12-Aug-2023 01:00:00,0,0,0,0,0,25,129.983912924664,129.983912924664,0,0.000102743697744767
12-Aug-2023 02:00:00,0,0,0,0,0,25,129.983912924664,129.983912924664,0,0.000102734101359747
12-Aug-2023 03:00:00,0,0,0,0,0,25,129.983912924664,129.983912924664,0,0.000102724507662577
12-Aug-2023 04:00:00,0,0,0,0,0,25,129.983912924664,129.983912924664,0,0.000102714916653257
12-Aug-2023 05:00:00,0,0,0,0,0,25,129.983912924664,129.983912924664,0,0.000102705328329566
12-Aug-2023 06:00:00,0,0,0,0,0,25,129.983912924664,129.983912924664,0,0.000102695742690617
12-Aug-2023 07:00:00,0,0,0,0,0,25,129.983912924664,129.983912924664,0,0.000102686159734855
12-Aug-2023 08:00:00,0,0,0,0,0,25,129.983912924664,129.983912924664,0,0.000102676579461614
12-Aug-2023 09:00:00,0,0,0,0,0,25,129.983912924664,129.983912924664,0,0.000102667001869117
12-Aug-2023 10:00:00,0,0,0,0,0,25,129.983912924664,129.983912924664,0,0.000102657426956254
12-Aug-2023 11:00:00,0,0,0,0,0,25,129.983912924664,129.983912924664,0,0.000102647854721916
12-Aug-2023 12:00:00,0,0,0,0,0,25,129.983912924664,129.983912924664,0,0.000102638285164769
12-Aug-2023 13:00:00,0,0,0,0,0,25,129.983912924664,129.983912924664,0,0.000102628718283482
12-Aug-2023 14:00:00,0,0,0,0,0,25,129.983912924664,129.983912924664,0,0.000102619154076722
12-Aug-2023 15:00:00,-15.0215508060579,0,36.8027994748418,0,0.0183922036356031,25,129.983912924664,129.983912924664,0,0.000102609592543601
12-Aug-2023 16:00:00,14.4266822863176,36.8027609344838,0,0.0183921843750544,0,25,129.983912924664,130.002305109039,4.46498645412241e-05,0.000110289868754609
12-Aug-2023 17:00:00,0,0,0,0,0,25,130.002305109039,130.002305109039,0,0.000102590477492726
12-Aug-2023 18:00:00,0,0,0,0,0,25,130.002305109039,130.002305109039,0,0.000102580923972084
12-Aug-2023 19:00:00,0,0,0,0,0,25,130.002305109039,130.002305109039,0,0.000102571373120419
12-Aug-2023 20:00:00,0,0,0,0,0,25,130.002305109039,130.002305109039,0,0.000102561824935954
12-Aug-2023 21:00:00,0,0,0,0,0,25,130.002305109039,130.002305109039,0,0.000102552279417134
12-Aug-2023 22:00:00,0,0,0,0,0,25,130.002305109039,130.002305109039,0,0.000102542736563072
12-Aug-2023 23:00:00,0,0,0,0,0,25,130.002305109039,130.002305109039,0,0.000102533196372656
13-Aug-2023 00:00:00,0,0,0,0,0,25,130.002305109039,130.002305109039,0,0.000102523658844333
13-Aug-2023 01:00:00,0,0,0,0,0,25,130.002305109039,130.002305109039,0,0.000102514123977437
13-Aug-2023 02:00:00,0,0,0,0,0,25,130.002305109039,130.002305109039,0,0.000102504591769748
13-Aug-2023 03:00:00,0,0,0,0,0,25,130.002305109039,130.002305109039,0,0.00010249506222082
13-Aug-2023 04:00:00,0,0,0,0,0,25,130.002305109039,130.002305109039,0,0.000102485535329544
13-Aug-2023 05:00:00,0,0,0,0,0,25,130.002305109039,130.002305109039,0,0.000102476011093922
13-Aug-2023 06:00:00,0,0,0,0,0,25,130.002305109039,130.002305109039,0,0.000102466489513064
13-Aug-2023 07:00:00,-81.5547211509911,0,199.809066819928,0,0.0998546061069106,25,130.002305109039,130.002305109039,0,0.000102456970586307
13-Aug-2023 08:00:00,-185.787704313312,0,455.179875567615,0,0.227476199683966,25,130.002305109039,130.002305109039,0,0.000147207126196092
13-Aug-2023 09:00:00,6.06427593958634,15.4700916826182,0,0.00773118025118351,0,25,130.002305109039,130.01003628929,1.87092546864998e-05,0.00024329182918037
13-Aug-2023 10:00:00,-259.127847845188,0,634.86322722071,0,0.317272977121794,25,130.01003628929,130.01003628929,0,0.000241824689563241
13-Aug-2023 11:00:00,-200.06745826738,0,490.165272755082,0,0.244960156299391,25,130.01003628929,130.01003628929,0,0.000332313426251396
13-Aug-2023 12:00:00,0,0,0,0,0,25,130.01003628929,130.01003628929,0,0.000409439754874619
13-Aug-2023 13:00:00,0,0,0,0,0,25,130.01003628929,130.01003628929,0,0.000409401761114925
13-Aug-2023 14:00:00,0,0,0,0,0,25,130.01003628929,130.01003628929,0,0.000409363777930327
13-Aug-2023 15:00:00,169.087530150946,431.345740180984,0,0.215565087546719,0,25,130.01003628929,130.225601376837,0.000554695729899968,0.000409325805314165
13-Aug-2023 16:00:00,133.282172893305,340.005543095166,0,0.169917812641262,0,25,130.225601376837,130.395519189478,0.000431282890680673,0.000350567260492207
13-Aug-2023 17:00:00,179.893901609506,458.913014309965,0,0.229341836236864,0,25,130.395519189478,130.624861025715,0.000592323281438489,0.00026797313996374
13-Aug-2023 18:00:00,77.6684375283856,198.133769205065,0,0.0990173759145754,0,25,130.624861025715,130.72387840163,0.000246015779044151,0.000228606451803559
13-Aug-2023 19:00:00,131.746406281507,336.087771126293,0,0.167959905610341,0,25,130.72387840163,130.89183830724,0.000425857092277548,0.000184812428131842
13-Aug-2023 20:00:00,0,0,0,0,0,25,130.89183830724,130.89183830724,0,0.000102333465453075
13-Aug-2023 21:00:00,0,0,0,0,0,25,130.89183830724,130.89183830724,0,0.000102323983547592
13-Aug-2023 22:00:00,0,0,0,0,0,25,130.89183830724,130.89183830724,0,0.00010231450427689
13-Aug-2023 23:00:00,0,0,0,0,0,25,130.89183830724,130.89183830724,0,0.00010230502764097
14-Aug-2023 00:00:00,0,0,0,0,0,25,130.89183830724,130.89183830724,0,0.000102295553637166
14-Aug-2023 01:00:00,0,0,0,0,0,25,130.89183830724,130.89183830724,0,0.000102286082265035
14-Aug-2023 02:00:00,0,0,0,0,0,25,130.89183830724,130.89183830724,0,0.000102276613523244
14-Aug-2023 03:00:00,0,0,0,0,0,25,130.89183830724,130.89183830724,0,0.000102267147410462
14-Aug-2023 04:00:00,0,0,0,0,0,25,130.89183830724,130.89183830724,0,0.000102257683925799
14-Aug-2023 05:00:00,0,0,0,0,0,25,130.89183830724,130.89183830724,0,0.000102248223067702
14-Aug-2023 06:00:00,0,0,0,0,0,25,130.89183830724,130.89183830724,0,0.000102238764835283
14-Aug-2023 07:00:00,-68.2663470933882,0,167.252550378801,0,0.0835844829479266,25,130.89183830724,130.89183830724,0,0.000102229309226765
14-Aug-2023 08:00:00,-182.441268525649,0,446.98110788784,0,0.223378864511664,25,130.89183830724,130.89183830724,0,0.000138591983480429
14-Aug-2023 09:00:00,-241.178050484862,0,590.886223687911,0,0.2952954641119,25,130.89183830724,130.89183830724,0,0.00023873086746895
14-Aug-2023 10:00:00,-228.286497296653,0,559.3019183768,0,0.279511203586607,25,130.89183830724,130.89183830724,0,0.000310182957517613
14-Aug-2023 11:00:00,0,0,0,0,0,25,130.89183830724,130.89183830724,0,0.000408568565174683
14-Aug-2023 12:00:00,0,0,0,0,0,25,130.89183830724,130.89183830724,0,0.000408530813400532
14-Aug-2023 13:00:00,0,0,0,0,0,25,130.89183830724,130.89183830724,0,0.000408493072090454
14-Aug-2023 14:00:00,0,0,0,0,0,25,130.89183830724,130.89183830724,0,0.00040845534123779
14-Aug-2023 15:00:00,386.05991152805,984.846713081761,0,0.492177267906927,0,25,130.89183830724,131.384015575147,0.00137312076453522,0.000408417620838319
14-Aug-2023 16:00:00,305.572592078907,779.52191856864,0,0.389566176196222,0,25,131.384015575147,131.773581751343,0.00105387383595318,0.000251555765230504
14-Aug-2023 17:00:00,0,0,0,0,0,25,131.773581751343,131.773581751343,0,0.000102134897210338
14-Aug-2023 18:00:00,0,0,0,0,0,25,131.773581751343,131.773581751343,0,0.000102125470388792
14-Aug-2023 19:00:00,0,0,0,0,0,25,131.773581751343,131.773581751343,0,0.000102116046176937
14-Aug-2023 20:00:00,0,0,0,0,0,25,131.773581751343,131.773581751343,0,0.000102106624573661
14-Aug-2023 21:00:00,0,0,0,0,0,25,131.773581751343,131.773581751343,0,0.000102097205577856
14-Aug-2023 22:00:00,0,0,0,0,0,25,131.773581751343,131.773581751343,0,0.000102087789187966
14-Aug-2023 23:00:00,0,0,0,0,0,25,131.773581751343,131.773581751343,0,0.000102078375403103
15-Aug-2023 00:00:00,0,0,0,0,0,25,131.773581751343,131.773581751343,0,0.000102068964221935
15-Aug-2023 01:00:00,0,0,0,0,0,25,131.773581751343,131.773581751343,0,0.000102059555643574
15-Aug-2023 02:00:00,0,0,0,0,0,25,131.773581751343,131.773581751343,0,0.000102050149666244
15-Aug-2023 03:00:00,0,0,0,0,0,25,131.773581751343,131.773581751343,0,0.000102040746288834
15-Aug-2023 04:00:00,0,0,0,0,0,25,131.773581751343,131.773581751343,0,0.0001020313455109
15-Aug-2023 05:00:00,0,0,0,0,0,25,131.773581751343,131.773581751343,0,0.000102021947330444
15-Aug-2023 06:00:00,0,0,0,0,0,25,131.773581751343,131.773581751343,0,0.000102012551746355
15-Aug-2023 07:00:00,-135.557425220707,0,332.115691790733,0,0.165974858466133,25,131.773581751343,131.773581751343,0,0.000102003158757968
15-Aug-2023 08:00:00,-165.434902943282,0,405.315512211042,0,0.202556477866587,25,131.773581751343,131.773581751343,0,0.000183099596637648
15-Aug-2023 09:00:00,-229.083431271132,0,561.254406614274,0,0.280486959827223,25,131.773581751343,131.773581751343,0,0.000248522272675578
15-Aug-2023 10:00:00,-190.045418787664,0,465.611276029776,0,0.232689293368204,25,131.773581751343,131.773581751343,0,0.000338624661072817
15-Aug-2023 11:00:00,276.056430244852,704.225587359315,0,0.351936825267024,0,25,131.773581751343,132.12551857661,0.000941174679937151,0.000407665400617763
15-Aug-2023 12:00:00,-287.435057694735,0,704.2158913521,0,0.351931979686207,25,132.12551857661,132.12551857661,0,0.000276062754202222
15-Aug-2023 13:00:00,0,0,0,0,0,25,132.12551857661,132.12551857661,0,0.000407590406980463
15-Aug-2023 14:00:00,0,0,0,0,0,25,132.12551857661,132.12551857661,0,0.000407552925680399
15-Aug-2023 15:00:00,0,0,0,0,0,25,132.12551857661,132.12551857661,0,0.00040751545471629
15-Aug-2023 16:00:00,0,0,0,0,0,25,132.12551857661,132.12551857661,0,0.00040747799408769
15-Aug-2023 17:00:00,376.069460661851,959.360869035335,0,0.479440714160587,0,25,132.12551857661,132.604959290771,0.00133090218994325,0.000407440543787274
15-Aug-2023 18:00:00,315.501983459123,804.851998620211,0,0.402224886866672,0,25,132.604959290771,133.007184177637,0.00109085410101478,0.000252468151399343
15-Aug-2023 19:00:00,0,0,0,0,0,25,133.007184177637,133.007184177637,0,0.000101890644897962
15-Aug-2023 20:00:00,0,0,0,0,0,25,133.007184177637,133.007184177637,0,0.000101881285540228
15-Aug-2023 21:00:00,0,0,0,0,0,25,133.007184177637,133.007184177637,0,0.000101871928761543
15-Aug-2023 22:00:00,0,0,0,0,0,25,133.007184177637,133.007184177637,0,0.00010186257456013
15-Aug-2023 23:00:00,0,0,0,0,0,25,133.007184177637,133.007184177637,0,0.000101853222935322
16-Aug-2023 00:00:00,0,0,0,0,0,25,133.007184177637,133.007184177637,0,0.000101843873885343
16-Aug-2023 01:00:00,0,0,0,0,0,25,133.007184177637,133.007184177637,0,0.000101834527409528
16-Aug-2023 02:00:00,0,0,0,0,0,25,133.007184177637,133.007184177637,0,0.000101825183506321
16-Aug-2023 03:00:00,0,0,0,0,0,25,133.007184177637,133.007184177637,0,0.000101815842175057
16-Aug-2023 04:00:00,0,0,0,0,0,25,133.007184177637,133.007184177637,0,0.000101806503413737
16-Aug-2023 05:00:00,0,0,0,0,0,25,133.007184177637,133.007184177637,0,0.000101797167221918
16-Aug-2023 06:00:00,0,0,0,0,0,25,133.007184177637,133.007184177637,0,0.000101787833598044
16-Aug-2023 07:00:00,0,0,0,0,0,25,133.007184177637,133.007184177637,0,0.000101778502541228
16-Aug-2023 08:00:00,0,0,0,0,0,25,133.007184177637,133.007184177637,0,0.000101769174050137
16-Aug-2023 09:00:00,0,0,0,0,0,25,133.007184177637,133.007184177637,0,0.000101759848123439
16-Aug-2023 10:00:00,0,0,0,0,0,25,133.007184177637,133.007184177637,0,0.000101750524760025
16-Aug-2023 11:00:00,-327.003474068281,0,801.158511467289,0,0.400379066200544,25,133.007184177637,133.007184177637,0,0.000101741203959005
16-Aug-2023 12:00:00,-101.15973081352,0,247.841340493124,0,0.123858740876124,25,133.007184177637,133.007184177637,0,0.000251834665714101
16-Aug-2023 13:00:00,103.467305887577,263.947208896881,0,0.131907650623129,0,25,133.007184177637,133.139091828261,0.000330144318857029,0.000273695639074978
16-Aug-2023 14:00:00,185.117423618942,472.238325558525,0,0.236001162198163,0,25,133.139091828261,133.375092990459,0.000609048539670365,0.000250831469948531
16-Aug-2023 15:00:00,122.618855798543,312.803203567712,0,0.156323440063824,0,25,133.375092990459,133.531416430523,0.000393946822196622,0.000177247579386419
16-Aug-2023 16:00:00,-69.6571722569503,0,170.660072029528,0,0.0852873923186049,25,133.531416430523,133.531416430523,0,0.000101694638344973
16-Aug-2023 17:00:00,-71.9962085431793,0,176.390710930789,0,0.0881512798254819,25,133.531416430523,133.531416430523,0,0.000138715392715483
16-Aug-2023 18:00:00,59.9426197429863,152.914846283128,0,0.0764192135347968,0,25,133.531416430523,133.607835644057,0.000188059665017448,0.000186602122807855
16-Aug-2023 19:00:00,76.1007340050518,194.134525523091,0,0.0970187533848533,0,25,133.607835644057,133.704854397442,0.000240193607064398,0.000144627009956544
16-Aug-2023 20:00:00,0,0,0,0,0,25,133.704854397442,133.704854397442,0,0.000101657431853752
16-Aug-2023 21:00:00,0,0,0,0,0,25,133.704854397442,133.704854397442,0,0.000101648136610066
16-Aug-2023 22:00:00,0,0,0,0,0,25,133.704854397442,133.704854397442,0,0.000101638843916119
16-Aug-2023 23:00:00,0,0,0,0,0,25,133.704854397442,133.704854397442,0,0.000101629553769467
17-Aug-2023 00:00:00,0,0,0,0,0,25,133.704854397442,133.704854397442,0,0.000101620266170332
17-Aug-2023 01:00:00,0,0,0,0,0,25,133.704854397442,133.704854397442,0,0.000101610981117162
17-Aug-2023 02:00:00,0,0,0,0,0,25,133.704854397442,133.704854397442,0,0.0001016016986084
17-Aug-2023 03:00:00,0,0,0,0,0,25,133.704854397442,133.704854397442,0,0.000101592418642937
17-Aug-2023 04:00:00,0,0,0,0,0,25,133.704854397442,133.704854397442,0,0.000101583141220329
17-Aug-2023 05:00:00,0,0,0,0,0,25,133.704854397442,133.704854397442,0,0.000101573866338356
17-Aug-2023 06:00:00,0,0,0,0,0,25,133.704854397442,133.704854397442,0,0.000101564593996795
17-Aug-2023 07:00:00,0,0,0,0,0,25,133.704854397442,133.704854397442,0,0.000101555324194091
17-Aug-2023 08:00:00,0,0,0,0,0,25,133.704854397442,133.704854397442,0,0.000101546056928692
17-Aug-2023 09:00:00,0,0,0,0,0,25,133.704854397442,133.704854397442,0,0.000101536792200152
17-Aug-2023 10:00:00,0,0,0,0,0,25,133.704854397442,133.704854397442,0,0.000101527530007139
17-Aug-2023 11:00:00,0,0,0,0,0,25,133.704854397442,133.704854397442,0,0.000101518270348322
17-Aug-2023 12:00:00,-250.736746399259,0,614.305028678186,0,0.306999014831677,25,133.704854397442,133.704854397442,0,0.000101509013222145
17-Aug-2023 13:00:00,-177.371648325628,0,434.560538397789,0,0.217171683357216,25,133.704854397442,133.704854397442,0,0.000237092640028136
17-Aug-2023 14:00:00,-121.312146395411,0,297.214758668756,0,0.148533112777989,25,133.704854397442,133.704854397442,0,0.000273058942195981
17-Aug-2023 15:00:00,-33.9900895308774,0,83.2757193506497,0,0.04161705114975,25,133.704854397442,133.704854397442,0,0.000351431176640382
17-Aug-2023 16:00:00,-70.7570848950037,0,173.354857992759,0,0.0866341119404093,25,133.704854397442,133.704854397442,0,0.000372743436068301
17-Aug-2023 17:00:00,282.188517236225,719.868666418942,0,0.35975445598148,0,25,133.704854397442,134.064608853424,0.000962468019363838,0.000397155960875528
17-Aug-2023 18:00:00,280.342135607517,715.158509202848,0,0.357400554324262,0,25,134.064608853424,134.422009407748,0.000955172245864833,0.000256153967083561
17-Aug-2023 19:00:00,65.7192882527497,167.651245542729,0,0.0837837309059115,0,25,134.422009407748,134.505793138654,0.000206452572961258,0.000137648618024233
17-Aug-2023 20:00:00,0,0,0,0,0,25,134.505793138654,134.505793138654,0,0.000101435047267673
17-Aug-2023 21:00:00,0,0,0,0,0,25,134.505793138654,134.505793138654,0,0.000101425812887301
17-Aug-2023 22:00:00,0,0,0,0,0,25,134.505793138654,134.505793138654,0,0.000101416581029135
17-Aug-2023 23:00:00,0,0,0,0,0,25,134.505793138654,134.505793138654,0,0.000101407351690952
18-Aug-2023 00:00:00,0,0,0,0,0,25,134.505793138654,134.505793138654,0,0.000101398124871865
18-Aug-2023 01:00:00,0,0,0,0,0,25,134.505793138654,134.505793138654,0,0.000101388900571431
18-Aug-2023 02:00:00,0,0,0,0,0,25,134.505793138654,134.505793138654,0,0.00010137967878765
18-Aug-2023 03:00:00,0,0,0,0,0,25,134.505793138654,134.505793138654,0,0.000101370459519634
18-Aug-2023 04:00:00,0,0,0,0,0,25,134.505793138654,134.505793138654,0,0.000101361242766496
18-Aug-2023 05:00:00,0,0,0,0,0,25,134.505793138654,134.505793138654,0,0.000101352028526902
18-Aug-2023 06:00:00,0,0,0,0,0,25,134.505793138654,134.505793138654,0,0.000101342816799521
18-Aug-2023 07:00:00,0,0,0,0,0,25,134.505793138654,134.505793138654,0,0.000101333607583687
18-Aug-2023 08:00:00,-117.48297117561,0,287.833279380245,0,0.143844717331457,25,134.505793138654,134.505793138654,0,0.000101324400877623
18-Aug-2023 09:00:00,-248.498849711287,0,608.822181792652,0,0.304258961415618,25,134.505793138654,134.505793138654,0,0.000169615279360436
18-Aug-2023 10:00:00,-321.779140617652,0,788.358894513248,0,0.39398245602861,25,134.505793138654,134.505793138654,0,0.000256729114720411
18-Aug-2023 11:00:00,-32.2187609005906,0,78.9359642064469,0,0.0394482579742363,25,134.505793138654,134.505793138654,0,0.000401658534296301
18-Aug-2023 12:00:00,0,0,0,0,0,25,134.505793138654,134.505793138654,0,0.000404954656487932
18-Aug-2023 13:00:00,0,0,0,0,0,25,134.505793138654,134.505793138654,0,0.000404917897566026
18-Aug-2023 14:00:00,0,0,0,0,0,25,134.505793138654,134.505793138654,0,0.000404881148653669
18-Aug-2023 15:00:00,68.4488530287756,174.614420991775,0,0.087263578706534,0,25,134.505793138654,134.59305671736,0.000215230440942127,0.000404844409743532
18-Aug-2023 16:00:00,-54.3840848113414,0,133.241007787786,0,0.0665872102887489,25,134.59305671736,134.59305671736,0,0.000395224580772124
18-Aug-2023 17:00:00,-16.8865880891214,0,41.3721408183474,0,0.0206757325429022,25,134.59305671736,134.59305671736,0,0.000403135727301995
18-Aug-2023 18:00:00,27.4747617480036,70.0886779285807,0,0.0350268255515146,0,25,134.59305671736,134.628083542912,8.50609191179741e-05,0.000404734252993366
18-Aug-2023 19:00:00,316.207050534575,806.650639118815,0,0.403123757680567,0,25,134.628083542912,135.031207300593,0.00109141500437926,0.000401792054529393
18-Aug-2023 20:00:00,222.509653754861,567.626667741992,0,0.283671498121935,0,25,135.031207300593,135.314878798714,0.000741084355025012,0.00025584434372905
18-Aug-2023 21:00:00,125.243281196476,319.498166317542,0,0.159669248534504,0,25,135.314878798714,135.474548047249,0.000402014257800121,0.000178243155814162
18-Aug-2023 22:00:00,0,0,0,0,0,25,135.474548047249,135.474548047249,0,0.00010119576992107
18-Aug-2023 23:00:00,0,0,0,0,0,25,135.474548047249,135.474548047249,0,0.000101186600730552
19-Aug-2023 00:00:00,0,0,0,0,0,25,135.474548047249,135.474548047249,0,0.00010117743403204
19-Aug-2023 01:00:00,0,0,0,0,0,25,135.474548047249,135.474548047249,0,0.000101168269824425
19-Aug-2023 02:00:00,0,0,0,0,0,25,135.474548047249,135.474548047249,0,0.000101159108106597
19-Aug-2023 03:00:00,0,0,0,0,0,25,135.474548047249,135.474548047249,0,0.000101149948877222
19-Aug-2023 04:00:00,0,0,0,0,0,25,135.474548047249,135.474548047249,0,0.00010114079213519
19-Aug-2023 05:00:00,0,0,0,0,0,25,135.474548047249,135.474548047249,0,0.000101131637879615
19-Aug-2023 06:00:00,0,0,0,0,0,25,135.474548047249,135.474548047249,0,0.000101122486109384
19-Aug-2023 07:00:00,-107.554053551655,0,263.507431201555,0,0.131687871664945,25,135.474548047249,135.474548047249,0,0.000101113336822944
19-Aug-2023 08:00:00,-182.857072754142,0,447.999828247648,0,0.223887970138755,25,135.474548047249,135.474548047249,0,0.000162491974589285
19-Aug-2023 09:00:00,-241.266906308946,0,591.103920456918,0,0.295404258099409,25,135.474548047249,135.474548047249,0,0.000244606855164919
19-Aug-2023 10:00:00,-188.242147100992,0,461.193260397431,0,0.230481389503963,25,135.474548047249,135.474548047249,0,0.000337007571066694
19-Aug-2023 11:00:00,0,0,0,0,0,25,135.474548047249,135.474548047249,0,0.000404111725384126
19-Aug-2023 12:00:00,0,0,0,0,0,25,135.474548047249,135.474548047249,0,0.00040407519550989
19-Aug-2023 13:00:00,0,0,0,0,0,25,135.474548047249,135.474548047249,0,0.000404038675541285
19-Aug-2023 14:00:00,0,0,0,0,0,25,135.474548047249,135.474548047249,0,0.000404002165471429
19-Aug-2023 15:00:00,0,0,0,0,0,25,135.474548047249,135.474548047249,0,0.000403965665298767
19-Aug-2023 16:00:00,0,0,0,0,0,25,135.474548047249,135.474548047249,0,0.000403929175017081
19-Aug-2023 17:00:00,0,0,0,0,0,25,135.474548047249,135.474548047249,0,0.000403892694621044
19-Aug-2023 18:00:00,169.665993994557,432.821413251421,0,0.216302555348037,0,25,135.474548047249,135.690850602597,0.000553707571742112,0.000403856224107768
19-Aug-2023 19:00:00,318.979438212603,813.723056664803,0,0.406658199232785,0,25,135.690850602597,136.09750880183,0.00110099738241176,0.000345387653932328
19-Aug-2023 20:00:00,202.733624937295,517.177614635956,0,0.258459577529213,0,25,136.09750880183,136.355968379359,0.000669517131788644,0.000222904303484484
19-Aug-2023 21:00:00,0,0,0,0,0,25,136.355968379359,136.355968379359,0,0.000100985507015539
19-Aug-2023 22:00:00,0,0,0,0,0,25,136.355968379359,136.355968379359,0,0.000100976394856289
19-Aug-2023 23:00:00,0,0,0,0,0,25,136.355968379359,136.355968379359,0,0.000100967285162845
20-Aug-2023 00:00:00,0,0,0,0,0,25,136.355968379359,136.355968379359,0,0.00010095817793454
20-Aug-2023 01:00:00,0,0,0,0,0,25,136.355968379359,136.355968379359,0,0.000100949073170264
20-Aug-2023 02:00:00,0,0,0,0,0,25,136.355968379359,136.355968379359,0,0.000100939970868907
20-Aug-2023 03:00:00,0,0,0,0,0,25,136.355968379359,136.355968379359,0,0.000100930871029137
20-Aug-2023 04:00:00,0,0,0,0,0,25,136.355968379359,136.355968379359,0,0.000100921773650064
20-Aug-2023 05:00:00,0,0,0,0,0,25,136.355968379359,136.355968379359,0,0.000100912678730802
20-Aug-2023 06:00:00,0,0,0,0,0,25,136.355968379359,136.355968379359,0,0.000100903586269574
20-Aug-2023 07:00:00,0,0,0,0,0,25,136.355968379359,136.355968379359,0,0.000100894496265935
20-Aug-2023 08:00:00,0,0,0,0,0,25,136.355968379359,136.355968379359,0,0.00010088540871811
20-Aug-2023 09:00:00,-203.482139007185,0,498.531240567604,0,0.249141049758923,25,136.355968379359,136.355968379359,0,0.000100876323625876
20-Aug-2023 10:00:00,-149.18315054795,0,365.498718842476,0,0.182658030406035,25,136.355968379359,136.355968379359,0,0.000219445287068298
20-Aug-2023 11:00:00,-324.383428858671,0,794.739400703744,0,0.397171114794475,25,136.355968379359,136.355968379359,0,0.000253448677829837
20-Aug-2023 12:00:00,-42.8116766211197,0,104.888607721743,0,0.0524180948134649,25,136.355968379359,136.355968379359,0,0.000398522860028283
20-Aug-2023 13:00:00,0,0,0,0,0,25,136.355968379359,136.355968379359,0,0.000403165156074525
20-Aug-2023 14:00:00,0,0,0,0,0,25,136.355968379359,136.355968379359,0,0.00040312888227434
20-Aug-2023 15:00:00,101.269647422125,258.34093730134,0,0.129105915692823,0,25,136.355968379359,136.485074295052,0.000321813421394923,0.00040309261826188
20-Aug-2023 16:00:00,162.813672816678,415.341002083361,0,0.207566717682839,0,25,136.485074295052,136.692641012735,0.000529456347177104,0.000384022445707455
20-Aug-2023 17:00:00,-77.3448470867668,0,189.494875362579,0,0.0947000876374706,25,136.692641012735,136.692641012735,0,0.000278233567083674
20-Aug-2023 18:00:00,72.6511495036447,185.334565060318,0,0.0926209720441369,0,25,136.692641012735,136.785261984779,0.000228319243644692,0.00032884061885019
20-Aug-2023 19:00:00,312.798388326879,797.955072262446,0,0.398778147057694,0,25,136.785261984779,137.184040131836,0.00107601677805341,0.000278975865360298
20-Aug-2023 20:00:00,116.078083496332,296.117559939622,0,0.147984787576023,0,25,137.184040131836,137.332024919413,0.000370641067782118,0.000171034797478375
20-Aug-2023 21:00:00,0,0,0,0,0,25,137.332024919413,137.332024919413,0,0.000100767493611986
20-Aug-2023 22:00:00,0,0,0,0,0,25,137.332024919413,137.332024919413,0,0.000100758440335857
20-Aug-2023 23:00:00,0,0,0,0,0,25,137.332024919413,137.332024919413,0,0.000100749389498889
21-Aug-2023 00:00:00,0,0,0,0,0,25,137.332024919413,137.332024919413,0,0.000100740341100858
21-Aug-2023 01:00:00,0,0,0,0,0,25,137.332024919413,137.332024919413,0,0.000100731295139767
21-Aug-2023 02:00:00,0,0,0,0,0,25,137.332024919413,137.332024919413,0,0.000100722251615615
21-Aug-2023 03:00:00,0,0,0,0,0,25,137.332024919413,137.332024919413,0,0.000100713210526404
21-Aug-2023 04:00:00,0,0,0,0,0,25,137.332024919413,137.332024919413,0,0.000100704171871691
21-Aug-2023 05:00:00,0,0,0,0,0,25,137.332024919413,137.332024919413,0,0.00010069513564992
21-Aug-2023 06:00:00,0,0,0,0,0,25,137.332024919413,137.332024919413,0,0.000100686101860425
21-Aug-2023 07:00:00,0,0,0,0,0,25,137.332024919413,137.332024919413,0,0.000100677070501654
21-Aug-2023 08:00:00,-79.2882114884599,0,194.256118146727,0,0.0970795193137066,25,137.332024919413,137.332024919413,0,0.000100668041572938
21-Aug-2023 09:00:00,76.1483200320554,194.255918449121,0,0.0970794195148031,0,25,137.332024919413,137.429104338927,0.000239480635094436,0.00014324026132817
21-Aug-2023 10:00:00,-232.646001688059,0,569.982704135745,0,0.28484892760407,25,137.429104338927,137.429104338927,0,0.000100649991000346
21-Aug-2023 11:00:00,-205.253313140054,0,502.870617193131,0,0.251309653769681,25,137.429104338927,137.429104338927,0,0.000229877031809655
21-Aug-2023 12:00:00,25.8531735091272,65.9519732375693,0,0.032959506865352,0,25,137.429104338927,137.462063845793,7.97727047058272e-05,0.00027468798332575
21-Aug-2023 13:00:00,171.882204208238,438.475010735301,0,0.219127941396952,0,25,137.462063845793,137.68119178719,0.000560339963872669,0.00026507714913615
21-Aug-2023 14:00:00,-281.296579445629,0,689.176619641792,0,0.344416101770011,25,137.68119178719,137.68119178719,0,0.000229611432959409
21-Aug-2023 15:00:00,-206.490758494361,0,505.902358311183,0,0.252824766772206,25,137.68119178719,137.68119178719,0,0.000321412420068778
21-Aug-2023 16:00:00,0,0,0,0,0,25,137.68119178719,137.68119178719,0,0.000402189186627933
21-Aug-2023 17:00:00,0,0,0,0,0,25,137.68119178719,137.68119178719,0,0.000402153175597331
21-Aug-2023 18:00:00,112.962590567001,288.16987389541,0,0.144012930482464,0,25,137.68119178719,137.825204717672,0.000360099387228696,0.000402117174239436
21-Aug-2023 19:00:00,293.261948423704,748.117215366592,0,0.373871671847372,0,25,137.825204717672,138.199076389519,0.00100042032028869,0.000378390808248419
21-Aug-2023 20:00:00,237.910398671091,606.914282324211,0,0.303305488417896,0,25,138.199076389519,138.502381877937,0.000794568261823725,0.000244397633933691
21-Aug-2023 21:00:00,47.1365033612405,120.246182043981,0,0.0600930444997405,0,25,138.502381877937,138.562474922437,0.000146465795608841,0.00012544493095179
21-Aug-2023 22:00:00,0,0,0,0,0,25,138.562474922437,138.562474922437,0,0.000100541891094652
21-Aug-2023 23:00:00,0,0,0,0,0,25,138.562474922437,138.562474922437,0,0.000100532898483552
22-Aug-2023 00:00:00,0,0,0,0,0,25,138.562474922437,138.562474922437,0,0.000100523908284522
22-Aug-2023 01:00:00,0,0,0,0,0,25,138.562474922437,138.562474922437,0,0.000100514920497119
22-Aug-2023 02:00:00,0,0,0,0,0,25,138.562474922437,138.562474922437,0,0.000100505935119788
22-Aug-2023 03:00:00,0,0,0,0,0,25,138.562474922437,138.562474922437,0,0.000100496952152085
22-Aug-2023 04:00:00,0,0,0,0,0,25,138.562474922437,138.562474922437,0,0.000100487971592234
22-Aug-2023 05:00:00,0,0,0,0,0,25,138.562474922437,138.562474922437,0,0.000100478993440012
22-Aug-2023 06:00:00,0,0,0,0,0,25,138.562474922437,138.562474922437,0,0.000100470017693643
22-Aug-2023 07:00:00,0,0,0,0,0,25,138.562474922437,138.562474922437,0,0.000100461044351796
22-Aug-2023 08:00:00,0,0,0,0,0,25,138.562474922437,138.562474922437,0,0.00010045207341447
22-Aug-2023 09:00:00,0,0,0,0,0,25,138.562474922437,138.562474922437,0,0.000100443104879444
22-Aug-2023 10:00:00,0,0,0,0,0,25,138.562474922437,138.562474922437,0,0.000100434138746275
22-Aug-2023 11:00:00,0,0,0,0,0,25,138.562474922437,138.562474922437,0,0.000100425175014074
22-Aug-2023 12:00:00,0,0,0,0,0,25,138.562474922437,138.562474922437,0,0.000100416213681287
22-Aug-2023 13:00:00,0,0,0,0,0,25,138.562474922437,138.562474922437,0,0.000100407254747026
22-Aug-2023 14:00:00,0,0,0,0,0,25,138.562474922437,138.562474922437,0,0.00010039829821018
22-Aug-2023 15:00:00,0,0,0,0,0,25,138.562474922437,138.562474922437,0,0.000100389344069862
22-Aug-2023 16:00:00,0,0,0,0,0,25,138.562474922437,138.562474922437,0,0.000100380392324961
22-Aug-2023 17:00:00,0,0,0,0,0,25,138.562474922437,138.562474922437,0,0.000100371442974145
22-Aug-2023 18:00:00,0,0,0,0,0,25,138.562474922437,138.562474922437,0,0.000100362496016526
22-Aug-2023 19:00:00,0,0,0,0,0,25,138.562474922437,138.562474922437,0,0.000100353551450993
22-Aug-2023 20:00:00,0,0,0,0,0,25,138.562474922437,138.562474922437,0,0.000100344609276659
22-Aug-2023 21:00:00,0,0,0,0,0,25,138.562474922437,138.562474922437,0,0.000100335669492413
22-Aug-2023 22:00:00,0,0,0,0,0,25,138.562474922437,138.562474922437,0,0.000100326732096701
22-Aug-2023 23:00:00,0,0,0,0,0,25,138.562474922437,138.562474922437,0,0.0001003177970893
23-Aug-2023 00:00:00,0,0,0,0,0,25,138.562474922437,138.562474922437,0,0.000100308864468435
23-Aug-2023 01:00:00,0,0,0,0,0,25,138.562474922437,138.562474922437,0,0.000100299934233439
23-Aug-2023 02:00:00,0,0,0,0,0,25,138.562474922437,138.562474922437,0,0.00010029100638298
23-Aug-2023 03:00:00,0,0,0,0,0,25,138.562474922437,138.562474922437,0,0.000100282080916392
23-Aug-2023 04:00:00,0,0,0,0,0,25,138.562474922437,138.562474922437,0,0.000100273157832342
23-Aug-2023 05:00:00,0,0,0,0,0,25,138.562474922437,138.562474922437,0,0.000100264237129499
23-Aug-2023 06:00:00,0,0,0,0,0,25,138.562474922437,138.562474922437,0,0.000100255318807418
23-Aug-2023 07:00:00,-122.999968613559,0,301.349923103218,0,0.150599661720749,25,138.562474922437,138.562474922437,0,0.000100246402864324
23-Aug-2023 08:00:00,-182.100434799647,0,446.146065259135,0,0.222961551853641,25,138.562474922437,138.562474922437,0,0.000171575084345177
23-Aug-2023 09:00:00,-278.200233338949,0,681.590571680425,0,0.340624973353536,25,138.562474922437,138.562474922437,0,0.000244912027513644
23-Aug-2023 10:00:00,-136.431856149645,0,334.258047566631,0,0.167045501032799,25,138.562474922437,138.562474922437,0,0.000368207734915194
23-Aug-2023 11:00:00,0,0,0,0,0,25,138.562474922437,138.562474922437,0,0.000400649392425123
23-Aug-2023 12:00:00,0,0,0,0,0,25,138.562474922437,138.562474922437,0,0.000400613793385185
23-Aug-2023 13:00:00,0,0,0,0,0,25,138.562474922437,138.562474922437,0,0.000400578203832991
23-Aug-2023 14:00:00,0,0,0,0,0,25,138.562474922437,138.562474922437,0,0.000400542623763656
23-Aug-2023 15:00:00,0,0,0,0,0,25,138.562474922437,138.562474922437,0,0.000400507053174515
23-Aug-2023 16:00:00,0,0,0,0,0,25,138.562474922437,138.562474922437,0,0.000400471492059351
23-Aug-2023 17:00:00,0,0,0,0,0,25,138.562474922437,138.562474922437,0,0.000400435940415278
23-Aug-2023 18:00:00,100.886567511121,257.363692630411,0,0.128617537546432,0,25,138.562474922437,138.691092459984,0.000319875356586896,0.000400400398237633
23-Aug-2023 19:00:00,291.01730134486,742.391074859336,0,0.371010032413461,0,25,138.691092459984,139.062102492397,0.000991107512774481,0.000381590954761313
23-Aug-2023 20:00:00,222.576705856988,567.797719022929,0,0.283756981020954,0,25,139.062102492397,139.345859473418,0.000738469738149783,0.000245665282429863
23-Aug-2023 21:00:00,76.7167730698875,195.706053749713,0,0.0978041248124503,0,25,139.345859473418,139.44366359823,0.000240858740965078,0.000142853798039466
23-Aug-2023 22:00:00,0,0,0,0,0,25,139.44366359823,139.44366359823,0,0.000100112948529629
23-Aug-2023 23:00:00,0,0,0,0,0,25,139.44366359823,139.44366359823,0,0.000100104070513529
24-Aug-2023 00:00:00,0,0,0,0,0,25,139.44366359823,139.44366359823,0,0.000100095194858874
24-Aug-2023 01:00:00,0,0,0,0,0,25,139.44366359823,139.44366359823,0,0.000100086321564774
24-Aug-2023 02:00:00,0,0,0,0,0,25,139.44366359823,139.44366359823,0,0.000100077450630121
24-Aug-2023 03:00:00,0,0,0,0,0,25,139.44366359823,139.44366359823,0,0.000100068582053581
24-Aug-2023 04:00:00,0,0,0,0,0,25,139.44366359823,139.44366359823,0,0.000100059715834266
24-Aug-2023 05:00:00,0,0,0,0,0,25,139.44366359823,139.44366359823,0,0.000100050851971512
24-Aug-2023 06:00:00,0,0,0,0,0,25,139.44366359823,139.44366359823,0,0.00010004199046354
24-Aug-2023 07:00:00,-86.9648750642868,0,213.063943907503,0,0.106478732587458,25,139.44366359823,139.44366359823,0,0.000100033131310129
24-Aug-2023 08:00:00,-191.596866635178,0,469.412323256187,0,0.234588867194496,25,139.44366359823,139.44366359823,0,0.000147200310899542
24-Aug-2023 09:00:00,106.7367231872,272.287559151021,0,0.136075741704658,0,25,139.44366359823,139.579739339935,0.000338890191541263,0.000239862932308599
24-Aug-2023 10:00:00,-27.6188752437204,0,67.666244347115,0,0.0338162140665242,25,139.579739339935,139.579739339935,0,0.000199441878688367
24-Aug-2023 11:00:00,-329.040646389784,0,806.149583654971,0,0.40287335514991,25,139.579739339935,139.579739339935,0,0.000213803490213049
24-Aug-2023 12:00:00,-195.585443264976,0,479.184335999191,0,0.239472431783703,25,139.579739339935,139.579739339935,0,0.000327730550414573
24-Aug-2023 13:00:00,0,0,0,0,0,25,139.579739339935,139.579739339935,0,0.000399726889939389
24-Aug-2023 14:00:00,0,0,0,0,0,25,139.579739339935,139.579739339935,0,0.000399691536214553
24-Aug-2023 15:00:00,0,0,0,0,0,25,139.579739339935,139.579739339935,0,0.00039965619186888
24-Aug-2023 16:00:00,0,0,0,0,0,25,139.579739339935,139.579739339935,0,0.000399620856896821
24-Aug-2023 17:00:00,84.8435284033738,216.437572457586,0,0.108164703876855,0,25,139.579739339935,139.687904043812,0.000267131286174782,0.00039958553129571
24-Aug-2023 18:00:00,268.327763472869,684.509600696095,0,0.342083758468813,0,25,139.687904043812,140.029987802281,0.000905206520622703,0.000385992691875447
24-Aug-2023 19:00:00,311.374436281892,794.322541535439,0,0.396962789373033,0,25,140.029987802281,140.426950591654,0.00106726199667406,0.000251010199410873
24-Aug-2023 20:00:00,26.5988466881066,67.8542007349657,0,0.0339101452948354,0,25,140.426950591654,140.460860736949,8.18640604091092e-05,0.000113649996151599
24-Aug-2023 21:00:00,0,0,0,0,0,25,140.460860736949,140.460860736949,0,9.99093497671133e-05
24-Aug-2023 22:00:00,0,0,0,0,0,25,140.460860736949,140.460860736949,0,9.9900525801333e-05
24-Aug-2023 23:00:00,0,0,0,0,0,25,140.460860736949,140.460860736949,0,9.98917041732383e-05
25-Aug-2023 00:00:00,0,0,0,0,0,25,140.460860736949,140.460860736949,0,9.98828848819411e-05
25-Aug-2023 01:00:00,0,0,0,0,0,25,140.460860736949,140.460860736949,0,9.9874067926109e-05
25-Aug-2023 02:00:00,0,0,0,0,0,25,140.460860736949,140.460860736949,0,9.98652533044098e-05
25-Aug-2023 03:00:00,0,0,0,0,0,25,140.460860736949,140.460860736949,0,9.98564410163993e-05
25-Aug-2023 04:00:00,0,0,0,0,0,25,140.460860736949,140.460860736949,0,9.98476310609675e-05
25-Aug-2023 05:00:00,0,0,0,0,0,25,140.460860736949,140.460860736949,0,9.9838823436782e-05
25-Aug-2023 06:00:00,0,0,0,0,0,25,140.460860736949,140.460860736949,0,9.98300181427325e-05
25-Aug-2023 07:00:00,-58.7182194691388,0,143.85963769939,0,0.0718938719137382,25,140.460860736949,140.460860736949,0,9.98212151783751e-05
25-Aug-2023 08:00:00,-159.259345043319,0,390.185395356131,0,0.194995200078026,25,140.460860736949,140.460860736949,0,0.000129839745431237
25-Aug-2023 09:00:00,-238.447520447562,0,584.196425096526,0,0.291952236430048,25,140.460860736949,140.460860736949,0,0.00022295086441626
25-Aug-2023 10:00:00,-201.207579129769,0,492.958568867935,0,0.246356106380777,25,140.460860736949,140.460860736949,0,0.000281182421798309
25-Aug-2023 11:00:00,45.0761452281447,114.990166398328,0,0.0574663500241521,0,25,140.460860736949,140.518327086973,0.00013969677113701,0.00039130663845155
25-Aug-2023 12:00:00,124.741866928211,318.219048286252,0,0.159030009138557,0,25,140.518327086973,140.677357096111,0.000398348279088578,0.000378814292640639
25-Aug-2023 13:00:00,65.2106280495594,166.35364298357,0,0.0831352538648525,0,25,140.677357096111,140.760492349976,0.000203593347606223,0.000295526775054622
25-Aug-2023 14:00:00,371.877176569916,948.66626675999,0,0.474096085337327,0,25,140.760492349976,141.234588435313,0.00130314007815918,0.000263407859351306
25-Aug-2023 15:00:00,24.6721827760618,62.9392417756677,0,0.0314538939408634,0,25,141.234588435313,141.266042329254,7.58220618831684e-05,0.000112468411077371
25-Aug-2023 16:00:00,0,0,0,0,0,25,141.266042329254,141.266042329254,0,9.97420931492243e-05
25-Aug-2023 17:00:00,0,0,0,0,0,25,141.266042329254,141.266042329254,0,9.97333134216127e-05
25-Aug-2023 18:00:00,0,0,0,0,0,25,141.266042329254,141.266042329254,0,9.97245360123689e-05
25-Aug-2023 19:00:00,0,0,0,0,0,25,141.266042329254,141.266042329254,0,9.97157609199384e-05
25-Aug-2023 20:00:00,0,0,0,0,0,25,141.266042329254,141.266042329254,0,9.97069881436552e-05
25-Aug-2023 21:00:00,0,0,0,0,0,25,141.266042329254,141.266042329254,0,9.96982176824091e-05
25-Aug-2023 22:00:00,0,0,0,0,0,25,141.266042329254,141.266042329254,0,9.96894495353118e-05
25-Aug-2023 23:00:00,0,0,0,0,0,25,141.266042329254,141.266042329254,0,9.96806837008091e-05
26-Aug-2023 00:00:00,0,0,0,0,0,25,141.266042329254,141.266042329254,0,9.96719201789009e-05
26-Aug-2023 01:00:00,0,0,0,0,0,25,141.266042329254,141.266042329254,0,9.96631589671448e-05
26-Aug-2023 02:00:00,0,0,0,0,0,25,141.266042329254,141.266042329254,0,9.96544000659849e-05
26-Aug-2023 03:00:00,0,0,0,0,0,25,141.266042329254,141.266042329254,0,9.96456434736448e-05
26-Aug-2023 04:00:00,0,0,0,0,0,25,141.266042329254,141.266042329254,0,9.96368891890143e-05
26-Aug-2023 05:00:00,0,0,0,0,0,25,141.266042329254,141.266042329254,0,9.96281372112051e-05
26-Aug-2023 06:00:00,0,0,0,0,0,25,141.266042329254,141.266042329254,0,9.96193875393292e-05
26-Aug-2023 07:00:00,0,0,0,0,0,25,141.266042329254,141.266042329254,0,9.96106401724983e-05
26-Aug-2023 08:00:00,0,0,0,0,0,25,141.266042329254,141.266042329254,0,9.96018951093802e-05
26-Aug-2023 09:00:00,0,0,0,0,0,25,141.266042329254,141.266042329254,0,9.95931523493088e-05
26-Aug-2023 10:00:00,0,0,0,0,0,25,141.266042329254,141.266042329254,0,9.95844118909517e-05
26-Aug-2023 11:00:00,-183.40803268386,0,449.349680075458,0,0.22456255875835,25,141.266042329254,141.266042329254,0,9.95756737334208e-05
26-Aug-2023 12:00:00,-163.100025756704,0,399.595063103925,0,0.199697682710607,25,141.266042329254,141.266042329254,0,0.000207235429845687
26-Aug-2023 13:00:00,169.211154088515,431.661107368662,0,0.215722692338162,0,25,141.266042329254,141.481765021593,0.000549105775540515,0.000249281422731951
26-Aug-2023 14:00:00,22.4819499109568,57.3519130381551,0,0.0286616257062244,0,25,141.481765021593,141.510426647299,6.90184562740503e-05,0.000200183911825302
26-Aug-2023 15:00:00,87.2275685589694,222.519307548391,0,0.111204051748322,0,25,141.510426647299,141.621630699047,0.000274390572951311,0.000186112283140139
26-Aug-2023 16:00:00,53.8628076471429,137.405121548834,0,0.0686682266610865,0,25,141.621630699047,141.690298925708,0.000167302075890219,0.000128004549575955
26-Aug-2023 17:00:00,0,0,0,0,0,25,141.690298925708,141.690298925708,0,9.95232930489642e-05
26-Aug-2023 18:00:00,0,0,0,0,0,25,141.690298925708,141.690298925708,0,9.95145709690171e-05
26-Aug-2023 19:00:00,0,0,0,0,0,25,141.690298925708,141.690298925708,0,9.95058511816804e-05
26-Aug-2023 20:00:00,0,0,0,0,0,25,141.690298925708,141.690298925708,0,9.94971336862882e-05
26-Aug-2023 21:00:00,0,0,0,0,0,25,141.690298925708,141.690298925708,0,9.94884184815081e-05
26-Aug-2023 22:00:00,0,0,0,0,0,25,141.690298925708,141.690298925708,0,9.94797055666741e-05
26-Aug-2023 23:00:00,0,0,0,0,0,25,141.690298925708,141.690298925708,0,9.94709949406758e-05
27-Aug-2023 00:00:00,0,0,0,0,0,25,141.690298925708,141.690298925708,0,9.9462286602181e-05
27-Aug-2023 01:00:00,0,0,0,0,0,25,141.690298925708,141.690298925708,0,9.94535805503016e-05
27-Aug-2023 02:00:00,0,0,0,0,0,25,141.690298925708,141.690298925708,0,9.94448767845935e-05
27-Aug-2023 03:00:00,0,0,0,0,0,25,141.690298925708,141.690298925708,0,9.94361753035022e-05
27-Aug-2023 04:00:00,0,0,0,0,0,25,141.690298925708,141.690298925708,0,9.94274761061398e-05
27-Aug-2023 05:00:00,0,0,0,0,0,25,141.690298925708,141.690298925708,0,9.94187791913959e-05
27-Aug-2023 06:00:00,0,0,0,0,0,25,141.690298925708,141.690298925708,0,9.94100845583823e-05
27-Aug-2023 07:00:00,0,0,0,0,0,25,141.690298925708,141.690298925708,0,9.9401392206433e-05
27-Aug-2023 08:00:00,0,0,0,0,0,25,141.690298925708,141.690298925708,0,9.93927021339935e-05
27-Aug-2023 09:00:00,0,0,0,0,0,25,141.690298925708,141.690298925708,0,9.93840143403979e-05
27-Aug-2023 10:00:00,0,0,0,0,0,25,141.690298925708,141.690298925708,0,9.93753288245358e-05
27-Aug-2023 11:00:00,0,0,0,0,0,25,141.690298925708,141.690298925708,0,9.93666455855191e-05
27-Aug-2023 12:00:00,0,0,0,0,0,25,141.690298925708,141.690298925708,0,9.93579646222376e-05
27-Aug-2023 13:00:00,0,0,0,0,0,25,141.690298925708,141.690298925708,0,9.9349285933803e-05
27-Aug-2023 14:00:00,0,0,0,0,0,25,141.690298925708,141.690298925708,0,9.93406095188831e-05
27-Aug-2023 15:00:00,0,0,0,0,0,25,141.690298925708,141.690298925708,0,9.93319353770339e-05
27-Aug-2023 16:00:00,0,0,0,0,0,25,141.690298925708,141.690298925708,0,9.9323263507145e-05
27-Aug-2023 17:00:00,0,0,0,0,0,25,141.690298925708,141.690298925708,0,9.93145939076623e-05
27-Aug-2023 18:00:00,0,0,0,0,0,25,141.690298925708,141.690298925708,0,9.93059265781415e-05
27-Aug-2023 19:00:00,0,0,0,0,0,25,141.690298925708,141.690298925708,0,9.92972615176946e-05
27-Aug-2023 20:00:00,0,0,0,0,0,25,141.690298925708,141.690298925708,0,9.92885987249892e-05
27-Aug-2023 21:00:00,0,0,0,0,0,25,141.690298925708,141.690298925708,0,9.92799381991372e-05
27-Aug-2023 22:00:00,0,0,0,0,0,25,141.690298925708,141.690298925708,0,9.92712799388062e-05
27-Aug-2023 23:00:00,0,0,0,0,0,25,141.690298925708,141.690298925708,0,9.92626239437744e-05
28-Aug-2023 00:00:00,0,0,0,0,0,25,141.690298925708,141.690298925708,0,9.92539702124873e-05
28-Aug-2023 01:00:00,0,0,0,0,0,25,141.690298925708,141.690298925708,0,9.92453187442788e-05
28-Aug-2023 02:00:00,0,0,0,0,0,25,141.690298925708,141.690298925708,0,9.92366695375946e-05
28-Aug-2023 03:00:00,0,0,0,0,0,25,141.690298925708,141.690298925708,0,9.92280225924347e-05
28-Aug-2023 04:00:00,0,0,0,0,0,25,141.690298925708,141.690298925708,0,9.92193779065786e-05
28-Aug-2023 05:00:00,0,0,0,0,0,25,141.690298925708,141.690298925708,0,9.92107354800265e-05
28-Aug-2023 06:00:00,0,0,0,0,0,25,141.690298925708,141.690298925708,0,9.92020953114459e-05
28-Aug-2023 07:00:00,0,0,0,0,0,25,141.690298925708,141.690298925708,0,9.91934573999487e-05
28-Aug-2023 08:00:00,-88.1159200840534,0,215.884004205931,0,0.107888058073928,25,141.690298925708,141.690298925708,0,9.91848217442026e-05
28-Aug-2023 09:00:00,12.6715490801457,32.3253803064943,0,0.0161546128468237,0,25,141.690298925708,141.706453538555,3.87502552348096e-05,0.000146696952726399
28-Aug-2023 10:00:00,71.9547585010961,183.558057400755,0,0.0917331621193181,0,25,141.706453538555,141.798186700674,0.000225008956350747,0.00013846432203124
28-Aug-2023 11:00:00,0,0,0,0,0,25,141.798186700674,141.798186700674,0,9.91589283039218e-05
28-Aug-2023 12:00:00,0,0,0,0,0,25,141.798186700674,141.798186700674,0,9.91503016625206e-05
28-Aug-2023 13:00:00,0,0,0,0,0,25,141.798186700674,141.798186700674,0,9.91416772719855e-05
28-Aug-2023 14:00:00,0,0,0,0,0,25,141.798186700674,141.798186700674,0,9.91330551323166e-05
28-Aug-2023 15:00:00,0,0,0,0,0,25,141.798186700674,141.798186700674,0,9.91244352410714e-05
28-Aug-2023 16:00:00,0,0,0,0,0,25,141.798186700674,141.798186700674,0,9.91158175984719e-05
28-Aug-2023 17:00:00,0,0,0,0,0,25,141.798186700674,141.798186700674,0,9.91072022029638e-05
28-Aug-2023 18:00:00,0,0,0,0,0,25,141.798186700674,141.798186700674,0,9.90985890536589e-05
28-Aug-2023 19:00:00,0,0,0,0,0,25,141.798186700674,141.798186700674,0,9.9089978149447e-05
28-Aug-2023 20:00:00,0,0,0,0,0,25,141.798186700674,141.798186700674,0,9.9081369489884e-05
28-Aug-2023 21:00:00,0,0,0,0,0,25,141.798186700674,141.798186700674,0,9.90727630731936e-05
28-Aug-2023 22:00:00,0,0,0,0,0,25,141.798186700674,141.798186700674,0,9.90641588989316e-05
28-Aug-2023 23:00:00,0,0,0,0,0,25,141.798186700674,141.798186700674,0,9.90555569662099e-05
29-Aug-2023 00:00:00,0,0,0,0,0,25,141.798186700674,141.798186700674,0,9.90469572736963e-05
29-Aug-2023 01:00:00,0,0,0,0,0,25,141.798186700674,141.798186700674,0,9.90383598205025e-05
29-Aug-2023 02:00:00,0,0,0,0,0,25,141.798186700674,141.798186700674,0,9.90297646059624e-05
29-Aug-2023 03:00:00,0,0,0,0,0,25,141.798186700674,141.798186700674,0,9.90211716289657e-05
29-Aug-2023 04:00:00,0,0,0,0,0,25,141.798186700674,141.798186700674,0,9.90125808881803e-05
29-Aug-2023 05:00:00,0,0,0,0,0,25,141.798186700674,141.798186700674,0,9.9003992383162e-05
29-Aug-2023 06:00:00,0,0,0,0,0,25,141.798186700674,141.798186700674,0,9.89954061125786e-05
29-Aug-2023 07:00:00,0,0,0,0,0,25,141.798186700674,141.798186700674,0,9.89868220755419e-05
29-Aug-2023 08:00:00,0,0,0,0,0,25,141.798186700674,141.798186700674,0,9.89782402711636e-05
29-Aug-2023 09:00:00,0,0,0,0,0,25,141.798186700674,141.798186700674,0,9.89696606983337e-05
29-Aug-2023 10:00:00,0,0,0,0,0,25,141.798186700674,141.798186700674,0,9.89610833561638e-05
29-Aug-2023 11:00:00,0,0,0,0,0,25,141.798186700674,141.798186700674,0,9.89525082439879e-05
29-Aug-2023 12:00:00,0,0,0,0,0,25,141.798186700674,141.798186700674,0,9.89439353604737e-05
29-Aug-2023 13:00:00,0,0,0,0,0,25,141.798186700674,141.798186700674,0,9.89353647047331e-05
29-Aug-2023 14:00:00,0,0,0,0,0,25,141.798186700674,141.798186700674,0,9.89267962756557e-05
29-Aug-2023 15:00:00,0,0,0,0,0,25,141.798186700674,141.798186700674,0,9.89182300725755e-05
29-Aug-2023 16:00:00,0,0,0,0,0,25,141.798186700674,141.798186700674,0,9.89096660941602e-05
29-Aug-2023 17:00:00,0,0,0,0,0,25,141.798186700674,141.798186700674,0,9.89011043399657e-05
29-Aug-2023 18:00:00,0,0,0,0,0,25,141.798186700674,141.798186700674,0,9.88925448086597e-05
29-Aug-2023 19:00:00,0,0,0,0,0,25,141.798186700674,141.798186700674,0,9.88839874991321e-05
29-Aug-2023 20:00:00,0,0,0,0,0,25,141.798186700674,141.798186700674,0,9.88754324109387e-05
29-Aug-2023 21:00:00,0,0,0,0,0,25,141.798186700674,141.798186700674,0,9.88668795427472e-05
29-Aug-2023 22:00:00,0,0,0,0,0,25,141.798186700674,141.798186700674,0,9.88583288936695e-05
29-Aug-2023 23:00:00,0,0,0,0,0,25,141.798186700674,141.798186700674,0,9.88497804628174e-05
30-Aug-2023 00:00:00,0,0,0,0,0,25,141.798186700674,141.798186700674,0,9.88412342490808e-05
30-Aug-2023 01:00:00,0,0,0,0,0,25,141.798186700674,141.798186700674,0,9.88326902515713e-05
30-Aug-2023 02:00:00,0,0,0,0,0,25,141.798186700674,141.798186700674,0,9.88241484696228e-05
30-Aug-2023 03:00:00,0,0,0,0,0,25,141.798186700674,141.798186700674,0,9.88156089014591e-05
30-Aug-2023 04:00:00,0,0,0,0,0,25,141.798186700674,141.798186700674,0,9.88070715470801e-05
30-Aug-2023 05:00:00,0,0,0,0,0,25,141.798186700674,141.798186700674,0,9.87985364051536e-05
30-Aug-2023 06:00:00,0,0,0,0,0,25,141.798186700674,141.798186700674,0,9.87900034743472e-05
30-Aug-2023 07:00:00,0,0,0,0,0,25,141.798186700674,141.798186700674,0,9.87814727542169e-05
30-Aug-2023 08:00:00,0,0,0,0,0,25,141.798186700674,141.798186700674,0,9.87729442436525e-05
30-Aug-2023 09:00:00,0,0,0,0,0,25,141.798186700674,141.798186700674,0,9.87644179419878e-05
30-Aug-2023 10:00:00,-70.3543110598888,0,172.368062096728,0,0.0861409605680798,25,141.798186700674,141.798186700674,0,9.87558938474464e-05
30-Aug-2023 11:00:00,-164.16311296162,0,402.199626755969,0,0.200999313721124,25,141.798186700674,141.798186700674,0,0.00013515047452195
30-Aug-2023 12:00:00,-91.5328506226806,0,224.255484025567,0,0.112071706159704,25,141.798186700674,141.798186700674,0,0.000226143943536705
30-Aug-2023 13:00:00,203.185207933563,518.329612075417,0,0.259035288393512,0,25,141.798186700674,142.057221989068,0.00066752888088778,0.000244306542486861
30-Aug-2023 14:00:00,65.4479474473148,166.959049610497,0,0.0834378059022973,0,25,142.057221989068,142.14065979497,0.000204095407788152,0.000163325843661077
30-Aug-2023 15:00:00,-73.0874975285172,0,179.064368944867,0,0.0894874407520576,25,142.14065979497,142.14065979497,0,0.00012171287839724
30-Aug-2023 16:00:00,-42.7420320980038,0,104.717978640109,0,0.0523328229086003,25,142.14065979497,142.14065979497,0,0.000166597136721292
30-Aug-2023 17:00:00,-106.436734749634,0,260.770000136603,0,0.130319840148228,25,142.14065979497,142.14065979497,0,0.000193827591302931
30-Aug-2023 18:00:00,109.468805615718,279.257157182953,0,0.13955879919188,0,25,142.14065979497,142.280218594162,0.000347055011675923,0.00023471076795456
30-Aug-2023 19:00:00,148.497147922,378.81925490306,0,0.189314969966547,0,25,142.280218594162,142.469533564129,0.000477703781493866,0.000189289548765181
30-Aug-2023 20:00:00,0,0,0,0,0,25,142.469533564129,142.469533564129,0,9.86707741159609e-05
30-Aug-2023 21:00:00,0,0,0,0,0,25,142.469533564129,142.469533564129,0,9.86622742431553e-05
30-Aug-2023 22:00:00,0,0,0,0,0,25,142.469533564129,142.469533564129,0,9.86537765663709e-05
30-Aug-2023 23:00:00,0,0,0,0,0,25,142.469533564129,142.469533564129,0,9.86452810849414e-05
31-Aug-2023 00:00:00,0,0,0,0,0,25,142.469533564129,142.469533564129,0,9.86367877982008e-05
31-Aug-2023 01:00:00,0,0,0,0,0,25,142.469533564129,142.469533564129,0,9.86282967045948e-05
31-Aug-2023 02:00:00,0,0,0,0,0,25,142.469533564129,142.469533564129,0,9.86198078034572e-05
31-Aug-2023 03:00:00,0,0,0,0,0,25,142.469533564129,142.469533564129,0,9.86113210936779e-05
31-Aug-2023 04:00:00,0,0,0,0,0,25,142.469533564129,142.469533564129,0,9.86028365750347e-05
31-Aug-2023 05:00:00,0,0,0,0,0,25,142.469533564129,142.469533564129,0,9.85943542457512e-05
31-Aug-2023 06:00:00,0,0,0,0,0,25,142.469533564129,142.469533564129,0,9.85858741047174e-05
31-Aug-2023 07:00:00,0,0,0,0,0,25,142.469533564129,142.469533564129,0,9.85773961523773e-05
31-Aug-2023 08:00:00,0,0,0,0,0,25,142.469533564129,142.469533564129,0,9.85689203860662e-05
31-Aug-2023 09:00:00,-189.399327825699,0,464.028353172961,0,0.231898227472744,25,142.469533564129,142.469533564129,0,9.85604468060064e-05
31-Aug-2023 10:00:00,-155.541559077467,0,381.076819739793,0,0.190443188275759,25,142.469533564129,142.469533564129,0,0.000208091288937284
31-Aug-2023 11:00:00,-79.7148007807871,0,195.301261912928,0,0.0976018300414434,25,142.469533564129,142.469533564129,0,0.00024652111355139
31-Aug-2023 12:00:00,-294.797583943796,0,722.254080662299,0,0.360946567047626,25,142.469533564129,142.469533564129,0,0.000263995597362898
31-Aug-2023 13:00:00,225.444450935527,575.113395243692,0,0.287412991126283,0,25,142.469533564129,142.756946555255,0.000746435286620439,0.000393915892987984
31-Aug-2023 14:00:00,-116.038754184115,0,284.294947751082,0,0.142076435657712,25,142.756946555255,142.756946555255,0,0.000294457977272122
31-Aug-2023 15:00:00,189.808035513442,484.204172228167,0,0.2419810955663,0,25,142.756946555255,142.998927650821,0.000619897227215449,0.000370173676834007
31-Aug-2023 16:00:00,-62.6668279659693,0,153.533728516625,0,0.0767285000083082,25,142.998927650821,142.998927650821,0,0.00025738318871138
31-Aug-2023 17:00:00,-7.12706702423967,0,17.4613142093872,0,0.00872629395771473,25,142.998927650821,142.998927650821,0,0.00028265518953452
31-Aug-2023 18:00:00,350.795026014571,894.885270445334,0,0.447219025709812,0,25,142.998927650821,143.446146676531,0.00121703849330707,0.000286829419438472
31-Aug-2023 19:00:00,103.370155462169,263.699376179001,0,0.131783796191405,0,25,143.446146676531,143.577930472722,0.000326575308055022,0.000158369734934549
31-Aug-2023 20:00:00,0,0,0,0,0,25,143.577930472722,143.577930472722,0,9.84673814246051e-05
31-Aug-2023 21:00:00,0,0,0,0,0,25,143.577930472722,143.577930472722,0,9.84589340018438e-05
31-Aug-2023 22:00:00,0,0,0,0,0,25,143.577930472722,143.577930472722,0,9.84504887531212e-05
31-Aug-2023 23:00:00,0,0,0,0,0,25,143.577930472722,143.577930472722,0,9.84420456768831e-05
01-Sep-2023 00:00:00,0,0,0,0,0,25,143.577930472722,143.577930472722,0,9.84336047726853e-05
01-Sep-2023 01:00:00,0,0,0,0,0,25,143.577930472722,143.577930472722,0,9.84251660391955e-05
01-Sep-2023 02:00:00,0,0,0,0,0,25,143.577930472722,143.577930472722,0,9.84167294759697e-05
01-Sep-2023 03:00:00,0,0,0,0,0,25,143.577930472722,143.577930472722,0,9.84082950814535e-05
01-Sep-2023 04:00:00,0,0,0,0,0,25,143.577930472722,143.577930472722,0,9.8399862855425e-05
01-Sep-2023 05:00:00,0,0,0,0,0,25,143.577930472722,143.577930472722,0,9.83914327965518e-05
01-Sep-2023 06:00:00,0,0,0,0,0,25,143.577930472722,143.577930472722,0,9.83830049037238e-05
01-Sep-2023 07:00:00,-43.2222841328182,0,105.894596125405,0,0.0529208376438803,25,143.577930472722,143.577930472722,0,9.83745791762747e-05
01-Sep-2023 08:00:00,-180.910441615787,0,443.230581958678,0,0.221504538709984,25,143.577930472722,143.577930472722,0,0.000119667518996946
01-Sep-2023 09:00:00,-312.388559114607,0,765.351969830787,0,0.382484742544121,25,143.577930472722,143.577930472722,0,0.000221920709925438
01-Sep-2023 10:00:00,-182.881981345569,0,448.060854296644,0,0.223918467914365,25,143.577930472722,143.577930472722,0,0.00033173157223243
01-Sep-2023 11:00:00,0,0,0,0,0,25,143.577930472722,143.577930472722,0,0.000393173546116232
01-Sep-2023 12:00:00,0,0,0,0,0,25,143.577930472722,143.577930472722,0,0.000393139902719719
01-Sep-2023 13:00:00,0,0,0,0,0,25,143.577930472722,143.577930472722,0,0.000393106267959187
01-Sep-2023 14:00:00,0,0,0,0,0,25,143.577930472722,143.577930472722,0,0.000393072641829306
01-Sep-2023 15:00:00,271.33933282887,692.192175583851,0,0.345923126228811,0,25,143.577930472722,143.923853598951,0.000913124705801516,0.000393039024326969
01-Sep-2023 16:00:00,349.472768838131,891.512165403396,0,0.445533316043676,0,25,143.923853598951,144.369386914995,0.00121081896587522,0.000267996323227271
01-Sep-2023 17:00:00,70.0812204363141,178.778623562026,0,0.0893446394612823,0,25,144.369386914995,144.458731554456,0.00021846149578153,0.000136082039773111
01-Sep-2023 18:00:00,0,0,0,0,0,25,144.458731554456,144.458731554456,0,9.82820388235606e-05
01-Sep-2023 19:00:00,0,0,0,0,0,25,144.458731554456,144.458731554456,0,9.82736390084948e-05
01-Sep-2023 20:00:00,0,0,0,0,0,25,144.458731554456,144.458731554456,0,9.82652413463736e-05
01-Sep-2023 21:00:00,0,0,0,0,0,25,144.458731554456,144.458731554456,0,9.82568458365307e-05
01-Sep-2023 22:00:00,0,0,0,0,0,25,144.458731554456,144.458731554456,0,9.82484524787441e-05
01-Sep-2023 23:00:00,0,0,0,0,0,25,144.458731554456,144.458731554456,0,9.82400612710155e-05
02-Sep-2023 00:00:00,0,0,0,0,0,25,144.458731554456,144.458731554456,0,9.82316722133447e-05
02-Sep-2023 01:00:00,0,0,0,0,0,25,144.458731554456,144.458731554456,0,9.82232853041776e-05
02-Sep-2023 02:00:00,0,0,0,0,0,25,144.458731554456,144.458731554456,0,9.82149005428479e-05
02-Sep-2023 03:00:00,0,0,0,0,0,25,144.458731554456,144.458731554456,0,9.82065179286895e-05
02-Sep-2023 04:00:00,0,0,0,0,0,25,144.458731554456,144.458731554456,0,9.81981374603702e-05
02-Sep-2023 05:00:00,0,0,0,0,0,25,144.458731554456,144.458731554456,0,9.81897591367797e-05
02-Sep-2023 06:00:00,0,0,0,0,0,25,144.458731554456,144.458731554456,0,9.81813829579181e-05
02-Sep-2023 07:00:00,-26.7095452678956,0,65.4383859063442,0,0.0327028415324059,25,144.458731554456,144.458731554456,0,9.81730089217869e-05
02-Sep-2023 08:00:00,-158.281888338148,0,387.790626428464,0,0.193798414007228,25,144.458731554456,144.458731554456,0,0.000111180051165949
02-Sep-2023 09:00:00,-248.086947844809,0,607.813022219781,0,0.303754633792994,25,144.458731554456,144.458731554456,0,0.000205118663037407
02-Sep-2023 10:00:00,-275.432882499602,0,674.810562124024,0,0.337236662730647,25,144.458731554456,144.458731554456,0,0.00026608370886394
02-Sep-2023 11:00:00,-10.8420753314087,0,26.5630845619514,0,0.0132749048285614,25,144.458731554456,144.458731554456,0,0.00039136866002365
02-Sep-2023 12:00:00,70.9779422281991,181.066179153569,0,0.0904878456539575,0,25,144.458731554456,144.54921940011,0.000221313104493248,0.000392335043247538
02-Sep-2023 13:00:00,60.4786167241439,154.282185520775,0,0.0771025414896428,0,25,144.54921940011,144.6263219416,0.000187815409021241,0.000382449129929352
02-Sep-2023 14:00:00,257.351732461781,656.509521586176,0,0.32809071543537,0,25,144.6263219416,144.954412657035,0.000860675839600755,0.000360205516225287
02-Sep-2023 15:00:00,302.042028302076,770.515378321624,0,0.385065156582521,0,25,144.954412657035,145.339477813618,0.00102698941686818,0.000241135599862607
02-Sep-2023 16:00:00,0,0,0,0,0,25,145.339477813618,145.339477813618,0,9.80977388949089e-05
02-Sep-2023 17:00:00,0,0,0,0,0,25,145.339477813618,145.339477813618,0,9.80893862412291e-05
02-Sep-2023 18:00:00,0,0,0,0,0,25,145.339477813618,145.339477813618,0,9.80810357211759e-05
02-Sep-2023 19:00:00,0,0,0,0,0,25,145.339477813618,145.339477813618,0,9.80726873329729e-05
02-Sep-2023 20:00:00,0,0,0,0,0,25,145.339477813618,145.339477813618,0,9.80643410763982e-05
02-Sep-2023 21:00:00,0,0,0,0,0,25,145.339477813618,145.339477813618,0,9.80559969503414e-05
02-Sep-2023 22:00:00,0,0,0,0,0,25,145.339477813618,145.339477813618,0,9.80476549539144e-05
02-Sep-2023 23:00:00,0,0,0,0,0,25,145.339477813618,145.339477813618,0,9.80393150862291e-05
03-Sep-2023 00:00:00,0,0,0,0,0,25,145.339477813618,145.339477813618,0,9.80309773461752e-05
03-Sep-2023 01:00:00,0,0,0,0,0,25,145.339477813618,145.339477813618,0,9.80226417330865e-05
03-Sep-2023 02:00:00,0,0,0,0,0,25,145.339477813618,145.339477813618,0,9.80143082458529e-05
03-Sep-2023 03:00:00,0,0,0,0,0,25,145.339477813618,145.339477813618,0,9.80059768840302e-05
03-Sep-2023 04:00:00,0,0,0,0,0,25,145.339477813618,145.339477813618,0,9.79976476460642e-05
03-Sep-2023 05:00:00,0,0,0,0,0,25,145.339477813618,145.339477813618,0,9.79893205312887e-05
03-Sep-2023 06:00:00,0,0,0,0,0,25,145.339477813618,145.339477813618,0,9.79809955390376e-05
03-Sep-2023 07:00:00,0,0,0,0,0,25,145.339477813618,145.339477813618,0,9.79726726684227e-05
03-Sep-2023 08:00:00,-10.8118451526296,0,26.4890206239424,0,0.0132378913662881,25,145.339477813618,145.339477813618,0,9.79643519181117e-05
03-Sep-2023 09:00:00,-30.4575954703099,0,74.6211089022591,0,0.0372919084968811,25,145.339477813618,145.339477813618,0,0.000103275476423637
03-Sep-2023 10:00:00,-143.408178116258,0,351.350036384832,0,0.175587224580126,25,145.339477813618,145.339477813618,0,0.000118161846666354
03-Sep-2023 11:00:00,-254.673653247353,0,623.950450456016,0,0.311819315570223,25,145.339477813618,145.339477813618,0,0.000204515789049564
03-Sep-2023 12:00:00,-227.786635760946,0,558.077257614319,0,0.278899179217551,25,145.339477813618,145.339477813618,0,0.000268046678587153
03-Sep-2023 13:00:00,-52.1681571425482,0,127.811984999243,0,0.0638740554718856,25,145.339477813618,145.339477813618,0,0.000385615159761432
03-Sep-2023 14:00:00,0,0,0,0,0,25,145.339477813618,145.339477813618,0,0.000391468666178785
03-Sep-2023 15:00:00,148.114806943132,377.843895263092,0,0.188827533864614,0,25,145.339477813618,145.528305347482,0.000475068121672195,0.000391435458504397
03-Sep-2023 16:00:00,98.7888759220171,252.012438576574,0,0.125943247664455,0,25,145.528305347482,145.654248595147,0.0003109706379959,0.000349591909774905
03-Sep-2023 17:00:00,279.667570303724,713.437679346234,0,0.356540569388423,0,25,145.654248595147,146.010789164535,0.000942328658594505,0.000278992147603629
03-Sep-2023 18:00:00,164.232050477631,418.959312442937,0,0.2093749687371,0,25,146.010789164535,146.220164133272,0.000529653511017247,0.000197244666367391
03-Sep-2023 19:00:00,0,0,0,0,0,25,146.220164133272,146.220164133272,0,9.78729633662745e-05
03-Sep-2023 20:00:00,0,0,0,0,0,25,146.220164133272,146.220164133272,0,9.78646679927753e-05
03-Sep-2023 21:00:00,0,0,0,0,0,25,146.220164133272,146.220164133272,0,9.78563747284777e-05
03-Sep-2023 22:00:00,0,0,0,0,0,25,146.220164133272,146.220164133272,0,9.78480835716056e-05
03-Sep-2023 23:00:00,0,0,0,0,0,25,146.220164133272,146.220164133272,0,9.78397945221587e-05
04-Sep-2023 00:00:00,0,0,0,0,0,25,146.220164133272,146.220164133272,0,9.78315075792491e-05
04-Sep-2023 01:00:00,0,0,0,0,0,25,146.220164133272,146.220164133272,0,9.78232227413223e-05
04-Sep-2023 02:00:00,0,0,0,0,0,25,146.220164133272,146.220164133272,0,9.78149400077122e-05
04-Sep-2023 03:00:00,0,0,0,0,0,25,146.220164133272,146.220164133272,0,9.78066593779747e-05
04-Sep-2023 04:00:00,0,0,0,0,0,25,146.220164133272,146.220164133272,0,9.77983808505556e-05
04-Sep-2023 05:00:00,0,0,0,0,0,25,146.220164133272,146.220164133272,0,9.77901044252327e-05
04-Sep-2023 06:00:00,0,0,0,0,0,25,146.220164133272,146.220164133272,0,9.77818301006739e-05
04-Sep-2023 07:00:00,-108.641996258268,0,266.172890832758,0,0.133019935448654,25,146.220164133272,146.220164133272,0,9.77735578762129e-05
04-Sep-2023 08:00:00,-211.17955505609,0,517.389909887422,0,0.258565672107657,25,146.220164133272,146.220164133272,0,0.000157907096968168
04-Sep-2023 09:00:00,-282.241688930919,0,691.492137880752,0,0.345573282299226,25,146.220164133272,146.220164133272,0,0.000241039330223236
04-Sep-2023 10:00:00,-117.198371588962,0,287.136010392956,0,0.143496257067944,25,146.220164133272,146.220164133272,0,0.000367916795858125
04-Sep-2023 11:00:00,0,0,0,0,0,25,146.220164133272,146.220164133272,0,0.000390773074647077
04-Sep-2023 12:00:00,0,0,0,0,0,25,146.220164133272,146.220164133272,0,0.000390740043662019
04-Sep-2023 13:00:00,0,0,0,0,0,25,146.220164133272,146.220164133272,0,0.000390707021050041
04-Sep-2023 14:00:00,0,0,0,0,0,25,146.220164133272,146.220164133272,0,0.000390674006810476
04-Sep-2023 15:00:00,0,0,0,0,0,25,146.220164133272,146.220164133272,0,0.000390641000937997
04-Sep-2023 16:00:00,0,0,0,0,0,25,146.220164133272,146.220164133272,0,0.000390608003429493
04-Sep-2023 17:00:00,0,0,0,0,0,25,146.220164133272,146.220164133272,0,0.000390575014282302
04-Sep-2023 18:00:00,249.148223318203,635.582202342355,0,0.317632285028663,0,25,146.220164133272,146.537796418301,0.000829472718864077,0.000390542033490426
04-Sep-2023 19:00:00,292.794044080026,746.9235818368,0,0.373275153341729,0,25,146.537796418301,146.911071571643,0.000990660841628299,0.000277106977869757
04-Sep-2023 20:00:00,148.805222914196,379.605160495397,0,0.189707726384506,0,25,146.911071571643,147.100779298027,0.000476734117814515,0.000187571865327252
04-Sep-2023 21:00:00,0,0,0,0,0,25,147.100779298027,147.100779298027,0,9.76579667348876e-05
04-Sep-2023 22:00:00,0,0,0,0,0,25,147.100779298027,147.100779298027,0,9.7649725903981e-05
04-Sep-2023 23:00:00,0,0,0,0,0,25,147.100779298027,147.100779298027,0,9.76414871587394e-05
05-Sep-2023 00:00:00,0,0,0,0,0,25,147.100779298027,147.100779298027,0,9.76332504987187e-05
05-Sep-2023 01:00:00,0,0,0,0,0,25,147.100779298027,147.100779298027,0,9.76250159228087e-05
05-Sep-2023 02:00:00,0,0,0,0,0,25,147.100779298027,147.100779298027,0,9.76167834296771e-05
05-Sep-2023 03:00:00,0,0,0,0,0,25,147.100779298027,147.100779298027,0,9.76085530193238e-05
05-Sep-2023 04:00:00,0,0,0,0,0,25,147.100779298027,147.100779298027,0,9.76003246899726e-05
05-Sep-2023 05:00:00,0,0,0,0,0,25,147.100779298027,147.100779298027,0,9.75920984418455e-05
05-Sep-2023 06:00:00,0,0,0,0,0,25,147.100779298027,147.100779298027,0,9.7583874272944e-05
05-Sep-2023 07:00:00,0,0,0,0,0,25,147.100779298027,147.100779298027,0,9.75756521830462e-05
05-Sep-2023 08:00:00,-134.073438710109,0,328.479924839766,0,0.164157883478144,25,147.100779298027,147.100779298027,0,9.75674321708198e-05
05-Sep-2023 09:00:00,-282.627963964579,0,692.438511713218,0,0.346046232740239,25,147.100779298027,147.100779298027,0,0.000174290959126022
05-Sep-2023 10:00:00,-302.503110035953,0,741.132619588085,0,0.370381119234425,25,147.100779298027,147.100779298027,0,0.00025879566617415
05-Sep-2023 11:00:00,0,0,0,0,0,25,147.100779298027,147.100779298027,0,0.000389982635252473
05-Sep-2023 12:00:00,0,0,0,0,0,25,147.100779298027,147.100779298027,0,0.000389949804284306
05-Sep-2023 13:00:00,0,0,0,0,0,25,147.100779298027,147.100779298027,0,0.000389916981609062
05-Sep-2023 14:00:00,0,0,0,0,0,25,147.100779298027,147.100779298027,0,0.00038988416721919
05-Sep-2023 15:00:00,0,0,0,0,0,25,147.100779298027,147.100779298027,0,0.000389851361112692
05-Sep-2023 16:00:00,0,0,0,0,0,25,147.100779298027,147.100779298027,0,0.000389818563286459
05-Sep-2023 17:00:00,0,0,0,0,0,25,147.100779298027,147.100779298027,0,0.000389785773736717
05-Sep-2023 18:00:00,246.610772429082,629.109113339495,0,0.314397357990752,0,25,147.100779298027,147.415176656018,0.000819592471479003,0.000389752992459691
05-Sep-2023 19:00:00,277.032864695716,706.716491570704,0,0.353181654957873,0,25,147.415176656018,147.768358310976,0.00093105159893242,0.000277961126118553
05-Sep-2023 20:00:00,167.050888334402,426.150225342863,0,0.212968628357253,0,25,147.768358310976,147.981326939333,0.000538468048350449,0.000198017631807046
05-Sep-2023 21:00:00,0,0,0,0,0,25,147.981326939333,147.981326939333,0,9.74607607102662e-05
05-Sep-2023 22:00:00,0,0,0,0,0,25,147.981326939333,147.981326939333,0,9.74525696979534e-05
05-Sep-2023 23:00:00,0,0,0,0,0,25,147.981326939333,147.981326939333,0,9.74443807502112e-05
06-Sep-2023 00:00:00,0,0,0,0,0,25,147.981326939333,147.981326939333,0,9.74361938668178e-05
06-Sep-2023 01:00:00,0,0,0,0,0,25,147.981326939333,147.981326939333,0,9.74280090464408e-05
06-Sep-2023 02:00:00,0,0,0,0,0,25,147.981326939333,147.981326939333,0,9.7419826288192e-05
06-Sep-2023 03:00:00,0,0,0,0,0,25,147.981326939333,147.981326939333,0,9.74116455918494e-05
06-Sep-2023 04:00:00,0,0,0,0,0,25,147.981326939333,147.981326939333,0,9.74034669554147e-05
06-Sep-2023 05:00:00,0,0,0,0,0,25,147.981326939333,147.981326939333,0,9.73952903788877e-05
06-Sep-2023 06:00:00,0,0,0,0,0,25,147.981326939333,147.981326939333,0,9.73871158613804e-05
06-Sep-2023 07:00:00,-107.347687862492,0,263.001835263106,0,0.131435200031537,25,147.981326939333,147.981326939333,0,9.73789434015604e-05
06-Sep-2023 08:00:00,-211.003188285311,0,516.957811299011,0,0.258349730784114,25,147.981326939333,147.981326939333,0,0.000156431919539513
06-Sep-2023 09:00:00,-255.62489077414,0,626.280982396642,0,0.312983999198722,25,147.981326939333,147.981326939333,0,0.000239866737640426
06-Sep-2023 10:00:00,-145.17394927217,0,355.676175716817,0,0.177749213251783,25,147.981326939333,147.981326939333,0,0.000352932620953039
06-Sep-2023 11:00:00,0,0,0,0,0,25,147.981326939333,147.981326939333,0,0.000389196973135997
06-Sep-2023 12:00:00,0,0,0,0,0,25,147.981326939333,147.981326939333,0,0.000389164340177661
06-Sep-2023 13:00:00,0,0,0,0,0,25,147.981326939333,147.981326939333,0,0.00038913171542676
06-Sep-2023 14:00:00,0,0,0,0,0,25,147.981326939333,147.981326939333,0,0.000389099098879964
06-Sep-2023 15:00:00,0,0,0,0,0,25,147.981326939333,147.981326939333,0,0.000389066490532164
06-Sep-2023 16:00:00,0,0,0,0,0,25,147.981326939333,147.981326939333,0,0.000389033890382473
06-Sep-2023 17:00:00,0,0,0,0,0,25,147.981326939333,147.981326939333,0,0.000389001298424896
06-Sep-2023 18:00:00,250.328589318132,638.593340097276,0,0.319137101497889,0,25,147.981326939333,148.300464040831,0.000832460608079788,0.000388968714658766
06-Sep-2023 19:00:00,294.46747338722,751.192534151072,0,0.375408562794139,0,25,148.300464040831,148.675872603625,0.000995384209728556,0.000275321433257147
06-Sep-2023 20:00:00,145.844270468762,372.051710379496,0,0.185932888745375,0,25,148.675872603625,148.86180549237,0.000465993826478717,0.000184970413396046
06-Sep-2023 21:00:00,0,0,0,0,0,25,148.86180549237,148.86180549237,0,9.72647445673935e-05
06-Sep-2023 22:00:00,0,0,0,0,0,25,148.86180549237,148.86180549237,0,9.7256602873852e-05
06-Sep-2023 23:00:00,0,0,0,0,0,25,148.86180549237,148.86180549237,0,9.72484632240089e-05
07-Sep-2023 00:00:00,0,0,0,0,0,25,148.86180549237,148.86180549237,0,9.72403256176424e-05
07-Sep-2023 01:00:00,0,0,0,0,0,25,148.86180549237,148.86180549237,0,9.72321900538642e-05
07-Sep-2023 02:00:00,0,0,0,0,0,25,148.86180549237,148.86180549237,0,9.72240565320082e-05
07-Sep-2023 03:00:00,0,0,0,0,0,25,148.86180549237,148.86180549237,0,9.7215925050298e-05
07-Sep-2023 04:00:00,0,0,0,0,0,25,148.86180549237,148.86180549237,0,9.72077956089556e-05
07-Sep-2023 05:00:00,0,0,0,0,0,25,148.86180549237,148.86180549237,0,9.71996682066489e-05
07-Sep-2023 06:00:00,0,0,0,0,0,25,148.86180549237,148.86180549237,0,9.71915428422676e-05
07-Sep-2023 07:00:00,-101.333745725887,0,248.267677028424,0,0.124071802612906,25,148.86180549237,148.86180549237,0,9.71834195155896e-05
07-Sep-2023 08:00:00,-215.566460716874,0,528.13782875634,0,0.263936945905218,25,148.86180549237,148.86180549237,0,0.000152205343435075
07-Sep-2023 09:00:00,-280.203702344629,0,686.499070744341,0,0.343077996373983,25,148.86180549237,148.86180549237,0,0.000239184065988107
07-Sep-2023 10:00:00,-121.989380943769,0,298.873983312233,0,0.149362310500866,25,148.86180549237,148.86180549237,0,0.00036369078041476
07-Sep-2023 11:00:00,0,0,0,0,0,25,148.86180549237,148.86180549237,0,0.00038841604037132
07-Sep-2023 12:00:00,0,0,0,0,0,25,148.86180549237,148.86180549237,0,0.000388383603438625
07-Sep-2023 13:00:00,0,0,0,0,0,25,148.86180549237,148.86180549237,0,0.000388351174632984
07-Sep-2023 14:00:00,0,0,0,0,0,25,148.86180549237,148.86180549237,0,0.000388318753946848
07-Sep-2023 15:00:00,0,0,0,0,0,25,148.86180549237,148.86180549237,0,0.000388286341380439
07-Sep-2023 16:00:00,0,0,0,0,0,25,148.86180549237,148.86180549237,0,0.000388253936928429
07-Sep-2023 17:00:00,12.1314835977932,30.9476622392683,0,0.0154660980705989,0,25,148.86180549237,148.877271590441,3.68512582078484e-05,0.00038822154058904
07-Sep-2023 18:00:00,280.635152453324,715.906001156438,0,0.357774113521458,0,25,148.877271590441,149.235045703962,0.000943212016164874,0.000387030375632591
07-Sep-2023 19:00:00,291.17470236541,742.792608075025,0,0.371210698688169,0,25,149.235045703962,149.606256402651,0.000982221729068866,0.000256833238742482
07-Sep-2023 20:00:00,106.645159827874,272.05397915274,0,0.135959010071334,0,25,149.606256402651,149.742215412722,0.000335475240475613,0.000158391128992186
07-Sep-2023 21:00:00,0,0,0,0,0,25,149.742215412722,149.742215412722,0,9.70699063884695e-05
07-Sep-2023 22:00:00,0,0,0,0,0,25,149.742215412722,149.742215412722,0,9.70618135203161e-05
07-Sep-2023 23:00:00,0,0,0,0,0,25,149.742215412722,149.742215412722,0,9.70537226760992e-05
08-Sep-2023 00:00:00,0,0,0,0,0,25,149.742215412722,149.742215412722,0,9.70456338544867e-05
08-Sep-2023 01:00:00,0,0,0,0,0,25,149.742215412722,149.742215412722,0,9.70375470554785e-05
08-Sep-2023 02:00:00,0,0,0,0,0,25,149.742215412722,149.742215412722,0,9.70294622775203e-05
08-Sep-2023 03:00:00,0,0,0,0,0,25,149.742215412722,149.742215412722,0,9.70213795199459e-05
08-Sep-2023 04:00:00,0,0,0,0,0,25,149.742215412722,149.742215412722,0,9.70132987820893e-05
08-Sep-2023 05:00:00,0,0,0,0,0,25,149.742215412722,149.742215412722,0,9.70052200628402e-05
08-Sep-2023 06:00:00,0,0,0,0,0,25,149.742215412722,149.742215412722,0,9.69971433615324e-05
08-Sep-2023 07:00:00,-96.0198304607215,0,235.248584628768,0,0.117565509559604,25,149.742215412722,149.742215412722,0,9.69890686772779e-05
08-Sep-2023 08:00:00,-196.668479143385,0,481.837773901293,0,0.240798487706793,25,149.742215412722,149.742215412722,0,0.000148486960943162
08-Sep-2023 09:00:00,-302.258543829294,0,740.53343238177,0,0.370081675353208,25,149.742215412722,149.742215412722,0,0.000235067536647815
08-Sep-2023 10:00:00,-124.090246008414,0,304.021102720614,0,0.151934584068273,25,149.742215412722,149.742215412722,0,0.000362046614337475
08-Sep-2023 11:00:00,0,0,0,0,0,25,149.742215412722,149.742215412722,0,0.000387639789699357
08-Sep-2023 12:00:00,0,0,0,0,0,25,149.742215412722,149.742215412722,0,0.000387607546838531
08-Sep-2023 13:00:00,0,0,0,0,0,25,149.742215412722,149.742215412722,0,0.000387575312022381
08-Sep-2023 14:00:00,0,0,0,0,0,25,149.742215412722,149.742215412722,0,0.000387543085246911
08-Sep-2023 15:00:00,0,0,0,0,0,25,149.742215412722,149.742215412722,0,0.000387510866509233
08-Sep-2023 16:00:00,0,0,0,0,0,25,149.742215412722,149.742215412722,0,0.000387478655806461
08-Sep-2023 17:00:00,0,0,0,0,0,25,149.742215412722,149.742215412722,0,0.000387446453132601
08-Sep-2023 18:00:00,288.328679965447,735.532346850631,0,0.367582382234199,0,25,149.742215412722,150.109797794956,0.000971142011003234,0.000387414258488539
08-Sep-2023 19:00:00,277.380607735922,707.603591163066,0,0.353624983089988,0,25,150.109797794956,150.463422778046,0.000930122834095215,0.000257740588731181
08-Sep-2023 20:00:00,124.823242327492,318.42663859054,0,0.15913375241906,0,25,150.463422778046,150.622556530465,0.000395059568628175,0.000170460322407306
08-Sep-2023 21:00:00,0,0,0,0,0,25,150.622556530465,150.622556530465,0,9.68762344220053e-05
08-Sep-2023 22:00:00,0,0,0,0,0,25,150.622556530465,150.622556530465,0,9.68681898938506e-05
08-Sep-2023 23:00:00,0,0,0,0,0,25,150.622556530465,150.622556530465,0,9.68601473689823e-05
09-Sep-2023 00:00:00,0,0,0,0,0,25,150.622556530465,150.622556530465,0,9.68521068469563e-05
09-Sep-2023 01:00:00,0,0,0,0,0,25,150.622556530465,150.622556530465,0,9.68440683271066e-05
09-Sep-2023 02:00:00,0,0,0,0,0,25,150.622556530465,150.622556530465,0,9.68360318083228e-05
09-Sep-2023 03:00:00,0,0,0,0,0,25,150.622556530465,150.622556530465,0,9.68279972899388e-05
09-Sep-2023 04:00:00,0,0,0,0,0,25,150.622556530465,150.622556530465,0,9.68199647710666e-05
09-Sep-2023 05:00:00,0,0,0,0,0,25,150.622556530465,150.622556530465,0,9.68119342510398e-05
09-Sep-2023 06:00:00,0,0,0,0,0,25,150.622556530465,150.622556530465,0,9.68039057287484e-05
09-Sep-2023 07:00:00,0,0,0,0,0,25,150.622556530465,150.622556530465,0,9.67958792039703e-05
09-Sep-2023 08:00:00,-213.817840716214,0,523.853709754724,0,0.261795956898913,25,150.622556530465,150.622556530465,0,9.6787854674929e-05
09-Sep-2023 09:00:00,-286.879221707824,0,702.854093184168,0,0.351251420881643,25,150.622556530465,150.622556530465,0,0.000214739037616152
09-Sep-2023 10:00:00,-218.283782210001,0,534.795266414504,0,0.267264001206649,25,150.622556530465,150.622556530465,0,0.000300431103987586
09-Sep-2023 11:00:00,0,0,0,0,0,25,150.622556530465,150.622556530465,0,0.000386868174520938
09-Sep-2023 12:00:00,0,0,0,0,0,25,150.622556530465,150.622556530465,0,0.000386836123803525
09-Sep-2023 13:00:00,0,0,0,0,0,25,150.622556530465,150.622556530465,0,0.000386804081051295
09-Sep-2023 14:00:00,0,0,0,0,0,25,150.622556530465,150.622556530465,0,0.000386772046261585
09-Sep-2023 15:00:00,0,0,0,0,0,25,150.622556530465,150.622556530465,0,0.000386740019427068
09-Sep-2023 16:00:00,0,0,0,0,0,25,150.622556530465,150.622556530465,0,0.000386708000549962
09-Sep-2023 17:00:00,2.46413092827711,6.28604828642119,0,0.00314145341650234,0,25,150.622556530465,150.625697983882,7.44641470606933e-06,0.000386675989622498
09-Sep-2023 18:00:00,295.140461745278,752.909341186934,0,0.376266537324805,0,25,150.625697983882,151.001964521206,0.000995868373469877,0.000386414968952753
09-Sep-2023 19:00:00,292.779996178996,746.887745354581,0,0.373257244055263,0,25,151.001964521206,151.375221765262,0.000986704104734948,0.000254343999772422
09-Sep-2023 20:00:00,100.095256412647,255.345041868998,0,0.127608716576211,0,25,151.375221765262,151.502830481838,0.000313608746786209,0.000153330761767156
09-Sep-2023 21:00:00,0,0,0,0,0,25,151.502830481838,151.502830481838,0,9.66837170808255e-05
09-Sep-2023 22:00:00,0,0,0,0,0,25,151.502830481838,151.502830481838,0,9.6675720412609e-05
09-Sep-2023 23:00:00,0,0,0,0,0,25,151.502830481838,151.502830481838,0,9.6667725728139e-05
10-Sep-2023 00:00:00,0,0,0,0,0,25,151.502830481838,151.502830481838,0,9.66597330269714e-05
10-Sep-2023 01:00:00,0,0,0,0,0,25,151.502830481838,151.502830481838,0,9.6651742307774e-05
10-Sep-2023 02:00:00,0,0,0,0,0,25,151.502830481838,151.502830481838,0,9.66437535701026e-05
10-Sep-2023 03:00:00,0,0,0,0,0,25,151.502830481838,151.502830481838,0,9.66357668130691e-05
10-Sep-2023 04:00:00,0,0,0,0,0,25,151.502830481838,151.502830481838,0,9.66277820355632e-05
10-Sep-2023 05:00:00,0,0,0,0,0,25,151.502830481838,151.502830481838,0,9.6619799237363e-05
10-Sep-2023 06:00:00,0,0,0,0,0,25,151.502830481838,151.502830481838,0,9.66118184171361e-05
10-Sep-2023 07:00:00,-56.6131464425365,0,138.702208784214,0,0.0693164461690227,25,151.502830481838,151.502830481838,0,9.66038395744384e-05
10-Sep-2023 08:00:00,-194.471004342127,0,476.453960638211,0,0.238107926355928,25,151.502830481838,151.502830481838,0,0.000124541176403481
10-Sep-2023 09:00:00,-255.515735763628,0,626.013552620888,0,0.312850351134877,25,151.502830481838,151.502830481838,0,0.000225800906239249
10-Sep-2023 10:00:00,-212.325923407817,0,520.198512349151,0,0.259969271538806,25,151.502830481838,151.502830481838,0,0.000304108749639376
10-Sep-2023 11:00:00,0,0,0,0,0,25,151.502830481838,151.502830481838,0,0.000386101148881934
10-Sep-2023 12:00:00,0,0,0,0,0,25,151.502830481838,151.502830481838,0,0.000386069288408564
10-Sep-2023 13:00:00,0,0,0,0,0,25,151.502830481838,151.502830481838,0,0.000386037435820663
10-Sep-2023 14:00:00,0,0,0,0,0,25,151.502830481838,151.502830481838,0,0.00038600559111579
10-Sep-2023 15:00:00,0,0,0,0,0,25,151.502830481838,151.502830481838,0,0.000385973754289504
10-Sep-2023 16:00:00,0,0,0,0,0,25,151.502830481838,151.502830481838,0,0.00038594192534025
10-Sep-2023 17:00:00,28.8392863870185,73.5696081301492,0,0.0367664208546473,0,25,151.502830481838,151.539596902693,8.79528674716523e-05,0.000385910104263587
10-Sep-2023 18:00:00,308.780045259757,787.704197091217,0,0.393655270910154,0,25,151.539596902693,151.933252173603,0.00104642568783941,0.00038294558829155
10-Sep-2023 19:00:00,272.558197395702,695.301523968628,0,0.347477023472577,0,25,151.933252173603,152.280729197075,0.00091084469202013,0.000244889217330568
10-Sep-2023 20:00:00,80.2495269276243,204.718180937817,0,0.102307936500658,0,25,152.280729197075,152.383037133576,0.000249360801859111,0.000139975710393259
10-Sep-2023 21:00:00,0,0,0,0,0,25,152.383037133576,152.383037133576,0,9.64923429371822e-05
10-Sep-2023 22:00:00,0,0,0,0,0,25,152.383037133576,152.383037133576,0,9.64843936563931e-05
10-Sep-2023 23:00:00,0,0,0,0,0,25,152.383037133576,152.383037133576,0,9.64764463400325e-05
11-Sep-2023 00:00:00,0,0,0,0,0,25,152.383037133576,152.383037133576,0,9.64685009872124e-05
11-Sep-2023 01:00:00,0,0,0,0,0,25,152.383037133576,152.383037133576,0,9.64605575970445e-05
11-Sep-2023 02:00:00,0,0,0,0,0,25,152.383037133576,152.383037133576,0,9.64526161688628e-05
11-Sep-2023 03:00:00,0,0,0,0,0,25,152.383037133576,152.383037133576,0,9.6444676701779e-05
11-Sep-2023 04:00:00,0,0,0,0,0,25,152.383037133576,152.383037133576,0,9.6436739194905e-05
11-Sep-2023 05:00:00,0,0,0,0,0,25,152.383037133576,152.383037133576,0,9.64288036475747e-05
11-Sep-2023 06:00:00,0,0,0,0,0,25,152.383037133576,152.383037133576,0,9.64208700586777e-05
11-Sep-2023 07:00:00,-36.2518388002386,0,88.8170050605846,0,0.0443863093756045,25,152.383037133576,152.383037133576,0,9.64129384279921e-05
11-Sep-2023 08:00:00,-175.000798028247,0,428.751955169205,0,0.214268843163021,25,152.383037133576,152.383037133576,0,0.000113819940011695
11-Sep-2023 09:00:00,-234.388642427093,0,574.252173946378,0,0.286982595675351,25,152.383037133576,152.383037133576,0,0.000212931690452001
11-Sep-2023 10:00:00,-273.229429193127,0,669.41210152316,0,0.334538781370894,25,152.383037133576,152.383037133576,0,0.000266659699206251
11-Sep-2023 11:00:00,0,0,0,0,0,25,152.383037133576,152.383037133576,0,0.000385338667465485
11-Sep-2023 12:00:00,0,0,0,0,0,25,152.383037133576,152.383037133576,0,0.000385306995361212
11-Sep-2023 13:00:00,0,0,0,0,0,25,152.383037133576,152.383037133576,0,0.000385275331063806
11-Sep-2023 14:00:00,0,0,0,0,0,25,152.383037133576,152.383037133576,0,0.000385243674572378
11-Sep-2023 15:00:00,0,0,0,0,0,25,152.383037133576,152.383037133576,0,0.000385212025882042
11-Sep-2023 16:00:00,0,0,0,0,0,25,152.383037133576,152.383037133576,0,0.00038518038499169
11-Sep-2023 17:00:00,116.38911165205,296.910999112374,0,0.148381308901736,0,25,152.383037133576,152.531418442478,0.000366583016651933,0.000385148751896214
11-Sep-2023 18:00:00,335.079025405158,854.793432156014,0,0.427183124515749,0,25,152.531418442478,152.958601566993,0.00114587549844175,0.000360894137798828
11-Sep-2023 19:00:00,238.907794774221,609.458660138318,0,0.304577041548385,0,25,152.958601566993,153.263178608542,0.000787635965748767,0.000224593724062805
11-Sep-2023 20:00:00,0,0,0,0,0,25,153.263178608542,153.263178608542,0,9.63100050266341e-05
11-Sep-2023 21:00:00,0,0,0,0,0,25,153.263178608542,153.263178608542,0,9.63021007214238e-05
11-Sep-2023 22:00:00,0,0,0,0,0,25,153.263178608542,153.263178608542,0,9.62941983624344e-05
11-Sep-2023 23:00:00,0,0,0,0,0,25,153.263178608542,153.263178608542,0,9.62862979481116e-05
12-Sep-2023 00:00:00,0,0,0,0,0,25,153.263178608542,153.263178608542,0,9.62783994780114e-05
12-Sep-2023 01:00:00,0,0,0,0,0,25,153.263178608542,153.263178608542,0,9.62705029512456e-05
12-Sep-2023 02:00:00,0,0,0,0,0,25,153.263178608542,153.263178608542,0,9.62626083675922e-05
12-Sep-2023 03:00:00,0,0,0,0,0,25,153.263178608542,153.263178608542,0,9.62547157252747e-05
12-Sep-2023 04:00:00,0,0,0,0,0,25,153.263178608542,153.263178608542,0,9.62468250245152e-05
12-Sep-2023 05:00:00,0,0,0,0,0,25,153.263178608542,153.263178608542,0,9.62389362637595e-05
12-Sep-2023 06:00:00,0,0,0,0,0,25,153.263178608542,153.263178608542,0,9.62310494425633e-05
12-Sep-2023 07:00:00,0,0,0,0,0,25,153.263178608542,153.263178608542,0,9.62231645598166e-05
12-Sep-2023 08:00:00,-139.834660825349,0,342.594919022104,0,0.17121185358426,25,153.263178608542,153.263178608542,0,9.62152816148532e-05
12-Sep-2023 09:00:00,-219.549322047391,0,537.895839016108,0,0.268813512751678,25,153.263178608542,153.263178608542,0,0.000175575321309074
12-Sep-2023 10:00:00,-262.314925610415,0,642.671567745517,0,0.321175196274621,25,153.263178608542,153.263178608542,0,0.000242833357070316
12-Sep-2023 11:00:00,-97.1176071554864,0,237.938137530942,0,0.118909613958492,25,153.263178608542,153.263178608542,0,0.000369032152477189
12-Sep-2023 12:00:00,0,0,0,0,0,25,153.263178608542,153.263178608542,0,0.000384549199992978
12-Sep-2023 13:00:00,0,0,0,0,0,25,153.263178608542,153.263178608542,0,0.00038451772214021
12-Sep-2023 14:00:00,0,0,0,0,0,25,153.263178608542,153.263178608542,0,0.000384486252013927
12-Sep-2023 15:00:00,0,0,0,0,0,25,153.263178608542,153.263178608542,0,0.000384454789614352
12-Sep-2023 16:00:00,0,0,0,0,0,25,153.263178608542,153.263178608542,0,0.000384423334937933
12-Sep-2023 17:00:00,141.06655331763,359.863656422526,0,0.179841907257634,0,25,153.263178608542,153.4430205158,0.00044811803568634,0.000384391887978897
12-Sep-2023 18:00:00,322.856245666762,823.612871598884,0,0.411600635481701,0,25,153.4430205158,153.854621151281,0.00109814210894199,0.000347521956984398
12-Sep-2023 19:00:00,226.402148167909,577.556500428339,0,0.288633933247546,0,25,153.854621151281,154.143255084529,0.000742326941982341,0.00022059586834855
12-Sep-2023 20:00:00,0,0,0,0,0,25,154.143255084529,154.143255084529,0,9.61208371439426e-05
12-Sep-2023 21:00:00,0,0,0,0,0,25,154.143255084529,154.143255084529,0,9.61129793193294e-05
12-Sep-2023 22:00:00,0,0,0,0,0,25,154.143255084529,154.143255084529,0,9.61051234216193e-05
12-Sep-2023 23:00:00,0,0,0,0,0,25,154.143255084529,154.143255084529,0,9.60972694501461e-05
13-Sep-2023 00:00:00,0,0,0,0,0,25,154.143255084529,154.143255084529,0,9.60894174035776e-05
13-Sep-2023 01:00:00,0,0,0,0,0,25,154.143255084529,154.143255084529,0,9.60815672819137e-05
13-Sep-2023 02:00:00,0,0,0,0,0,25,154.143255084529,154.143255084529,0,9.60737190833783e-05
13-Sep-2023 03:00:00,0,0,0,0,0,25,154.143255084529,154.143255084529,0,9.60658728079711e-05
13-Sep-2023 04:00:00,0,0,0,0,0,25,154.143255084529,154.143255084529,0,9.605802845436e-05
13-Sep-2023 05:00:00,0,0,0,0,0,25,154.143255084529,154.143255084529,0,9.60501860225449e-05
13-Sep-2023 06:00:00,0,0,0,0,0,25,154.143255084529,154.143255084529,0,9.60423455111936e-05
13-Sep-2023 07:00:00,-4.70907621813926,0,11.5372367344412,0,0.00576573549947086,25,154.143255084529,154.143255084529,0,9.60345069191959e-05
13-Sep-2023 08:00:00,4.52259235817949,11.5372254035191,0,0.00576572983684114,0,25,154.143255084529,154.149020814366,1.3635931885192e-05,9.8324470468647e-05
13-Sep-2023 09:00:00,0,0,0,0,0,25,154.149020814366,154.149020814366,0,9.60188354917069e-05
13-Sep-2023 10:00:00,0,0,0,0,0,25,154.149020814366,154.149020814366,0,9.60110026544392e-05
13-Sep-2023 11:00:00,0,0,0,0,0,25,154.149020814366,154.149020814366,0,9.60031717336385e-05
13-Sep-2023 12:00:00,0,0,0,0,0,25,154.149020814366,154.149020814366,0,9.59953427288607e-05
13-Sep-2023 13:00:00,0,0,0,0,0,25,154.149020814366,154.149020814366,0,9.59875156389955e-05
13-Sep-2023 14:00:00,0,0,0,0,0,25,154.149020814366,154.149020814366,0,9.5979690463599e-05
13-Sep-2023 15:00:00,0,0,0,0,0,25,154.149020814366,154.149020814366,0,9.59718672013388e-05
13-Sep-2023 16:00:00,0,0,0,0,0,25,154.149020814366,154.149020814366,0,9.59640458519928e-05
13-Sep-2023 17:00:00,0,0,0,0,0,25,154.149020814366,154.149020814366,0,9.59562264144509e-05
13-Sep-2023 18:00:00,0,0,0,0,0,25,154.149020814366,154.149020814366,0,9.59484088882689e-05
13-Sep-2023 19:00:00,0,0,0,0,0,25,154.149020814366,154.149020814366,0,9.59405932721147e-05
13-Sep-2023 20:00:00,0,0,0,0,0,25,154.149020814366,154.149020814366,0,9.59327795657661e-05
13-Sep-2023 21:00:00,0,0,0,0,0,25,154.149020814366,154.149020814366,0,9.59249677683349e-05
13-Sep-2023 22:00:00,0,0,0,0,0,25,154.149020814366,154.149020814366,0,9.5917157878711e-05
13-Sep-2023 23:00:00,0,0,0,0,0,25,154.149020814366,154.149020814366,0,9.59093498964503e-05
14-Sep-2023 00:00:00,0,0,0,0,0,25,154.149020814366,154.149020814366,0,9.59015438204425e-05
14-Sep-2023 01:00:00,0,0,0,0,0,25,154.149020814366,154.149020814366,0,9.58937396506876e-05
14-Sep-2023 02:00:00,0,0,0,0,0,25,154.149020814366,154.149020814366,0,9.58859373854093e-05
14-Sep-2023 03:00:00,0,0,0,0,0,25,154.149020814366,154.149020814366,0,9.58781370243855e-05
14-Sep-2023 04:00:00,0,0,0,0,0,25,154.149020814366,154.149020814366,0,9.58703385667281e-05
14-Sep-2023 05:00:00,0,0,0,0,0,25,154.149020814366,154.149020814366,0,9.58625420115489e-05
14-Sep-2023 06:00:00,0,0,0,0,0,25,154.149020814366,154.149020814366,0,9.58547473584037e-05
14-Sep-2023 07:00:00,-88.8383114524148,0,217.653863058416,0,0.10877254525658,25,154.149020814366,154.149020814366,0,9.58469546064045e-05
14-Sep-2023 08:00:00,-214.847752685243,0,526.376994078844,0,0.263056968555145,25,154.149020814366,154.149020814366,0,0.000142266914185951
14-Sep-2023 09:00:00,-307.10063134799,0,752.396546802576,0,0.376010268267154,25,154.149020814366,154.149020814366,0,0.00023401953449631
14-Sep-2023 10:00:00,-107.960534079441,0,264.503308494631,0,0.132185561466582,25,154.149020814366,154.149020814366,0,0.000364095697857447
14-Sep-2023 11:00:00,0,0,0,0,0,25,154.149020814366,154.149020814366,0,0.000383078044670526
14-Sep-2023 12:00:00,0,0,0,0,0,25,154.149020814366,154.149020814366,0,0.000383046926678565
14-Sep-2023 13:00:00,0,0,0,0,0,25,154.149020814366,154.149020814366,0,0.000383015816266985
14-Sep-2023 14:00:00,0,0,0,0,0,25,154.149020814366,154.149020814366,0,0.00038298471343623
14-Sep-2023 15:00:00,0,0,0,0,0,25,154.149020814366,154.149020814366,0,0.000382953618180748
14-Sep-2023 16:00:00,0,0,0,0,0,25,154.149020814366,154.149020814366,0,0.000382922530497432
14-Sep-2023 17:00:00,37.1203911330205,94.6948753393381,0,0.0473237757817781,0,25,154.149020814366,154.196344590147,0.000113303133022269,0.00038289145038517
14-Sep-2023 18:00:00,340.140665553131,867.705779472273,0,0.433636071700286,0,25,154.196344590147,154.629980661848,0.00116373977110679,0.000378939018416347
14-Sep-2023 19:00:00,265.653292436066,677.686970500168,0,0.338674148175996,0,25,154.629980661848,154.968654810024,0.000883414381454062,0.000236968412484329
14-Sep-2023 20:00:00,47.3409897503402,120.767830995766,0,0.0603537386285687,0,25,154.968654810024,155.029008548652,0.000144955879410935,0.000119597654471448
14-Sep-2023 21:00:00,0,0,0,0,0,25,155.029008548652,155.029008548652,0,9.57380552553122e-05
14-Sep-2023 22:00:00,0,0,0,0,0,25,155.029008548652,155.029008548652,0,9.57302909265767e-05
14-Sep-2023 23:00:00,0,0,0,0,0,25,155.029008548652,155.029008548652,0,9.57225284865526e-05
15-Sep-2023 00:00:00,0,0,0,0,0,25,155.029008548652,155.029008548652,0,9.57147679345738e-05
15-Sep-2023 01:00:00,0,0,0,0,0,25,155.029008548652,155.029008548652,0,9.57070092699741e-05
15-Sep-2023 02:00:00,0,0,0,0,0,25,155.029008548652,155.029008548652,0,9.56992524914213e-05
15-Sep-2023 03:00:00,0,0,0,0,0,25,155.029008548652,155.029008548652,0,9.56914975986933e-05
15-Sep-2023 04:00:00,0,0,0,0,0,25,155.029008548652,155.029008548652,0,9.56837445911241e-05
15-Sep-2023 05:00:00,0,0,0,0,0,25,155.029008548652,155.029008548652,0,9.56759934673812e-05
15-Sep-2023 06:00:00,0,0,0,0,0,25,155.029008548652,155.029008548652,0,9.56682442272427e-05
15-Sep-2023 07:00:00,-90.0272710806147,0,220.566814147506,0,0.110228292927289,25,155.029008548652,155.029008548652,0,9.56604968695984e-05
15-Sep-2023 08:00:00,-206.020941092523,0,504.751305676681,0,0.252249528074303,25,155.029008548652,155.029008548652,0,0.00014273085159533
15-Sep-2023 09:00:00,-287.420091130759,0,704.179223270359,0,0.351913654807775,25,155.029008548652,155.029008548652,0,0.000232404321731439
15-Sep-2023 10:00:00,-135.223612127914,0,331.29784971339,0,0.165566141785802,25,155.029008548652,155.029008548652,0,0.000351877248309984
15-Sep-2023 11:00:00,0,0,0,0,0,25,155.029008548652,155.029008548652,0,0.000382333299284054
15-Sep-2023 12:00:00,0,0,0,0,0,25,155.029008548652,155.029008548652,0,0.000382302362414322
15-Sep-2023 13:00:00,0,0,0,0,0,25,155.029008548652,155.029008548652,0,0.000382271433053694
15-Sep-2023 14:00:00,0,0,0,0,0,25,155.029008548652,155.029008548652,0,0.000382240511198173
15-Sep-2023 15:00:00,0,0,0,0,0,25,155.029008548652,155.029008548652,0,0.000382209596846428
15-Sep-2023 16:00:00,0,0,0,0,0,25,155.029008548652,155.029008548652,0,0.000382178689992463
15-Sep-2023 17:00:00,21.2513336952833,54.2125859573553,0,0.0270927466053749,0,25,155.029008548652,155.056101295258,6.44306624246194e-05,0.000382147790636278
15-Sep-2023 18:00:00,332.434138275114,848.046271109985,0,0.423811229940022,0,25,155.056101295258,155.479912525198,0.00113324423587663,0.000380050132464671
15-Sep-2023 19:00:00,263.880702965789,673.165058586195,0,0.336414322132032,0,25,155.479912525198,155.81632684733,0.000876299613346343,0.00023990922663164
15-Sep-2023 20:00:00,72.6359400526109,185.295765440334,0,0.0926015819292023,0,25,155.81632684733,155.908928429259,0.000224376372940538,0.000133896435120073
15-Sep-2023 21:00:00,0,0,0,0,0,25,155.908928429259,155.908928429259,0,9.55522311145707e-05
15-Sep-2023 22:00:00,0,0,0,0,0,25,155.908928429259,155.908928429259,0,9.55445119052989e-05
15-Sep-2023 23:00:00,0,0,0,0,0,25,155.908928429259,155.908928429259,0,9.55367945667529e-05
16-Sep-2023 00:00:00,0,0,0,0,0,25,155.908928429259,155.908928429259,0,9.55290790976004e-05
16-Sep-2023 01:00:00,0,0,0,0,0,25,155.908928429259,155.908928429259,0,9.55213654978415e-05
16-Sep-2023 02:00:00,0,0,0,0,0,25,155.908928429259,155.908928429259,0,9.55136537656998e-05
16-Sep-2023 03:00:00,0,0,0,0,0,25,155.908928429259,155.908928429259,0,9.55059439016193e-05
16-Sep-2023 04:00:00,0,0,0,0,0,25,155.908928429259,155.908928429259,0,9.54982359040457e-05
16-Sep-2023 05:00:00,0,0,0,0,0,25,155.908928429259,155.908928429259,0,9.5490529772313e-05
16-Sep-2023 06:00:00,0,0,0,0,0,25,155.908928429259,155.908928429259,0,9.54828255057549e-05
16-Sep-2023 07:00:00,-51.5100465842145,0,126.199614131326,0,0.0630682729291982,25,155.908928429259,155.908928429259,0,9.54751231037054e-05
16-Sep-2023 08:00:00,-231.746993943525,0,567.780135161637,0,0.283748193484076,25,155.908928429259,155.908928429259,0,0.000120402406713405
16-Sep-2023 09:00:00,-289.043786698665,0,708.15727741173,0,0.353901687861934,25,155.908928429259,155.908928429259,0,0.000229848548491285
16-Sep-2023 10:00:00,-146.335938195885,0,358.523048579918,0,0.179171938320799,25,155.908928429259,155.908928429259,0,0.000345334747475112
16-Sep-2023 11:00:00,0,0,0,0,0,25,155.908928429259,155.908928429259,0,0.000381592880675186
16-Sep-2023 12:00:00,0,0,0,0,0,25,155.908928429259,155.908928429259,0,0.000381562123177748
16-Sep-2023 13:00:00,0,0,0,0,0,25,155.908928429259,155.908928429259,0,0.00038153137311725
16-Sep-2023 14:00:00,0,0,0,0,0,25,155.908928429259,155.908928429259,0,0.000381500630490583
16-Sep-2023 15:00:00,0,0,0,0,0,25,155.908928429259,155.908928429259,0,0.000381469895293307
16-Sep-2023 16:00:00,0,0,0,0,0,25,155.908928429259,155.908928429259,0,0.000381439167522979
16-Sep-2023 17:00:00,63.2239342167902,161.285546471404,0,0.080602471999702,0,25,155.908928429259,155.989530901259,0.000194595169959677,0.000381408447178488
16-Sep-2023 18:00:00,317.510706489768,809.976292065736,0,0.40478575315629,0,25,155.989530901259,156.394316654415,0.00107545204969761,0.000373367604161512
16-Sep-2023 19:00:00,277.267930246498,707.316148588005,0,0.353481333627189,0,25,156.394316654415,156.747797988042,0.000924699833251386,0.000235548794387919
16-Sep-2023 20:00:00,32.147244270972,82.0082762014592,0,0.0409836462775908,0,25,156.747797988042,156.78878163432,9.77241671186735e-05,0.000111264113536125
16-Sep-2023 21:00:00,0,0,0,0,0,25,156.78878163432,156.78878163432,0,9.53674848245267e-05
16-Sep-2023 22:00:00,0,0,0,0,0,25,156.78878163432,156.78878163432,0,9.53598102995112e-05
16-Sep-2023 23:00:00,0,0,0,0,0,25,156.78878163432,156.78878163432,0,9.53521376270139e-05
17-Sep-2023 00:00:00,0,0,0,0,0,25,156.78878163432,156.78878163432,0,9.53444668061465e-05
17-Sep-2023 01:00:00,0,0,0,0,0,25,156.78878163432,156.78878163432,0,9.53367978362429e-05
17-Sep-2023 02:00:00,0,0,0,0,0,25,156.78878163432,156.78878163432,0,9.53291307166371e-05
17-Sep-2023 03:00:00,0,0,0,0,0,25,156.78878163432,156.78878163432,0,9.53214654466628e-05
17-Sep-2023 04:00:00,0,0,0,0,0,25,156.78878163432,156.78878163432,0,9.53138020254318e-05
17-Sep-2023 05:00:00,0,0,0,0,0,25,156.78878163432,156.78878163432,0,9.53061404522781e-05
17-Sep-2023 06:00:00,0,0,0,0,0,25,156.78878163432,156.78878163432,0,9.52984807260915e-05
17-Sep-2023 07:00:00,0,0,0,0,0,25,156.78878163432,156.78878163432,0,9.52908228464278e-05
17-Sep-2023 08:00:00,-85.0618767253201,0,208.401597977034,0,0.104148724626204,25,156.78878163432,156.78878163432,0,9.52831668130649e-05
17-Sep-2023 09:00:00,-222.562987319382,0,545.279318932487,0,0.272503407762362,25,156.78878163432,156.78878163432,0,0.000139131698736694
17-Sep-2023 10:00:00,-280.387283851571,0,686.948845436349,0,0.343302771332508,25,156.78878163432,156.78878163432,0,0.000233229259265721
17-Sep-2023 11:00:00,-130.569337912874,0,319.894877886542,0,0.159867505190675,25,156.78878163432,156.78878163432,0,0.000352723927444787
17-Sep-2023 12:00:00,0,0,0,0,0,25,156.78878163432,156.78878163432,0,0.00038082616725843
17-Sep-2023 13:00:00,0,0,0,0,0,25,156.78878163432,156.78878163432,0,0.000380795594771666
17-Sep-2023 14:00:00,0,0,0,0,0,25,156.78878163432,156.78878163432,0,0.000380765029649011
17-Sep-2023 15:00:00,0,0,0,0,0,25,156.78878163432,156.78878163432,0,0.000380734471882471
17-Sep-2023 16:00:00,0,0,0,0,0,25,156.78878163432,156.78878163432,0,0.00038070392147449
17-Sep-2023 17:00:00,69.8127220129972,178.093678604585,0,0.0890023381332258,0,25,156.78878163432,156.877783972453,0.000215248960769521,0.000380673378418184
17-Sep-2023 18:00:00,315.051810444735,803.703598073302,0,0.401650973549876,0,25,156.877783972453,157.279434946003,0.00106533822567095,0.00037131685771441
17-Sep-2023 19:00:00,279.652089118233,713.398186526105,0,0.356520832846629,0,25,157.279434946003,157.635955778849,0.000932795936002151,0.000234500202914711
17-Sep-2023 20:00:00,25.5826870101496,65.2619566585448,0,0.0326146709937755,0,25,157.635955778849,157.668570449843,7.75187012266865e-05,0.000107792926409278
17-Sep-2023 21:00:00,0,0,0,0,0,25,157.668570449843,157.668570449843,0,9.51838060050392e-05
17-Sep-2023 22:00:00,0,0,0,0,0,25,157.668570449843,157.668570449843,0,9.51761757350678e-05
17-Sep-2023 23:00:00,0,0,0,0,0,25,157.668570449843,157.668570449843,0,9.51685472991848e-05
18-Sep-2023 00:00:00,0,0,0,0,0,25,157.668570449843,157.668570449843,0,9.51609206978343e-05
18-Sep-2023 01:00:00,0,0,0,0,0,25,157.668570449843,157.668570449843,0,9.51532959294621e-05
18-Sep-2023 02:00:00,0,0,0,0,0,25,157.668570449843,157.668570449843,0,9.5145672993624e-05
18-Sep-2023 03:00:00,0,0,0,0,0,25,157.668570449843,157.668570449843,0,9.51380518894318e-05
18-Sep-2023 04:00:00,0,0,0,0,0,25,157.668570449843,157.668570449843,0,9.51304326166635e-05
18-Sep-2023 05:00:00,0,0,0,0,0,25,157.668570449843,157.668570449843,0,9.51228151737649e-05
18-Sep-2023 06:00:00,0,0,0,0,0,25,157.668570449843,157.668570449843,0,9.51151995609578e-05
18-Sep-2023 07:00:00,0,0,0,0,0,25,157.668570449843,157.668570449843,0,9.51075857764661e-05
18-Sep-2023 08:00:00,-138.904688190647,0,340.316486067085,0,0.170073206430327,25,157.668570449843,157.668570449843,0,9.50999738205116e-05
18-Sep-2023 09:00:00,-220.644608038435,0,540.579289694166,0,0.270154567563301,25,157.668570449843,157.668570449843,0,0.000172996039216722
18-Sep-2023 10:00:00,-50.2697060359014,0,123.160779787959,0,0.061549615086436,25,157.668570449843,157.668570449843,0,0.000240066825320406
18-Sep-2023 11:00:00,164.991008031664,420.895428652205,0,0.210342543054575,0,25,157.668570449843,157.878912992898,0.0005268950789169,0.000250346849186789
18-Sep-2023 12:00:00,228.595636579116,583.152134130398,0,0.291430351889255,0,25,157.878912992898,158.170343344787,0.000747597193156646,0.000218845288380454
18-Sep-2023 13:00:00,0,0,0,0,0,25,158.170343344787,158.170343344787,0,9.50619414357146e-05
18-Sep-2023 14:00:00,0,0,0,0,0,25,158.170343344787,158.170343344787,0,9.50543404327764e-05
18-Sep-2023 15:00:00,0,0,0,0,0,25,158.170343344787,158.170343344787,0,9.50467412530465e-05
18-Sep-2023 16:00:00,0,0,0,0,0,25,158.170343344787,158.170343344787,0,9.50391438954146e-05
18-Sep-2023 17:00:00,0,0,0,0,0,25,158.170343344787,158.170343344787,0,9.50315483594366e-05
18-Sep-2023 18:00:00,0,0,0,0,0,25,158.170343344787,158.170343344787,0,9.50239546442244e-05
18-Sep-2023 19:00:00,0,0,0,0,0,25,158.170343344787,158.170343344787,0,9.50163627491118e-05
18-Sep-2023 20:00:00,0,0,0,0,0,25,158.170343344787,158.170343344787,0,9.50087726732107e-05
18-Sep-2023 21:00:00,0,0,0,0,0,25,158.170343344787,158.170343344787,0,9.5001184416299e-05
18-Sep-2023 22:00:00,0,0,0,0,0,25,158.170343344787,158.170343344787,0,9.49935979770444e-05
18-Sep-2023 23:00:00,0,0,0,0,0,25,158.170343344787,158.170343344787,0,9.49860133550029e-05
19-Sep-2023 00:00:00,0,0,0,0,0,25,158.170343344787,158.170343344787,0,9.49784305495083e-05
19-Sep-2023 01:00:00,0,0,0,0,0,25,158.170343344787,158.170343344787,0,9.49708495596724e-05
19-Sep-2023 02:00:00,0,0,0,0,0,25,158.170343344787,158.170343344787,0,9.49632703848291e-05
19-Sep-2023 03:00:00,0,0,0,0,0,25,158.170343344787,158.170343344787,0,9.49556930243123e-05
19-Sep-2023 04:00:00,0,0,0,0,0,25,158.170343344787,158.170343344787,0,9.49481174774558e-05
19-Sep-2023 05:00:00,0,0,0,0,0,25,158.170343344787,158.170343344787,0,9.49405437431494e-05
19-Sep-2023 06:00:00,0,0,0,0,0,25,158.170343344787,158.170343344787,0,9.49329718211711e-05
19-Sep-2023 07:00:00,-87.9153999377364,0,215.392729847454,0,0.107642543651901,25,158.170343344787,158.170343344787,0,9.49254017104106e-05
19-Sep-2023 08:00:00,84.4338681036632,215.39252067261,0,0.107642439116747,0,25,158.170343344787,158.277985783904,0.000261468849565238,0.000140352518610332
19-Sep-2023 09:00:00,0,0,0,0,0,25,158.277985783904,158.277985783904,0,9.49102669205448e-05
19-Sep-2023 10:00:00,-282.252797270242,0,691.519353312094,0,0.34558688321444,25,158.277985783904,158.277985783904,0,9.49027022398852e-05
19-Sep-2023 11:00:00,-277.643795609923,0,680.22729924431,0,0.339943677783264,25,158.277985783904,158.277985783904,0,0.000228323817613063
19-Sep-2023 12:00:00,-158.599541239779,0,388.568876037458,0,0.194187344346556,25,158.277985783904,158.277985783904,0,0.000336084483298471
19-Sep-2023 13:00:00,0,0,0,0,0,25,158.277985783904,158.277985783904,0,0.000379336718900003
19-Sep-2023 14:00:00,13.7336956328845,35.034937838991,0,0.0175087145622144,0,25,158.277985783904,158.295494498466,4.14077086820508e-05,0.000379306503700327
19-Sep-2023 15:00:00,91.5536478399699,233.555224081556,0,0.116719252414571,0,25,158.295494498466,158.412213750881,0.000284248185639824,0.000377986985743872
19-Sep-2023 16:00:00,200.717377732935,512.034126869732,0,0.255889118875428,0,25,158.412213750881,158.668102869756,0.000649275207689648,0.000359824072178272
19-Sep-2023 17:00:00,231.756778604382,591.216271949955,0,0.295460405772092,0,25,158.668102869756,158.963563275528,0.000758341494705772,0.000247173783808341
19-Sep-2023 18:00:00,152.263213933431,388.426566156713,0,0.194116224965874,0,25,158.963563275528,159.157679500494,0.000483408152315845,0.000184327488800706
19-Sep-2023 19:00:00,0,0,0,0,0,25,159.157679500494,159.157679500494,0,9.48347014093631e-05
19-Sep-2023 20:00:00,0,0,0,0,0,25,159.157679500494,159.157679500494,0,9.48271547813739e-05
19-Sep-2023 21:00:00,0,0,0,0,0,25,159.157679500494,159.157679500494,0,9.48196099541665e-05
19-Sep-2023 22:00:00,0,0,0,0,0,25,159.157679500494,159.157679500494,0,9.48120669284069e-05
19-Sep-2023 23:00:00,0,0,0,0,0,25,159.157679500494,159.157679500494,0,9.48045257018748e-05
20-Sep-2023 00:00:00,0,0,0,0,0,25,159.157679500494,159.157679500494,0,9.47969862750142e-05
20-Sep-2023 01:00:00,0,0,0,0,0,25,159.157679500494,159.157679500494,0,9.47894486462708e-05
20-Sep-2023 02:00:00,0,0,0,0,0,25,159.157679500494,159.157679500494,0,9.47819128154226e-05
20-Sep-2023 03:00:00,0,0,0,0,0,25,159.157679500494,159.157679500494,0,9.47743787813593e-05
20-Sep-2023 04:00:00,0,0,0,0,0,25,159.157679500494,159.157679500494,0,9.47668465438589e-05
20-Sep-2023 05:00:00,0,0,0,0,0,25,159.157679500494,159.157679500494,0,9.47593161020333e-05
20-Sep-2023 06:00:00,0,0,0,0,0,25,159.157679500494,159.157679500494,0,9.47517874547721e-05
20-Sep-2023 07:00:00,-15.7186363823592,0,38.5106591367801,0,0.0192457067150326,25,159.157679500494,159.157679500494,0,9.47442606020754e-05
20-Sep-2023 08:00:00,15.0961637482285,38.5106218067054,0,0.019245688059323,0,25,159.157679500494,159.176925188553,4.55059238901878e-05,0.000102179507376121
20-Sep-2023 09:00:00,-0.931173445916074,0,2.28137494249438,0,0.00114011741254092,25,159.176925188553,159.176925188553,0,9.47292122757126e-05
20-Sep-2023 10:00:00,0.894298110710025,2.28137273140312,0,0.00114011630754779,0,25,159.176925188553,159.178065304861,2.6813440033302e-06,9.51739635177695e-05
20-Sep-2023 11:00:00,-276.375610202986,0,677.120244997316,0,0.33839092703514,25,159.178065304861,159.178065304861,0,9.47141711176158e-05
20-Sep-2023 12:00:00,-325.939113042143,0,798.550826953249,0,0.399075875538855,25,159.178065304861,159.178065304861,0,0.000226816962028531
20-Sep-2023 13:00:00,-116.134635970864,0,284.529858128616,0,0.142193832148234,25,159.178065304861,159.178065304861,0,0.000356802564998704
20-Sep-2023 14:00:00,0,0,0,0,0,25,159.178065304861,159.178065304861,0,0.000378583498030771
20-Sep-2023 15:00:00,39.2995597726159,100.253979011775,0,0.0501019385366193,0,25,159.178065304861,159.228167243397,0.0001195479931696,0.000378553462447639
20-Sep-2023 16:00:00,169.286445967707,431.853178489048,0,0.215818679904572,0,25,159.228167243397,159.443985923302,0.000540792071245633,0.000374362377952409
20-Sep-2023 17:00:00,149.513664264515,381.412408838047,0,0.190610898969539,0,25,159.443985923302,159.634596822272,0.000473996918831043,0.000294556106186006
20-Sep-2023 18:00:00,320.872159551407,818.551427427058,0,0.409071178124467,0,25,159.634596822272,160.043668000396,0.00108493734264131,0.000236966262019189
20-Sep-2023 19:00:00,11.0095617061376,28.0856165972898,0,0.0140357904034432,0,25,160.043668000396,160.057703790799,3.31119958239534e-05,0.000100105544533768
20-Sep-2023 20:00:00,0,0,0,0,0,25,160.057703790799,160.057703790799,0,9.46465744600111e-05
20-Sep-2023 21:00:00,0,0,0,0,0,25,160.057703790799,160.057703790799,0,9.46390726508373e-05
20-Sep-2023 22:00:00,0,0,0,0,0,25,160.057703790799,160.057703790799,0,9.46315726253477e-05
20-Sep-2023 23:00:00,0,0,0,0,0,25,160.057703790799,160.057703790799,0,9.46240743826543e-05
21-Sep-2023 00:00:00,0,0,0,0,0,25,160.057703790799,160.057703790799,0,9.46165779218688e-05
21-Sep-2023 01:00:00,0,0,0,0,0,25,160.057703790799,160.057703790799,0,9.46090832427693e-05
21-Sep-2023 02:00:00,0,0,0,0,0,25,160.057703790799,160.057703790799,0,9.46015903440234e-05
21-Sep-2023 03:00:00,0,0,0,0,0,25,160.057703790799,160.057703790799,0,9.45940992254091e-05
21-Sep-2023 04:00:00,0,0,0,0,0,25,160.057703790799,160.057703790799,0,9.45866098862602e-05
21-Sep-2023 05:00:00,0,0,0,0,0,25,160.057703790799,160.057703790799,0,9.45791223254666e-05
21-Sep-2023 06:00:00,0,0,0,0,0,25,160.057703790799,160.057703790799,0,9.45716365425842e-05
21-Sep-2023 07:00:00,-65.4050542047146,0,160.242382801551,0,0.0800811508253627,25,160.057703790799,160.057703790799,0,9.45641525371688e-05
21-Sep-2023 08:00:00,-155.571317275158,0,381.149727324138,0,0.190479623850144,25,160.057703790799,160.057703790799,0,0.000126699720953249
21-Sep-2023 09:00:00,-271.738857032502,0,665.76019972963,0,0.332713742993318,25,160.057703790799,160.057703790799,0,0.00021237614342029
21-Sep-2023 10:00:00,-225.690909060941,0,552.942727199306,0,0.276333197001152,25,160.057703790799,160.057703790799,0,0.000288302477592373
21-Sep-2023 11:00:00,0,0,0,0,0,25,160.057703790799,160.057703790799,0,0.000377954248041767
21-Sep-2023 12:00:00,0,0,0,0,0,25,160.057703790799,160.057703790799,0,0.000377924361966375
21-Sep-2023 13:00:00,0,0,0,0,0,25,160.057703790799,160.057703790799,0,0.000377894482979535
21-Sep-2023 14:00:00,0,0,0,0,0,25,160.057703790799,160.057703790799,0,0.000377864611078804
21-Sep-2023 15:00:00,0,0,0,0,0,25,160.057703790799,160.057703790799,0,0.00037783474626063
21-Sep-2023 16:00:00,0,0,0,0,0,25,160.057703790799,160.057703790799,0,0.00037780488852257
21-Sep-2023 17:00:00,26.7740896716905,68.3012491624759,0,0.0341335578023368,0,25,160.057703790799,160.091837348602,8.10036694192107e-05,0.000377775037861072
21-Sep-2023 18:00:00,314.332059675559,801.867499172345,0,0.400733382894725,0,25,160.091837348602,160.492570731496,0.00105980081542462,0.000375104853809427
21-Sep-2023 19:00:00,265.124428784811,676.337828532681,0,0.337999914309186,0,25,160.492570731496,160.830570645806,0.000877184382936602,0.000239105498024417
21-Sep-2023 20:00:00,83.6980803598658,213.515511122107,0,0.106704403359374,0,25,160.830570645806,160.937275049165,0.000258550936355517,0.000139230097670362
21-Sep-2023 21:00:00,0,0,0,0,0,25,160.937275049165,160.937275049165,0,9.44595626695133e-05
21-Sep-2023 22:00:00,0,0,0,0,0,25,160.937275049165,160.937275049165,0,9.4452105237286e-05
21-Sep-2023 23:00:00,0,0,0,0,0,25,160.937275049165,160.937275049165,0,9.44446495712015e-05
22-Sep-2023 00:00:00,0,0,0,0,0,25,160.937275049165,160.937275049165,0,9.44371956705936e-05
22-Sep-2023 01:00:00,0,0,0,0,0,25,160.937275049165,160.937275049165,0,9.44297435343522e-05
22-Sep-2023 02:00:00,0,0,0,0,0,25,160.937275049165,160.937275049165,0,9.44222931618111e-05
22-Sep-2023 03:00:00,0,0,0,0,0,25,160.937275049165,160.937275049165,0,9.44148445529702e-05
22-Sep-2023 04:00:00,0,0,0,0,0,25,160.937275049165,160.937275049165,0,9.44073977062754e-05
22-Sep-2023 05:00:00,0,0,0,0,0,25,160.937275049165,160.937275049165,0,9.43999526215045e-05
22-Sep-2023 06:00:00,0,0,0,0,0,25,160.937275049165,160.937275049165,0,9.43925092977693e-05
22-Sep-2023 07:00:00,0,0,0,0,0,25,160.937275049165,160.937275049165,0,9.43850677341818e-05
22-Sep-2023 08:00:00,0,0,0,0,0,25,160.937275049165,160.937275049165,0,9.43776279309638e-05
22-Sep-2023 09:00:00,0,0,0,0,0,25,160.937275049165,160.937275049165,0,9.43701898863392e-05
22-Sep-2023 10:00:00,0,0,0,0,0,25,160.937275049165,160.937275049165,0,9.43627536000857e-05
22-Sep-2023 11:00:00,0,0,0,0,0,25,160.937275049165,160.937275049165,0,9.43553190713153e-05
22-Sep-2023 12:00:00,0,0,0,0,0,25,160.937275049165,160.937275049165,0,9.4347886300028e-05
22-Sep-2023 13:00:00,0,0,0,0,0,25,160.937275049165,160.937275049165,0,9.43404552842253e-05
22-Sep-2023 14:00:00,0,0,0,0,0,25,160.937275049165,160.937275049165,0,9.43330260247954e-05
22-Sep-2023 15:00:00,0,0,0,0,0,25,160.937275049165,160.937275049165,0,9.43255985195179e-05
22-Sep-2023 16:00:00,0,0,0,0,0,25,160.937275049165,160.937275049165,0,9.43181727688369e-05
22-Sep-2023 17:00:00,0,0,0,0,0,25,160.937275049165,160.937275049165,0,9.43107487716421e-05
22-Sep-2023 18:00:00,0,0,0,0,0,25,160.937275049165,160.937275049165,0,9.43033265272675e-05
22-Sep-2023 19:00:00,0,0,0,0,0,25,160.937275049165,160.937275049165,0,9.42959060348247e-05
22-Sep-2023 20:00:00,0,0,0,0,0,25,160.937275049165,160.937275049165,0,9.42884872940919e-05
22-Sep-2023 21:00:00,0,0,0,0,0,25,160.937275049165,160.937275049165,0,9.42810703037367e-05
22-Sep-2023 22:00:00,0,0,0,0,0,25,160.937275049165,160.937275049165,0,9.4273655063537e-05
22-Sep-2023 23:00:00,0,0,0,0,0,25,160.937275049165,160.937275049165,0,9.42662415728268e-05
23-Sep-2023 00:00:00,0,0,0,0,0,25,160.937275049165,160.937275049165,0,9.42588298304958e-05
23-Sep-2023 01:00:00,0,0,0,0,0,25,160.937275049165,160.937275049165,0,9.42514198367661e-05
23-Sep-2023 02:00:00,0,0,0,0,0,25,160.937275049165,160.937275049165,0,9.42440115896392e-05
23-Sep-2023 03:00:00,0,0,0,0,0,25,160.937275049165,160.937275049165,0,9.42366050895593e-05
23-Sep-2023 04:00:00,0,0,0,0,0,25,160.937275049165,160.937275049165,0,9.42292003354162e-05
23-Sep-2023 05:00:00,0,0,0,0,0,25,160.937275049165,160.937275049165,0,9.42217973263215e-05
23-Sep-2023 06:00:00,0,0,0,0,0,25,160.937275049165,160.937275049165,0,9.42143960616093e-05
23-Sep-2023 07:00:00,-25.4632075014693,0,62.3848583785997,0,0.0311768407689154,25,160.937275049165,160.937275049165,0,9.42069965408354e-05
23-Sep-2023 08:00:00,-223.802348394211,0,548.315753565816,0,0.274020866349733,25,160.937275049165,160.937275049165,0,0.000106124617143211
23-Sep-2023 09:00:00,-125.715793172995,0,308.003693273839,0,0.153924884194822,25,160.937275049165,160.937275049165,0,0.000219805447968513
23-Sep-2023 10:00:00,-93.3882954815751,0,228.801323929859,0,0.11434349021982,25,160.937275049165,160.937275049165,0,0.000240334144150367
23-Sep-2023 11:00:00,129.741447461811,330.973080259722,0,0.165403838210756,0,25,160.937275049165,161.102678887376,0.000407762177264293,0.000272105893005303
23-Sep-2023 12:00:00,136.600501636784,348.470667440777,0,0.174148259590593,0,25,161.102678887376,161.276827146966,0.00043037333373297,0.000234063919930527
23-Sep-2023 13:00:00,183.47458344269,468.047406741556,0,0.23390674999578,0,25,161.276827146966,161.510733896962,0.00058827620159646,0.000199707853834941
23-Sep-2023 14:00:00,-205.442441135066,0,503.333980780912,0,0.251541219780565,25,161.510733896962,161.510733896962,0,9.41552486675157e-05
23-Sep-2023 15:00:00,-9.43142337210517,0,23.1069872616577,0,0.0115477197709434,25,161.510733896962,161.510733896962,0,0.000205787464707452
23-Sep-2023 16:00:00,206.364234794886,526.439374476749,0,0.263088143166791,0,25,161.510733896962,161.773822040129,0.000667276516725546,0.000209337410735699
23-Sep-2023 17:00:00,0,0,0,0,0,25,161.773822040129,161.773822040129,0,9.41330970969378e-05
23-Sep-2023 18:00:00,0,0,0,0,0,25,161.773822040129,161.773822040129,0,9.41257167137444e-05
23-Sep-2023 19:00:00,0,0,0,0,0,25,161.773822040129,161.773822040129,0,9.41183380662736e-05
23-Sep-2023 20:00:00,0,0,0,0,0,25,161.773822040129,161.773822040129,0,9.41109611538593e-05
23-Sep-2023 21:00:00,0,0,0,0,0,25,161.773822040129,161.773822040129,0,9.41035859753914e-05
23-Sep-2023 22:00:00,0,0,0,0,0,25,161.773822040129,161.773822040129,0,9.40962125310918e-05
23-Sep-2023 23:00:00,0,0,0,0,0,25,161.773822040129,161.773822040129,0,9.40888408191842e-05
24-Sep-2023 00:00:00,0,0,0,0,0,25,161.773822040129,161.773822040129,0,9.40814708398907e-05
24-Sep-2023 01:00:00,0,0,0,0,0,25,161.773822040129,161.773822040129,0,9.40741025923231e-05
24-Sep-2023 02:00:00,0,0,0,0,0,25,161.773822040129,161.773822040129,0,9.40667360753711e-05
24-Sep-2023 03:00:00,0,0,0,0,0,25,161.773822040129,161.773822040129,0,9.40593712888127e-05
24-Sep-2023 04:00:00,0,0,0,0,0,25,161.773822040129,161.773822040129,0,9.40520082319818e-05
24-Sep-2023 05:00:00,0,0,0,0,0,25,161.773822040129,161.773822040129,0,9.40446469037681e-05
24-Sep-2023 06:00:00,0,0,0,0,0,25,161.773822040129,161.773822040129,0,9.40372873037276e-05
24-Sep-2023 07:00:00,0,0,0,0,0,25,161.773822040129,161.773822040129,0,9.40299294314162e-05
24-Sep-2023 08:00:00,0,0,0,0,0,25,161.773822040129,161.773822040129,0,9.40225732861677e-05
24-Sep-2023 09:00:00,0,0,0,0,0,25,161.773822040129,161.773822040129,0,9.40152188664278e-05
24-Sep-2023 10:00:00,-339.626674048139,0,832.085351417939,0,0.415834758329805,25,161.773822040129,161.773822040129,0,9.40078661730848e-05
24-Sep-2023 11:00:00,-314.399464636728,0,770.278688359982,0,0.384946870744619,25,161.773822040129,161.773822040129,0,0.000234503070748682
24-Sep-2023 12:00:00,-64.2697165969012,0,157.460805662408,0,0.0786910573025527,25,161.773822040129,161.773822040129,0,0.000368172865911065
24-Sep-2023 13:00:00,0,0,0,0,0,25,161.773822040129,161.773822040129,0,0.000375761644526129
24-Sep-2023 14:00:00,0,0,0,0,0,25,161.773822040129,161.773822040129,0,0.000375732275528007
24-Sep-2023 15:00:00,110.638061395618,282.239952539842,0,0.141049451544149,0,25,161.773822040129,161.914871491673,0.000344996841657563,0.000375702913415266
24-Sep-2023 16:00:00,-0.442079077113759,0,1.08309373892871,0,0.000541276231348681,25,161.914871491673,161.914871491673,0,0.000354380177370661
24-Sep-2023 17:00:00,125.647646788109,320.529711194155,0,0.16018476321547,0,25,161.914871491673,162.075056254889,0.000393976957135278,0.000354520394645119
24-Sep-2023 18:00:00,319.223063743489,814.344550366042,0,0.406968790787627,0,25,162.075056254889,162.482025045676,0.00107655204111828,0.000273944347157329
24-Sep-2023 19:00:00,134.745701219152,343.739033722327,0,0.171783625048639,0,25,162.482025045676,162.653808670725,0.000423762924749105,0.000171793818593224
24-Sep-2023 20:00:00,0,0,0,0,0,25,162.653808670725,162.653808670725,0,9.39344339896397e-05
24-Sep-2023 21:00:00,0,0,0,0,0,25,162.653808670725,162.653808670725,0,9.39271002322606e-05
24-Sep-2023 22:00:00,0,0,0,0,0,25,162.653808670725,162.653808670725,0,9.39197681917303e-05
24-Sep-2023 23:00:00,0,0,0,0,0,25,162.653808670725,162.653808670725,0,9.3912437868493e-05
25-Sep-2023 00:00:00,0,0,0,0,0,25,162.653808670725,162.653808670725,0,9.39051092612164e-05
25-Sep-2023 01:00:00,0,0,0,0,0,25,162.653808670725,162.653808670725,0,9.38977823694565e-05
25-Sep-2023 02:00:00,0,0,0,0,0,25,162.653808670725,162.653808670725,0,9.38904571923249e-05
25-Sep-2023 03:00:00,0,0,0,0,0,25,162.653808670725,162.653808670725,0,9.38831337291557e-05
25-Sep-2023 04:00:00,0,0,0,0,0,25,162.653808670725,162.653808670725,0,9.38758119797267e-05
25-Sep-2023 05:00:00,0,0,0,0,0,25,162.653808670725,162.653808670725,0,9.38684919427057e-05
25-Sep-2023 06:00:00,0,0,0,0,0,25,162.653808670725,162.653808670725,0,9.38611736180928e-05
25-Sep-2023 07:00:00,0,0,0,0,0,25,162.653808670725,162.653808670725,0,9.38538570047776e-05
25-Sep-2023 08:00:00,-175.906417920846,0,430.970723906072,0,0.215377673116478,25,162.653808670725,162.653808670725,0,9.3846542102316e-05
25-Sep-2023 09:00:00,-296.286034414906,0,725.900784316519,0,0.362769007654432,25,162.653808670725,162.653808670725,0,0.000191765551658563
25-Sep-2023 10:00:00,-246.056281449579,0,602.837889551469,0,0.301268310620424,25,162.653808670725,162.653808670725,0,0.000273322412604582
25-Sep-2023 11:00:00,0,0,0,0,0,25,162.653808670725,162.653808670725,0,0.000375117112927148
25-Sep-2023 12:00:00,0,0,0,0,0,25,162.653808670725,162.653808670725,0,0.000375087894785464
25-Sep-2023 13:00:00,0,0,0,0,0,25,162.653808670725,162.653808670725,0,0.000375058683469431
25-Sep-2023 14:00:00,0,0,0,0,0,25,162.653808670725,162.653808670725,0,0.000375029478978828
25-Sep-2023 15:00:00,0,0,0,0,0,25,162.653808670725,162.653808670725,0,0.000375000281307658
25-Sep-2023 16:00:00,0,0,0,0,0,25,162.653808670725,162.653808670725,0,0.000374971090455256
25-Sep-2023 17:00:00,30.3115884695464,77.3254807896592,0,0.0386434186854869,0,25,162.653808670725,162.69245208941,9.16355880672959e-05,0.000374941906418957
25-Sep-2023 18:00:00,308.677040471994,787.441429775496,0,0.393523952911292,0,25,162.69245208941,163.085976042322,0.00103633644716022,0.00037189182572761
25-Sep-2023 19:00:00,252.477921694187,644.076330852518,0,0.321877226812853,0,25,163.085976042322,163.407853269135,0.000829632334276853,0.000237648864193529
25-Sep-2023 20:00:00,98.3113869496845,250.794354463481,0,0.125334509976752,0,25,163.407853269135,163.533187779111,0.000304736187083154,0.000147579172368406
25-Sep-2023 21:00:00,0,0,0,0,0,25,163.533187779111,163.533187779111,0,9.37516037446962e-05
25-Sep-2023 22:00:00,0,0,0,0,0,25,163.533187779111,163.533187779111,0,9.37443127229098e-05
25-Sep-2023 23:00:00,0,0,0,0,0,25,163.533187779111,163.533187779111,0,9.37370234017632e-05
26-Sep-2023 00:00:00,0,0,0,0,0,25,163.533187779111,163.533187779111,0,9.37297357810341e-05
26-Sep-2023 01:00:00,0,0,0,0,0,25,163.533187779111,163.533187779111,0,9.37224498593903e-05
26-Sep-2023 02:00:00,0,0,0,0,0,25,163.533187779111,163.533187779111,0,9.37151656366098e-05
26-Sep-2023 03:00:00,0,0,0,0,0,25,163.533187779111,163.533187779111,0,9.37078831122484e-05
26-Sep-2023 04:00:00,0,0,0,0,0,25,163.533187779111,163.533187779111,0,9.37006022856401e-05
26-Sep-2023 05:00:00,0,0,0,0,0,25,163.533187779111,163.533187779111,0,9.36933231550086e-05
26-Sep-2023 06:00:00,0,0,0,0,0,25,163.533187779111,163.533187779111,0,9.36860457214639e-05
26-Sep-2023 07:00:00,0,0,0,0,0,25,163.533187779111,163.533187779111,0,9.36787699827857e-05
26-Sep-2023 08:00:00,-136.05809764452,0,333.342339229073,0,0.166587875676698,25,163.533187779111,163.533187779111,0,9.3671495939196e-05
26-Sep-2023 09:00:00,-264.34880496266,0,647.654572158518,0,0.323665453352583,25,163.533187779111,163.533187779111,0,0.00016868154090055
26-Sep-2023 10:00:00,-306.534044138033,0,751.008408138181,0,0.375316545796192,25,163.533187779111,163.533187779111,0,0.000244234898477247
26-Sep-2023 11:00:00,-11.2544781742167,0,27.5734715268309,0,0.0137798458404952,25,163.533187779111,163.533187779111,0,0.000373424613101525
26-Sep-2023 12:00:00,0,0,0,0,0,25,163.533187779111,163.533187779111,0,0.000374388701205763
26-Sep-2023 13:00:00,0,0,0,0,0,25,163.533187779111,163.533187779111,0,0.000374359652930645
26-Sep-2023 14:00:00,0,0,0,0,0,25,163.533187779111,163.533187779111,0,0.000374330611415896
26-Sep-2023 15:00:00,102.062036614464,260.362338302203,0,0.130116111095554,0,25,163.533187779111,163.663303890207,0.000316776723033929,0.000374301576656633
26-Sep-2023 16:00:00,-66.5897777589765,0,163.144955509492,0,0.0815317118987968,25,163.663303890207,163.663303890207,0,0.000356242153624731
26-Sep-2023 17:00:00,160.221542518346,408.728424791699,0,0.204262081355172,0,25,163.663303890207,163.867565971562,0.000508254770348326,0.00037028130046024
26-Sep-2023 18:00:00,307.534280011082,784.526224518067,0,0.392067078719674,0,25,163.867565971562,164.259633050282,0.00103107918473805,0.000298686832329587
26-Sep-2023 19:00:00,183.863344650944,469.039144517715,0,0.234402371073321,0,25,164.259633050282,164.494035421355,0.00058819233510915,0.000198698152158672
26-Sep-2023 20:00:00,0,0,0,0,0,25,164.494035421355,164.494035421355,0,9.35843393758962e-05
26-Sep-2023 21:00:00,0,0,0,0,0,25,164.494035421355,164.494035421355,0,9.35770873056185e-05
26-Sep-2023 22:00:00,0,0,0,0,0,25,164.494035421355,164.494035421355,0,9.35698369213256e-05
26-Sep-2023 23:00:00,0,0,0,0,0,25,164.494035421355,164.494035421355,0,9.35625882216851e-05
27-Sep-2023 00:00:00,0,0,0,0,0,25,164.494035421355,164.494035421355,0,9.35553412064749e-05
27-Sep-2023 01:00:00,0,0,0,0,0,25,164.494035421355,164.494035421355,0,9.3548095875029e-05
27-Sep-2023 02:00:00,0,0,0,0,0,25,164.494035421355,164.494035421355,0,9.35408522269032e-05
27-Sep-2023 03:00:00,0,0,0,0,0,25,164.494035421355,164.494035421355,0,9.35336102609874e-05
27-Sep-2023 04:00:00,0,0,0,0,0,25,164.494035421355,164.494035421355,0,9.35263699768374e-05
27-Sep-2023 05:00:00,0,0,0,0,0,25,164.494035421355,164.494035421355,0,9.35191313737871e-05
27-Sep-2023 06:00:00,0,0,0,0,0,25,164.494035421355,164.494035421355,0,9.35118944511704e-05
27-Sep-2023 07:00:00,0,0,0,0,0,25,164.494035421355,164.494035421355,0,9.35046592083211e-05
27-Sep-2023 08:00:00,-182.794897465151,0,447.84749878962,0,0.223811843473073,25,164.494035421355,164.494035421355,0,9.34974256450172e-05
27-Sep-2023 09:00:00,-261.4702506637,0,640.602114126065,0,0.320140986569747,25,164.494035421355,164.494035421355,0,0.000194467950739075
27-Sep-2023 10:00:00,-273.877663978939,0,671.000276748399,0,0.335332472138131,25,164.494035421355,164.494035421355,0,0.000258218213597061
27-Sep-2023 11:00:00,0,0,0,0,0,25,164.494035421355,164.494035421355,0,0.000373722296611145
27-Sep-2023 12:00:00,0,0,0,0,0,25,164.494035421355,164.494035421355,0,0.000373693403163289
27-Sep-2023 13:00:00,0,0,0,0,0,25,164.494035421355,164.494035421355,0,0.000373664516416294
27-Sep-2023 14:00:00,0,0,0,0,0,25,164.494035421355,164.494035421355,0,0.000373635636366609
27-Sep-2023 15:00:00,0,0,0,0,0,25,164.494035421355,164.494035421355,0,0.000373606763013345
27-Sep-2023 16:00:00,0,0,0,0,0,25,164.494035421355,164.494035421355,0,0.00037357789635073
27-Sep-2023 17:00:00,224.944898279982,573.839026224445,0,0.286776125049697,0,25,164.494035421355,164.780811546405,0.000730701192535432,0.000373549036380316
27-Sep-2023 18:00:00,314.957922436219,803.464087847496,0,0.401531278284606,0,25,164.780811546405,165.182342824689,0.00105815329523812,0.000279291277222038
27-Sep-2023 19:00:00,149.775565672004,382.08052467348,0,0.190944789941769,0,25,165.182342824689,165.373287614631,0.000472678533865734,0.000180131016272345
27-Sep-2023 20:00:00,0,0,0,0,0,25,165.373287614631,165.373287614631,0,9.34107536207929e-05
27-Sep-2023 21:00:00,0,0,0,0,0,25,165.373287614631,165.373287614631,0,9.34035418271861e-05
27-Sep-2023 22:00:00,0,0,0,0,0,25,165.373287614631,165.373287614631,0,9.3396331704243e-05
27-Sep-2023 23:00:00,0,0,0,0,0,25,165.373287614631,165.373287614631,0,9.33891232499651e-05
28-Sep-2023 00:00:00,0,0,0,0,0,25,165.373287614631,165.373287614631,0,9.33819164652405e-05
28-Sep-2023 01:00:00,0,0,0,0,0,25,165.373287614631,165.373287614631,0,9.3374711348293e-05
28-Sep-2023 02:00:00,0,0,0,0,0,25,165.373287614631,165.373287614631,0,9.33675078989005e-05
28-Sep-2023 03:00:00,0,0,0,0,0,25,165.373287614631,165.373287614631,0,9.33603061166188e-05
28-Sep-2023 04:00:00,0,0,0,0,0,25,165.373287614631,165.373287614631,0,9.33531060005599e-05
28-Sep-2023 05:00:00,0,0,0,0,0,25,165.373287614631,165.373287614631,0,9.33459075498355e-05
28-Sep-2023 06:00:00,0,0,0,0,0,25,165.373287614631,165.373287614631,0,9.33387107642236e-05
28-Sep-2023 07:00:00,0,0,0,0,0,25,165.373287614631,165.373287614631,0,9.3331515642836e-05
28-Sep-2023 08:00:00,-145.620061429648,0,356.769150502639,0,0.178295427537551,25,165.373287614631,165.373287614631,0,9.33243221852287e-05
28-Sep-2023 09:00:00,-233.770546422541,0,572.737838735226,0,0.286225806464381,25,165.373287614631,165.373287614631,0,0.000173885700710752
28-Sep-2023 10:00:00,-317.947230456245,0,778.9707146178,0,0.389290711952923,25,165.373287614631,165.373287614631,0,0.000238916690297408
28-Sep-2023 11:00:00,-20.7533541284991,0,50.8457176148229,0,0.0254101537305462,25,165.373287614631,165.373287614631,0,0.000371146990290505
28-Sep-2023 12:00:00,0,0,0,0,0,25,165.373287614631,165.373287614631,0,0.000373001964617092
28-Sep-2023 13:00:00,97.8048649636406,249.5022065399,0,0.124688758890505,0,25,165.373287614631,165.497976373522,0.00030263031129879,0.000372973237906749
28-Sep-2023 14:00:00,-101.836931036539,0,249.50048103952,0,0.124687896571474,25,165.497976373522,165.497976373522,0,0.000356408334406977
28-Sep-2023 15:00:00,0,0,0,0,0,25,165.497976373522,165.497976373522,0,0.00037291580439236
28-Sep-2023 16:00:00,0,0,0,0,0,25,165.497976373522,165.497976373522,0,0.000372887097583874
28-Sep-2023 17:00:00,192.814428012057,491.873540847084,0,0.245813863491796,0,25,165.497976373522,165.743790237013,0.000618295274888991,0.000372858397401643
28-Sep-2023 18:00:00,313.860725517014,800.665116114832,0,0.40013249181151,0,25,165.743790237013,166.143922728825,0.00105322011794362,0.000301647940999183
28-Sep-2023 19:00:00,182.95182552568,466.713840626734,0,0.233240300163286,0,25,166.143922728825,166.377163028988,0.000584195866865866,0.00019755001864552
28-Sep-2023 20:00:00,0,0,0,0,0,25,166.377163028988,166.377163028988,0,9.32381302274354e-05
28-Sep-2023 21:00:00,0,0,0,0,0,25,166.377163028988,166.377163028988,0,9.3230958339463e-05
28-Sep-2023 22:00:00,0,0,0,0,0,25,166.377163028988,166.377163028988,0,9.3223788105945e-05
28-Sep-2023 23:00:00,0,0,0,0,0,25,166.377163028988,166.377163028988,0,9.32166195266593e-05
29-Sep-2023 00:00:00,0,0,0,0,0,25,166.377163028988,166.377163028988,0,9.32094526011618e-05
29-Sep-2023 01:00:00,0,0,0,0,0,25,166.377163028988,166.377163028988,0,9.32022873281202e-05
29-Sep-2023 02:00:00,0,0,0,0,0,25,166.377163028988,166.377163028988,0,9.31951237073125e-05
29-Sep-2023 03:00:00,0,0,0,0,0,25,166.377163028988,166.377163028988,0,9.31879617382947e-05
29-Sep-2023 04:00:00,0,0,0,0,0,25,166.377163028988,166.377163028988,0,9.31808014199564e-05
29-Sep-2023 05:00:00,0,0,0,0,0,25,166.377163028988,166.377163028988,0,9.31736427518537e-05
29-Sep-2023 06:00:00,0,0,0,0,0,25,166.377163028988,166.377163028988,0,9.31664857335424e-05
29-Sep-2023 07:00:00,0,0,0,0,0,25,166.377163028988,166.377163028988,0,9.31593303641343e-05
29-Sep-2023 08:00:00,0,0,0,0,0,25,166.377163028988,166.377163028988,0,9.31521766434074e-05
29-Sep-2023 09:00:00,0,0,0,0,0,25,166.377163028988,166.377163028988,0,9.31450245700294e-05
29-Sep-2023 10:00:00,0,0,0,0,0,25,166.377163028988,166.377163028988,0,9.31378741442224e-05
29-Sep-2023 11:00:00,0,0,0,0,0,25,166.377163028988,166.377163028988,0,9.3130725364432e-05
29-Sep-2023 12:00:00,0,0,0,0,0,25,166.377163028988,166.377163028988,0,9.31235782306583e-05
29-Sep-2023 13:00:00,0,0,0,0,0,25,166.377163028988,166.377163028988,0,9.31164327422351e-05
29-Sep-2023 14:00:00,0,0,0,0,0,25,166.377163028988,166.377163028988,0,9.31092888984963e-05
29-Sep-2023 15:00:00,0,0,0,0,0,25,166.377163028988,166.377163028988,0,9.31021466985538e-05
29-Sep-2023 16:00:00,0,0,0,0,0,25,166.377163028988,166.377163028988,0,9.30950061419633e-05
29-Sep-2023 17:00:00,0,0,0,0,0,25,166.377163028988,166.377163028988,0,9.30878672280588e-05
29-Sep-2023 18:00:00,0,0,0,0,0,25,166.377163028988,166.377163028988,0,9.30807299561742e-05
29-Sep-2023 19:00:00,0,0,0,0,0,25,166.377163028988,166.377163028988,0,9.30735943258654e-05
29-Sep-2023 20:00:00,0,0,0,0,0,25,166.377163028988,166.377163028988,0,9.30664603362441e-05
29-Sep-2023 21:00:00,0,0,0,0,0,25,166.377163028988,166.377163028988,0,9.30593279870884e-05
29-Sep-2023 22:00:00,0,0,0,0,0,25,166.377163028988,166.377163028988,0,9.30521972770659e-05
29-Sep-2023 23:00:00,0,0,0,0,0,25,166.377163028988,166.377163028988,0,9.30450682061768e-05
30-Sep-2023 00:00:00,0,0,0,0,0,25,166.377163028988,166.377163028988,0,9.30379407737547e-05
30-Sep-2023 01:00:00,0,0,0,0,0,25,166.377163028988,166.377163028988,0,9.30308149786896e-05
30-Sep-2023 02:00:00,0,0,0,0,0,25,166.377163028988,166.377163028988,0,9.30236908209814e-05
30-Sep-2023 03:00:00,0,0,0,0,0,25,166.377163028988,166.377163028988,0,9.30165682992978e-05
30-Sep-2023 04:00:00,0,0,0,0,0,25,166.377163028988,166.377163028988,0,9.3009447413861e-05
30-Sep-2023 05:00:00,0,0,0,0,0,25,166.377163028988,166.377163028988,0,9.30023281633385e-05
30-Sep-2023 06:00:00,0,0,0,0,0,25,166.377163028988,166.377163028988,0,9.29952105475085e-05
30-Sep-2023 07:00:00,0,0,0,0,0,25,166.377163028988,166.377163028988,0,9.29880945654826e-05
30-Sep-2023 08:00:00,0,0,0,0,0,25,166.377163028988,166.377163028988,0,9.29809802168169e-05
30-Sep-2023 09:00:00,-28.4508634380461,0,69.7046154232129,0,0.0348348902664732,25,166.377163028988,166.377163028988,0,9.29738675006231e-05
30-Sep-2023 10:00:00,-341.073565149714,0,835.630234616799,0,0.417606314151324,25,166.377163028988,166.377163028988,0,0.000106121805840687
30-Sep-2023 11:00:00,-262.890376711522,0,644.081422943229,0,0.321879771585821,25,166.377163028988,166.377163028988,0,0.000236310209213997
30-Sep-2023 12:00:00,-85.6057730728283,0,209.734144028429,0,0.104814664681874,25,166.377163028988,166.377163028988,0,0.000359652789143849
30-Sep-2023 13:00:00,0,0,0,0,0,25,166.377163028988,166.377163028988,0,0.000371602113140579
30-Sep-2023 14:00:00,0,0,0,0,0,25,166.377163028988,166.377163028988,0,0.000371573708622286
30-Sep-2023 15:00:00,0,0,0,0,0,25,166.377163028988,166.377163028988,0,0.000371545310616117
30-Sep-2023 16:00:00,0,0,0,0,0,25,166.377163028988,166.377163028988,0,0.000371516919120296
30-Sep-2023 17:00:00,227.435745575044,580.193228507766,0,0.289951638434666,0,25,166.377163028988,166.667114667423,0.000738377027411807,0.00037148853413127
30-Sep-2023 18:00:00,304.815724891035,777.59113492611,0,0.38860126682964,0,25,166.667114667423,167.055715934252,0.00101864275602465,0.000276107758709232
30-Sep-2023 19:00:00,157.313244796707,401.309297950784,0,0.200554371789497,0,25,167.055715934252,167.256270306042,0.000497139113656009,0.000183529483161804
30-Sep-2023 20:00:00,0,0,0,0,0,25,167.256270306042,167.256270306042,0,9.28957352017701e-05
30-Sep-2023 21:00:00,0,0,0,0,0,25,167.256270306042,167.256270306042,0,9.28886420290542e-05
30-Sep-2023 22:00:00,0,0,0,0,0,25,167.256270306042,167.256270306042,0,9.28815504810387e-05
30-Sep-2023 23:00:00,0,0,0,0,0,25,167.256270306042,167.256270306042,0,9.28744605568355e-05
01-Oct-2023 00:00:00,0,0,0,0,0,25,167.256270306042,167.256270306042,0,9.28673722560003e-05
01-Oct-2023 01:00:00,0,0,0,0,0,25,167.256270306042,167.256270306042,0,9.28602855783112e-05
01-Oct-2023 02:00:00,0,0,0,0,0,25,167.256270306042,167.256270306042,0,9.28532005219918e-05
01-Oct-2023 03:00:00,0,0,0,0,0,25,167.256270306042,167.256270306042,0,9.28461170874861e-05
01-Oct-2023 04:00:00,0,0,0,0,0,25,167.256270306042,167.256270306042,0,9.28390352741282e-05
01-Oct-2023 05:00:00,0,0,0,0,0,25,167.256270306042,167.256270306042,0,9.28319550805856e-05
01-Oct-2023 06:00:00,0,0,0,0,0,25,167.256270306042,167.256270306042,0,9.28248765068584e-05
01-Oct-2023 07:00:00,0,0,0,0,0,25,167.256270306042,167.256270306042,0,9.28177995522805e-05
01-Oct-2023 08:00:00,0,0,0,0,0,25,167.256270306042,167.256270306042,0,9.28107242157417e-05
01-Oct-2023 09:00:00,0,0,0,0,0,25,167.256270306042,167.256270306042,0,9.28036504972418e-05
01-Oct-2023 10:00:00,0,0,0,0,0,25,167.256270306042,167.256270306042,0,9.27965783956708e-05
01-Oct-2023 11:00:00,-272.495721505456,0,667.614517688366,0,0.333640438624871,25,167.256270306042,167.256270306042,0,9.27895079110286e-05
01-Oct-2023 12:00:00,-290.093175324772,0,710.728279545691,0,0.355186546499596,25,167.256270306042,167.256270306042,0,0.00022152514971352
01-Oct-2023 13:00:00,163.846072233112,417.974674064061,0,0.208882895584239,0,25,167.256270306042,167.465153201626,0.000518977679470844,0.000330453344999482
01-Oct-2023 14:00:00,183.15081967152,467.221478753876,0,0.233493992380748,0,25,167.465153201626,167.698647194007,0.000584265934787886,0.000240038382818275
01-Oct-2023 15:00:00,163.341766151098,416.688178956883,0,0.208239969493695,0,25,167.698647194007,167.906887163501,0.000517105864522971,0.000201138732647044
01-Oct-2023 16:00:00,29.9651187658066,76.4416295046086,0,0.0382017138953566,0,25,167.906887163501,167.945088877396,9.01983161464837e-05,0.000107157517757583
01-Oct-2023 17:00:00,0,0,0,0,0,25,167.945088877396,167.945088877396,0,9.27471189144935e-05
01-Oct-2023 18:00:00,0,0,0,0,0,25,167.945088877396,167.945088877396,0,9.27400597281469e-05
01-Oct-2023 19:00:00,0,0,0,0,0,25,167.945088877396,167.945088877396,0,9.27330021536221e-05
01-Oct-2023 20:00:00,0,0,0,0,0,25,167.945088877396,167.945088877396,0,9.27259461898089e-05
01-Oct-2023 21:00:00,0,0,0,0,0,25,167.945088877396,167.945088877396,0,9.27188918367072e-05
01-Oct-2023 22:00:00,0,0,0,0,0,25,167.945088877396,167.945088877396,0,9.27118390929849e-05
01-Oct-2023 23:00:00,0,0,0,0,0,25,167.945088877396,167.945088877396,0,9.27047879588638e-05
02-Oct-2023 00:00:00,0,0,0,0,0,25,167.945088877396,167.945088877396,0,9.26977384330119e-05
02-Oct-2023 01:00:00,0,0,0,0,0,25,167.945088877396,167.945088877396,0,9.2690690515207e-05
02-Oct-2023 02:00:00,0,0,0,0,0,25,167.945088877396,167.945088877396,0,9.26836442047829e-05
02-Oct-2023 03:00:00,0,0,0,0,0,25,167.945088877396,167.945088877396,0,9.26765995010737e-05
02-Oct-2023 04:00:00,0,0,0,0,0,25,167.945088877396,167.945088877396,0,9.2669556403413e-05
02-Oct-2023 05:00:00,0,0,0,0,0,25,167.945088877396,167.945088877396,0,9.26625149113569e-05
02-Oct-2023 06:00:00,0,0,0,0,0,25,167.945088877396,167.945088877396,0,9.26554750242392e-05
02-Oct-2023 07:00:00,0,0,0,0,0,25,167.945088877396,167.945088877396,0,9.26484367411717e-05
02-Oct-2023 08:00:00,-113.152844871266,0,277.224469934602,0,0.138542963485558,25,167.945088877396,167.945088877396,0,9.26414000619324e-05
02-Oct-2023 09:00:00,-38.1239622960103,0,93.4037076252253,0,0.046678514555335,25,167.945088877396,167.945088877396,0,0.000152572236071125
02-Oct-2023 10:00:00,-195.686522991565,0,479.431981329334,0,0.239596192568383,25,167.945088877396,167.945088877396,0,0.000175942417496744
02-Oct-2023 11:00:00,-221.011578577996,0,541.478367516091,0,0.270603881817137,25,167.945088877396,167.945088877396,0,0.000232080946578783
02-Oct-2023 12:00:00,-149.963179048428,0,367.409788668649,0,0.183613087790429,25,167.945088877396,167.945088877396,0,0.000332986229729659
02-Oct-2023 13:00:00,0,0,0,0,0,25,167.945088877396,167.945088877396,0,0.000370245999631758
02-Oct-2023 14:00:00,0,0,0,0,0,25,167.945088877396,167.945088877396,0,0.000370217904932968
02-Oct-2023 15:00:00,0,0,0,0,0,25,167.945088877396,167.945088877396,0,0.000370189816626842
02-Oct-2023 16:00:00,121.736084116918,310.551234992139,0,0.155198018486826,0,25,167.945088877396,168.100286895883,0.000379321404055943,0.000370161734714047
02-Oct-2023 17:00:00,343.261641916984,875.667453869857,0,0.437614919475191,0,25,168.100286895883,168.537901815358,0.00116256028323325,0.000344442429960568
02-Oct-2023 18:00:00,224.489774886193,572.677997158655,0,0.286195900629013,0,25,168.537901815358,168.824097715987,0.000726777890428743,0.000211944024203659
02-Oct-2023 19:00:00,0,0,0,0,0,25,168.824097715987,168.824097715987,0,9.25641022595514e-05
02-Oct-2023 20:00:00,0,0,0,0,0,25,168.824097715987,168.824097715987,0,9.25570847767343e-05
02-Oct-2023 21:00:00,0,0,0,0,0,25,168.824097715987,168.824097715987,0,9.25500688901959e-05
02-Oct-2023 22:00:00,0,0,0,0,0,25,168.824097715987,168.824097715987,0,9.25430545986039e-05
02-Oct-2023 23:00:00,0,0,0,0,0,25,168.824097715987,168.824097715987,0,9.25360419019583e-05
03-Oct-2023 00:00:00,0,0,0,0,0,25,168.824097715987,168.824097715987,0,9.25290307989268e-05
03-Oct-2023 01:00:00,0,0,0,0,0,25,168.824097715987,168.824097715987,0,9.25220212892874e-05
03-Oct-2023 02:00:00,0,0,0,0,0,25,168.824097715987,168.824097715987,0,9.2515013372374e-05
03-Oct-2023 03:00:00,0,0,0,0,0,25,168.824097715987,168.824097715987,0,9.25080070477424e-05
03-Oct-2023 04:00:00,0,0,0,0,0,25,168.824097715987,168.824097715987,0,9.25010023147266e-05
03-Oct-2023 05:00:00,0,0,0,0,0,25,168.824097715987,168.824097715987,0,9.24939991726603e-05
03-Oct-2023 06:00:00,0,0,0,0,0,25,168.824097715987,168.824097715987,0,9.24869976208775e-05
03-Oct-2023 07:00:00,0,0,0,0,0,25,168.824097715987,168.824097715987,0,9.24799976587121e-05
03-Oct-2023 08:00:00,0,0,0,0,0,25,168.824097715987,168.824097715987,0,9.24729992859419e-05
03-Oct-2023 09:00:00,0,0,0,0,0,25,168.824097715987,168.824097715987,0,9.24660025016788e-05
03-Oct-2023 10:00:00,0,0,0,0,0,25,168.824097715987,168.824097715987,0,9.24590073054787e-05
03-Oct-2023 11:00:00,-75.522823991529,0,185.030918779246,0,0.0924692247772343,25,168.824097715987,168.824097715987,0,9.24520136962315e-05
03-Oct-2023 12:00:00,72.532051500187,185.030743622926,0,0.0924691372428416,0,25,168.824097715987,168.91656685323,0.000221701559347531,0.000129515711035699
03-Oct-2023 13:00:00,0,0,0,0,0,25,168.91656685323,168.91656685323,0,9.24380312377071e-05
03-Oct-2023 14:00:00,0,0,0,0,0,25,168.91656685323,168.91656685323,0,9.24310423875419e-05
03-Oct-2023 15:00:00,0,0,0,0,0,25,168.91656685323,168.91656685323,0,9.24240551218869e-05
03-Oct-2023 16:00:00,0,0,0,0,0,25,168.91656685323,168.91656685323,0,9.24170694405202e-05
03-Oct-2023 17:00:00,0,0,0,0,0,25,168.91656685323,168.91656685323,0,9.24100853432197e-05
03-Oct-2023 18:00:00,0,0,0,0,0,25,168.91656685323,168.91656685323,0,9.24031028288752e-05
03-Oct-2023 19:00:00,0,0,0,0,0,25,168.91656685323,168.91656685323,0,9.23961218970426e-05
03-Oct-2023 20:00:00,0,0,0,0,0,25,168.91656685323,168.91656685323,0,9.23891425472778e-05
03-Oct-2023 21:00:00,0,0,0,0,0,25,168.91656685323,168.91656685323,0,9.23821647789147e-05
03-Oct-2023 22:00:00,0,0,0,0,0,25,168.91656685323,168.91656685323,0,9.23751885912871e-05
03-Oct-2023 23:00:00,0,0,0,0,0,25,168.91656685323,168.91656685323,0,9.23682139835069e-05
04-Oct-2023 00:00:00,0,0,0,0,0,25,168.91656685323,168.91656685323,0,9.23612409557961e-05
04-Oct-2023 01:00:00,0,0,0,0,0,25,168.91656685323,168.91656685323,0,9.23542695068225e-05
04-Oct-2023 02:00:00,0,0,0,0,0,25,168.91656685323,168.91656685323,0,9.23472996363639e-05
04-Oct-2023 03:00:00,0,0,0,0,0,25,168.91656685323,168.91656685323,0,9.23403313435323e-05
04-Oct-2023 04:00:00,0,0,0,0,0,25,168.91656685323,168.91656685323,0,9.23333646278834e-05
04-Oct-2023 05:00:00,0,0,0,0,0,25,168.91656685323,168.91656685323,0,9.23263994887513e-05
04-Oct-2023 06:00:00,0,0,0,0,0,25,168.91656685323,168.91656685323,0,9.23194359259139e-05
04-Oct-2023 07:00:00,0,0,0,0,0,25,168.91656685323,168.91656685323,0,9.23124739382608e-05
04-Oct-2023 08:00:00,0,0,0,0,0,25,168.91656685323,168.91656685323,0,9.23055135255701e-05
04-Oct-2023 09:00:00,0,0,0,0,0,25,168.91656685323,168.91656685323,0,9.22985546869537e-05
04-Oct-2023 10:00:00,0,0,0,0,0,25,168.91656685323,168.91656685323,0,9.22915974221894e-05
04-Oct-2023 11:00:00,0,0,0,0,0,25,168.91656685323,168.91656685323,0,9.2284641730167e-05
04-Oct-2023 12:00:00,0,0,0,0,0,25,168.91656685323,168.91656685323,0,9.22776876106646e-05
04-Oct-2023 13:00:00,0,0,0,0,0,25,168.91656685323,168.91656685323,0,9.22707350632379e-05
04-Oct-2023 14:00:00,-23.0518674708723,0,56.477075303637,0,0.028224425439099,25,168.91656685323,168.91656685323,0,9.22637840867768e-05
04-Oct-2023 15:00:00,-54.1040222085798,0,132.554854411021,0,0.0662443050529838,25,168.91656685323,168.91656685323,0,0.000102842801633418
04-Oct-2023 16:00:00,74.1004175007009,189.031677297706,0,0.0944686043466799,0,25,168.91656685323,169.011035457577,0.000226613764622352,0.000130173234019315
04-Oct-2023 17:00:00,0,0,0,0,0,25,169.011035457577,169.011035457577,0,9.22429405794123e-05
04-Oct-2023 18:00:00,0,0,0,0,0,25,169.011035457577,169.011035457577,0,9.22359958821506e-05
04-Oct-2023 19:00:00,0,0,0,0,0,25,169.011035457577,169.011035457577,0,9.22290527531899e-05
04-Oct-2023 20:00:00,0,0,0,0,0,25,169.011035457577,169.011035457577,0,9.22221111920862e-05
04-Oct-2023 21:00:00,0,0,0,0,0,25,169.011035457577,169.011035457577,0,9.22151711979513e-05
04-Oct-2023 22:00:00,0,0,0,0,0,25,169.011035457577,169.011035457577,0,9.22082327703411e-05
04-Oct-2023 23:00:00,0,0,0,0,0,25,169.011035457577,169.011035457577,0,9.22012959088114e-05
05-Oct-2023 00:00:00,0,0,0,0,0,25,169.011035457577,169.011035457577,0,9.21943606124742e-05
05-Oct-2023 01:00:00,0,0,0,0,0,25,169.011035457577,169.011035457577,0,9.21874268808853e-05
05-Oct-2023 02:00:00,0,0,0,0,0,25,169.011035457577,169.011035457577,0,9.21804947136007e-05
05-Oct-2023 03:00:00,0,0,0,0,0,25,169.011035457577,169.011035457577,0,9.21735641099541e-05
05-Oct-2023 04:00:00,0,0,0,0,0,25,169.011035457577,169.011035457577,0,9.21666350690575e-05
05-Oct-2023 05:00:00,0,0,0,0,0,25,169.011035457577,169.011035457577,0,9.21597075906888e-05
05-Oct-2023 06:00:00,0,0,0,0,0,25,169.011035457577,169.011035457577,0,9.21527816744039e-05
05-Oct-2023 07:00:00,0,0,0,0,0,25,169.011035457577,169.011035457577,0,9.21458573188705e-05
05-Oct-2023 08:00:00,0,0,0,0,0,25,169.011035457577,169.011035457577,0,9.21389345245327e-05
05-Oct-2023 09:00:00,-152.688293941072,0,374.086320155627,0,0.186949685235196,25,169.011035457577,169.011035457577,0,9.21320132900583e-05
05-Oct-2023 10:00:00,18.4176622426982,46.983832251781,0,0.0234801760378716,0,25,169.011035457577,169.034515633614,5.51511900174773e-05,0.000175811180132435
05-Oct-2023 11:00:00,128.223733668389,327.101361398951,0,0.163468946226362,0,25,169.034515633614,169.197984579841,0.000400179598373851,0.000164380171743028
05-Oct-2023 12:00:00,0,0,0,0,0,25,169.197984579841,169.197984579841,0,9.2111258940708e-05
05-Oct-2023 13:00:00,0,0,0,0,0,25,169.197984579841,169.197984579841,0,9.2104343940802e-05
05-Oct-2023 14:00:00,0,0,0,0,0,25,169.197984579841,169.197984579841,0,9.20974304974287e-05
05-Oct-2023 15:00:00,0,0,0,0,0,25,169.197984579841,169.197984579841,0,9.20905186112542e-05
05-Oct-2023 16:00:00,0,0,0,0,0,25,169.197984579841,169.197984579841,0,9.20836082807241e-05
05-Oct-2023 17:00:00,0,0,0,0,0,25,169.197984579841,169.197984579841,0,9.20766995058386e-05
05-Oct-2023 18:00:00,0,0,0,0,0,25,169.197984579841,169.197984579841,0,9.20697922852654e-05
05-Oct-2023 19:00:00,0,0,0,0,0,25,169.197984579841,169.197984579841,0,9.20628866192263e-05
05-Oct-2023 20:00:00,0,0,0,0,0,25,169.197984579841,169.197984579841,0,9.20559825070555e-05
05-Oct-2023 21:00:00,0,0,0,0,0,25,169.197984579841,169.197984579841,0,9.20490799476426e-05
05-Oct-2023 22:00:00,0,0,0,0,0,25,169.197984579841,169.197984579841,0,9.20421789405435e-05
05-Oct-2023 23:00:00,0,0,0,0,0,25,169.197984579841,169.197984579841,0,9.20352794855361e-05
06-Oct-2023 00:00:00,0,0,0,0,0,25,169.197984579841,169.197984579841,0,9.20283815821765e-05
06-Oct-2023 01:00:00,0,0,0,0,0,25,169.197984579841,169.197984579841,0,9.20214852289103e-05
06-Oct-2023 02:00:00,0,0,0,0,0,25,169.197984579841,169.197984579841,0,9.20145904264036e-05
06-Oct-2023 03:00:00,0,0,0,0,0,25,169.197984579841,169.197984579841,0,9.20076971731021e-05
06-Oct-2023 04:00:00,0,0,0,0,0,25,169.197984579841,169.197984579841,0,9.20008054685617e-05
06-Oct-2023 05:00:00,0,0,0,0,0,25,169.197984579841,169.197984579841,0,9.19939153130045e-05
06-Oct-2023 06:00:00,0,0,0,0,0,25,169.197984579841,169.197984579841,0,9.19870267048761e-05
06-Oct-2023 07:00:00,0,0,0,0,0,25,169.197984579841,169.197984579841,0,9.19801396439546e-05
06-Oct-2023 08:00:00,0,0,0,0,0,25,169.197984579841,169.197984579841,0,9.19732541300178e-05
06-Oct-2023 09:00:00,0,0,0,0,0,25,169.197984579841,169.197984579841,0,9.19663701619555e-05
06-Oct-2023 10:00:00,0,0,0,0,0,25,169.197984579841,169.197984579841,0,9.19594877395458e-05
06-Oct-2023 11:00:00,0,0,0,0,0,25,169.197984579841,169.197984579841,0,9.19526068621224e-05
06-Oct-2023 12:00:00,0,0,0,0,0,25,169.197984579841,169.197984579841,0,9.19457275285751e-05
06-Oct-2023 13:00:00,0,0,0,0,0,25,169.197984579841,169.197984579841,0,9.19388497395701e-05
06-Oct-2023 14:00:00,0,0,0,0,0,25,169.197984579841,169.197984579841,0,9.1931973493109e-05
06-Oct-2023 15:00:00,0,0,0,0,0,25,169.197984579841,169.197984579841,0,9.19250987894138e-05
06-Oct-2023 16:00:00,0,0,0,0,0,25,169.197984579841,169.197984579841,0,9.19182256280404e-05
06-Oct-2023 17:00:00,0,0,0,0,0,25,169.197984579841,169.197984579841,0,9.19113540078786e-05
06-Oct-2023 18:00:00,0,0,0,0,0,25,169.197984579841,169.197984579841,0,9.19044839287064e-05
06-Oct-2023 19:00:00,0,0,0,0,0,25,169.197984579841,169.197984579841,0,9.18976153898576e-05
06-Oct-2023 20:00:00,0,0,0,0,0,25,169.197984579841,169.197984579841,0,9.18907483906661e-05
06-Oct-2023 21:00:00,0,0,0,0,0,25,169.197984579841,169.197984579841,0,9.18838829309099e-05
06-Oct-2023 22:00:00,0,0,0,0,0,25,169.197984579841,169.197984579841,0,9.18770190092566e-05
06-Oct-2023 23:00:00,0,0,0,0,0,25,169.197984579841,169.197984579841,0,9.18701566261504e-05
07-Oct-2023 00:00:00,0,0,0,0,0,25,169.197984579841,169.197984579841,0,9.18632957800369e-05
07-Oct-2023 01:00:00,0,0,0,0,0,25,169.197984579841,169.197984579841,0,9.18564364713603e-05
07-Oct-2023 02:00:00,0,0,0,0,0,25,169.197984579841,169.197984579841,0,9.18495786983442e-05
07-Oct-2023 03:00:00,0,0,0,0,0,25,169.197984579841,169.197984579841,0,9.18427224614327e-05
07-Oct-2023 04:00:00,0,0,0,0,0,25,169.197984579841,169.197984579841,0,9.18358677592934e-05
07-Oct-2023 05:00:00,0,0,0,0,0,25,169.197984579841,169.197984579841,0,9.18290145923706e-05
07-Oct-2023 06:00:00,0,0,0,0,0,25,169.197984579841,169.197984579841,0,9.18221629588878e-05
07-Oct-2023 07:00:00,0,0,0,0,0,25,169.197984579841,169.197984579841,0,9.18153128590671e-05
07-Oct-2023 08:00:00,0,0,0,0,0,25,169.197984579841,169.197984579841,0,9.18084642922423e-05
07-Oct-2023 09:00:00,0,0,0,0,0,25,169.197984579841,169.197984579841,0,9.18016172575253e-05
07-Oct-2023 10:00:00,0,0,0,0,0,25,169.197984579841,169.197984579841,0,9.1794771754472e-05
07-Oct-2023 11:00:00,0,0,0,0,0,25,169.197984579841,169.197984579841,0,9.17879277826383e-05
07-Oct-2023 12:00:00,0,0,0,0,0,25,169.197984579841,169.197984579841,0,9.17810853415801e-05
07-Oct-2023 13:00:00,0,0,0,0,0,25,169.197984579841,169.197984579841,0,9.17742444299652e-05
07-Oct-2023 14:00:00,0,0,0,0,0,25,169.197984579841,169.197984579841,0,9.17674050484596e-05
07-Oct-2023 15:00:00,0,0,0,0,0,25,169.197984579841,169.197984579841,0,9.17605671955091e-05
07-Oct-2023 16:00:00,0,0,0,0,0,25,169.197984579841,169.197984579841,0,9.17537308706695e-05
07-Oct-2023 17:00:00,0,0,0,0,0,25,169.197984579841,169.197984579841,0,9.17468960739409e-05
07-Oct-2023 18:00:00,0,0,0,0,0,25,169.197984579841,169.197984579841,0,9.17400628039911e-05
07-Oct-2023 19:00:00,0,0,0,0,0,25,169.197984579841,169.197984579841,0,9.17332310608199e-05
07-Oct-2023 20:00:00,0,0,0,0,0,25,169.197984579841,169.197984579841,0,9.17264008437613e-05
07-Oct-2023 21:00:00,0,0,0,0,0,25,169.197984579841,169.197984579841,0,9.17195721519271e-05
07-Oct-2023 22:00:00,0,0,0,0,0,25,169.197984579841,169.197984579841,0,9.17127449853172e-05
07-Oct-2023 23:00:00,0,0,0,0,0,25,169.197984579841,169.197984579841,0,9.17059193428216e-05
08-Oct-2023 00:00:00,0,0,0,0,0,25,169.197984579841,169.197984579841,0,9.1699095223996e-05
08-Oct-2023 01:00:00,0,0,0,0,0,25,169.197984579841,169.197984579841,0,9.16922726283964e-05
08-Oct-2023 02:00:00,0,0,0,0,0,25,169.197984579841,169.197984579841,0,9.16854515558008e-05
08-Oct-2023 03:00:00,0,0,0,0,0,25,169.197984579841,169.197984579841,0,9.16786320046548e-05
08-Oct-2023 04:00:00,0,0,0,0,0,25,169.197984579841,169.197984579841,0,9.16718139751804e-05
08-Oct-2023 05:00:00,0,0,0,0,0,25,169.197984579841,169.197984579841,0,9.16649974667116e-05
08-Oct-2023 06:00:00,0,0,0,0,0,25,169.197984579841,169.197984579841,0,9.16581824788043e-05
08-Oct-2023 07:00:00,0,0,0,0,0,25,169.197984579841,169.197984579841,0,9.16513690101262e-05
08-Oct-2023 08:00:00,-168.781387273695,0,413.514398820552,0,0.206653872474039,25,169.197984579841,169.197984579841,0,9.16445570611213e-05
08-Oct-2023 09:00:00,-277.25559214642,0,679.276200758728,0,0.339468366196266,25,169.197984579841,169.197984579841,0,0.000183692652331535
08-Oct-2023 10:00:00,-271.765202327274,0,665.82474570182,0,0.332745999850985,25,169.197984579841,169.197984579841,0,0.000253952088802967
08-Oct-2023 11:00:00,0,0,0,0,0,25,169.197984579841,169.197984579841,0,0.000366319456073461
08-Oct-2023 12:00:00,0,0,0,0,0,25,169.197984579841,169.197984579841,0,0.000366292245713273
08-Oct-2023 13:00:00,0,0,0,0,0,25,169.197984579841,169.197984579841,0,0.000366265041417568
08-Oct-2023 14:00:00,0,0,0,0,0,25,169.197984579841,169.197984579841,0,0.000366237843181239
08-Oct-2023 15:00:00,0,0,0,0,0,25,169.197984579841,169.197984579841,0,0.000366210651004284
08-Oct-2023 16:00:00,36.17195955031,92.275407016097,0,0.046114646184956,0,25,169.197984579841,169.244099226026,0.000109027686270802,0.000366183464882264
08-Oct-2023 17:00:00,331.860421043964,846.582706744807,0,0.423079813465671,0,25,169.244099226026,169.667179039491,0.00111814167752072,0.000362516441493765
08-Oct-2023 18:00:00,284.538686505714,725.863996188045,0,0.362750622782631,0,25,169.667179039491,170.029929662274,0.000941449329693922,0.000227821476662893
08-Oct-2023 19:00:00,36.7819777878808,93.8315759894918,0,0.046892341823834,0,25,170.029929662274,170.076822004098,0.00011082018811287,0.000109099456389039
08-Oct-2023 20:00:00,0,0,0,0,0,25,170.076822004098,170.076822004098,0,9.15629319662159e-05
08-Oct-2023 21:00:00,0,0,0,0,0,25,170.076822004098,170.076822004098,0,9.15561397154541e-05
08-Oct-2023 22:00:00,0,0,0,0,0,25,170.076822004098,170.076822004098,0,9.15493489765939e-05
08-Oct-2023 23:00:00,0,0,0,0,0,25,170.076822004098,170.076822004098,0,9.15425597480812e-05
09-Oct-2023 00:00:00,0,0,0,0,0,25,170.076822004098,170.076822004098,0,9.15357720299159e-05
09-Oct-2023 01:00:00,0,0,0,0,0,25,170.076822004098,170.076822004098,0,9.15289858216539e-05
09-Oct-2023 02:00:00,0,0,0,0,0,25,170.076822004098,170.076822004098,0,9.1522201122185e-05
09-Oct-2023 03:00:00,0,0,0,0,0,25,170.076822004098,170.076822004098,0,9.15154179317312e-05
09-Oct-2023 04:00:00,0,0,0,0,0,25,170.076822004098,170.076822004098,0,9.15086362487383e-05
09-Oct-2023 05:00:00,0,0,0,0,0,25,170.076822004098,170.076822004098,0,9.15018560734282e-05
09-Oct-2023 06:00:00,0,0,0,0,0,25,170.076822004098,170.076822004098,0,9.14950774049128e-05
09-Oct-2023 07:00:00,0,0,0,0,0,25,170.076822004098,170.076822004098,0,9.1488300242748e-05
09-Oct-2023 08:00:00,0,0,0,0,0,25,170.076822004098,170.076822004098,0,9.14815245864897e-05
09-Oct-2023 09:00:00,0,0,0,0,0,25,170.076822004098,170.076822004098,0,9.14747504350277e-05
09-Oct-2023 10:00:00,0,0,0,0,0,25,170.076822004098,170.076822004098,0,9.14679777885841e-05
09-Oct-2023 11:00:00,0,0,0,0,0,25,170.076822004098,170.076822004098,0,9.14612066462706e-05
09-Oct-2023 12:00:00,0,0,0,0,0,25,170.076822004098,170.076822004098,0,9.1454437007199e-05
09-Oct-2023 13:00:00,0,0,0,0,0,25,170.076822004098,170.076822004098,0,9.14476688711474e-05
09-Oct-2023 14:00:00,0,0,0,0,0,25,170.076822004098,170.076822004098,0,9.14409022378937e-05
09-Oct-2023 15:00:00,0,0,0,0,0,25,170.076822004098,170.076822004098,0,9.14341371058836e-05
09-Oct-2023 16:00:00,0,0,0,0,0,25,170.076822004098,170.076822004098,0,9.14273734755611e-05
09-Oct-2023 17:00:00,0,0,0,0,0,25,170.076822004098,170.076822004098,0,9.1420611345816e-05
09-Oct-2023 18:00:00,0,0,0,0,0,25,170.076822004098,170.076822004098,0,9.14138507166484e-05
09-Oct-2023 19:00:00,0,0,0,0,0,25,170.076822004098,170.076822004098,0,9.1407091586504e-05
09-Oct-2023 20:00:00,0,0,0,0,0,25,170.076822004098,170.076822004098,0,9.14003339560487e-05
09-Oct-2023 21:00:00,0,0,0,0,0,25,170.076822004098,170.076822004098,0,9.13935778237285e-05
09-Oct-2023 22:00:00,0,0,0,0,0,25,170.076822004098,170.076822004098,0,9.13868231895432e-05
09-Oct-2023 23:00:00,0,0,0,0,0,25,170.076822004098,170.076822004098,0,9.13800700528267e-05
10-Oct-2023 00:00:00,0,0,0,0,0,25,170.076822004098,170.076822004098,0,9.13733184129129e-05
10-Oct-2023 01:00:00,0,0,0,0,0,25,170.076822004098,170.076822004098,0,9.13665682691356e-05
10-Oct-2023 02:00:00,0,0,0,0,0,25,170.076822004098,170.076822004098,0,9.13598196212728e-05
10-Oct-2023 03:00:00,0,0,0,0,0,25,170.076822004098,170.076822004098,0,9.13530724686584e-05
10-Oct-2023 04:00:00,0,0,0,0,0,25,170.076822004098,170.076822004098,0,9.13463268108483e-05
10-Oct-2023 05:00:00,0,0,0,0,0,25,170.076822004098,170.076822004098,0,9.13395826469543e-05
10-Oct-2023 06:00:00,0,0,0,0,0,25,170.076822004098,170.076822004098,0,9.13328399769764e-05
10-Oct-2023 07:00:00,0,0,0,0,0,25,170.076822004098,170.076822004098,0,9.13260987993603e-05
10-Oct-2023 08:00:00,0,0,0,0,0,25,170.076822004098,170.076822004098,0,9.131935911455e-05
10-Oct-2023 09:00:00,0,0,0,0,0,25,170.076822004098,170.076822004098,0,9.13126209216575e-05
10-Oct-2023 10:00:00,0,0,0,0,0,25,170.076822004098,170.076822004098,0,9.13058842202386e-05
10-Oct-2023 11:00:00,0,0,0,0,0,25,170.076822004098,170.076822004098,0,9.1299149009183e-05
10-Oct-2023 12:00:00,0,0,0,0,0,25,170.076822004098,170.076822004098,0,9.12924152887129e-05
10-Oct-2023 13:00:00,0,0,0,0,0,25,170.076822004098,170.076822004098,0,9.12856830581621e-05
10-Oct-2023 14:00:00,0,0,0,0,0,25,170.076822004098,170.076822004098,0,9.12789523164204e-05
10-Oct-2023 15:00:00,0,0,0,0,0,25,170.076822004098,170.076822004098,0,9.12722230632657e-05
10-Oct-2023 16:00:00,0,0,0,0,0,25,170.076822004098,170.076822004098,0,9.12654952984759e-05
10-Oct-2023 17:00:00,0,0,0,0,0,25,170.076822004098,170.076822004098,0,9.1258769020941e-05
10-Oct-2023 18:00:00,0,0,0,0,0,25,170.076822004098,170.076822004098,0,9.12520442304388e-05
10-Oct-2023 19:00:00,0,0,0,0,0,25,170.076822004098,170.076822004098,0,9.12453209263031e-05
10-Oct-2023 20:00:00,0,0,0,0,0,25,170.076822004098,170.076822004098,0,9.123859910809e-05
10-Oct-2023 21:00:00,0,0,0,0,0,25,170.076822004098,170.076822004098,0,9.12318787755773e-05
10-Oct-2023 22:00:00,0,0,0,0,0,25,170.076822004098,170.076822004098,0,9.12251599269887e-05
10-Oct-2023 23:00:00,0,0,0,0,0,25,170.076822004098,170.076822004098,0,9.12184425634344e-05
11-Oct-2023 00:00:00,0,0,0,0,0,25,170.076822004098,170.076822004098,0,9.1211726683138e-05
11-Oct-2023 01:00:00,0,0,0,0,0,25,170.076822004098,170.076822004098,0,9.12050122858776e-05
11-Oct-2023 02:00:00,0,0,0,0,0,25,170.076822004098,170.076822004098,0,9.11982993716531e-05
11-Oct-2023 03:00:00,0,0,0,0,0,25,170.076822004098,170.076822004098,0,9.11915879389102e-05
11-Oct-2023 04:00:00,0,0,0,0,0,25,170.076822004098,170.076822004098,0,9.11848779883151e-05
11-Oct-2023 05:00:00,0,0,0,0,0,25,170.076822004098,170.076822004098,0,9.11781695180913e-05
11-Oct-2023 06:00:00,0,0,0,0,0,25,170.076822004098,170.076822004098,0,9.1171462528683e-05
11-Oct-2023 07:00:00,0,0,0,0,0,25,170.076822004098,170.076822004098,0,9.11647570187579e-05
11-Oct-2023 08:00:00,0,0,0,0,0,25,170.076822004098,170.076822004098,0,9.11580529885381e-05
11-Oct-2023 09:00:00,-40.2322457610993,0,98.5690021146932,0,0.0492598711217857,25,170.076822004098,170.076822004098,0,9.11513504369132e-05
11-Oct-2023 10:00:00,-112.946577083978,0,276.719113855747,0,0.138290411722013,25,170.076822004098,170.076822004098,0,0.000109505955520728
11-Oct-2023 11:00:00,-261.020487388069,0,639.500194100769,0,0.319590301899435,25,170.076822004098,170.076822004098,0,0.000174221831190868
11-Oct-2023 12:00:00,-263.314358192716,0,645.120177572153,0,0.322398889341406,25,170.076822004098,170.076822004098,0,0.000241291724013326
11-Oct-2023 13:00:00,-40.2047283605651,0,98.5015844833845,0,0.0492261791521162,25,170.076822004098,170.076822004098,0,0.000360398811948048
11-Oct-2023 14:00:00,44.3336959891964,113.096163237746,0,0.056519821708019,0,25,170.076822004098,170.133341825806,0.000133948382387561,0.000364295352520694
11-Oct-2023 15:00:00,-46.1614637235798,0,113.095586122771,0,0.0565195332947379,25,170.133341825806,170.133341825806,0,0.000359597186285976
11-Oct-2023 16:00:00,238.71854084752,608.97586950898,0,0.304335766871054,0,25,170.133341825806,170.437677592677,0.000776038344723229,0.000364241834765355
11-Oct-2023 17:00:00,306.917607129873,782.953079412942,0,0.391280899256843,0,25,170.437677592677,170.828958491934,0.00102347958151944,0.000263857783175059
11-Oct-2023 18:00:00,143.642325376775,366.43450351218,0,0.183125688911634,0,25,170.828958491934,171.012084180845,0.000450285033176401,0.000172073571645504
11-Oct-2023 19:00:00,0,0,0,0,0,25,171.012084180845,171.012084180845,0,9.10844061337013e-05
11-Oct-2023 20:00:00,0,0,0,0,0,25,171.012084180845,171.012084180845,0,9.10777198128709e-05
11-Oct-2023 21:00:00,0,0,0,0,0,25,171.012084180845,171.012084180845,0,9.10710349644184e-05
11-Oct-2023 22:00:00,0,0,0,0,0,25,171.012084180845,171.012084180845,0,9.10643515872334e-05
11-Oct-2023 23:00:00,0,0,0,0,0,25,171.012084180845,171.012084180845,0,9.105766968176e-05
12-Oct-2023 00:00:00,0,0,0,0,0,25,171.012084180845,171.012084180845,0,9.1050989246666e-05
12-Oct-2023 01:00:00,0,0,0,0,0,25,171.012084180845,171.012084180845,0,9.10443102817293e-05
12-Oct-2023 02:00:00,0,0,0,0,0,25,171.012084180845,171.012084180845,0,9.10376327860618e-05
12-Oct-2023 03:00:00,0,0,0,0,0,25,171.012084180845,171.012084180845,0,9.10309567601075e-05
12-Oct-2023 04:00:00,0,0,0,0,0,25,171.012084180845,171.012084180845,0,9.10242822020901e-05
12-Oct-2023 05:00:00,0,0,0,0,0,25,171.012084180845,171.012084180845,0,9.10176091124537e-05
12-Oct-2023 06:00:00,0,0,0,0,0,25,171.012084180845,171.012084180845,0,9.1010937489644e-05
12-Oct-2023 07:00:00,0,0,0,0,0,25,171.012084180845,171.012084180845,0,9.1004267334327e-05
12-Oct-2023 08:00:00,0,0,0,0,0,25,171.012084180845,171.012084180845,0,9.09975986447265e-05
12-Oct-2023 09:00:00,0,0,0,0,0,25,171.012084180845,171.012084180845,0,9.09909314215085e-05
12-Oct-2023 10:00:00,0,0,0,0,0,25,171.012084180845,171.012084180845,0,9.09842656633408e-05
12-Oct-2023 11:00:00,0,0,0,0,0,25,171.012084180845,171.012084180845,0,9.09776013700014e-05
12-Oct-2023 12:00:00,0,0,0,0,0,25,171.012084180845,171.012084180845,0,9.09709385406021e-05
12-Oct-2023 13:00:00,0,0,0,0,0,25,171.012084180845,171.012084180845,0,9.09642771751429e-05
12-Oct-2023 14:00:00,0,0,0,0,0,25,171.012084180845,171.012084180845,0,9.09576172727355e-05
12-Oct-2023 15:00:00,0,0,0,0,0,25,171.012084180845,171.012084180845,0,9.0950958832714e-05
12-Oct-2023 16:00:00,0,0,0,0,0,25,171.012084180845,171.012084180845,0,9.09443018550782e-05
12-Oct-2023 17:00:00,0,0,0,0,0,25,171.012084180845,171.012084180845,0,9.09376463387179e-05
12-Oct-2023 18:00:00,0,0,0,0,0,25,171.012084180845,171.012084180845,0,9.09309922836332e-05
12-Oct-2023 19:00:00,0,0,0,0,0,25,171.012084180845,171.012084180845,0,9.09243396887138e-05
12-Oct-2023 20:00:00,0,0,0,0,0,25,171.012084180845,171.012084180845,0,9.09176885535157e-05
12-Oct-2023 21:00:00,0,0,0,0,0,25,171.012084180845,171.012084180845,0,9.09110388780388e-05
12-Oct-2023 22:00:00,0,0,0,0,0,25,171.012084180845,171.012084180845,0,9.09043906616169e-05
12-Oct-2023 23:00:00,0,0,0,0,0,25,171.012084180845,171.012084180845,0,9.089774390314e-05
13-Oct-2023 00:00:00,0,0,0,0,0,25,171.012084180845,171.012084180845,0,9.08910986023859e-05
13-Oct-2023 01:00:00,0,0,0,0,0,25,171.012084180845,171.012084180845,0,9.08844547591325e-05
13-Oct-2023 02:00:00,0,0,0,0,0,25,171.012084180845,171.012084180845,0,9.08778123722698e-05
13-Oct-2023 03:00:00,0,0,0,0,0,25,171.012084180845,171.012084180845,0,9.08711714422417e-05
13-Oct-2023 04:00:00,0,0,0,0,0,25,171.012084180845,171.012084180845,0,9.08645319672718e-05
13-Oct-2023 05:00:00,0,0,0,0,0,25,171.012084180845,171.012084180845,0,9.08578939475824e-05
13-Oct-2023 06:00:00,0,0,0,0,0,25,171.012084180845,171.012084180845,0,9.08512573825071e-05
13-Oct-2023 07:00:00,0,0,0,0,0,25,171.012084180845,171.012084180845,0,9.08446222716019e-05
13-Oct-2023 08:00:00,0,0,0,0,0,25,171.012084180845,171.012084180845,0,9.08379886139787e-05
13-Oct-2023 09:00:00,0,0,0,0,0,25,171.012084180845,171.012084180845,0,9.08313564094154e-05
13-Oct-2023 10:00:00,0,0,0,0,0,25,171.012084180845,171.012084180845,0,9.08247256574679e-05
13-Oct-2023 11:00:00,0,0,0,0,0,25,171.012084180845,171.012084180845,0,9.0818096357026e-05
13-Oct-2023 12:00:00,0,0,0,0,0,25,171.012084180845,171.012084180845,0,9.08114685085337e-05
13-Oct-2023 13:00:00,0,0,0,0,0,25,171.012084180845,171.012084180845,0,9.08048421106589e-05
13-Oct-2023 14:00:00,0,0,0,0,0,25,171.012084180845,171.012084180845,0,9.07982171634014e-05
13-Oct-2023 15:00:00,-12.364622039287,0,30.2933239962532,0,0.0151390924519006,25,171.012084180845,171.012084180845,0,9.07915936656511e-05
13-Oct-2023 16:00:00,11.8749719635473,30.2932958253757,0,0.0151390783735011,0,25,171.012084180845,171.027223259219,3.54168599761562e-05,9.64235235967337e-05
13-Oct-2023 17:00:00,0,0,0,0,0,25,171.027223259219,171.027223259219,0,9.07783510175619e-05
13-Oct-2023 18:00:00,0,0,0,0,0,25,171.027223259219,171.027223259219,0,9.07717318663348e-05
13-Oct-2023 19:00:00,0,0,0,0,0,25,171.027223259219,171.027223259219,0,9.07651141626165e-05
13-Oct-2023 20:00:00,0,0,0,0,0,25,171.027223259219,171.027223259219,0,9.07584979061848e-05
13-Oct-2023 21:00:00,0,0,0,0,0,25,171.027223259219,171.027223259219,0,9.07518830963738e-05
13-Oct-2023 22:00:00,0,0,0,0,0,25,171.027223259219,171.027223259219,0,9.07452697327393e-05
13-Oct-2023 23:00:00,0,0,0,0,0,25,171.027223259219,171.027223259219,0,9.07386578146152e-05
14-Oct-2023 00:00:00,0,0,0,0,0,25,171.027223259219,171.027223259219,0,9.07320473415574e-05
14-Oct-2023 01:00:00,0,0,0,0,0,25,171.027223259219,171.027223259219,0,9.07254383131217e-05
14-Oct-2023 02:00:00,0,0,0,0,0,25,171.027223259219,171.027223259219,0,9.07188307284201e-05
14-Oct-2023 03:00:00,0,0,0,0,0,25,171.027223259219,171.027223259219,0,9.07122245876746e-05
14-Oct-2023 04:00:00,0,0,0,0,0,25,171.027223259219,171.027223259219,0,9.07056198893308e-05
14-Oct-2023 05:00:00,0,0,0,0,0,25,171.027223259219,171.027223259219,0,9.06990166340549e-05
14-Oct-2023 06:00:00,0,0,0,0,0,25,171.027223259219,171.027223259219,0,9.06924148202926e-05
14-Oct-2023 07:00:00,0,0,0,0,0,25,171.027223259219,171.027223259219,0,9.06858144478218e-05
14-Oct-2023 08:00:00,0,0,0,0,0,25,171.027223259219,171.027223259219,0,9.06792155168645e-05
14-Oct-2023 09:00:00,-186.156236098022,0,456.082778440153,0,0.227927425507323,25,171.027223259219,171.027223259219,0,9.06726180256445e-05
14-Oct-2023 10:00:00,86.9832934064498,221.896156649107,0,0.110892632008549,0,25,171.027223259219,171.138115891227,0.000266871764776633,0.000190199367044119
14-Oct-2023 11:00:00,-73.6164287903034,0,180.360250536243,0,0.0901350577392521,25,171.138115891227,171.138115891227,0,0.000138660071971053
14-Oct-2023 12:00:00,90.0995781113801,229.845862529031,0,0.114865498515258,0,25,171.138115891227,171.252981389743,0.000276734867848072,0.000181955134567646
14-Oct-2023 13:00:00,72.4016290579525,184.698033311103,0,0.0923028652229402,0,25,171.252981389743,171.345284254966,0.000220879720163714,0.00012693491945881
14-Oct-2023 14:00:00,-216.453748198892,0,530.311683087286,0,0.265023329878704,25,171.345284254966,171.345284254966,0,9.0639652156943e-05
14-Oct-2023 15:00:00,-201.70017633248,0,494.165432014577,0,0.246959236389094,25,171.345284254966,171.345284254966,0,0.000202152060334804
14-Oct-2023 16:00:00,31.3067466902427,79.8641497200069,0,0.0399121188006032,0,25,171.345284254966,171.385196373766,9.40348049899287e-05,0.00024112173770896
14-Oct-2023 17:00:00,306.158349165158,781.016196849892,0,0.390312941953969,0,25,171.385196373766,171.77550931572,0.00101993058228395,0.000233222002889999
14-Oct-2023 18:00:00,64.1268143860771,163.58881220938,0,0.0817535293400202,0,25,171.77550931572,171.85726284506,0.000194949173714765,0.000122182785480485
14-Oct-2023 19:00:00,0,0,0,0,0,25,171.85726284506,171.85726284506,0,9.06067222186113e-05
14-Oct-2023 20:00:00,0,0,0,0,0,25,171.85726284506,171.85726284506,0,9.06001405369672e-05
14-Oct-2023 21:00:00,0,0,0,0,0,25,171.85726284506,171.85726284506,0,9.05935602890651e-05
14-Oct-2023 22:00:00,0,0,0,0,0,25,171.85726284506,171.85726284506,0,9.0586981475127e-05
14-Oct-2023 23:00:00,0,0,0,0,0,25,171.85726284506,171.85726284506,0,9.05804040938207e-05
15-Oct-2023 00:00:00,0,0,0,0,0,25,171.85726284506,171.85726284506,0,9.05738281451463e-05
15-Oct-2023 01:00:00,0,0,0,0,0,25,171.85726284506,171.85726284506,0,9.05672536286595e-05
15-Oct-2023 02:00:00,0,0,0,0,0,25,171.85726284506,171.85726284506,0,9.05606805434722e-05
15-Oct-2023 03:00:00,0,0,0,0,0,25,171.85726284506,171.85726284506,0,9.05541088891404e-05
15-Oct-2023 04:00:00,0,0,0,0,0,25,171.85726284506,171.85726284506,0,9.0547538665442e-05
15-Oct-2023 05:00:00,0,0,0,0,0,25,171.85726284506,171.85726284506,0,9.05409698714887e-05
15-Oct-2023 06:00:00,0,0,0,0,0,25,171.85726284506,171.85726284506,0,9.05344025072807e-05
15-Oct-2023 07:00:00,0,0,0,0,0,25,171.85726284506,171.85726284506,0,9.05278365712636e-05
15-Oct-2023 08:00:00,-138.297112725009,0,338.827926176272,0,0.169329298438916,25,171.85726284506,171.85726284506,0,9.05212720643256e-05
15-Oct-2023 09:00:00,-155.174066450094,0,380.17646280273,0,0.189993234783973,25,171.85726284506,171.85726284506,0,0.000164413003192809
15-Oct-2023 10:00:00,40.6732084446148,103.758184807691,0,0.0518531658209349,0,25,171.85726284506,171.909116010881,0.000122553183341201,0.000219603793022438
15-Oct-2023 11:00:00,228.968894466538,584.104322618721,0,0.291906208205258,0,25,171.909116010881,172.201022219086,0.000740622478059838,0.000211688366718032
15-Oct-2023 12:00:00,12.2060554018531,31.1378964332987,0,0.0155611676328329,0,25,172.201022219086,172.216583386719,3.63764810323852e-05,9.62701345847972e-05
15-Oct-2023 13:00:00,0,0,0,0,0,25,172.216583386719,172.216583386719,0,9.04884709354015e-05
15-Oct-2023 14:00:00,0,0,0,0,0,25,172.216583386719,172.216583386719,0,9.04819149876168e-05
15-Oct-2023 15:00:00,-71.166979113129,0,174.359098827166,0,0.0871359814228716,25,172.216583386719,172.216583386719,0,9.04753604642483e-05
15-Oct-2023 16:00:00,68.3487033961442,174.358937235062,0,0.0871359006671972,0,25,172.216583386719,172.303719287386,0.000208046708888632,0.000124363498759994
15-Oct-2023 17:00:00,0,0,0,0,0,25,172.303719287386,172.303719287386,0,9.04622556898715e-05
15-Oct-2023 18:00:00,0,0,0,0,0,25,172.303719287386,172.303719287386,0,9.04557054379751e-05
15-Oct-2023 19:00:00,0,0,0,0,0,25,172.303719287386,172.303719287386,0,9.04491566087184e-05
15-Oct-2023 20:00:00,0,0,0,0,0,25,172.303719287386,172.303719287386,0,9.04426092014354e-05
15-Oct-2023 21:00:00,0,0,0,0,0,25,172.303719287386,172.303719287386,0,9.0436063215904e-05
15-Oct-2023 22:00:00,0,0,0,0,0,25,172.303719287386,172.303719287386,0,9.04295186516801e-05
15-Oct-2023 23:00:00,0,0,0,0,0,25,172.303719287386,172.303719287386,0,9.04229755074315e-05
16-Oct-2023 00:00:00,0,0,0,0,0,25,172.303719287386,172.303719287386,0,9.04164337840463e-05
16-Oct-2023 01:00:00,0,0,0,0,0,25,172.303719287386,172.303719287386,0,9.04098934797481e-05
16-Oct-2023 02:00:00,0,0,0,0,0,25,172.303719287386,172.303719287386,0,9.04033545947591e-05
16-Oct-2023 03:00:00,0,0,0,0,0,25,172.303719287386,172.303719287386,0,9.03968171284131e-05
16-Oct-2023 04:00:00,0,0,0,0,0,25,172.303719287386,172.303719287386,0,9.03902810798218e-05
16-Oct-2023 05:00:00,0,0,0,0,0,25,172.303719287386,172.303719287386,0,9.03837464489854e-05
16-Oct-2023 06:00:00,0,0,0,0,0,25,172.303719287386,172.303719287386,0,9.03772132352376e-05
16-Oct-2023 07:00:00,0,0,0,0,0,25,172.303719287386,172.303719287386,0,9.03706814379124e-05
16-Oct-2023 08:00:00,-142.5151420545,0,349.162098033526,0,0.174493802115705,25,172.303719287386,172.303719287386,0,9.03641510567876e-05
16-Oct-2023 09:00:00,-131.02233403291,0,321.004718380631,0,0.160422148116257,25,172.303719287386,172.303719287386,0,0.00016662068085127
16-Oct-2023 10:00:00,-294.078861046402,0,720.493209563685,0,0.360066571496095,25,172.303719287386,172.303719287386,0,0.000215937412116896
16-Oct-2023 11:00:00,-113.681331056797,0,278.519261089154,0,0.139190035526813,25,172.303719287386,172.303719287386,0,0.000324788698627509
16-Oct-2023 12:00:00,283.720108134375,723.775786057079,0,0.361707039508785,0,25,172.303719287386,172.665426326895,0.000936569048961333,0.000357744337135868
16-Oct-2023 13:00:00,231.116734062463,589.583505261384,0,0.294644430415484,0,25,172.665426326895,172.960070757311,0.000747743244886134,0.000232547384703796
16-Oct-2023 14:00:00,139.471166370621,355.793791761789,0,0.177807991884952,0,25,172.960070757311,173.137878749196,0.000435823108385858,0.000168142163004203
16-Oct-2023 15:00:00,0,0,0,0,0,25,173.137878749196,173.137878749196,0,9.03184779925681e-05
16-Oct-2023 16:00:00,0,0,0,0,0,25,173.137878749196,173.137878749196,0,9.03119589210633e-05
16-Oct-2023 17:00:00,0,0,0,0,0,25,173.137878749196,173.137878749196,0,9.03054412606519e-05
16-Oct-2023 18:00:00,0,0,0,0,0,25,173.137878749196,173.137878749196,0,9.0298925011334e-05
16-Oct-2023 19:00:00,0,0,0,0,0,25,173.137878749196,173.137878749196,0,9.02924101724434e-05
16-Oct-2023 20:00:00,0,0,0,0,0,25,173.137878749196,173.137878749196,0,9.0285896743314e-05
16-Oct-2023 21:00:00,0,0,0,0,0,25,173.137878749196,173.137878749196,0,9.02793847235017e-05
16-Oct-2023 22:00:00,0,0,0,0,0,25,173.137878749196,173.137878749196,0,9.02728741127845e-05
16-Oct-2023 23:00:00,0,0,0,0,0,25,173.137878749196,173.137878749196,0,9.02663649102742e-05
17-Oct-2023 00:00:00,0,0,0,0,0,25,173.137878749196,173.137878749196,0,9.02598571157487e-05
17-Oct-2023 01:00:00,0,0,0,0,0,25,173.137878749196,173.137878749196,0,9.02533507285419e-05
17-Oct-2023 02:00:00,0,0,0,0,0,25,173.137878749196,173.137878749196,0,9.02468457482097e-05
17-Oct-2023 03:00:00,0,0,0,0,0,25,173.137878749196,173.137878749196,0,9.0240342173864e-05
17-Oct-2023 04:00:00,0,0,0,0,0,25,173.137878749196,173.137878749196,0,9.02338400055047e-05
17-Oct-2023 05:00:00,0,0,0,0,0,25,173.137878749196,173.137878749196,0,9.02273392426878e-05
17-Oct-2023 06:00:00,0,0,0,0,0,25,173.137878749196,173.137878749196,0,9.0220839884525e-05
17-Oct-2023 07:00:00,0,0,0,0,0,25,173.137878749196,173.137878749196,0,9.02143419305723e-05
17-Oct-2023 08:00:00,0,0,0,0,0,25,173.137878749196,173.137878749196,0,9.02078453806077e-05
17-Oct-2023 09:00:00,0,0,0,0,0,25,173.137878749196,173.137878749196,0,9.02013502339649e-05
17-Oct-2023 10:00:00,-37.5699398921481,0,92.0463527357628,0,0.0460001762797415,25,173.137878749196,173.137878749196,0,9.01948564897559e-05
17-Oct-2023 11:00:00,36.0821369334994,92.0462676874984,0,0.0460001337768607,0,25,173.137878749196,173.183878882973,0.000108427115937504,0.00010712085909792
17-Oct-2023 12:00:00,0,0,0,0,0,25,173.183878882973,173.183878882973,0,9.01818732081949e-05
17-Oct-2023 13:00:00,0,0,0,0,0,25,173.183878882973,173.183878882973,0,9.01753836695107e-05
17-Oct-2023 14:00:00,0,0,0,0,0,25,173.183878882973,173.183878882973,0,9.01688955317059e-05
17-Oct-2023 15:00:00,0,0,0,0,0,25,173.183878882973,173.183878882973,0,9.01624087943365e-05
17-Oct-2023 16:00:00,0,0,0,0,0,25,173.183878882973,173.183878882973,0,9.01559234562921e-05
17-Oct-2023 17:00:00,0,0,0,0,0,25,173.183878882973,173.183878882973,0,9.01494395175728e-05
17-Oct-2023 18:00:00,0,0,0,0,0,25,173.183878882973,173.183878882973,0,9.01429569781786e-05
17-Oct-2023 19:00:00,0,0,0,0,0,25,173.183878882973,173.183878882973,0,9.01364758363332e-05
17-Oct-2023 20:00:00,0,0,0,0,0,25,173.183878882973,173.183878882973,0,9.01299960927027e-05
17-Oct-2023 21:00:00,0,0,0,0,0,25,173.183878882973,173.183878882973,0,9.01235177461768e-05
17-Oct-2023 22:00:00,0,0,0,0,0,25,173.183878882973,173.183878882973,0,9.01170407963114e-05
17-Oct-2023 23:00:00,0,0,0,0,0,25,173.183878882973,173.183878882973,0,9.01105652426626e-05
18-Oct-2023 00:00:00,0,0,0,0,0,25,173.183878882973,173.183878882973,0,9.01040910850082e-05
18-Oct-2023 01:00:00,0,0,0,0,0,25,173.183878882973,173.183878882973,0,9.009761832246e-05
18-Oct-2023 02:00:00,0,0,0,0,0,25,173.183878882973,173.183878882973,0,9.0091146954574e-05
18-Oct-2023 03:00:00,0,0,0,0,0,25,173.183878882973,173.183878882973,0,9.00846769809061e-05
18-Oct-2023 04:00:00,0,0,0,0,0,25,173.183878882973,173.183878882973,0,9.00782084010121e-05
18-Oct-2023 05:00:00,0,0,0,0,0,25,173.183878882973,173.183878882973,0,9.0071741214226e-05
18-Oct-2023 06:00:00,0,0,0,0,0,25,173.183878882973,173.183878882973,0,9.00652754205478e-05
18-Oct-2023 07:00:00,0,0,0,0,0,25,173.183878882973,173.183878882973,0,9.00588110190892e-05
18-Oct-2023 08:00:00,-149.895201581629,0,367.243243874991,0,0.183529857008991,25,173.183878882973,173.183878882973,0,9.00523480089621e-05
18-Oct-2023 09:00:00,-214.92621150026,0,526.569218175636,0,0.263153032571532,25,173.183878882973,173.183878882973,0,0.000170306186704217
18-Oct-2023 10:00:00,-319.056651803031,0,781.688796917425,0,0.390649073921752,25,173.183878882973,173.183878882973,0,0.000228190908687198
18-Oct-2023 11:00:00,-33.6457141137167,0,82.4319995786059,0,0.0411954020882588,25,173.183878882973,173.183878882973,0,0.000356829053747676
18-Oct-2023 12:00:00,0,0,0,0,0,25,173.183878882973,173.183878882973,0,0.000359932061714474
18-Oct-2023 13:00:00,0,0,0,0,0,25,173.183878882973,173.183878882973,0,0.00035990624995752
18-Oct-2023 14:00:00,0,0,0,0,0,25,173.183878882973,173.183878882973,0,0.000359880443751459
18-Oct-2023 15:00:00,0,0,0,0,0,25,173.183878882973,173.183878882973,0,0.000359854643094959
18-Oct-2023 16:00:00,239.002827644534,609.701090929932,0,0.304698196366783,0,25,173.183878882973,173.488577079339,0.000775253823097066,0.000359828847988686
18-Oct-2023 17:00:00,317.724707412586,810.52221278721,0,0.405058577105053,0,25,173.488577079339,173.893635656444,0.00106139362489233,0.000260463176912529
18-Oct-2023 18:00:00,132.36031469589,337.653864020129,0,0.1687425607297,0,25,173.893635656444,174.062378217174,0.000412204291873386,0.000163185473490479
18-Oct-2023 19:00:00,0,0,0,0,0,25,174.062378217174,174.062378217174,0,8.99813466126442e-05
18-Oct-2023 20:00:00,0,0,0,0,0,25,174.062378217174,174.062378217174,0,8.99749002643002e-05
18-Oct-2023 21:00:00,0,0,0,0,0,25,174.062378217174,174.062378217174,0,8.99684553019586e-05
18-Oct-2023 22:00:00,0,0,0,0,0,25,174.062378217174,174.062378217174,0,8.99620117240651e-05
18-Oct-2023 23:00:00,0,0,0,0,0,25,174.062378217174,174.062378217174,0,8.99555695306198e-05
19-Oct-2023 00:00:00,0,0,0,0,0,25,174.062378217174,174.062378217174,0,8.99491287205123e-05
19-Oct-2023 01:00:00,0,0,0,0,0,25,174.062378217174,174.062378217174,0,8.99426892941868e-05
19-Oct-2023 02:00:00,0,0,0,0,0,25,174.062378217174,174.062378217174,0,8.99362512505331e-05
19-Oct-2023 03:00:00,0,0,0,0,0,25,174.062378217174,174.062378217174,0,8.9929814589107e-05
19-Oct-2023 04:00:00,0,0,0,0,0,25,174.062378217174,174.062378217174,0,8.99233793094645e-05
19-Oct-2023 05:00:00,0,0,0,0,0,25,174.062378217174,174.062378217174,0,8.99169454111615e-05
19-Oct-2023 06:00:00,0,0,0,0,0,25,174.062378217174,174.062378217174,0,8.99105128937538e-05
19-Oct-2023 07:00:00,0,0,0,0,0,25,174.062378217174,174.062378217174,0,8.99040817565755e-05
19-Oct-2023 08:00:00,0,0,0,0,0,25,174.062378217174,174.062378217174,0,8.98976519991823e-05
19-Oct-2023 09:00:00,0,0,0,0,0,25,174.062378217174,174.062378217174,0,8.98912236211302e-05
19-Oct-2023 10:00:00,0,0,0,0,0,25,174.062378217174,174.062378217174,0,8.98847966219751e-05
19-Oct-2023 11:00:00,0,0,0,0,0,25,174.062378217174,174.062378217174,0,8.98783710010509e-05
19-Oct-2023 12:00:00,0,0,0,0,0,25,174.062378217174,174.062378217174,0,8.98719467581355e-05
19-Oct-2023 13:00:00,0,0,0,0,0,25,174.062378217174,174.062378217174,0,8.98655238925627e-05
19-Oct-2023 14:00:00,0,0,0,0,0,25,174.062378217174,174.062378217174,0,8.98591024038886e-05
19-Oct-2023 15:00:00,0,0,0,0,0,25,174.062378217174,174.062378217174,0,8.98526822914469e-05
19-Oct-2023 16:00:00,0,0,0,0,0,25,174.062378217174,174.062378217174,0,8.98462635550157e-05
19-Oct-2023 17:00:00,0,0,0,0,0,25,174.062378217174,174.062378217174,0,8.98398461939287e-05
19-Oct-2023 18:00:00,0,0,0,0,0,25,174.062378217174,174.062378217174,0,8.98334302075199e-05
19-Oct-2023 19:00:00,0,0,0,0,0,25,174.062378217174,174.062378217174,0,8.98270155960113e-05
19-Oct-2023 20:00:00,0,0,0,0,0,25,174.062378217174,174.062378217174,0,8.98206023580705e-05
19-Oct-2023 21:00:00,0,0,0,0,0,25,174.062378217174,174.062378217174,0,8.98141904934757e-05
19-Oct-2023 22:00:00,0,0,0,0,0,25,174.062378217174,174.062378217174,0,8.98077800022268e-05
19-Oct-2023 23:00:00,0,0,0,0,0,25,174.062378217174,174.062378217174,0,8.98013708829914e-05
20-Oct-2023 00:00:00,0,0,0,0,0,25,174.062378217174,174.062378217174,0,8.97949631359918e-05
20-Oct-2023 01:00:00,0,0,0,0,0,25,174.062378217174,174.062378217174,0,8.97885567605616e-05
20-Oct-2023 02:00:00,0,0,0,0,0,25,174.062378217174,174.062378217174,0,8.97821517558128e-05
20-Oct-2023 03:00:00,0,0,0,0,0,25,174.062378217174,174.062378217174,0,8.97757481217454e-05
20-Oct-2023 04:00:00,0,0,0,0,0,25,174.062378217174,174.062378217174,0,8.97693458576931e-05
20-Oct-2023 05:00:00,0,0,0,0,0,25,174.062378217174,174.062378217174,0,8.9762944963212e-05
20-Oct-2023 06:00:00,0,0,0,0,0,25,174.062378217174,174.062378217174,0,8.97565454374138e-05
20-Oct-2023 07:00:00,0,0,0,0,0,25,174.062378217174,174.062378217174,0,8.97501472805207e-05
20-Oct-2023 08:00:00,0,0,0,0,0,25,174.062378217174,174.062378217174,0,8.97437504914222e-05
20-Oct-2023 09:00:00,0,0,0,0,0,25,174.062378217174,174.062378217174,0,8.97373550701186e-05
20-Oct-2023 10:00:00,0,0,0,0,0,25,174.062378217174,174.062378217174,0,8.97309610159436e-05
20-Oct-2023 11:00:00,0,0,0,0,0,25,174.062378217174,174.062378217174,0,8.9724568328009e-05
20-Oct-2023 12:00:00,0,0,0,0,0,25,174.062378217174,174.062378217174,0,8.97181770063149e-05
20-Oct-2023 13:00:00,0,0,0,0,0,25,174.062378217174,174.062378217174,0,8.97117870504172e-05
20-Oct-2023 14:00:00,0,0,0,0,0,25,174.062378217174,174.062378217174,0,8.97053984596496e-05
20-Oct-2023 15:00:00,0,0,0,0,0,25,174.062378217174,174.062378217174,0,8.96990112333462e-05
20-Oct-2023 16:00:00,0,0,0,0,0,25,174.062378217174,174.062378217174,0,8.96926253712849e-05
20-Oct-2023 17:00:00,0,0,0,0,0,25,174.062378217174,174.062378217174,0,8.96862408727994e-05
20-Oct-2023 18:00:00,0,0,0,0,0,25,174.062378217174,174.062378217174,0,8.96798577376678e-05
20-Oct-2023 19:00:00,0,0,0,0,0,25,174.062378217174,174.062378217174,0,8.9673475965224e-05
20-Oct-2023 20:00:00,0,0,0,0,0,25,174.062378217174,174.062378217174,0,8.96670955548018e-05
20-Oct-2023 21:00:00,0,0,0,0,0,25,174.062378217174,174.062378217174,0,8.96607165064012e-05
20-Oct-2023 22:00:00,0,0,0,0,0,25,174.062378217174,174.062378217174,0,8.96543388189119e-05
20-Oct-2023 23:00:00,0,0,0,0,0,25,174.062378217174,174.062378217174,0,8.96479624925561e-05
21-Oct-2023 00:00:00,0,0,0,0,0,25,174.062378217174,174.062378217174,0,8.96415875262235e-05
21-Oct-2023 01:00:00,0,0,0,0,0,25,174.062378217174,174.062378217174,0,8.96352139199141e-05
21-Oct-2023 02:00:00,0,0,0,0,0,25,174.062378217174,174.062378217174,0,8.96288416727398e-05
21-Oct-2023 03:00:00,0,0,0,0,0,25,174.062378217174,174.062378217174,0,8.96224707842563e-05
21-Oct-2023 04:00:00,0,0,0,0,0,25,174.062378217174,174.062378217174,0,8.96161012544638e-05
21-Oct-2023 05:00:00,0,0,0,0,0,25,174.062378217174,174.062378217174,0,8.96097330822521e-05
21-Oct-2023 06:00:00,0,0,0,0,0,25,174.062378217174,174.062378217174,0,8.9603366267621e-05
21-Oct-2023 07:00:00,0,0,0,0,0,25,174.062378217174,174.062378217174,0,8.95970008099045e-05
21-Oct-2023 08:00:00,0,0,0,0,0,25,174.062378217174,174.062378217174,0,8.95906367084365e-05
21-Oct-2023 09:00:00,0,0,0,0,0,25,174.062378217174,174.062378217174,0,8.95842739629948e-05
21-Oct-2023 10:00:00,0,0,0,0,0,25,174.062378217174,174.062378217174,0,8.95779125731355e-05
21-Oct-2023 11:00:00,0,0,0,0,0,25,174.062378217174,174.062378217174,0,8.95715525379703e-05
21-Oct-2023 12:00:00,0,0,0,0,0,25,174.062378217174,174.062378217174,0,8.95651938574993e-05
21-Oct-2023 13:00:00,0,0,0,0,0,25,174.062378217174,174.062378217174,0,8.95588365310562e-05
21-Oct-2023 14:00:00,-85.7765043269808,0,210.152435601103,0,0.105023705947578,25,174.062378217174,174.062378217174,0,8.95524805581971e-05
21-Oct-2023 15:00:00,25.3649133788253,64.7064116806769,0,0.0323370373216776,0,25,174.062378217174,174.094715254496,7.58613479111547e-05,0.000131252070574295
21-Oct-2023 16:00:00,57.0146448065366,145.445522465655,0,0.0726864180238153,0,25,174.094715254496,174.16740167252,0.000172561692392215,0.000116896631489727
21-Oct-2023 17:00:00,0,0,0,0,0,25,174.16740167252,174.16740167252,0,8.95334207557941e-05
21-Oct-2023 18:00:00,0,0,0,0,0,25,174.16740167252,174.16740167252,0,8.95270701921635e-05
21-Oct-2023 19:00:00,0,0,0,0,0,25,174.16740167252,174.16740167252,0,8.95207209794524e-05
21-Oct-2023 20:00:00,0,0,0,0,0,25,174.16740167252,174.16740167252,0,8.95143731176606e-05
21-Oct-2023 21:00:00,0,0,0,0,0,25,174.16740167252,174.16740167252,0,8.95080266063442e-05
21-Oct-2023 22:00:00,0,0,0,0,0,25,174.16740167252,174.16740167252,0,8.95016814441707e-05
21-Oct-2023 23:00:00,0,0,0,0,0,25,174.16740167252,174.16740167252,0,8.94953376313623e-05
22-Oct-2023 00:00:00,0,0,0,0,0,25,174.16740167252,174.16740167252,0,8.94889951674749e-05
22-Oct-2023 01:00:00,0,0,0,0,0,25,174.16740167252,174.16740167252,0,8.94826540518423e-05
22-Oct-2023 02:00:00,0,0,0,0,0,25,174.16740167252,174.16740167252,0,8.94763142837984e-05
22-Oct-2023 03:00:00,0,0,0,0,0,25,174.16740167252,174.16740167252,0,8.94699758631212e-05
22-Oct-2023 04:00:00,0,0,0,0,0,25,174.16740167252,174.16740167252,0,8.94636387895886e-05
22-Oct-2023 05:00:00,0,0,0,0,0,25,174.16740167252,174.16740167252,0,8.94573030620904e-05
22-Oct-2023 06:00:00,0,0,0,0,0,25,174.16740167252,174.16740167252,0,8.94509686804046e-05
22-Oct-2023 07:00:00,0,0,0,0,0,25,174.16740167252,174.16740167252,0,8.94446356445311e-05
22-Oct-2023 08:00:00,-166.640157089861,0,408.268384870161,0,0.204032176346907,25,174.16740167252,174.16740167252,0,8.94383039531377e-05
22-Oct-2023 09:00:00,33.9719727735604,86.6631958509193,0,0.0433099429539826,0,25,174.16740167252,174.210711615474,0.000101925730440322,0.000178218585887402
22-Oct-2023 10:00:00,126.068725582763,321.603891792764,0,0.16072158510383,0,25,174.210711615474,174.371433200577,0.00039159063317018,0.000158284041648082
22-Oct-2023 11:00:00,-78.5584348804301,0,192.468165457054,0,0.09618598973366,25,174.371433200577,174.371433200577,0,8.94193169442836e-05
22-Oct-2023 12:00:00,-134.685710774082,0,329.979991396501,0,0.164907541927287,25,174.371433200577,174.371433200577,0,0.000126976436920723
22-Oct-2023 13:00:00,-122.472700233793,0,300.058115572794,0,0.149954080746024,25,174.371433200577,174.371433200577,0,0.000198341190011719
22-Oct-2023 14:00:00,-150.42772645269,0,368.54792980909,0,0.184181873967561,25,174.371433200577,174.371433200577,0,0.000222575914804679
22-Oct-2023 15:00:00,132.670128421797,338.444205157644,0,0.169137533811916,0,25,174.371433200577,174.540570734389,0.000413072078851995,0.000268902351830969
22-Oct-2023 16:00:00,228.710652457486,583.445541983382,0,0.291576982500441,0,25,174.540570734389,174.83214771689,0.000738252060248024,0.000224153960813434
22-Oct-2023 17:00:00,105.507035102991,269.150599752529,0,0.134508045853338,0,25,174.83214771689,174.966655762743,0.000325042779228513,0.00014527011433918
22-Oct-2023 18:00:00,0,0,0,0,0,25,174.966655762743,174.966655762743,0,8.93750609072264e-05
22-Oct-2023 19:00:00,0,0,0,0,0,25,174.966655762743,174.966655762743,0,8.93687439789126e-05
22-Oct-2023 20:00:00,0,0,0,0,0,25,174.966655762743,174.966655762743,0,8.93624283899719e-05
22-Oct-2023 21:00:00,0,0,0,0,0,25,174.966655762743,174.966655762743,0,8.9356114139294e-05
22-Oct-2023 22:00:00,0,0,0,0,0,25,174.966655762743,174.966655762743,0,8.93498012273231e-05
22-Oct-2023 23:00:00,0,0,0,0,0,25,174.966655762743,174.966655762743,0,8.93434896529488e-05
23-Oct-2023 00:00:00,0,0,0,0,0,25,174.966655762743,174.966655762743,0,8.93371794161713e-05
23-Oct-2023 01:00:00,0,0,0,0,0,25,174.966655762743,174.966655762743,0,8.93308705158802e-05
23-Oct-2023 02:00:00,0,0,0,0,0,25,174.966655762743,174.966655762743,0,8.93245629522976e-05
23-Oct-2023 03:00:00,0,0,0,0,0,25,174.966655762743,174.966655762743,0,8.93182567247575e-05
23-Oct-2023 04:00:00,0,0,0,0,0,25,174.966655762743,174.966655762743,0,8.93119518321495e-05
23-Oct-2023 05:00:00,0,0,0,0,0,25,174.966655762743,174.966655762743,0,8.93056482746957e-05
23-Oct-2023 06:00:00,0,0,0,0,0,25,174.966655762743,174.966655762743,0,8.9299346051952e-05
23-Oct-2023 07:00:00,0,0,0,0,0,25,174.966655762743,174.966655762743,0,8.92930451632523e-05
23-Oct-2023 08:00:00,0,0,0,0,0,25,174.966655762743,174.966655762743,0,8.92867456077084e-05
23-Oct-2023 09:00:00,0,0,0,0,0,25,174.966655762743,174.966655762743,0,8.92804473859865e-05
23-Oct-2023 10:00:00,0,0,0,0,0,25,174.966655762743,174.966655762743,0,8.92741504963102e-05
23-Oct-2023 11:00:00,-88.3413503745491,0,216.436308417645,0,0.108164072172736,25,174.966655762743,174.966655762743,0,8.92678549391235e-05
23-Oct-2023 12:00:00,20.760738540751,52.9610677059975,0,0.0264673002028973,0,25,174.966655762743,174.993123062946,6.19422947787385e-05,0.000132312887973329
23-Oct-2023 13:00:00,64.0820892061222,163.474717362557,0,0.0816965104260653,0,25,174.993123062946,175.074819573372,0.000194340997996312,0.000120338365952044
23-Oct-2023 14:00:00,-8.47224968979639,0,20.7570117400012,0,0.0103733192103954,25,175.074819573372,175.074819573372,0,8.92489762553961e-05
23-Oct-2023 15:00:00,8.13674116118203,20.7569927581174,0,0.0103733097241966,0,25,175.074819573372,175.085192883096,2.41598805603704e-05,9.3064527964426e-05
23-Oct-2023 16:00:00,0,0,0,0,0,25,175.085192883096,175.085192883096,0,8.92363971183308e-05
23-Oct-2023 17:00:00,0,0,0,0,0,25,175.085192883096,175.085192883096,0,8.92301095438697e-05
23-Oct-2023 18:00:00,0,0,0,0,0,25,175.085192883096,175.085192883096,0,8.92238232985676e-05
23-Oct-2023 19:00:00,0,0,0,0,0,25,175.085192883096,175.085192883096,0,8.92175383817584e-05
23-Oct-2023 20:00:00,0,0,0,0,0,25,175.085192883096,175.085192883096,0,8.92112547925539e-05
23-Oct-2023 21:00:00,0,0,0,0,0,25,175.085192883096,175.085192883096,0,8.92049725311761e-05
23-Oct-2023 22:00:00,0,0,0,0,0,25,175.085192883096,175.085192883096,0,8.91986915962928e-05
23-Oct-2023 23:00:00,0,0,0,0,0,25,175.085192883096,175.085192883096,0,8.91924119885701e-05
24-Oct-2023 00:00:00,0,0,0,0,0,25,175.085192883096,175.085192883096,0,8.91861337066757e-05
24-Oct-2023 01:00:00,0,0,0,0,0,25,175.085192883096,175.085192883096,0,8.91798567503876e-05
24-Oct-2023 02:00:00,0,0,0,0,0,25,175.085192883096,175.085192883096,0,8.91735811190397e-05
24-Oct-2023 03:00:00,0,0,0,0,0,25,175.085192883096,175.085192883096,0,8.9167306812632e-05
24-Oct-2023 04:00:00,0,0,0,0,0,25,175.085192883096,175.085192883096,0,8.91610338300541e-05
24-Oct-2023 05:00:00,0,0,0,0,0,25,175.085192883096,175.085192883096,0,8.91547621717503e-05
24-Oct-2023 06:00:00,0,0,0,0,0,25,175.085192883096,175.085192883096,0,8.91484918363883e-05
24-Oct-2023 07:00:00,0,0,0,0,0,25,175.085192883096,175.085192883096,0,8.9142222823746e-05
24-Oct-2023 08:00:00,0,0,0,0,0,25,175.085192883096,175.085192883096,0,8.91359551336013e-05
24-Oct-2023 09:00:00,0,0,0,0,0,25,175.085192883096,175.085192883096,0,8.91296887657322e-05
24-Oct-2023 10:00:00,0,0,0,0,0,25,175.085192883096,175.085192883096,0,8.91234237185845e-05
24-Oct-2023 11:00:00,0,0,0,0,0,25,175.085192883096,175.085192883096,0,8.91171599926022e-05
24-Oct-2023 12:00:00,0,0,0,0,0,25,175.085192883096,175.085192883096,0,8.91108975873411e-05
24-Oct-2023 13:00:00,0,0,0,0,0,25,175.085192883096,175.085192883096,0,8.91046365019132e-05
24-Oct-2023 14:00:00,0,0,0,0,0,25,175.085192883096,175.085192883096,0,8.90983767360964e-05
24-Oct-2023 15:00:00,0,0,0,0,0,25,175.085192883096,175.085192883096,0,8.90921182892246e-05
24-Oct-2023 16:00:00,0,0,0,0,0,25,175.085192883096,175.085192883096,0,8.90858611612977e-05
24-Oct-2023 17:00:00,0,0,0,0,0,25,175.085192883096,175.085192883096,0,8.90796053512055e-05
24-Oct-2023 18:00:00,0,0,0,0,0,25,175.085192883096,175.085192883096,0,8.90733508589481e-05
24-Oct-2023 19:00:00,0,0,0,0,0,25,175.085192883096,175.085192883096,0,8.90670976840813e-05
24-Oct-2023 20:00:00,0,0,0,0,0,25,175.085192883096,175.085192883096,0,8.90608458257169e-05
24-Oct-2023 21:00:00,0,0,0,0,0,25,175.085192883096,175.085192883096,0,8.90545952840771e-05
24-Oct-2023 22:00:00,0,0,0,0,0,25,175.085192883096,175.085192883096,0,8.90483460578295e-05
24-Oct-2023 23:00:00,0,0,0,0,0,25,175.085192883096,175.085192883096,0,8.90420981471962e-05
25-Oct-2023 00:00:00,0,0,0,0,0,25,175.085192883096,175.085192883096,0,8.90358515517331e-05
25-Oct-2023 01:00:00,0,0,0,0,0,25,175.085192883096,175.085192883096,0,8.902960627033e-05
25-Oct-2023 02:00:00,0,0,0,0,0,25,175.085192883096,175.085192883096,0,8.90233623032088e-05
25-Oct-2023 03:00:00,0,0,0,0,0,25,175.085192883096,175.085192883096,0,8.90171196494816e-05
25-Oct-2023 04:00:00,0,0,0,0,0,25,175.085192883096,175.085192883096,0,8.9010878308704e-05
25-Oct-2023 05:00:00,0,0,0,0,0,25,175.085192883096,175.085192883096,0,8.90046382808762e-05
25-Oct-2023 06:00:00,0,0,0,0,0,25,175.085192883096,175.085192883096,0,8.899839956511e-05
25-Oct-2023 07:00:00,0,0,0,0,0,25,175.085192883096,175.085192883096,0,8.89921621609613e-05
25-Oct-2023 08:00:00,0,0,0,0,0,25,175.085192883096,175.085192883096,0,8.8985926068208e-05
25-Oct-2023 09:00:00,0,0,0,0,0,25,175.085192883096,175.085192883096,0,8.8979691286406e-05
25-Oct-2023 10:00:00,0,0,0,0,0,25,175.085192883096,175.085192883096,0,8.89734578144452e-05
25-Oct-2023 11:00:00,0,0,0,0,0,25,175.085192883096,175.085192883096,0,8.89672256527696e-05
25-Oct-2023 12:00:00,0,0,0,0,0,25,175.085192883096,175.085192883096,0,8.8960994800269e-05
25-Oct-2023 13:00:00,-197.587810427251,0,484.090135546764,0,0.241924105720522,25,175.085192883096,175.085192883096,0,8.89547652567213e-05
25-Oct-2023 14:00:00,-81.6057373083565,0,199.934056405473,0,0.0999170696679028,25,175.085192883096,175.085192883096,0,0.000191476427914283
25-Oct-2023 15:00:00,-44.9042693295942,0,110.015459857506,0,0.0549802398088485,25,175.085192883096,175.085192883096,0,0.000213566569895463
25-Oct-2023 16:00:00,81.014021397151,206.668421931508,0,0.103282569680913,0,25,175.085192883096,175.188475452777,0.000247246419711855,0.000219945468669325
25-Oct-2023 17:00:00,230.247039625358,587.364897003463,0,0.293535680661401,0,25,175.188475452777,175.482011133439,0.00074329080286728,0.000205264982734654
25-Oct-2023 18:00:00,0,0,0,0,0,25,175.482011133439,175.482011133439,0,8.8923637157956e-05
25-Oct-2023 19:00:00,0,0,0,0,0,25,175.482011133439,175.482011133439,0,8.89174154588002e-05
25-Oct-2023 20:00:00,0,0,0,0,0,25,175.482011133439,175.482011133439,0,8.89111950650445e-05
25-Oct-2023 21:00:00,0,0,0,0,0,25,175.482011133439,175.482011133439,0,8.89049759769112e-05
25-Oct-2023 22:00:00,0,0,0,0,0,25,175.482011133439,175.482011133439,0,8.88987581935119e-05
25-Oct-2023 23:00:00,0,0,0,0,0,25,175.482011133439,175.482011133439,0,8.88925417144026e-05
26-Oct-2023 00:00:00,0,0,0,0,0,25,175.482011133439,175.482011133439,0,8.88863265391393e-05
26-Oct-2023 01:00:00,0,0,0,0,0,25,175.482011133439,175.482011133439,0,8.88801126674998e-05
26-Oct-2023 02:00:00,0,0,0,0,0,25,175.482011133439,175.482011133439,0,8.88739000990402e-05
26-Oct-2023 03:00:00,0,0,0,0,0,25,175.482011133439,175.482011133439,0,8.88676888328721e-05
26-Oct-2023 04:00:00,0,0,0,0,0,25,175.482011133439,175.482011133439,0,8.88614788689956e-05
26-Oct-2023 05:00:00,0,0,0,0,0,25,175.482011133439,175.482011133439,0,8.88552702067447e-05
26-Oct-2023 06:00:00,0,0,0,0,0,25,175.482011133439,175.482011133439,0,8.88490628456751e-05
26-Oct-2023 07:00:00,0,0,0,0,0,25,175.482011133439,175.482011133439,0,8.88428567853428e-05
26-Oct-2023 08:00:00,0,0,0,0,0,25,175.482011133439,175.482011133439,0,8.88366520250816e-05
26-Oct-2023 09:00:00,0,0,0,0,0,25,175.482011133439,175.482011133439,0,8.88304485648916e-05
26-Oct-2023 10:00:00,0,0,0,0,0,25,175.482011133439,175.482011133439,0,8.88242464041067e-05
26-Oct-2023 11:00:00,0,0,0,0,0,25,175.482011133439,175.482011133439,0,8.88180455420606e-05
26-Oct-2023 12:00:00,0,0,0,0,0,25,175.482011133439,175.482011133439,0,8.88118459787535e-05
26-Oct-2023 13:00:00,0,0,0,0,0,25,175.482011133439,175.482011133439,0,8.8805647713297e-05
26-Oct-2023 14:00:00,0,0,0,0,0,25,175.482011133439,175.482011133439,0,8.87994507452472e-05
26-Oct-2023 15:00:00,0,0,0,0,0,25,175.482011133439,175.482011133439,0,8.8793255074604e-05
26-Oct-2023 16:00:00,0,0,0,0,0,25,175.482011133439,175.482011133439,0,8.87870607007013e-05
26-Oct-2023 17:00:00,0,0,0,0,0,25,175.482011133439,175.482011133439,0,8.87808676224289e-05
26-Oct-2023 18:00:00,0,0,0,0,0,25,175.482011133439,175.482011133439,0,8.87746758404528e-05
26-Oct-2023 19:00:00,0,0,0,0,0,25,175.482011133439,175.482011133439,0,8.8768485353885e-05
26-Oct-2023 20:00:00,0,0,0,0,0,25,175.482011133439,175.482011133439,0,8.87622961618373e-05
26-Oct-2023 21:00:00,0,0,0,0,0,25,175.482011133439,175.482011133439,0,8.87561082640875e-05
26-Oct-2023 22:00:00,0,0,0,0,0,25,175.482011133439,175.482011133439,0,8.87499216606358e-05
26-Oct-2023 23:00:00,0,0,0,0,0,25,175.482011133439,175.482011133439,0,8.87437363505938e-05
27-Oct-2023 00:00:00,0,0,0,0,0,25,175.482011133439,175.482011133439,0,8.87375523332956e-05
27-Oct-2023 01:00:00,0,0,0,0,0,25,175.482011133439,175.482011133439,0,8.87313696089631e-05
27-Oct-2023 02:00:00,0,0,0,0,0,25,175.482011133439,175.482011133439,0,8.87251881767082e-05
27-Oct-2023 03:00:00,0,0,0,0,0,25,175.482011133439,175.482011133439,0,8.87190080360867e-05
27-Oct-2023 04:00:00,0,0,0,0,0,25,175.482011133439,175.482011133439,0,8.87128291866546e-05
27-Oct-2023 05:00:00,0,0,0,0,0,25,175.482011133439,175.482011133439,0,8.87066516281898e-05
27-Oct-2023 06:00:00,0,0,0,0,0,25,175.482011133439,175.482011133439,0,8.87004753600262e-05
27-Oct-2023 07:00:00,0,0,0,0,0,25,175.482011133439,175.482011133439,0,8.86943003814977e-05
27-Oct-2023 08:00:00,0,0,0,0,0,25,175.482011133439,175.482011133439,0,8.86881266930484e-05
27-Oct-2023 09:00:00,0,0,0,0,0,25,175.482011133439,175.482011133439,0,8.86819542931239e-05
27-Oct-2023 10:00:00,0,0,0,0,0,25,175.482011133439,175.482011133439,0,8.86757831817242e-05
27-Oct-2023 11:00:00,0,0,0,0,0,25,175.482011133439,175.482011133439,0,8.86696133586273e-05
27-Oct-2023 12:00:00,0,0,0,0,0,25,175.482011133439,175.482011133439,0,8.86634448229451e-05
27-Oct-2023 13:00:00,0,0,0,0,0,25,175.482011133439,175.482011133439,0,8.86572775748995e-05
27-Oct-2023 14:00:00,0,0,0,0,0,25,175.482011133439,175.482011133439,0,8.86511116131583e-05
27-Oct-2023 15:00:00,0,0,0,0,0,25,175.482011133439,175.482011133439,0,8.86449469379436e-05
27-Oct-2023 16:00:00,0,0,0,0,0,25,175.482011133439,175.482011133439,0,8.86387835485891e-05
27-Oct-2023 17:00:00,0,0,0,0,0,25,175.482011133439,175.482011133439,0,8.86326214448729e-05
27-Oct-2023 18:00:00,0,0,0,0,0,25,175.482011133439,175.482011133439,0,8.86264606256848e-05
27-Oct-2023 19:00:00,0,0,0,0,0,25,175.482011133439,175.482011133439,0,8.86203010914688e-05
27-Oct-2023 20:00:00,0,0,0,0,0,25,175.482011133439,175.482011133439,0,8.86141428411147e-05
27-Oct-2023 21:00:00,0,0,0,0,0,25,175.482011133439,175.482011133439,0,8.86079858744004e-05
27-Oct-2023 22:00:00,0,0,0,0,0,25,175.482011133439,175.482011133439,0,8.8601830190882e-05
27-Oct-2023 23:00:00,0,0,0,0,0,25,175.482011133439,175.482011133439,0,8.85956757901152e-05
28-Oct-2023 00:00:00,0,0,0,0,0,25,175.482011133439,175.482011133439,0,8.8589522671656e-05
28-Oct-2023 01:00:00,0,0,0,0,0,25,175.482011133439,175.482011133439,0,8.85833708350603e-05
28-Oct-2023 02:00:00,0,0,0,0,0,25,175.482011133439,175.482011133439,0,8.85772202801061e-05
28-Oct-2023 03:00:00,0,0,0,0,0,25,175.482011133439,175.482011133439,0,8.85710710056831e-05
28-Oct-2023 04:00:00,0,0,0,0,0,25,175.482011133439,175.482011133439,0,8.85649230117913e-05
28-Oct-2023 05:00:00,0,0,0,0,0,25,175.482011133439,175.482011133439,0,8.85587762984308e-05
28-Oct-2023 06:00:00,0,0,0,0,0,25,175.482011133439,175.482011133439,0,8.85526308642692e-05
28-Oct-2023 07:00:00,0,0,0,0,0,25,175.482011133439,175.482011133439,0,8.85464867095287e-05
28-Oct-2023 08:00:00,0,0,0,0,0,25,175.482011133439,175.482011133439,0,8.8540343833543e-05
28-Oct-2023 09:00:00,0,0,0,0,0,25,175.482011133439,175.482011133439,0,8.85342022358682e-05
28-Oct-2023 10:00:00,0,0,0,0,0,25,175.482011133439,175.482011133439,0,8.8528061915838e-05
28-Oct-2023 11:00:00,0,0,0,0,0,25,175.482011133439,175.482011133439,0,8.85219228732304e-05
28-Oct-2023 12:00:00,0,0,0,0,0,25,175.482011133439,175.482011133439,0,8.85157851078233e-05
28-Oct-2023 13:00:00,0,0,0,0,0,25,175.482011133439,175.482011133439,0,8.85096486187287e-05
28-Oct-2023 14:00:00,0,0,0,0,0,25,175.482011133439,175.482011133439,0,8.85035134059464e-05
28-Oct-2023 15:00:00,0,0,0,0,0,25,175.482011133439,175.482011133439,0,8.84973794685884e-05
28-Oct-2023 16:00:00,0,0,0,0,0,25,175.482011133439,175.482011133439,0,8.84912468066545e-05
28-Oct-2023 17:00:00,0,0,0,0,0,25,175.482011133439,175.482011133439,0,8.84851154190347e-05
28-Oct-2023 18:00:00,0,0,0,0,0,25,175.482011133439,175.482011133439,0,8.8478985306395e-05
28-Oct-2023 19:00:00,0,0,0,0,0,25,175.482011133439,175.482011133439,0,8.84728564671811e-05
28-Oct-2023 20:00:00,0,0,0,0,0,25,175.482011133439,175.482011133439,0,8.8466728901393e-05
28-Oct-2023 21:00:00,0,0,0,0,0,25,175.482011133439,175.482011133439,0,8.84606026088086e-05
28-Oct-2023 22:00:00,0,0,0,0,0,25,175.482011133439,175.482011133439,0,8.84544775887619e-05
28-Oct-2023 23:00:00,0,0,0,0,0,25,175.482011133439,175.482011133439,0,8.84483538405867e-05
29-Oct-2023 00:00:00,0,0,0,0,0,25,175.482011133439,175.482011133439,0,8.8442231364505e-05
29-Oct-2023 01:00:00,0,0,0,0,0,25,175.482011133439,175.482011133439,0,8.84361101594067e-05
29-Oct-2023 02:00:00,0,0,0,0,0,25,175.482011133439,175.482011133439,0,8.84299902250696e-05
29-Oct-2023 02:00:00,0,0,0,0,0,25,175.482011133439,175.482011133439,0,8.84238715610497e-05
29-Oct-2023 03:00:00,0,0,0,0,0,25,175.482011133439,175.482011133439,0,8.84177541671249e-05
29-Oct-2023 04:00:00,0,0,0,0,0,25,175.482011133439,175.482011133439,0,8.84116380426292e-05
29-Oct-2023 05:00:00,0,0,0,0,0,25,175.482011133439,175.482011133439,0,8.84055231871184e-05
29-Oct-2023 06:00:00,0,0,0,0,0,25,175.482011133439,175.482011133439,0,8.83994096001484e-05
29-Oct-2023 07:00:00,0,0,0,0,0,25,175.482011133439,175.482011133439,0,8.83932972814971e-05
29-Oct-2023 08:00:00,0,0,0,0,0,25,175.482011133439,175.482011133439,0,8.83871862302765e-05
29-Oct-2023 09:00:00,0,0,0,0,0,25,175.482011133439,175.482011133439,0,8.83810764464865e-05
29-Oct-2023 10:00:00,0,0,0,0,0,25,175.482011133439,175.482011133439,0,8.8374967929683e-05
29-Oct-2023 11:00:00,0,0,0,0,0,25,175.482011133439,175.482011133439,0,8.83688606791999e-05
29-Oct-2023 12:00:00,0,0,0,0,0,25,175.482011133439,175.482011133439,0,8.83627546945931e-05
29-Oct-2023 13:00:00,0,0,0,0,0,25,175.482011133439,175.482011133439,0,8.83566499758626e-05
29-Oct-2023 14:00:00,0,0,0,0,0,25,175.482011133439,175.482011133439,0,8.83505465216761e-05
29-Oct-2023 15:00:00,0,0,0,0,0,25,175.482011133439,175.482011133439,0,8.83444443326997e-05
29-Oct-2023 16:00:00,0,0,0,0,0,25,175.482011133439,175.482011133439,0,8.83383434073792e-05
29-Oct-2023 17:00:00,0,0,0,0,0,25,175.482011133439,175.482011133439,0,8.83322437463807e-05
29-Oct-2023 18:00:00,0,0,0,0,0,25,175.482011133439,175.482011133439,0,8.8326145348594e-05
29-Oct-2023 19:00:00,0,0,0,0,0,25,175.482011133439,175.482011133439,0,8.83200482133528e-05
29-Oct-2023 20:00:00,0,0,0,0,0,25,175.482011133439,175.482011133439,0,8.83139523411014e-05
29-Oct-2023 21:00:00,0,0,0,0,0,25,175.482011133439,175.482011133439,0,8.83078577307295e-05
29-Oct-2023 22:00:00,0,0,0,0,0,25,175.482011133439,175.482011133439,0,8.83017643815709e-05
29-Oct-2023 23:00:00,0,0,0,0,0,25,175.482011133439,175.482011133439,0,8.82956722940698e-05
30-Oct-2023 00:00:00,0,0,0,0,0,25,175.482011133439,175.482011133439,0,8.82895814671159e-05
30-Oct-2023 01:00:00,0,0,0,0,0,25,175.482011133439,175.482011133439,0,8.82834919004871e-05
30-Oct-2023 02:00:00,0,0,0,0,0,25,175.482011133439,175.482011133439,0,8.82774035937395e-05
30-Oct-2023 03:00:00,0,0,0,0,0,25,175.482011133439,175.482011133439,0,8.82713165464288e-05
30-Oct-2023 04:00:00,0,0,0,0,0,25,175.482011133439,175.482011133439,0,8.82652307581111e-05
30-Oct-2023 05:00:00,0,0,0,0,0,25,175.482011133439,175.482011133439,0,8.82591462283422e-05
30-Oct-2023 06:00:00,0,0,0,0,0,25,175.482011133439,175.482011133439,0,8.8253062956678e-05
30-Oct-2023 07:00:00,0,0,0,0,0,25,175.482011133439,175.482011133439,0,8.82469809428965e-05
30-Oct-2023 08:00:00,0,0,0,0,0,25,175.482011133439,175.482011133439,0,8.82409001858875e-05
30-Oct-2023 09:00:00,0,0,0,0,0,25,175.482011133439,175.482011133439,0,8.8234820686095e-05
30-Oct-2023 10:00:00,0,0,0,0,0,25,175.482011133439,175.482011133439,0,8.82287424428529e-05
30-Oct-2023 11:00:00,-344.738032036429,0,844.60817848925,0,0.422093042723264,25,175.482011133439,175.482011133439,0,8.82226654554952e-05
30-Oct-2023 12:00:00,-367.782544642975,0,901.067234375288,0,0.450308462956166,25,175.482011133439,175.482011133439,0,0.000220797217964863
30-Oct-2023 13:00:00,-4.74480407200348,0,11.6247699764085,0,0.00580948024808022,25,175.482011133439,175.482011133439,0,0.000352282793463443
30-Oct-2023 14:00:00,262.126701425242,668.690564860311,0,0.334178193333489,0,25,175.482011133439,175.816189326772,0.0008562399800911,0.000352647311482768
30-Oct-2023 15:00:00,298.408967547401,761.24736619235,0,0.380433466362994,0,25,175.816189326772,176.196622793135,0.000987930832200279,0.000243869524376272
30-Oct-2023 16:00:00,128.314761433593,327.333575085697,0,0.163584995045326,0,25,176.196622793135,176.36020778818,0.000398317188359587,0.000157496952150504
30-Oct-2023 17:00:00,0,0,0,0,0,25,176.36020778818,176.36020778818,0,8.81862298816039e-05
30-Oct-2023 18:00:00,0,0,0,0,0,25,176.36020778818,176.36020778818,0,8.81801616734457e-05
30-Oct-2023 19:00:00,0,0,0,0,0,25,176.36020778818,176.36020778818,0,8.81740947182852e-05
30-Oct-2023 20:00:00,0,0,0,0,0,25,176.36020778818,176.36020778818,0,8.81680290152342e-05
30-Oct-2023 21:00:00,0,0,0,0,0,25,176.36020778818,176.36020778818,0,8.81619645636267e-05
30-Oct-2023 22:00:00,0,0,0,0,0,25,176.36020778818,176.36020778818,0,8.81559013630184e-05
30-Oct-2023 23:00:00,0,0,0,0,0,25,176.36020778818,176.36020778818,0,8.81498394134095e-05
31-Oct-2023 00:00:00,0,0,0,0,0,25,176.36020778818,176.36020778818,0,8.81437787143557e-05
31-Oct-2023 01:00:00,0,0,0,0,0,25,176.36020778818,176.36020778818,0,8.8137719264969e-05
31-Oct-2023 02:00:00,0,0,0,0,0,25,176.36020778818,176.36020778818,0,8.81316610652494e-05
31-Oct-2023 03:00:00,0,0,0,0,0,25,176.36020778818,176.36020778818,0,8.81256041147527e-05
31-Oct-2023 04:00:00,0,0,0,0,0,25,176.36020778818,176.36020778818,0,8.81195484123687e-05
31-Oct-2023 05:00:00,0,0,0,0,0,25,176.36020778818,176.36020778818,0,8.81134939587636e-05
31-Oct-2023 06:00:00,0,0,0,0,0,25,176.36020778818,176.36020778818,0,8.8107440752605e-05
31-Oct-2023 07:00:00,0,0,0,0,0,25,176.36020778818,176.36020778818,0,8.81013887938931e-05
31-Oct-2023 08:00:00,0,0,0,0,0,25,176.36020778818,176.36020778818,0,8.80953380821836e-05
31-Oct-2023 09:00:00,0,0,0,0,0,25,176.36020778818,176.36020778818,0,8.80892886168105e-05
31-Oct-2023 10:00:00,0,0,0,0,0,25,176.36020778818,176.36020778818,0,8.80832403973297e-05
31-Oct-2023 11:00:00,0,0,0,0,0,25,176.36020778818,176.36020778818,0,8.80771934241853e-05
31-Oct-2023 12:00:00,0,0,0,0,0,25,176.36020778818,176.36020778818,0,8.80711476956009e-05
31-Oct-2023 13:00:00,0,0,0,0,0,25,176.36020778818,176.36020778818,0,8.80651032117985e-05
31-Oct-2023 14:00:00,0,0,0,0,0,25,176.36020778818,176.36020778818,0,8.80590599727782e-05
31-Oct-2023 15:00:00,0,0,0,0,0,25,176.36020778818,176.36020778818,0,8.80530179774297e-05
31-Oct-2023 16:00:00,0,0,0,0,0,25,176.36020778818,176.36020778818,0,8.80469772257531e-05
31-Oct-2023 17:00:00,0,0,0,0,0,25,176.36020778818,176.36020778818,0,8.80409377170821e-05
31-Oct-2023 18:00:00,0,0,0,0,0,25,176.36020778818,176.36020778818,0,8.80348994509728e-05
31-Oct-2023 19:00:00,0,0,0,0,0,25,176.36020778818,176.36020778818,0,8.8028862427203e-05
31-Oct-2023 20:00:00,0,0,0,0,0,25,176.36020778818,176.36020778818,0,8.80228266451066e-05
31-Oct-2023 21:00:00,0,0,0,0,0,25,176.36020778818,176.36020778818,0,8.80167921044617e-05
31-Oct-2023 22:00:00,0,0,0,0,0,25,176.36020778818,176.36020778818,0,8.8010758804824e-05
31-Oct-2023 23:00:00,0,0,0,0,0,25,176.36020778818,176.36020778818,0,8.80047267457496e-05
01-Nov-2023 00:00:00,0,0,0,0,0,25,176.36020778818,176.36020778818,0,8.79986959265722e-05
01-Nov-2023 01:00:00,0,0,0,0,0,25,176.36020778818,176.36020778818,0,8.79926663472919e-05
01-Nov-2023 02:00:00,0,0,0,0,0,25,176.36020778818,176.36020778818,0,8.79866380070204e-05
01-Nov-2023 03:00:00,0,0,0,0,0,25,176.36020778818,176.36020778818,0,8.79806109057579e-05
01-Nov-2023 04:00:00,0,0,0,0,0,25,176.36020778818,176.36020778818,0,8.79745850430602e-05
01-Nov-2023 05:00:00,0,0,0,0,0,25,176.36020778818,176.36020778818,0,8.79685604178171e-05
01-Nov-2023 06:00:00,0,0,0,0,0,25,176.36020778818,176.36020778818,0,8.79625370306947e-05
01-Nov-2023 07:00:00,0,0,0,0,0,25,176.36020778818,176.36020778818,0,8.79565148805828e-05
01-Nov-2023 08:00:00,-226.008412243474,0,553.720609996512,0,0.276721944026243,25,176.36020778818,176.36020778818,0,8.79504939668152e-05
01-Nov-2023 09:00:00,-331.982541488536,0,813.357226646914,0,0.406475375635639,25,176.36020778818,176.36020778818,0,0.00019919974598781
01-Nov-2023 10:00:00,-159.221871910087,0,390.093586179714,0,0.194949318430641,25,176.36020778818,176.36020778818,0,0.000310950484767591
01-Nov-2023 11:00:00,0,0,0,0,0,25,176.36020778818,176.36020778818,0,0.000351559823606129
01-Nov-2023 12:00:00,234.072205290558,597.122972679995,0,0.298412280199897,0,25,176.36020778818,176.65862006838,0.000756061261653729,0.000351535771349054
01-Nov-2023 13:00:00,155.478091799225,396.627785202103,0,0.198214785208447,0,25,176.65862006838,176.856834853589,0.000487433732397347,0.000257188799474894
01-Nov-2023 14:00:00,259.339446629464,661.580220993531,0,0.330624798097717,0,25,176.856834853589,177.187459651686,0.000845381672541001,0.000215828456534117
01-Nov-2023 15:00:00,39.9076074641439,101.805121082,0,0.0508771219800099,0,25,177.187459651686,177.238336773666,0.000119733995904925,0.000106236833485651
01-Nov-2023 16:00:00,0,0,0,0,0,25,177.238336773666,177.238336773666,0,8.79023711295446e-05
01-Nov-2023 17:00:00,0,0,0,0,0,25,177.238336773666,177.238336773666,0,8.78963613273331e-05
01-Nov-2023 18:00:00,0,0,0,0,0,25,177.238336773666,177.238336773666,0,8.78903527576913e-05
01-Nov-2023 19:00:00,0,0,0,0,0,25,177.238336773666,177.238336773666,0,8.78843454199529e-05
01-Nov-2023 20:00:00,0,0,0,0,0,25,177.238336773666,177.238336773666,0,8.7878339314118e-05
01-Nov-2023 21:00:00,0,0,0,0,0,25,177.238336773666,177.238336773666,0,8.78723344392984e-05
01-Nov-2023 22:00:00,0,0,0,0,0,25,177.238336773666,177.238336773666,0,8.78663307952721e-05
01-Nov-2023 23:00:00,0,0,0,0,0,25,177.238336773666,177.238336773666,0,8.78603283818169e-05
02-Nov-2023 00:00:00,0,0,0,0,0,25,177.238336773666,177.238336773666,0,8.78543271980448e-05
02-Nov-2023 01:00:00,0,0,0,0,0,25,177.238336773666,177.238336773666,0,8.78483272439556e-05
02-Nov-2023 02:00:00,0,0,0,0,0,25,177.238336773666,177.238336773666,0,8.78423285193275e-05
02-Nov-2023 03:00:00,0,0,0,0,0,25,177.238336773666,177.238336773666,0,8.7836331022606e-05
02-Nov-2023 04:00:00,0,0,0,0,0,25,177.238336773666,177.238336773666,0,8.78303347549014e-05
02-Nov-2023 05:00:00,0,0,0,0,0,25,177.238336773666,177.238336773666,0,8.78243397148815e-05
02-Nov-2023 06:00:00,0,0,0,0,0,25,177.238336773666,177.238336773666,0,8.7818345902102e-05
02-Nov-2023 07:00:00,0,0,0,0,0,25,177.238336773666,177.238336773666,0,8.78123533163411e-05
02-Nov-2023 08:00:00,0,0,0,0,0,25,177.238336773666,177.238336773666,0,8.78063619573766e-05
02-Nov-2023 09:00:00,0,0,0,0,0,25,177.238336773666,177.238336773666,0,8.78003718247644e-05
02-Nov-2023 10:00:00,0,0,0,0,0,25,177.238336773666,177.238336773666,0,8.77943829176164e-05
02-Nov-2023 11:00:00,0,0,0,0,0,25,177.238336773666,177.238336773666,0,8.77883952357106e-05
02-Nov-2023 12:00:00,-154.272799655298,0,377.968359155479,0,0.188889734710385,25,177.238336773666,177.238336773666,0,8.77824087790469e-05
02-Nov-2023 13:00:00,148.163463482846,377.968019088893,0,0.188889564762065,0,25,177.238336773666,177.427226338429,0.000463028753229677,0.000168455053338512
02-Nov-2023 14:00:00,0,0,0,0,0,25,177.427226338429,177.427226338429,0,8.77704395385592e-05
02-Nov-2023 15:00:00,0,0,0,0,0,25,177.427226338429,177.427226338429,0,8.77644567540692e-05
02-Nov-2023 16:00:00,0,0,0,0,0,25,177.427226338429,177.427226338429,0,8.77584751928229e-05
02-Nov-2023 17:00:00,0,0,0,0,0,25,177.427226338429,177.427226338429,0,8.77524948543762e-05
02-Nov-2023 18:00:00,0,0,0,0,0,25,177.427226338429,177.427226338429,0,8.77465157385071e-05
02-Nov-2023 19:00:00,0,0,0,0,0,25,177.427226338429,177.427226338429,0,8.77405378447715e-05
02-Nov-2023 20:00:00,0,0,0,0,0,25,177.427226338429,177.427226338429,0,8.77345611722813e-05
02-Nov-2023 21:00:00,0,0,0,0,0,25,177.427226338429,177.427226338429,0,8.77285857210364e-05
02-Nov-2023 22:00:00,0,0,0,0,0,25,177.427226338429,177.427226338429,0,8.77226114908147e-05
02-Nov-2023 23:00:00,0,0,0,0,0,25,177.427226338429,177.427226338429,0,8.77166384807282e-05
03-Nov-2023 00:00:00,0,0,0,0,0,25,177.427226338429,177.427226338429,0,8.77106666907768e-05
03-Nov-2023 01:00:00,0,0,0,0,0,25,177.427226338429,177.427226338429,0,8.77046961198502e-05
03-Nov-2023 02:00:00,0,0,0,0,0,25,177.427226338429,177.427226338429,0,8.76987267686147e-05
03-Nov-2023 03:00:00,0,0,0,0,0,25,177.427226338429,177.427226338429,0,8.76927586359599e-05
03-Nov-2023 04:00:00,0,0,0,0,0,25,177.427226338429,177.427226338429,0,8.76867917212198e-05
03-Nov-2023 05:00:00,0,0,0,0,0,25,177.427226338429,177.427226338429,0,8.76808260248385e-05
03-Nov-2023 06:00:00,0,0,0,0,0,25,177.427226338429,177.427226338429,0,8.76748615454837e-05
03-Nov-2023 07:00:00,0,0,0,0,0,25,177.427226338429,177.427226338429,0,8.76688982833773e-05
03-Nov-2023 08:00:00,-95.2862001282754,0,233.451190314275,0,0.116667261526374,25,177.427226338429,177.427226338429,0,8.76629362376313e-05
03-Nov-2023 09:00:00,59.1125864831904,150.797414497935,0,0.0753610267355995,0,25,177.427226338429,177.502587365164,0.000178612190594452,0.000133931889015892
03-Nov-2023 10:00:00,32.400094100354,82.6533012764133,0,0.0413059976393869,0,25,177.502587365164,177.543893362804,9.69128742083214e-05,0.000102400007182313
03-Nov-2023 11:00:00,0,0,0,0,0,25,177.543893362804,177.543893362804,0,8.76450573967791e-05
03-Nov-2023 12:00:00,0,0,0,0,0,25,177.543893362804,177.543893362804,0,8.76391002135879e-05
03-Nov-2023 13:00:00,0,0,0,0,0,25,177.543893362804,177.543893362804,0,8.76331442449807e-05
03-Nov-2023 14:00:00,0,0,0,0,0,25,177.543893362804,177.543893362804,0,8.76271894902914e-05
03-Nov-2023 15:00:00,0,0,0,0,0,25,177.543893362804,177.543893362804,0,8.76212359495199e-05
03-Nov-2023 16:00:00,0,0,0,0,0,25,177.543893362804,177.543893362804,0,8.76152836224442e-05
03-Nov-2023 17:00:00,0,0,0,0,0,25,177.543893362804,177.543893362804,0,8.760933250751e-05
03-Nov-2023 18:00:00,0,0,0,0,0,25,177.543893362804,177.543893362804,0,8.76033826058276e-05
03-Nov-2023 19:00:00,0,0,0,0,0,25,177.543893362804,177.543893362804,0,8.75974339153984e-05
03-Nov-2023 20:00:00,0,0,0,0,0,25,177.543893362804,177.543893362804,0,8.75914864375549e-05
03-Nov-2023 21:00:00,0,0,0,0,0,25,177.543893362804,177.543893362804,0,8.75855401702985e-05
03-Nov-2023 22:00:00,0,0,0,0,0,25,177.543893362804,177.543893362804,0,8.75795951138514e-05
03-Nov-2023 23:00:00,0,0,0,0,0,25,177.543893362804,177.543893362804,0,8.75736512684355e-05
04-Nov-2023 00:00:00,0,0,0,0,0,25,177.543893362804,177.543893362804,0,8.75677086324966e-05
04-Nov-2023 01:00:00,0,0,0,0,0,25,177.543893362804,177.543893362804,0,8.75617672064788e-05
04-Nov-2023 02:00:00,0,0,0,0,0,25,177.543893362804,177.543893362804,0,8.75558269897159e-05
04-Nov-2023 03:00:00,0,0,0,0,0,25,177.543893362804,177.543893362804,0,8.75498879813197e-05
04-Nov-2023 04:00:00,0,0,0,0,0,25,177.543893362804,177.543893362804,0,8.75439501815123e-05
04-Nov-2023 05:00:00,0,0,0,0,0,25,177.543893362804,177.543893362804,0,8.75380135898496e-05
04-Nov-2023 06:00:00,0,0,0,0,0,25,177.543893362804,177.543893362804,0,8.75320782056654e-05
04-Nov-2023 07:00:00,0,0,0,0,0,25,177.543893362804,177.543893362804,0,8.75261440287378e-05
04-Nov-2023 08:00:00,-275.116447579838,0,674.035296570603,0,0.336849223673465,25,177.543893362804,177.543893362804,0,8.75202110584006e-05
04-Nov-2023 09:00:00,-344.107582030953,0,843.063575975835,0,0.421321127424205,25,177.543893362804,177.543893362804,0,0.000209462031045105
04-Nov-2023 10:00:00,-97.9111655602764,0,239.882355622677,0,0.119881237192742,25,177.543893362804,177.543893362804,0,0.000335437331338007
04-Nov-2023 11:00:00,0,0,0,0,0,25,177.543893362804,177.543893362804,0,0.000349840577591465
04-Nov-2023 12:00:00,28.8298509466647,73.5455381292468,0,0.036754391868689,0,25,177.543893362804,177.580647754672,8.61151601772026e-05,0.000349816876458853
04-Nov-2023 13:00:00,153.125624623625,390.626593427615,0,0.195215688869373,0,25,177.580647754672,177.775863443542,0.000479310116272225,0.000347128176064526
04-Nov-2023 14:00:00,-73.4949737212036,0,180.062685616949,0,0.0899863496336576,25,177.775863443542,177.775863443542,0,0.000290372547434137
04-Nov-2023 15:00:00,291.387635055719,743.335803713569,0,0.371482160776396,0,25,177.775863443542,178.147345604318,0.000960740894089596,0.000329582933433548
04-Nov-2023 16:00:00,285.959009847408,729.487270018897,0,0.364561354332282,0,25,178.147345604318,178.51190695865,0.00094066175213392,0.000212881918999708
04-Nov-2023 17:00:00,0,0,0,0,0,25,178.51190695865,178.51190695865,0,8.74668685619806e-05
04-Nov-2023 18:00:00,0,0,0,0,0,25,178.51190695865,178.51190695865,0,8.7460947636675e-05
04-Nov-2023 19:00:00,0,0,0,0,0,25,178.51190695865,178.51190695865,0,8.74550279135189e-05
04-Nov-2023 20:00:00,0,0,0,0,0,25,178.51190695865,178.51190695865,0,8.74491093922902e-05
04-Nov-2023 21:00:00,0,0,0,0,0,25,178.51190695865,178.51190695865,0,8.74431920725449e-05
04-Nov-2023 22:00:00,0,0,0,0,0,25,178.51190695865,178.51190695865,0,8.74372759540609e-05
04-Nov-2023 23:00:00,0,0,0,0,0,25,178.51190695865,178.51190695865,0,8.74313610359501e-05
05-Nov-2023 00:00:00,0,0,0,0,0,25,178.51190695865,178.51190695865,0,8.74254473179903e-05
05-Nov-2023 01:00:00,0,0,0,0,0,25,178.51190695865,178.51190695865,0,8.74195347999596e-05
05-Nov-2023 02:00:00,0,0,0,0,0,25,178.51190695865,178.51190695865,0,8.74136234816358e-05
05-Nov-2023 03:00:00,0,0,0,0,0,25,178.51190695865,178.51190695865,0,8.74077133616868e-05
05-Nov-2023 04:00:00,0,0,0,0,0,25,178.51190695865,178.51190695865,0,8.74018044410008e-05
05-Nov-2023 05:00:00,0,0,0,0,0,25,178.51190695865,178.51190695865,0,8.73958967180233e-05
05-Nov-2023 06:00:00,0,0,0,0,0,25,178.51190695865,178.51190695865,0,8.73899901931985e-05
05-Nov-2023 07:00:00,0,0,0,0,0,25,178.51190695865,178.51190695865,0,8.73840848654162e-05
05-Nov-2023 08:00:00,0,0,0,0,0,25,178.51190695865,178.51190695865,0,8.73781807346763e-05
05-Nov-2023 09:00:00,0,0,0,0,0,25,178.51190695865,178.51190695865,0,8.73722778009789e-05
05-Nov-2023 10:00:00,0,0,0,0,0,25,178.51190695865,178.51190695865,0,8.73663760629917e-05
05-Nov-2023 11:00:00,-102.940251895973,0,252.203617145134,0,0.126038789177978,25,178.51190695865,178.51190695865,0,8.73604755209367e-05
05-Nov-2023 12:00:00,-196.667490921807,0,481.835352758428,0,0.240797277740344,25,178.51190695865,178.51190695865,0,0.000137929182033592
05-Nov-2023 13:00:00,-2.23674095956154,0,5.48001535092578,0,0.00273863835628475,25,178.51190695865,178.51190695865,0,0.000212840932878322
05-Nov-2023 14:00:00,139.600903692818,356.124754318412,0,0.177973390463974,0,25,178.51190695865,178.689880349114,0.00043445637086903,0.000213135013152232
05-Nov-2023 15:00:00,150.288413030943,383.388808752404,0,0.191598605073665,0,25,178.689880349114,178.881478954188,0.000469545840833252,0.00016881023879467
05-Nov-2023 16:00:00,0,0,0,0,0,25,178.881478954188,178.881478954188,0,8.73309907327702e-05
05-Nov-2023 17:00:00,0,0,0,0,0,25,178.881478954188,178.881478954188,0,8.73250973572048e-05
05-Nov-2023 18:00:00,0,0,0,0,0,25,178.881478954188,178.881478954188,0,8.7319205174019e-05
05-Nov-2023 19:00:00,0,0,0,0,0,25,178.881478954188,178.881478954188,0,8.73133141836568e-05
05-Nov-2023 20:00:00,0,0,0,0,0,25,178.881478954188,178.881478954188,0,8.73074243852301e-05
05-Nov-2023 21:00:00,0,0,0,0,0,25,178.881478954188,178.881478954188,0,8.73015357789608e-05
05-Nov-2023 22:00:00,0,0,0,0,0,25,178.881478954188,178.881478954188,0,8.72956483635168e-05
05-Nov-2023 23:00:00,0,0,0,0,0,25,178.881478954188,178.881478954188,0,8.7289762139342e-05
06-Nov-2023 00:00:00,0,0,0,0,0,25,178.881478954188,178.881478954188,0,8.72838771057705e-05
06-Nov-2023 01:00:00,0,0,0,0,0,25,178.881478954188,178.881478954188,0,8.72779932621359e-05
06-Nov-2023 02:00:00,0,0,0,0,0,25,178.881478954188,178.881478954188,0,8.72721106082164e-05
06-Nov-2023 03:00:00,0,0,0,0,0,25,178.881478954188,178.881478954188,0,8.72662291437898e-05
06-Nov-2023 04:00:00,0,0,0,0,0,25,178.881478954188,178.881478954188,0,8.72603488684121e-05
06-Nov-2023 05:00:00,0,0,0,0,0,25,178.881478954188,178.881478954188,0,8.7254469781195e-05
06-Nov-2023 06:00:00,0,0,0,0,0,25,178.881478954188,178.881478954188,0,8.72485918823607e-05
06-Nov-2023 07:00:00,0,0,0,0,0,25,178.881478954188,178.881478954188,0,8.72427151710209e-05
06-Nov-2023 08:00:00,-215.956565466963,0,529.09358539406,0,0.264414585404328,25,178.881478954188,178.881478954188,0,8.72368396473977e-05
06-Nov-2023 09:00:00,148.532930261467,378.910536381293,0,0.189360587896698,0,25,178.881478954188,179.070839542085,0.000463690713742637,0.000194456610742577
06-Nov-2023 10:00:00,-142.310101323755,0,348.659748243199,0,0.174242752745227,25,179.070839542085,179.070839542085,0,0.000114856096045113
06-Nov-2023 11:00:00,98.3256669410529,250.83078301289,0,0.125352715148871,0,25,179.070839542085,179.196192257233,0.000301158593851159,0.000190097045461357
06-Nov-2023 12:00:00,97.2194070988023,248.008691578577,0,0.123942374601988,0,25,179.196192257233,179.320134631835,0.000297619835011309,0.000136708052794754
06-Nov-2023 13:00:00,0,0,0,0,0,25,179.320134631835,179.320134631835,0,8.72074798243805e-05
06-Nov-2023 14:00:00,0,0,0,0,0,25,179.320134631835,179.320134631835,0,8.72016114159546e-05
06-Nov-2023 15:00:00,0,0,0,0,0,25,179.320134631835,179.320134631835,0,8.71957441925808e-05
06-Nov-2023 16:00:00,0,0,0,0,0,25,179.320134631835,179.320134631835,0,8.71898781527047e-05
06-Nov-2023 17:00:00,0,0,0,0,0,25,179.320134631835,179.320134631835,0,8.71840132972146e-05
06-Nov-2023 18:00:00,0,0,0,0,0,25,179.320134631835,179.320134631835,0,8.71781496245561e-05
06-Nov-2023 19:00:00,0,0,0,0,0,25,179.320134631835,179.320134631835,0,8.71722871351732e-05
06-Nov-2023 20:00:00,0,0,0,0,0,25,179.320134631835,179.320134631835,0,8.71664258284e-05
06-Nov-2023 21:00:00,0,0,0,0,0,25,179.320134631835,179.320134631835,0,8.71605657035701e-05
06-Nov-2023 22:00:00,0,0,0,0,0,25,179.320134631835,179.320134631835,0,8.71547067604617e-05
06-Nov-2023 23:00:00,0,0,0,0,0,25,179.320134631835,179.320134631835,0,8.71488489986305e-05
07-Nov-2023 00:00:00,0,0,0,0,0,25,179.320134631835,179.320134631835,0,8.71429924180767e-05
07-Nov-2023 01:00:00,0,0,0,0,0,25,179.320134631835,179.320134631835,0,8.71371370179119e-05
07-Nov-2023 02:00:00,0,0,0,0,0,25,179.320134631835,179.320134631835,0,8.71312827979143e-05
07-Nov-2023 03:00:00,0,0,0,0,0,25,179.320134631835,179.320134631835,0,8.71254297578616e-05
07-Nov-2023 04:00:00,0,0,0,0,0,25,179.320134631835,179.320134631835,0,8.71195778968659e-05
07-Nov-2023 05:00:00,0,0,0,0,0,25,179.320134631835,179.320134631835,0,8.71137272149269e-05
07-Nov-2023 06:00:00,0,0,0,0,0,25,179.320134631835,179.320134631835,0,8.71078777118228e-05
07-Nov-2023 07:00:00,0,0,0,0,0,25,179.320134631835,179.320134631835,0,8.71020293864433e-05
07-Nov-2023 08:00:00,-238.15818218205,0,583.487546346022,0,0.291597974185918,25,179.320134631835,179.320134631835,0,8.70961822394545e-05
07-Nov-2023 09:00:00,-152.602936333149,0,373.877194016214,0,0.186845174420896,25,179.320134631835,179.320134631835,0,0.000200640175520572
07-Nov-2023 10:00:00,-227.570057278118,0,557.54664033139,0,0.278634003164113,25,179.320134631835,179.320134631835,0,0.000225187832245899
07-Nov-2023 11:00:00,-98.7068977742764,0,241.831899546977,0,0.120855522012482,25,179.320134631835,179.320134631835,0,0.000333564658677066
07-Nov-2023 12:00:00,0,0,0,0,0,25,179.320134631835,179.320134631835,0,0.000348122951974172
07-Nov-2023 13:00:00,0,0,0,0,0,25,179.320134631835,179.320134631835,0,0.000348099598204588
07-Nov-2023 14:00:00,0,0,0,0,0,25,179.320134631835,179.320134631835,0,0.000348076249136131
07-Nov-2023 15:00:00,285.058017940063,727.18882127567,0,0.363412704285692,0,25,179.320134631835,179.683547336121,0.000936581399130554,0.000348052904763918
07-Nov-2023 16:00:00,299.681479570019,764.493570331682,0,0.382055757287197,0,25,179.683547336121,180.065603093408,0.00098980792171699,0.000232310427463744
07-Nov-2023 17:00:00,103.885177861895,265.013208831365,0,0.132440384223571,0,25,180.065603093408,180.198043477632,0.000318622490806386,0.000140511797327214
07-Nov-2023 18:00:00,0,0,0,0,0,25,180.198043477632,180.198043477632,0,8.70377754580431e-05
07-Nov-2023 19:00:00,0,0,0,0,0,25,180.198043477632,180.198043477632,0,8.70319412404896e-05
07-Nov-2023 20:00:00,0,0,0,0,0,25,180.198043477632,180.198043477632,0,8.70261081957757e-05
07-Nov-2023 21:00:00,0,0,0,0,0,25,180.198043477632,180.198043477632,0,8.70202763241235e-05
07-Nov-2023 22:00:00,0,0,0,0,0,25,180.198043477632,180.198043477632,0,8.70144456242006e-05
07-Nov-2023 23:00:00,0,0,0,0,0,25,180.198043477632,180.198043477632,0,8.70086160966732e-05
08-Nov-2023 00:00:00,0,0,0,0,0,25,180.198043477632,180.198043477632,0,8.70027877402091e-05
08-Nov-2023 01:00:00,0,0,0,0,0,25,180.198043477632,180.198043477632,0,8.69969605552523e-05
08-Nov-2023 02:00:00,0,0,0,0,0,25,180.198043477632,180.198043477632,0,8.69911345406926e-05
08-Nov-2023 03:00:00,0,0,0,0,0,25,180.198043477632,180.198043477632,0,8.69853096965301e-05
08-Nov-2023 04:00:00,0,0,0,0,0,25,180.198043477632,180.198043477632,0,8.69794860223205e-05
08-Nov-2023 05:00:00,0,0,0,0,0,25,180.198043477632,180.198043477632,0,8.69736635176199e-05
08-Nov-2023 06:00:00,0,0,0,0,0,25,180.198043477632,180.198043477632,0,8.69678421819842e-05
08-Nov-2023 07:00:00,0,0,0,0,0,25,180.198043477632,180.198043477632,0,8.69620220154133e-05
08-Nov-2023 08:00:00,0,0,0,0,0,25,180.198043477632,180.198043477632,0,8.6956203017019e-05
08-Nov-2023 09:00:00,0,0,0,0,0,25,180.198043477632,180.198043477632,0,8.69503851861353e-05
08-Nov-2023 10:00:00,0,0,0,0,0,25,180.198043477632,180.198043477632,0,8.69445685234282e-05
08-Nov-2023 11:00:00,0,0,0,0,0,25,180.198043477632,180.198043477632,0,8.69387530277876e-05
08-Nov-2023 12:00:00,0,0,0,0,0,25,180.198043477632,180.198043477632,0,8.69329386987694e-05
08-Nov-2023 13:00:00,0,0,0,0,0,25,180.198043477632,180.198043477632,0,8.69271255363735e-05
08-Nov-2023 14:00:00,0,0,0,0,0,25,180.198043477632,180.198043477632,0,8.69213135397118e-05
08-Nov-2023 15:00:00,0,0,0,0,0,25,180.198043477632,180.198043477632,0,8.69155027087842e-05
08-Nov-2023 16:00:00,0,0,0,0,0,25,180.198043477632,180.198043477632,0,8.69096930433688e-05
08-Nov-2023 17:00:00,0,0,0,0,0,25,180.198043477632,180.198043477632,0,8.69038845425774e-05
08-Nov-2023 18:00:00,0,0,0,0,0,25,180.198043477632,180.198043477632,0,8.68980772059658e-05
08-Nov-2023 19:00:00,0,0,0,0,0,25,180.198043477632,180.198043477632,0,8.68922710337561e-05
08-Nov-2023 20:00:00,0,0,0,0,0,25,180.198043477632,180.198043477632,0,8.68864660252822e-05
08-Nov-2023 21:00:00,0,0,0,0,0,25,180.198043477632,180.198043477632,0,8.68806621798779e-05
08-Nov-2023 22:00:00,0,0,0,0,0,25,180.198043477632,180.198043477632,0,8.68748594975433e-05
08-Nov-2023 23:00:00,0,0,0,0,0,25,180.198043477632,180.198043477632,0,8.68690579776121e-05
09-Nov-2023 00:00:00,0,0,0,0,0,25,180.198043477632,180.198043477632,0,8.68632576196404e-05
09-Nov-2023 01:00:00,0,0,0,0,0,25,180.198043477632,180.198043477632,0,8.68574584238502e-05
09-Nov-2023 02:00:00,0,0,0,0,0,25,180.198043477632,180.198043477632,0,8.68516603889091e-05
09-Nov-2023 03:00:00,0,0,0,0,0,25,180.198043477632,180.198043477632,0,8.68458635154834e-05
09-Nov-2023 04:00:00,0,0,0,0,0,25,180.198043477632,180.198043477632,0,8.68400678020187e-05
09-Nov-2023 05:00:00,0,0,0,0,0,25,180.198043477632,180.198043477632,0,8.68342732491811e-05
09-Nov-2023 06:00:00,0,0,0,0,0,25,180.198043477632,180.198043477632,0,8.68284798558605e-05
09-Nov-2023 07:00:00,0,0,0,0,0,25,180.198043477632,180.198043477632,0,8.68226876222788e-05
09-Nov-2023 08:00:00,0,0,0,0,0,25,180.198043477632,180.198043477632,0,8.6816896547548e-05
09-Nov-2023 09:00:00,0,0,0,0,0,25,180.198043477632,180.198043477632,0,8.68111066314459e-05
09-Nov-2023 10:00:00,0,0,0,0,0,25,180.198043477632,180.198043477632,0,8.68053178735284e-05
09-Nov-2023 11:00:00,0,0,0,0,0,25,180.198043477632,180.198043477632,0,8.67995302735736e-05
09-Nov-2023 12:00:00,0,0,0,0,0,25,180.198043477632,180.198043477632,0,8.67937438311372e-05
09-Nov-2023 13:00:00,0,0,0,0,0,25,180.198043477632,180.198043477632,0,8.67879585455533e-05
09-Nov-2023 14:00:00,0,0,0,0,0,25,180.198043477632,180.198043477632,0,8.67821744172659e-05
09-Nov-2023 15:00:00,0,0,0,0,0,25,180.198043477632,180.198043477632,0,8.67763914444986e-05
09-Nov-2023 16:00:00,0,0,0,0,0,25,180.198043477632,180.198043477632,0,8.67706096283616e-05
09-Nov-2023 17:00:00,0,0,0,0,0,25,180.198043477632,180.198043477632,0,8.67648289675227e-05
09-Nov-2023 18:00:00,0,0,0,0,0,25,180.198043477632,180.198043477632,0,8.67590494617598e-05
09-Nov-2023 19:00:00,0,0,0,0,0,25,180.198043477632,180.198043477632,0,8.6753271110851e-05
09-Nov-2023 20:00:00,0,0,0,0,0,25,180.198043477632,180.198043477632,0,8.6747493914352e-05
09-Nov-2023 21:00:00,0,0,0,0,0,25,180.198043477632,180.198043477632,0,8.67417178718188e-05
09-Nov-2023 22:00:00,0,0,0,0,0,25,180.198043477632,180.198043477632,0,8.67359429830294e-05
09-Nov-2023 23:00:00,0,0,0,0,0,25,180.198043477632,180.198043477632,0,8.67301692473177e-05
10-Nov-2023 00:00:00,0,0,0,0,0,25,180.198043477632,180.198043477632,0,8.67243966646836e-05
10-Nov-2023 01:00:00,0,0,0,0,0,25,180.198043477632,180.198043477632,0,8.67186252342389e-05
10-Nov-2023 02:00:00,0,0,0,0,0,25,180.198043477632,180.198043477632,0,8.67128549562057e-05
10-Nov-2023 03:00:00,0,0,0,0,0,25,180.198043477632,180.198043477632,0,8.67070858294738e-05
10-Nov-2023 04:00:00,0,0,0,0,0,25,180.198043477632,180.198043477632,0,8.67013178547094e-05
10-Nov-2023 05:00:00,0,0,0,0,0,25,180.198043477632,180.198043477632,0,8.6695551030358e-05
10-Nov-2023 06:00:00,0,0,0,0,0,25,180.198043477632,180.198043477632,0,8.66897853566417e-05
10-Nov-2023 07:00:00,0,0,0,0,0,25,180.198043477632,180.198043477632,0,8.66840208333386e-05
10-Nov-2023 08:00:00,0,0,0,0,0,25,180.198043477632,180.198043477632,0,8.66782574595604e-05
10-Nov-2023 09:00:00,-93.9770846538233,0,230.243857401867,0,0.115064396502682,25,180.198043477632,180.198043477632,0,8.66724952353071e-05
10-Nov-2023 10:00:00,-293.097479447124,0,718.088824645454,0,0.358864979832811,25,180.198043477632,180.198043477632,0,0.000131685178185625
10-Nov-2023 11:00:00,10.3921114400768,26.5104883675427,0,0.0132486198738344,0,25,180.198043477632,180.211292097506,3.07667351430174e-05,0.000223385108369278
10-Nov-2023 12:00:00,97.4320306233771,248.551098529023,0,0.12421344254324,0,25,180.211292097506,180.335505540049,0.000298072959730389,0.000221448301857441
10-Nov-2023 13:00:00,222.288742647966,567.063118999915,0,0.283389864567673,0,25,180.335505540049,180.618895404617,0.000712751062001193,0.000207349987668026
10-Nov-2023 14:00:00,41.6302045283218,106.19950134776,0,0.0530732140668464,0,25,180.618895404617,180.671968618683,0.00012467206882294,0.000105530706113077
10-Nov-2023 15:00:00,0,0,0,0,0,25,180.671968618683,180.671968618683,0,8.66379460067179e-05
10-Nov-2023 16:00:00,0,0,0,0,0,25,180.671968618683,180.671968618683,0,8.66321918175927e-05
10-Nov-2023 17:00:00,0,0,0,0,0,25,180.671968618683,180.671968618683,0,8.66264387748839e-05
10-Nov-2023 18:00:00,0,0,0,0,0,25,180.671968618683,180.671968618683,0,8.66206868783692e-05
10-Nov-2023 19:00:00,0,0,0,0,0,25,180.671968618683,180.671968618683,0,8.66149361273827e-05
10-Nov-2023 20:00:00,0,0,0,0,0,25,180.671968618683,180.671968618683,0,8.66091865214802e-05
10-Nov-2023 21:00:00,0,0,0,0,0,25,180.671968618683,180.671968618683,0,8.66034380606617e-05
10-Nov-2023 22:00:00,0,0,0,0,0,25,180.671968618683,180.671968618683,0,8.65976907440391e-05
10-Nov-2023 23:00:00,0,0,0,0,0,25,180.671968618683,180.671968618683,0,8.65919445718344e-05
11-Nov-2023 00:00:00,0,0,0,0,0,25,180.671968618683,180.671968618683,0,8.65861995431594e-05
11-Nov-2023 01:00:00,0,0,0,0,0,25,180.671968618683,180.671968618683,0,8.658045565757e-05
11-Nov-2023 02:00:00,0,0,0,0,0,25,180.671968618683,180.671968618683,0,8.65747129152883e-05
11-Nov-2023 03:00:00,0,0,0,0,0,25,180.671968618683,180.671968618683,0,8.65689713156481e-05
11-Nov-2023 04:00:00,0,0,0,0,0,25,180.671968618683,180.671968618683,0,8.65632308577613e-05
11-Nov-2023 05:00:00,0,0,0,0,0,25,180.671968618683,180.671968618683,0,8.65574915418499e-05
11-Nov-2023 06:00:00,0,0,0,0,0,25,180.671968618683,180.671968618683,0,8.65517533674698e-05
11-Nov-2023 07:00:00,0,0,0,0,0,25,180.671968618683,180.671968618683,0,8.65460163341769e-05
11-Nov-2023 08:00:00,0,0,0,0,0,25,180.671968618683,180.671968618683,0,8.65402804415272e-05
11-Nov-2023 09:00:00,0,0,0,0,0,25,180.671968618683,180.671968618683,0,8.65345456890765e-05
11-Nov-2023 10:00:00,0,0,0,0,0,25,180.671968618683,180.671968618683,0,8.65288120768248e-05
11-Nov-2023 11:00:00,0,0,0,0,0,25,180.671968618683,180.671968618683,0,8.65230796038841e-05
11-Nov-2023 12:00:00,-110.203850140106,0,269.999432843259,0,0.134932250296481,25,180.671968618683,180.671968618683,0,8.65173482700321e-05
11-Nov-2023 13:00:00,105.839683789553,269.999193340695,0,0.134932130605045,0,25,180.671968618683,180.806900749289,0.00032471630800035,0.00014085107978401
11-Nov-2023 14:00:00,0,0,0,0,0,25,180.806900749289,180.806900749289,0,8.65058890187065e-05
11-Nov-2023 15:00:00,0,0,0,0,0,25,180.806900749289,180.806900749289,0,8.65001610999006e-05
11-Nov-2023 16:00:00,0,0,0,0,0,25,180.806900749289,180.806900749289,0,8.64944343192953e-05
11-Nov-2023 17:00:00,0,0,0,0,0,25,180.806900749289,180.806900749289,0,8.64887086757804e-05
11-Nov-2023 18:00:00,0,0,0,0,0,25,180.806900749289,180.806900749289,0,8.64829841686898e-05
11-Nov-2023 19:00:00,0,0,0,0,0,25,180.806900749289,180.806900749289,0,8.64772607989117e-05
11-Nov-2023 20:00:00,0,0,0,0,0,25,180.806900749289,180.806900749289,0,8.64715385648918e-05
11-Nov-2023 21:00:00,0,0,0,0,0,25,180.806900749289,180.806900749289,0,8.6465817466852e-05
11-Nov-2023 22:00:00,0,0,0,0,0,25,180.806900749289,180.806900749289,0,8.64600975036822e-05
11-Nov-2023 23:00:00,0,0,0,0,0,25,180.806900749289,180.806900749289,0,8.64543786760485e-05
12-Nov-2023 00:00:00,0,0,0,0,0,25,180.806900749289,180.806900749289,0,8.64486609828408e-05
12-Nov-2023 01:00:00,0,0,0,0,0,25,180.806900749289,180.806900749289,0,8.64429444240589e-05
12-Nov-2023 02:00:00,0,0,0,0,0,25,180.806900749289,180.806900749289,0,8.64372289992588e-05
12-Nov-2023 03:00:00,0,0,0,0,0,25,180.806900749289,180.806900749289,0,8.64315147075523e-05
12-Nov-2023 04:00:00,0,0,0,0,0,25,180.806900749289,180.806900749289,0,8.64258015493835e-05
12-Nov-2023 05:00:00,0,0,0,0,0,25,180.806900749289,180.806900749289,0,8.64200895238643e-05
12-Nov-2023 06:00:00,0,0,0,0,0,25,180.806900749289,180.806900749289,0,8.64143786307725e-05
12-Nov-2023 07:00:00,0,0,0,0,0,25,180.806900749289,180.806900749289,0,8.64086688698862e-05
12-Nov-2023 08:00:00,0,0,0,0,0,25,180.806900749289,180.806900749289,0,8.64029602403171e-05
12-Nov-2023 09:00:00,0,0,0,0,0,25,180.806900749289,180.806900749289,0,8.63972527422874e-05
12-Nov-2023 10:00:00,0,0,0,0,0,25,180.806900749289,180.806900749289,0,8.63915463749088e-05
12-Nov-2023 11:00:00,0,0,0,0,0,25,180.806900749289,180.806900749289,0,8.63858411381813e-05
12-Nov-2023 12:00:00,0,0,0,0,0,25,180.806900749289,180.806900749289,0,8.63801370318829e-05
12-Nov-2023 13:00:00,0,0,0,0,0,25,180.806900749289,180.806900749289,0,8.63744340549033e-05
12-Nov-2023 14:00:00,0,0,0,0,0,25,180.806900749289,180.806900749289,0,8.63687322076867e-05
12-Nov-2023 15:00:00,0,0,0,0,0,25,180.806900749289,180.806900749289,0,8.63630314893449e-05
12-Nov-2023 16:00:00,0,0,0,0,0,25,180.806900749289,180.806900749289,0,8.63573318996558e-05
12-Nov-2023 17:00:00,0,0,0,0,0,25,180.806900749289,180.806900749289,0,8.63516334386194e-05
12-Nov-2023 18:00:00,0,0,0,0,0,25,180.806900749289,180.806900749289,0,8.63459361049035e-05
12-Nov-2023 19:00:00,0,0,0,0,0,25,180.806900749289,180.806900749289,0,8.63402398991742e-05
12-Nov-2023 20:00:00,0,0,0,0,0,25,180.806900749289,180.806900749289,0,8.63345448203212e-05
12-Nov-2023 21:00:00,0,0,0,0,0,25,180.806900749289,180.806900749289,0,8.63288508685667e-05
12-Nov-2023 22:00:00,0,0,0,0,0,25,180.806900749289,180.806900749289,0,8.63231580432444e-05
12-Nov-2023 23:00:00,0,0,0,0,0,25,180.806900749289,180.806900749289,0,8.63174663439104e-05
13-Nov-2023 00:00:00,0,0,0,0,0,25,180.806900749289,180.806900749289,0,8.63117757703424e-05
13-Nov-2023 01:00:00,0,0,0,0,0,25,180.806900749289,180.806900749289,0,8.63060863216525e-05
13-Nov-2023 02:00:00,0,0,0,0,0,25,180.806900749289,180.806900749289,0,8.63003979985066e-05
13-Nov-2023 03:00:00,0,0,0,0,0,25,180.806900749289,180.806900749289,0,8.62947107995726e-05
13-Nov-2023 04:00:00,0,0,0,0,0,25,180.806900749289,180.806900749289,0,8.62890247250725e-05
13-Nov-2023 05:00:00,0,0,0,0,0,25,180.806900749289,180.806900749289,0,8.62833397743401e-05
13-Nov-2023 06:00:00,0,0,0,0,0,25,180.806900749289,180.806900749289,0,8.62776559469314e-05
13-Nov-2023 07:00:00,0,0,0,0,0,25,180.806900749289,180.806900749289,0,8.62719732428463e-05
13-Nov-2023 08:00:00,-272.362973093418,0,667.289284078873,0,0.333477903087893,25,180.806900749289,180.806900749289,0,8.62662916614187e-05
13-Nov-2023 09:00:00,-137.671843474434,0,337.296016512363,0,0.168563726392985,25,180.806900749289,180.806900749289,0,0.000206001586766646
13-Nov-2023 10:00:00,-306.867778969923,0,751.826058476312,0,0.375725166654829,25,180.806900749289,180.806900749289,0,0.000227408255934147
13-Nov-2023 11:00:00,0,0,0,0,0,25,180.806900749289,180.806900749289,0,0.000344830336419522
13-Nov-2023 12:00:00,0,0,0,0,0,25,180.806900749289,180.806900749289,0,0.000344807639014233
13-Nov-2023 13:00:00,0,0,0,0,0,25,180.806900749289,180.806900749289,0,0.000344784946089804
13-Nov-2023 14:00:00,268.632830775307,685.287833610476,0,0.342472680465005,0,25,180.806900749289,181.149373429754,0.000876225418794951,0.000344762257645348
13-Nov-2023 15:00:00,268.493208236051,684.931653663395,0,0.342294679491951,0,25,181.149373429754,181.491668109245,0.00087550696918004,0.000235753307387565
13-Nov-2023 16:00:00,151.370261380834,386.148625971514,0,0.19297782407372,0,25,181.491668109245,181.684645933319,0.000472160765461083,0.000167268893562555
13-Nov-2023 17:00:00,0,0,0,0,0,25,181.684645933319,181.684645933319,0,8.62152078904277e-05
13-Nov-2023 18:00:00,0,0,0,0,0,25,181.684645933319,181.684645933319,0,8.62095375158134e-05
13-Nov-2023 19:00:00,0,0,0,0,0,25,181.684645933319,181.684645933319,0,8.62038682600819e-05
13-Nov-2023 20:00:00,0,0,0,0,0,25,181.684645933319,181.684645933319,0,8.6198200122567e-05
13-Nov-2023 21:00:00,0,0,0,0,0,25,181.684645933319,181.684645933319,0,8.61925331032687e-05
13-Nov-2023 22:00:00,0,0,0,0,0,25,181.684645933319,181.684645933319,0,8.61868672012989e-05
13-Nov-2023 23:00:00,0,0,0,0,0,25,181.684645933319,181.684645933319,0,8.61812024162134e-05
14-Nov-2023 00:00:00,0,0,0,0,0,25,181.684645933319,181.684645933319,0,8.61755387486784e-05
14-Nov-2023 01:00:00,0,0,0,0,0,25,181.684645933319,181.684645933319,0,8.61698761969176e-05
14-Nov-2023 02:00:00,0,0,0,0,0,25,181.684645933319,181.684645933319,0,8.61642147618191e-05
14-Nov-2023 03:00:00,0,0,0,0,0,25,181.684645933319,181.684645933319,0,8.61585544420507e-05
14-Nov-2023 04:00:00,0,0,0,0,0,25,181.684645933319,181.684645933319,0,8.61528952378343e-05
14-Nov-2023 05:00:00,0,0,0,0,0,25,181.684645933319,181.684645933319,0,8.6147237148726e-05
14-Nov-2023 06:00:00,0,0,0,0,0,25,181.684645933319,181.684645933319,0,8.61415801740595e-05
14-Nov-2023 07:00:00,0,0,0,0,0,25,181.684645933319,181.684645933319,0,8.61359243138349e-05
14-Nov-2023 08:00:00,0,0,0,0,0,25,181.684645933319,181.684645933319,0,8.61302695676081e-05
14-Nov-2023 09:00:00,0,0,0,0,0,25,181.684645933319,181.684645933319,0,8.61246159344908e-05
14-Nov-2023 10:00:00,0,0,0,0,0,25,181.684645933319,181.684645933319,0,8.61189634147053e-05
14-Nov-2023 11:00:00,0,0,0,0,0,25,181.684645933319,181.684645933319,0,8.61133120080293e-05
14-Nov-2023 12:00:00,0,0,0,0,0,25,181.684645933319,181.684645933319,0,8.61076617135748e-05
14-Nov-2023 13:00:00,0,0,0,0,0,25,181.684645933319,181.684645933319,0,8.61020125313416e-05
14-Nov-2023 14:00:00,0,0,0,0,0,25,181.684645933319,181.684645933319,0,8.60963644604418e-05
14-Nov-2023 15:00:00,0,0,0,0,0,25,181.684645933319,181.684645933319,0,8.60907175013192e-05
14-Nov-2023 16:00:00,0,0,0,0,0,25,181.684645933319,181.684645933319,0,8.60850716530859e-05
14-Nov-2023 17:00:00,0,0,0,0,0,25,181.684645933319,181.684645933319,0,8.60794269152976e-05
14-Nov-2023 18:00:00,0,0,0,0,0,25,181.684645933319,181.684645933319,0,8.60737832877323e-05
14-Nov-2023 19:00:00,0,0,0,0,0,25,181.684645933319,181.684645933319,0,8.606814077039e-05
14-Nov-2023 20:00:00,0,0,0,0,0,25,181.684645933319,181.684645933319,0,8.60624993626047e-05
14-Nov-2023 21:00:00,0,0,0,0,0,25,181.684645933319,181.684645933319,0,8.6056859063488e-05
14-Nov-2023 22:00:00,0,0,0,0,0,25,181.684645933319,181.684645933319,0,8.60512198734842e-05
14-Nov-2023 23:00:00,0,0,0,0,0,25,181.684645933319,181.684645933319,0,8.6045581791927e-05
15-Nov-2023 00:00:00,0,0,0,0,0,25,181.684645933319,181.684645933319,0,8.60399448183724e-05
15-Nov-2023 01:00:00,0,0,0,0,0,25,181.684645933319,181.684645933319,0,8.60343089525983e-05
15-Nov-2023 02:00:00,0,0,0,0,0,25,181.684645933319,181.684645933319,0,8.60286741941607e-05
15-Nov-2023 03:00:00,0,0,0,0,0,25,181.684645933319,181.684645933319,0,8.60230405428375e-05
15-Nov-2023 04:00:00,0,0,0,0,0,25,181.684645933319,181.684645933319,0,8.60174079979625e-05
15-Nov-2023 05:00:00,0,0,0,0,0,25,181.684645933319,181.684645933319,0,8.60117765593138e-05
15-Nov-2023 06:00:00,0,0,0,0,0,25,181.684645933319,181.684645933319,0,8.60061462266692e-05
15-Nov-2023 07:00:00,0,0,0,0,0,25,181.684645933319,181.684645933319,0,8.60005169995848e-05
15-Nov-2023 08:00:00,0,0,0,0,0,25,181.684645933319,181.684645933319,0,8.59948888776163e-05
15-Nov-2023 09:00:00,0,0,0,0,0,25,181.684645933319,181.684645933319,0,8.59892618605418e-05
15-Nov-2023 10:00:00,0,0,0,0,0,25,181.684645933319,181.684645933319,0,8.59836359479171e-05
15-Nov-2023 11:00:00,0,0,0,0,0,25,181.684645933319,181.684645933319,0,8.59780111392983e-05
15-Nov-2023 12:00:00,0,0,0,0,0,25,181.684645933319,181.684645933319,0,8.59723874344631e-05
15-Nov-2023 13:00:00,0,0,0,0,0,25,181.684645933319,181.684645933319,0,8.59667648329676e-05
15-Nov-2023 14:00:00,0,0,0,0,0,25,181.684645933319,181.684645933319,0,8.59611433345897e-05
15-Nov-2023 15:00:00,0,0,0,0,0,25,181.684645933319,181.684645933319,0,8.59555229386633e-05
15-Nov-2023 16:00:00,0,0,0,0,0,25,181.684645933319,181.684645933319,0,8.59499036451883e-05
15-Nov-2023 17:00:00,0,0,0,0,0,25,181.684645933319,181.684645933319,0,8.59442854537207e-05
15-Nov-2023 18:00:00,0,0,0,0,0,25,181.684645933319,181.684645933319,0,8.59386683633723e-05
15-Nov-2023 19:00:00,0,0,0,0,0,25,181.684645933319,181.684645933319,0,8.59330523750312e-05
15-Nov-2023 20:00:00,0,0,0,0,0,25,181.684645933319,181.684645933319,0,8.59274374869212e-05
15-Nov-2023 21:00:00,0,0,0,0,0,25,181.684645933319,181.684645933319,0,8.59218236992643e-05
15-Nov-2023 22:00:00,0,0,0,0,0,25,181.684645933319,181.684645933319,0,8.59162110120604e-05
15-Nov-2023 23:00:00,0,0,0,0,0,25,181.684645933319,181.684645933319,0,8.59105994244214e-05
16-Nov-2023 00:00:00,0,0,0,0,0,25,181.684645933319,181.684645933319,0,8.59049889363472e-05
16-Nov-2023 01:00:00,0,0,0,0,0,25,181.684645933319,181.684645933319,0,8.58993795473939e-05
16-Nov-2023 02:00:00,0,0,0,0,0,25,181.684645933319,181.684645933319,0,8.58937712568952e-05
16-Nov-2023 03:00:00,0,0,0,0,0,25,181.684645933319,181.684645933319,0,8.58881640648512e-05
16-Nov-2023 04:00:00,0,0,0,0,0,25,181.684645933319,181.684645933319,0,8.58825579705957e-05
16-Nov-2023 05:00:00,0,0,0,0,0,25,181.684645933319,181.684645933319,0,8.58769529743508e-05
16-Nov-2023 06:00:00,0,0,0,0,0,25,181.684645933319,181.684645933319,0,8.58713490750063e-05
16-Nov-2023 07:00:00,0,0,0,0,0,25,181.684645933319,181.684645933319,0,8.58657462730061e-05
16-Nov-2023 08:00:00,0,0,0,0,0,25,181.684645933319,181.684645933319,0,8.58601445670182e-05
16-Nov-2023 09:00:00,0,0,0,0,0,25,181.684645933319,181.684645933319,0,8.58545439574865e-05
16-Nov-2023 10:00:00,-53.987177210152,0,132.268584164872,0,0.0661012414617054,25,181.684645933319,181.684645933319,0,8.58489444437449e-05
16-Nov-2023 11:00:00,51.8492393484385,132.268467725608,0,0.0661011832711686,0,25,181.684645933319,181.75074711659,0.000155754950717291,0.000109498415491904
16-Nov-2023 12:00:00,0,0,0,0,0,25,181.75074711659,181.75074711659,0,8.58377487025219e-05
16-Nov-2023 13:00:00,0,0,0,0,0,25,181.75074711659,181.75074711659,0,8.58321524739303e-05
16-Nov-2023 14:00:00,-60.0110893772416,0,147.027168974242,0,0.0734768460640889,25,181.75074711659,181.75074711659,0,8.58265573400185e-05
16-Nov-2023 15:00:00,57.634599513672,147.027039575694,0,0.0734767813971484,0,25,181.75074711659,181.824223897988,0.000173504192026552,0.000112382906826358
16-Nov-2023 16:00:00,0,0,0,0,0,25,181.824223897988,181.824223897988,0,8.58153703537923e-05
16-Nov-2023 17:00:00,0,0,0,0,0,25,181.824223897988,181.824223897988,0,8.58097785010337e-05
16-Nov-2023 18:00:00,0,0,0,0,0,25,181.824223897988,181.824223897988,0,8.58041877409566e-05
16-Nov-2023 19:00:00,0,0,0,0,0,25,181.824223897988,181.824223897988,0,8.5798598074005e-05
16-Nov-2023 20:00:00,0,0,0,0,0,25,181.824223897988,181.824223897988,0,8.57930094986248e-05
16-Nov-2023 21:00:00,0,0,0,0,0,25,181.824223897988,181.824223897988,0,8.5787422015482e-05
16-Nov-2023 22:00:00,0,0,0,0,0,25,181.824223897988,181.824223897988,0,8.57818356241324e-05
16-Nov-2023 23:00:00,0,0,0,0,0,25,181.824223897988,181.824223897988,0,8.57762503236881e-05
17-Nov-2023 00:00:00,0,0,0,0,0,25,181.824223897988,181.824223897988,0,8.57706661139268e-05
17-Nov-2023 01:00:00,0,0,0,0,0,25,181.824223897988,181.824223897988,0,8.57650829950707e-05
17-Nov-2023 02:00:00,0,0,0,0,0,25,181.824223897988,181.824223897988,0,8.57595009660095e-05
17-Nov-2023 03:00:00,0,0,0,0,0,25,181.824223897988,181.824223897988,0,8.57539200271873e-05
17-Nov-2023 04:00:00,0,0,0,0,0,25,181.824223897988,181.824223897988,0,8.57483401770498e-05
17-Nov-2023 05:00:00,0,0,0,0,0,25,181.824223897988,181.824223897988,0,8.57427614167072e-05
17-Nov-2023 06:00:00,0,0,0,0,0,25,181.824223897988,181.824223897988,0,8.57371837446053e-05
17-Nov-2023 07:00:00,0,0,0,0,0,25,181.824223897988,181.824223897988,0,8.5731607161188e-05
17-Nov-2023 08:00:00,0,0,0,0,0,25,181.824223897988,181.824223897988,0,8.57260316657893e-05
17-Nov-2023 09:00:00,0,0,0,0,0,25,181.824223897988,181.824223897988,0,8.5720457257521e-05
17-Nov-2023 10:00:00,0,0,0,0,0,25,181.824223897988,181.824223897988,0,8.57148839370492e-05
17-Nov-2023 11:00:00,0,0,0,0,0,25,181.824223897988,181.824223897988,0,8.57093117034857e-05
17-Nov-2023 12:00:00,0,0,0,0,0,25,181.824223897988,181.824223897988,0,8.57037405563865e-05
17-Nov-2023 13:00:00,0,0,0,0,0,25,181.824223897988,181.824223897988,0,8.56981704953075e-05
17-Nov-2023 14:00:00,0,0,0,0,0,25,181.824223897988,181.824223897988,0,8.56926015206927e-05
17-Nov-2023 15:00:00,0,0,0,0,0,25,181.824223897988,181.824223897988,0,8.56870336312099e-05
17-Nov-2023 16:00:00,0,0,0,0,0,25,181.824223897988,181.824223897988,0,8.56814668270811e-05
17-Nov-2023 17:00:00,0,0,0,0,0,25,181.824223897988,181.824223897988,0,8.56759011076402e-05
17-Nov-2023 18:00:00,0,0,0,0,0,25,181.824223897988,181.824223897988,0,8.56703364726652e-05
17-Nov-2023 19:00:00,0,0,0,0,0,25,181.824223897988,181.824223897988,0,8.56647729217119e-05
17-Nov-2023 20:00:00,0,0,0,0,0,25,181.824223897988,181.824223897988,0,8.56592104547804e-05
17-Nov-2023 21:00:00,0,0,0,0,0,25,181.824223897988,181.824223897988,0,8.56536490714266e-05
17-Nov-2023 22:00:00,0,0,0,0,0,25,181.824223897988,181.824223897988,0,8.56480887705402e-05
17-Nov-2023 23:00:00,0,0,0,0,0,25,181.824223897988,181.824223897988,0,8.56425295530094e-05
18-Nov-2023 00:00:00,0,0,0,0,0,25,181.824223897988,181.824223897988,0,8.5636971417502e-05
18-Nov-2023 01:00:00,0,0,0,0,0,25,181.824223897988,181.824223897988,0,8.563141436424e-05
18-Nov-2023 02:00:00,0,0,0,0,0,25,181.824223897988,181.824223897988,0,8.56258583923353e-05
18-Nov-2023 03:00:00,0,0,0,0,0,25,181.824223897988,181.824223897988,0,8.56203035020098e-05
18-Nov-2023 04:00:00,0,0,0,0,0,25,181.824223897988,181.824223897988,0,8.56147496921533e-05
18-Nov-2023 05:00:00,0,0,0,0,0,25,181.824223897988,181.824223897988,0,8.56091969636541e-05
18-Nov-2023 06:00:00,0,0,0,0,0,25,181.824223897988,181.824223897988,0,8.56036453149578e-05
18-Nov-2023 07:00:00,0,0,0,0,0,25,181.824223897988,181.824223897988,0,8.55980947462864e-05
18-Nov-2023 08:00:00,0,0,0,0,0,25,181.824223897988,181.824223897988,0,8.5592545257196e-05
18-Nov-2023 09:00:00,0,0,0,0,0,25,181.824223897988,181.824223897988,0,8.55869968472422e-05
18-Nov-2023 10:00:00,0,0,0,0,0,25,181.824223897988,181.824223897988,0,8.55814495162033e-05
18-Nov-2023 11:00:00,0,0,0,0,0,25,181.824223897988,181.824223897988,0,8.5575903263635e-05
18-Nov-2023 12:00:00,0,0,0,0,0,25,181.824223897988,181.824223897988,0,8.55703580893152e-05
18-Nov-2023 13:00:00,0,0,0,0,0,25,181.824223897988,181.824223897988,0,8.55648139928e-05
18-Nov-2023 14:00:00,-101.930794680397,0,249.730446966972,0,0.12480282207245,25,181.824223897988,181.824223897988,0,8.55592709736452e-05
18-Nov-2023 15:00:00,97.8942493188063,249.730227854098,0,0.124802712570763,0,25,181.824223897988,181.949026610558,0.000299193569014977,0.000134530487110318
18-Nov-2023 16:00:00,0,0,0,0,0,25,181.949026610558,181.949026610558,0,8.55481881665288e-05
18-Nov-2023 17:00:00,0,0,0,0,0,25,181.949026610558,181.949026610558,0,8.55426483776789e-05
18-Nov-2023 18:00:00,0,0,0,0,0,25,181.949026610558,181.949026610558,0,8.55371096648572e-05
18-Nov-2023 19:00:00,0,0,0,0,0,25,181.949026610558,181.949026610558,0,8.55315720278416e-05
18-Nov-2023 20:00:00,0,0,0,0,0,25,181.949026610558,181.949026610558,0,8.552603546641e-05
18-Nov-2023 21:00:00,0,0,0,0,0,25,181.949026610558,181.949026610558,0,8.55204999798964e-05
18-Nov-2023 22:00:00,0,0,0,0,0,25,181.949026610558,181.949026610558,0,8.55149655676346e-05
18-Nov-2023 23:00:00,0,0,0,0,0,25,181.949026610558,181.949026610558,0,8.55094322302907e-05
19-Nov-2023 00:00:00,0,0,0,0,0,25,181.949026610558,181.949026610558,0,8.55038999665325e-05
19-Nov-2023 01:00:00,0,0,0,0,0,25,181.949026610558,181.949026610558,0,8.5498368776582e-05
19-Nov-2023 02:00:00,0,0,0,0,0,25,181.949026610558,181.949026610558,0,8.54928386599951e-05
19-Nov-2023 03:00:00,0,0,0,0,0,25,181.949026610558,181.949026610558,0,8.54873096161057e-05
19-Nov-2023 04:00:00,0,0,0,0,0,25,181.949026610558,181.949026610558,0,8.54817816449138e-05
19-Nov-2023 05:00:00,0,0,0,0,0,25,181.949026610558,181.949026610558,0,8.54762547461974e-05
19-Nov-2023 06:00:00,0,0,0,0,0,25,181.949026610558,181.949026610558,0,8.54707289192902e-05
19-Nov-2023 07:00:00,0,0,0,0,0,25,181.949026610558,181.949026610558,0,8.54652041635262e-05
19-Nov-2023 08:00:00,0,0,0,0,0,25,181.949026610558,181.949026610558,0,8.54596804795715e-05
19-Nov-2023 09:00:00,0,0,0,0,0,25,181.949026610558,181.949026610558,0,8.54541578658718e-05
19-Nov-2023 10:00:00,0,0,0,0,0,25,181.949026610558,181.949026610558,0,8.54486363233153e-05
19-Nov-2023 11:00:00,-384.065408271312,0,940.960250264714,0,0.470245002631042,25,181.949026610558,181.949026610558,0,8.54431158505697e-05
19-Nov-2023 12:00:00,212.122912918917,541.129879895196,0,0.270429725085055,0,25,181.949026610558,182.219456335643,0.000676771162296586,0.000219697329407964
19-Nov-2023 13:00:00,-130.670690828845,0,320.143192530671,0,0.159991600465103,25,182.219456335643,182.219456335643,0,0.000168606096747181
19-Nov-2023 14:00:00,257.776657883405,657.593515008685,0,0.328632441283701,0,25,182.219456335643,182.548088776927,0.000836542273362828,0.000207378702602679
19-Nov-2023 15:00:00,24.4504649111551,62.3736349774364,0,0.0311712318727818,0,25,182.548088776927,182.5792600088,7.26501914364297e-05,9.62565033866269e-05
19-Nov-2023 16:00:00,0,0,0,0,0,25,182.5792600088,182.5792600088,0,8.5415529527566e-05
19-Nov-2023 17:00:00,0,0,0,0,0,25,182.5792600088,182.5792600088,0,8.54100154685788e-05
19-Nov-2023 18:00:00,0,0,0,0,0,25,182.5792600088,182.5792600088,0,8.54045024771821e-05
19-Nov-2023 19:00:00,0,0,0,0,0,25,182.5792600088,182.5792600088,0,8.53989905535979e-05
19-Nov-2023 20:00:00,0,0,0,0,0,25,182.5792600088,182.5792600088,0,8.5393479696938e-05
19-Nov-2023 21:00:00,0,0,0,0,0,25,182.5792600088,182.5792600088,0,8.53879699069804e-05
19-Nov-2023 22:00:00,0,0,0,0,0,25,182.5792600088,182.5792600088,0,8.5382461183281e-05
19-Nov-2023 23:00:00,0,0,0,0,0,25,182.5792600088,182.5792600088,0,8.53769535258397e-05
20-Nov-2023 00:00:00,0,0,0,0,0,25,182.5792600088,182.5792600088,0,8.53714469337685e-05
20-Nov-2023 01:00:00,0,0,0,0,0,25,182.5792600088,182.5792600088,0,8.53659414075114e-05
20-Nov-2023 02:00:00,0,0,0,0,0,25,182.5792600088,182.5792600088,0,8.53604369457361e-05
20-Nov-2023 03:00:00,0,0,0,0,0,25,182.5792600088,182.5792600088,0,8.53549335491088e-05
20-Nov-2023 04:00:00,0,0,0,0,0,25,182.5792600088,182.5792600088,0,8.53494312162972e-05
20-Nov-2023 05:00:00,0,0,0,0,0,25,182.5792600088,182.5792600088,0,8.53439299477454e-05
20-Nov-2023 06:00:00,0,0,0,0,0,25,182.5792600088,182.5792600088,0,8.53384297427873e-05
20-Nov-2023 07:00:00,0,0,0,0,0,25,182.5792600088,182.5792600088,0,8.53329306012007e-05
20-Nov-2023 08:00:00,-8.53170395510725,0,20.9026746900128,0,0.0104461142878624,25,182.5792600088,182.5792600088,0,8.53274325225417e-05
20-Nov-2023 09:00:00,-9.0466554527269,0,22.1643058591809,0,0.0110766146222793,25,182.5792600088,182.5792600088,0,8.90043469947699e-05
20-Nov-2023 10:00:00,16.8822337952567,43.0669229470834,0,0.02152270012348,0,25,182.5792600088,182.600782708923,5.00185743698145e-05,9.28168925700135e-05
20-Nov-2023 11:00:00,0,0,0,0,0,25,182.600782708923,182.600782708923,0,8.53109446605771e-05
20-Nov-2023 12:00:00,0,0,0,0,0,25,182.600782708923,182.600782708923,0,8.53054508300755e-05
20-Nov-2023 13:00:00,0,0,0,0,0,25,182.600782708923,182.600782708923,0,8.5299958060947e-05
20-Nov-2023 14:00:00,0,0,0,0,0,25,182.600782708923,182.600782708923,0,8.52944663527477e-05
20-Nov-2023 15:00:00,0,0,0,0,0,25,182.600782708923,182.600782708923,0,8.52889757050335e-05
20-Nov-2023 16:00:00,0,0,0,0,0,25,182.600782708923,182.600782708923,0,8.52834861175822e-05
20-Nov-2023 17:00:00,0,0,0,0,0,25,182.600782708923,182.600782708923,0,8.52779975899498e-05
20-Nov-2023 18:00:00,0,0,0,0,0,25,182.600782708923,182.600782708923,0,8.52725101216922e-05
20-Nov-2023 19:00:00,0,0,0,0,0,25,182.600782708923,182.600782708923,0,8.52670237130315e-05
20-Nov-2023 20:00:00,0,0,0,0,0,25,182.600782708923,182.600782708923,0,8.52615383630795e-05
20-Nov-2023 21:00:00,0,0,0,0,0,25,182.600782708923,182.600782708923,0,8.525605407117e-05
20-Nov-2023 22:00:00,0,0,0,0,0,25,182.600782708923,182.600782708923,0,8.52505708381912e-05
20-Nov-2023 23:00:00,0,0,0,0,0,25,182.600782708923,182.600782708923,0,8.52450886621448e-05
21-Nov-2023 00:00:00,0,0,0,0,0,25,182.600782708923,182.600782708923,0,8.52396075443629e-05
21-Nov-2023 01:00:00,0,0,0,0,0,25,182.600782708923,182.600782708923,0,8.52341274832913e-05
21-Nov-2023 02:00:00,0,0,0,0,0,25,182.600782708923,182.600782708923,0,8.5228648479152e-05
21-Nov-2023 03:00:00,0,0,0,0,0,25,182.600782708923,182.600782708923,0,8.5223170531501e-05
21-Nov-2023 04:00:00,0,0,0,0,0,25,182.600782708923,182.600782708923,0,8.52176936401161e-05
21-Nov-2023 05:00:00,0,0,0,0,0,25,182.600782708923,182.600782708923,0,8.52122178043313e-05
21-Nov-2023 06:00:00,0,0,0,0,0,25,182.600782708923,182.600782708923,0,8.52067430239245e-05
21-Nov-2023 07:00:00,0,0,0,0,0,25,182.600782708923,182.600782708923,0,8.52012692988957e-05
21-Nov-2023 08:00:00,0,0,0,0,0,25,182.600782708923,182.600782708923,0,8.51957966283567e-05
21-Nov-2023 09:00:00,0,0,0,0,0,25,182.600782708923,182.600782708923,0,8.51903250123076e-05
21-Nov-2023 10:00:00,0,0,0,0,0,25,182.600782708923,182.600782708923,0,8.51848544505263e-05
21-Nov-2023 11:00:00,0,0,0,0,0,25,182.600782708923,182.600782708923,0,8.51793849423466e-05
21-Nov-2023 12:00:00,0,0,0,0,0,25,182.600782708923,182.600782708923,0,8.51739164875465e-05
21-Nov-2023 13:00:00,0,0,0,0,0,25,182.600782708923,182.600782708923,0,8.51684490859039e-05
21-Nov-2023 14:00:00,0,0,0,0,0,25,182.600782708923,182.600782708923,0,8.51629827369749e-05
21-Nov-2023 15:00:00,0,0,0,0,0,25,182.600782708923,182.600782708923,0,8.51575174405372e-05
21-Nov-2023 16:00:00,0,0,0,0,0,25,182.600782708923,182.600782708923,0,8.51520531961469e-05
21-Nov-2023 17:00:00,0,0,0,0,0,25,182.600782708923,182.600782708923,0,8.51465900033599e-05
21-Nov-2023 18:00:00,0,0,0,0,0,25,182.600782708923,182.600782708923,0,8.5141127861732e-05
21-Nov-2023 19:00:00,0,0,0,0,0,25,182.600782708923,182.600782708923,0,8.51356667717074e-05
21-Nov-2023 20:00:00,0,0,0,0,0,25,182.600782708923,182.600782708923,0,8.51302067319537e-05
21-Nov-2023 21:00:00,0,0,0,0,0,25,182.600782708923,182.600782708923,0,8.51247477429151e-05
21-Nov-2023 22:00:00,0,0,0,0,0,25,182.600782708923,182.600782708923,0,8.51192898039255e-05
21-Nov-2023 23:00:00,0,0,0,0,0,25,182.600782708923,182.600782708923,0,8.51138329140966e-05
22-Nov-2023 00:00:00,0,0,0,0,0,25,182.600782708923,182.600782708923,0,8.51083770743166e-05
22-Nov-2023 01:00:00,0,0,0,0,0,25,182.600782708923,182.600782708923,0,8.51029222830313e-05
22-Nov-2023 02:00:00,0,0,0,0,0,25,182.600782708923,182.600782708923,0,8.50974685409067e-05
22-Nov-2023 03:00:00,0,0,0,0,0,25,182.600782708923,182.600782708923,0,8.50920158468327e-05
22-Nov-2023 04:00:00,0,0,0,0,0,25,182.600782708923,182.600782708923,0,8.50865642008092e-05
22-Nov-2023 05:00:00,0,0,0,0,0,25,182.600782708923,182.600782708923,0,8.50811136023921e-05
22-Nov-2023 06:00:00,0,0,0,0,0,25,182.600782708923,182.600782708923,0,8.50756640518036e-05
22-Nov-2023 07:00:00,0,0,0,0,0,25,182.600782708923,182.600782708923,0,8.50702155477112e-05
22-Nov-2023 08:00:00,-96.6981223723931,0,236.910399812363,0,0.118396001905229,25,182.600782708923,182.600782708923,0,8.50647680905592e-05
22-Nov-2023 09:00:00,-276.850298541256,0,678.283231426077,0,0.338972129648214,25,182.600782708923,182.600782708923,0,0.000130790360890698
22-Nov-2023 10:00:00,-297.146573644965,0,728.009105430165,0,0.363822641394385,25,182.600782708923,182.600782708923,0,0.000216940602833393
22-Nov-2023 11:00:00,-46.0239346555871,0,112.758639906188,0,0.0563511443809037,25,182.600782708923,182.600782708923,0,0.000335677831279746
22-Nov-2023 12:00:00,0,0,0,0,0,25,182.600782708923,182.600782708923,0,0.000340007607835258
22-Nov-2023 13:00:00,128.311419090046,327.325048699098,0,0.163580733982557,0,25,182.600782708923,182.764363442906,0.000396458791550036,0.000339985849438174
22-Nov-2023 14:00:00,196.865786111213,502.20863803881,0,0.250978829604603,0,25,182.764363442906,183.01534227251,0.000624126094475708,0.000313407420069245
22-Nov-2023 15:00:00,261.945759762355,668.228978985599,0,0.333947515734932,0,25,183.01534227251,183.349289788245,0.000850920319765192,0.000217617691304239
22-Nov-2023 16:00:00,101.198298526633,258.158924812839,0,0.129014954928955,0,25,183.349289788245,183.478304743174,0.000309339914493334,0.000135668120075927
22-Nov-2023 17:00:00,0,0,0,0,0,25,183.478304743174,183.478304743174,0,8.50157880207814e-05
22-Nov-2023 18:00:00,0,0,0,0,0,25,183.478304743174,183.478304743174,0,8.50103510121603e-05
22-Nov-2023 19:00:00,0,0,0,0,0,25,183.478304743174,183.478304743174,0,8.50049150462606e-05
22-Nov-2023 20:00:00,0,0,0,0,0,25,183.478304743174,183.478304743174,0,8.49994801230824e-05
22-Nov-2023 21:00:00,0,0,0,0,0,25,183.478304743174,183.478304743174,0,8.49940462424037e-05
22-Nov-2023 22:00:00,0,0,0,0,0,25,183.478304743174,183.478304743174,0,8.49886134035582e-05
22-Nov-2023 23:00:00,0,0,0,0,0,25,183.478304743174,183.478304743174,0,8.4983181606324e-05
23-Nov-2023 00:00:00,0,0,0,0,0,25,183.478304743174,183.478304743174,0,8.4977750850479e-05
23-Nov-2023 01:00:00,0,0,0,0,0,25,183.478304743174,183.478304743174,0,8.49723211360232e-05
23-Nov-2023 02:00:00,0,0,0,0,0,25,183.478304743174,183.478304743174,0,8.49668924618463e-05
23-Nov-2023 03:00:00,0,0,0,0,0,25,183.478304743174,183.478304743174,0,8.49614648279484e-05
23-Nov-2023 04:00:00,0,0,0,0,0,25,183.478304743174,183.478304743174,0,8.49560382341075e-05
23-Nov-2023 05:00:00,0,0,0,0,0,25,183.478304743174,183.478304743174,0,8.49506126803234e-05
23-Nov-2023 06:00:00,0,0,0,0,0,25,183.478304743174,183.478304743174,0,8.49451881652641e-05
23-Nov-2023 07:00:00,0,0,0,0,0,25,183.478304743174,183.478304743174,0,8.49397646895955e-05
23-Nov-2023 08:00:00,0,0,0,0,0,25,183.478304743174,183.478304743174,0,8.49343422528737e-05
23-Nov-2023 09:00:00,0,0,0,0,0,25,183.478304743174,183.478304743174,0,8.49289208539883e-05
23-Nov-2023 10:00:00,0,0,0,0,0,25,183.478304743174,183.478304743174,0,8.49235004933835e-05
23-Nov-2023 11:00:00,0,0,0,0,0,25,183.478304743174,183.478304743174,0,8.49180811703931e-05
23-Nov-2023 12:00:00,0,0,0,0,0,25,183.478304743174,183.478304743174,0,8.49126628847952e-05
23-Nov-2023 13:00:00,0,0,0,0,0,25,183.478304743174,183.478304743174,0,8.49072456361455e-05
23-Nov-2023 14:00:00,0,0,0,0,0,25,183.478304743174,183.478304743174,0,8.49018294242221e-05
23-Nov-2023 15:00:00,0,0,0,0,0,25,183.478304743174,183.478304743174,0,8.48964142488029e-05
23-Nov-2023 16:00:00,0,0,0,0,0,25,183.478304743174,183.478304743174,0,8.48910001092218e-05
23-Nov-2023 17:00:00,0,0,0,0,0,25,183.478304743174,183.478304743174,0,8.48855870054788e-05
23-Nov-2023 18:00:00,0,0,0,0,0,25,183.478304743174,183.478304743174,0,8.48801749369077e-05
23-Nov-2023 19:00:00,0,0,0,0,0,25,183.478304743174,183.478304743174,0,8.48747639037306e-05
23-Nov-2023 20:00:00,0,0,0,0,0,25,183.478304743174,183.478304743174,0,8.48693539048373e-05
23-Nov-2023 21:00:00,0,0,0,0,0,25,183.478304743174,183.478304743174,0,8.48639449406718e-05
23-Nov-2023 22:00:00,0,0,0,0,0,25,183.478304743174,183.478304743174,0,8.48585370103461e-05
23-Nov-2023 23:00:00,0,0,0,0,0,25,183.478304743174,183.478304743174,0,8.485313011386e-05
24-Nov-2023 00:00:00,0,0,0,0,0,25,183.478304743174,183.478304743174,0,8.48477242505474e-05
24-Nov-2023 01:00:00,0,0,0,0,0,25,183.478304743174,183.478304743174,0,8.48423194206305e-05
24-Nov-2023 02:00:00,0,0,0,0,0,25,183.478304743174,183.478304743174,0,8.4836915623443e-05
24-Nov-2023 03:00:00,0,0,0,0,0,25,183.478304743174,183.478304743174,0,8.48315128583188e-05
24-Nov-2023 04:00:00,0,0,0,0,0,25,183.478304743174,183.478304743174,0,8.4826111125702e-05
24-Nov-2023 05:00:00,0,0,0,0,0,25,183.478304743174,183.478304743174,0,8.48207104247045e-05
24-Nov-2023 06:00:00,0,0,0,0,0,25,183.478304743174,183.478304743174,0,8.48153107548821e-05
24-Nov-2023 07:00:00,0,0,0,0,0,25,183.478304743174,183.478304743174,0,8.48099121164569e-05
24-Nov-2023 08:00:00,-136.670494330439,0,334.842711109576,0,0.167337686711432,25,183.478304743174,183.478304743174,0,8.48045145087628e-05
24-Nov-2023 09:00:00,131.258228584495,334.842419858406,0,0.167337541158624,0,25,183.478304743174,183.645642284333,0.000405762023630518,0.00015322278659835
24-Nov-2023 10:00:00,0,0,0,0,0,25,183.645642284333,183.645642284333,0,8.47937223840134e-05
24-Nov-2023 11:00:00,-55.2077013713455,0,135.258868359797,0,0.0675956363617174,25,183.645642284333,183.645642284333,0,8.4788327866514e-05
24-Nov-2023 12:00:00,53.0214302866297,135.258750731198,0,0.0675955775768107,0,25,183.645642284333,183.71323786191,0.000159125138813554,0.000108728028989757
24-Nov-2023 13:00:00,0,0,0,0,0,25,183.71323786191,183.71323786191,0,8.47775419197117e-05
24-Nov-2023 14:00:00,0,0,0,0,0,25,183.71323786191,183.71323786191,0,8.47721504895205e-05
24-Nov-2023 15:00:00,0,0,0,0,0,25,183.71323786191,183.71323786191,0,8.47667600880619e-05
24-Nov-2023 16:00:00,0,0,0,0,0,25,183.71323786191,183.71323786191,0,8.47613707144479e-05
24-Nov-2023 17:00:00,0,0,0,0,0,25,183.71323786191,183.71323786191,0,8.47559823691224e-05
24-Nov-2023 18:00:00,0,0,0,0,0,25,183.71323786191,183.71323786191,0,8.47505950507532e-05
24-Nov-2023 19:00:00,0,0,0,0,0,25,183.71323786191,183.71323786191,0,8.47452087597844e-05
24-Nov-2023 20:00:00,0,0,0,0,0,25,183.71323786191,183.71323786191,0,8.47398234957719e-05
24-Nov-2023 21:00:00,0,0,0,0,0,25,183.71323786191,183.71323786191,0,8.47344392580496e-05
24-Nov-2023 22:00:00,0,0,0,0,0,25,183.71323786191,183.71323786191,0,8.47290560468394e-05
24-Nov-2023 23:00:00,0,0,0,0,0,25,183.71323786191,183.71323786191,0,8.47236738610313e-05
25-Nov-2023 00:00:00,0,0,0,0,0,25,183.71323786191,183.71323786191,0,8.47182927010692e-05
25-Nov-2023 01:00:00,0,0,0,0,0,25,183.71323786191,183.71323786191,0,8.47129125662871e-05
25-Nov-2023 02:00:00,0,0,0,0,0,25,183.71323786191,183.71323786191,0,8.47075334562408e-05
25-Nov-2023 03:00:00,0,0,0,0,0,25,183.71323786191,183.71323786191,0,8.47021553709304e-05
25-Nov-2023 04:00:00,0,0,0,0,0,25,183.71323786191,183.71323786191,0,8.46967783096897e-05
25-Nov-2023 05:00:00,0,0,0,0,0,25,183.71323786191,183.71323786191,0,8.46914022727407e-05
25-Nov-2023 06:00:00,0,0,0,0,0,25,183.71323786191,183.71323786191,0,8.46860272587513e-05
25-Nov-2023 07:00:00,0,0,0,0,0,25,183.71323786191,183.71323786191,0,8.46806532686095e-05
25-Nov-2023 08:00:00,-174.757207138679,0,428.155157489762,0,0.213970593448157,25,183.71323786191,183.71323786191,0,8.46752803009831e-05
25-Nov-2023 09:00:00,167.836675967471,428.154785631302,0,0.213970407611845,0,25,183.71323786191,183.927208269522,0.000525955624927521,0.000172678829724493
25-Nov-2023 10:00:00,-8.19398425355995,0,20.0752614212219,0,0.0100326144034092,25,183.927208269522,183.927208269522,0,8.46645374337207e-05
25-Nov-2023 11:00:00,7.86949564316343,20.0752439876618,0,0.0100326056909854,0,25,183.927208269522,183.937240875213,2.32144379338495e-05,8.81709273605757e-05
25-Nov-2023 12:00:00,0,0,0,0,0,25,183.937240875213,183.937240875213,0,8.46537986542995e-05
25-Nov-2023 13:00:00,0,0,0,0,0,25,183.937240875213,183.937240875213,0,8.46484307965856e-05
25-Nov-2023 14:00:00,0,0,0,0,0,25,183.937240875213,183.937240875213,0,8.46430639598328e-05
25-Nov-2023 15:00:00,0,0,0,0,0,25,183.937240875213,183.937240875213,0,8.46376981438191e-05
25-Nov-2023 16:00:00,0,0,0,0,0,25,183.937240875213,183.937240875213,0,8.46323333483223e-05
25-Nov-2023 17:00:00,0,0,0,0,0,25,183.937240875213,183.937240875213,0,8.46269695724544e-05
25-Nov-2023 18:00:00,0,0,0,0,0,25,183.937240875213,183.937240875213,0,8.46216068166594e-05
25-Nov-2023 19:00:00,0,0,0,0,0,25,183.937240875213,183.937240875213,0,8.46162450802712e-05
25-Nov-2023 20:00:00,0,0,0,0,0,25,183.937240875213,183.937240875213,0,8.46108843626237e-05
25-Nov-2023 21:00:00,0,0,0,0,0,25,183.937240875213,183.937240875213,0,8.46055246639388e-05
25-Nov-2023 22:00:00,0,0,0,0,0,25,183.937240875213,183.937240875213,0,8.46001659833284e-05
25-Nov-2023 23:00:00,0,0,0,0,0,25,183.937240875213,183.937240875213,0,8.45948083214587e-05
26-Nov-2023 00:00:00,0,0,0,0,0,25,183.937240875213,183.937240875213,0,8.45894516765533e-05
26-Nov-2023 01:00:00,0,0,0,0,0,25,183.937240875213,183.937240875213,0,8.45840960497224e-05
26-Nov-2023 02:00:00,0,0,0,0,0,25,183.937240875213,183.937240875213,0,8.45787414394117e-05
26-Nov-2023 03:00:00,0,0,0,0,0,25,183.937240875213,183.937240875213,0,8.45733878465094e-05
26-Nov-2023 04:00:00,0,0,0,0,0,25,183.937240875213,183.937240875213,0,8.45680352699052e-05
26-Nov-2023 05:00:00,0,0,0,0,0,25,183.937240875213,183.937240875213,0,8.45626837091551e-05
26-Nov-2023 06:00:00,0,0,0,0,0,25,183.937240875213,183.937240875213,0,8.45573331647032e-05
26-Nov-2023 07:00:00,0,0,0,0,0,25,183.937240875213,183.937240875213,0,8.45519836352171e-05
26-Nov-2023 08:00:00,-95.8264171855175,0,234.774722104518,0,0.117328696703907,25,183.937240875213,183.937240875213,0,8.45466351213631e-05
26-Nov-2023 09:00:00,-274.365129515588,0,672.194567313191,0,0.335929318997097,25,183.937240875213,183.937240875213,0,0.000129512745037585
26-Nov-2023 10:00:00,-346.432149423065,0,848.758766086509,0,0.424167299393558,25,183.937240875213,183.937240875213,0,0.000215106374827245
26-Nov-2023 11:00:00,0,0,0,0,0,25,183.937240875213,183.937240875213,0,0.000337959025825452
26-Nov-2023 12:00:00,11.2879989997548,28.7959158157009,0,0.0143907625265872,0,25,183.937240875213,183.951631637739,3.33414567058599e-05,0.000337937658329013
26-Nov-2023 13:00:00,96.988578193766,247.419842331036,0,0.123648097116959,0,25,183.951631637739,184.075279734856,0.000295876796064798,0.000336976790661359
26-Nov-2023 14:00:00,249.599129648769,636.732473593798,0,0.318207133230284,0,25,184.075279734856,184.393486868086,0.000806443810086988,0.000319484300278061
26-Nov-2023 15:00:00,260.422000781174,664.341838727486,0,0.33200491690529,0,25,184.393486868086,184.725491784992,0.000844662265872431,0.000211462604227997
26-Nov-2023 16:00:00,69.9323178196481,178.398769948082,0,0.0891548075702558,0,25,184.725491784992,184.814646592562,0.000211057526268155,0.000117059576277612
26-Nov-2023 17:00:00,0,0,0,0,0,25,184.814646592562,184.814646592562,0,8.44985441255108e-05
26-Nov-2023 18:00:00,0,0,0,0,0,25,184.814646592562,184.814646592562,0,8.44932057457726e-05
26-Nov-2023 19:00:00,0,0,0,0,0,25,184.814646592562,184.814646592562,0,8.44878683776695e-05
26-Nov-2023 20:00:00,0,0,0,0,0,25,184.814646592562,184.814646592562,0,8.44825320209797e-05
26-Nov-2023 21:00:00,0,0,0,0,0,25,184.814646592562,184.814646592562,0,8.44771966750368e-05
26-Nov-2023 22:00:00,0,0,0,0,0,25,184.814646592562,184.814646592562,0,8.44718623402851e-05
26-Nov-2023 23:00:00,0,0,0,0,0,25,184.814646592562,184.814646592562,0,8.44665290153923e-05
27-Nov-2023 00:00:00,0,0,0,0,0,25,184.814646592562,184.814646592562,0,8.44611967008024e-05
27-Nov-2023 01:00:00,0,0,0,0,0,25,184.814646592562,184.814646592562,0,8.44558653960714e-05
27-Nov-2023 02:00:00,0,0,0,0,0,25,184.814646592562,184.814646592562,0,8.44505351007552e-05
27-Nov-2023 03:00:00,0,0,0,0,0,25,184.814646592562,184.814646592562,0,8.44452058141876e-05
27-Nov-2023 04:00:00,0,0,0,0,0,25,184.814646592562,184.814646592562,0,8.44398775370347e-05
27-Nov-2023 05:00:00,0,0,0,0,0,25,184.814646592562,184.814646592562,0,8.44345502677424e-05
27-Nov-2023 06:00:00,0,0,0,0,0,25,184.814646592562,184.814646592562,0,8.44292240069766e-05
27-Nov-2023 07:00:00,0,0,0,0,0,25,184.814646592562,184.814646592562,0,8.44238987538493e-05
27-Nov-2023 08:00:00,0,0,0,0,0,25,184.814646592562,184.814646592562,0,8.44185745083603e-05
27-Nov-2023 09:00:00,0,0,0,0,0,25,184.814646592562,184.814646592562,0,8.44132512700657e-05
27-Nov-2023 10:00:00,0,0,0,0,0,25,184.814646592562,184.814646592562,0,8.44079290387434e-05
27-Nov-2023 11:00:00,-92.1573779951274,0,225.785576088062,0,0.112836369859102,25,184.814646592562,184.814646592562,0,8.44026078137272e-05
27-Nov-2023 12:00:00,88.5078691970691,225.785380604768,0,0.112836272166301,0,25,184.814646592562,184.927482864728,0.000268979541278469,0.000127255535639081
27-Nov-2023 13:00:00,0,0,0,0,0,25,184.927482864728,184.927482864728,0,8.43919683826133e-05
27-Nov-2023 14:00:00,0,0,0,0,0,25,184.927482864728,184.927482864728,0,8.43866501754054e-05
27-Nov-2023 15:00:00,0,0,0,0,0,25,184.927482864728,184.927482864728,0,8.43813329736154e-05
27-Nov-2023 16:00:00,0,0,0,0,0,25,184.927482864728,184.927482864728,0,8.43760167770213e-05
27-Nov-2023 17:00:00,0,0,0,0,0,25,184.927482864728,184.927482864728,0,8.4370701584735e-05
27-Nov-2023 18:00:00,0,0,0,0,0,25,184.927482864728,184.927482864728,0,8.43653873972006e-05
27-Nov-2023 19:00:00,0,0,0,0,0,25,184.927482864728,184.927482864728,0,8.43600742133077e-05
27-Nov-2023 20:00:00,0,0,0,0,0,25,184.927482864728,184.927482864728,0,8.43547620335006e-05
27-Nov-2023 21:00:00,0,0,0,0,0,25,184.927482864728,184.927482864728,0,8.43494508566689e-05
27-Nov-2023 22:00:00,0,0,0,0,0,25,184.927482864728,184.927482864728,0,8.43441406832568e-05
27-Nov-2023 23:00:00,0,0,0,0,0,25,184.927482864728,184.927482864728,0,8.43388315125981e-05
28-Nov-2023 00:00:00,0,0,0,0,0,25,184.927482864728,184.927482864728,0,8.43335233440268e-05
28-Nov-2023 01:00:00,0,0,0,0,0,25,184.927482864728,184.927482864728,0,8.43282161779868e-05
28-Nov-2023 02:00:00,0,0,0,0,0,25,184.927482864728,184.927482864728,0,8.43229100138121e-05
28-Nov-2023 03:00:00,0,0,0,0,0,25,184.927482864728,184.927482864728,0,8.43176048510585e-05
28-Nov-2023 04:00:00,0,0,0,0,0,25,184.927482864728,184.927482864728,0,8.43123006892821e-05
28-Nov-2023 05:00:00,0,0,0,0,0,25,184.927482864728,184.927482864728,0,8.43069975287047e-05
28-Nov-2023 06:00:00,0,0,0,0,0,25,184.927482864728,184.927482864728,0,8.43016953684383e-05
28-Nov-2023 07:00:00,0,0,0,0,0,25,184.927482864728,184.927482864728,0,8.42963942087049e-05
28-Nov-2023 08:00:00,0,0,0,0,0,25,184.927482864728,184.927482864728,0,8.42910940483943e-05
28-Nov-2023 09:00:00,0,0,0,0,0,25,184.927482864728,184.927482864728,0,8.42857948881726e-05
28-Nov-2023 10:00:00,0,0,0,0,0,25,184.927482864728,184.927482864728,0,8.42804967271515e-05
28-Nov-2023 11:00:00,0,0,0,0,0,25,184.927482864728,184.927482864728,0,8.42751995651092e-05
28-Nov-2023 12:00:00,-127.381201242806,0,312.083943044874,0,0.155963989527673,25,184.927482864728,184.927482864728,0,8.42699034018235e-05
28-Nov-2023 13:00:00,43.3934478677475,110.697571091193,0,0.0553211249831048,0,25,184.927482864728,184.982803989711,0.000129641056430208,0.000147038420182488
28-Nov-2023 14:00:00,78.9431279930513,201.385530594519,0,0.100642444075222,0,25,184.982803989711,185.083446433787,0.000239020968609727,0.000121636469980535
28-Nov-2023 15:00:00,0,0,0,0,0,25,185.083446433787,185.083446433787,0,8.42540209005094e-05
28-Nov-2023 16:00:00,0,0,0,0,0,25,185.083446433787,185.083446433787,0,8.42487287284754e-05
28-Nov-2023 17:00:00,0,0,0,0,0,25,185.083446433787,185.083446433787,0,8.42434375540879e-05
28-Nov-2023 18:00:00,0,0,0,0,0,25,185.083446433787,185.083446433787,0,8.42381473760145e-05
28-Nov-2023 19:00:00,0,0,0,0,0,25,185.083446433787,185.083446433787,0,8.42328581944773e-05
28-Nov-2023 20:00:00,0,0,0,0,0,25,185.083446433787,185.083446433787,0,8.42275700094763e-05
28-Nov-2023 21:00:00,0,0,0,0,0,25,185.083446433787,185.083446433787,0,8.42222828201233e-05
28-Nov-2023 22:00:00,0,0,0,0,0,25,185.083446433787,185.083446433787,0,8.42169966261963e-05
28-Nov-2023 23:00:00,0,0,0,0,0,25,185.083446433787,185.083446433787,0,8.42117114276952e-05
29-Nov-2023 00:00:00,0,0,0,0,0,25,185.083446433787,185.083446433787,0,8.4206427224176e-05
29-Nov-2023 01:00:00,0,0,0,0,0,25,185.083446433787,185.083446433787,0,8.42011440147505e-05
29-Nov-2023 02:00:00,0,0,0,0,0,25,185.083446433787,185.083446433787,0,8.41958618003069e-05
29-Nov-2023 03:00:00,0,0,0,0,0,25,185.083446433787,185.083446433787,0,8.41905805792909e-05
29-Nov-2023 04:00:00,0,0,0,0,0,25,185.083446433787,185.083446433787,0,8.41853003523685e-05
29-Nov-2023 05:00:00,0,0,0,0,0,25,185.083446433787,185.083446433787,0,8.41800211186516e-05
29-Nov-2023 06:00:00,0,0,0,0,0,25,185.083446433787,185.083446433787,0,8.41747428781403e-05
29-Nov-2023 07:00:00,0,0,0,0,0,25,185.083446433787,185.083446433787,0,8.41694656299463e-05
29-Nov-2023 08:00:00,0,0,0,0,0,25,185.083446433787,185.083446433787,0,8.41641893745138e-05
29-Nov-2023 09:00:00,0,0,0,0,0,25,185.083446433787,185.083446433787,0,8.41589141109544e-05
29-Nov-2023 10:00:00,0,0,0,0,0,25,185.083446433787,185.083446433787,0,8.41536398394904e-05
29-Nov-2023 11:00:00,0,0,0,0,0,25,185.083446433787,185.083446433787,0,8.41483665594556e-05
29-Nov-2023 12:00:00,-14.2924415127517,0,35.0164817062416,0,0.017499491107567,25,185.083446433787,185.083446433787,0,8.41430942706278e-05
29-Nov-2023 13:00:00,13.7264489805337,35.0164514809534,0,0.0174994760024755,0,25,185.083446433787,185.100945909789,4.05484093487507e-05,9.01731223461599e-05
29-Nov-2023 14:00:00,0,0,0,0,0,25,185.100945909789,185.100945909789,0,8.41325526652614e-05
29-Nov-2023 15:00:00,0,0,0,0,0,25,185.100945909789,185.100945909789,0,8.41272833478346e-05
29-Nov-2023 16:00:00,0,0,0,0,0,25,185.100945909789,185.100945909789,0,8.41220150207267e-05
29-Nov-2023 17:00:00,0,0,0,0,0,25,185.100945909789,185.100945909789,0,8.41167476832716e-05
29-Nov-2023 18:00:00,0,0,0,0,0,25,185.100945909789,185.100945909789,0,8.41114813348032e-05
29-Nov-2023 19:00:00,0,0,0,0,0,25,185.100945909789,185.100945909789,0,8.41062159757655e-05
29-Nov-2023 20:00:00,0,0,0,0,0,25,185.100945909789,185.100945909789,0,8.41009516048263e-05
29-Nov-2023 21:00:00,0,0,0,0,0,25,185.100945909789,185.100945909789,0,8.40956882228738e-05
29-Nov-2023 22:00:00,0,0,0,0,0,25,185.100945909789,185.100945909789,0,8.40904258287978e-05
29-Nov-2023 23:00:00,0,0,0,0,0,25,185.100945909789,185.100945909789,0,8.40851644223761e-05
30-Nov-2023 00:00:00,0,0,0,0,0,25,185.100945909789,185.100945909789,0,8.40799040036089e-05
30-Nov-2023 01:00:00,0,0,0,0,0,25,185.100945909789,185.100945909789,0,8.40746445720519e-05
30-Nov-2023 02:00:00,0,0,0,0,0,25,185.100945909789,185.100945909789,0,8.40693861270392e-05
30-Nov-2023 03:00:00,0,0,0,0,0,25,185.100945909789,185.100945909789,0,8.40641286690147e-05
30-Nov-2023 04:00:00,0,0,0,0,0,25,185.100945909789,185.100945909789,0,8.40588721968683e-05
30-Nov-2023 05:00:00,0,0,0,0,0,25,185.100945909789,185.100945909789,0,8.40536167108219e-05
30-Nov-2023 06:00:00,0,0,0,0,0,25,185.100945909789,185.100945909789,0,8.40483622102095e-05
30-Nov-2023 07:00:00,0,0,0,0,0,25,185.100945909789,185.100945909789,0,8.40431086952531e-05
30-Nov-2023 08:00:00,0,0,0,0,0,25,185.100945909789,185.100945909789,0,8.40378561650645e-05
30-Nov-2023 09:00:00,0,0,0,0,0,25,185.100945909789,185.100945909789,0,8.40326046194217e-05
30-Nov-2023 10:00:00,0,0,0,0,0,25,185.100945909789,185.100945909789,0,8.40273540585468e-05
30-Nov-2023 11:00:00,0,0,0,0,0,25,185.100945909789,185.100945909789,0,8.40221044813294e-05
30-Nov-2023 12:00:00,-69.8886897380017,0,171.227289858104,0,0.0855708594993025,25,185.100945909789,185.100945909789,0,8.40168558882137e-05
30-Nov-2023 13:00:00,67.1210397729417,171.227142277913,0,0.0855707857460833,0,25,185.100945909789,185.186516695535,0.000202306625971871,0.000114893398649452
30-Nov-2023 14:00:00,0,0,0,0,0,25,185.186516695535,185.186516695535,0,8.40063616518449e-05
30-Nov-2023 15:00:00,0,0,0,0,0,25,185.186516695535,185.186516695535,0,8.40011160081477e-05
30-Nov-2023 16:00:00,0,0,0,0,0,25,185.186516695535,185.186516695535,0,8.39958713467759e-05
30-Nov-2023 17:00:00,0,0,0,0,0,25,185.186516695535,185.186516695535,0,8.39906276679514e-05
30-Nov-2023 18:00:00,0,0,0,0,0,25,185.186516695535,185.186516695535,0,8.39853849707861e-05
30-Nov-2023 19:00:00,0,0,0,0,0,25,185.186516695535,185.186516695535,0,8.398014325528e-05
30-Nov-2023 20:00:00,0,0,0,0,0,25,185.186516695535,185.186516695535,0,8.39749025214331e-05
30-Nov-2023 21:00:00,0,0,0,0,0,25,185.186516695535,185.186516695535,0,8.39696627683573e-05
30-Nov-2023 22:00:00,0,0,0,0,0,25,185.186516695535,185.186516695535,0,8.39644239958304e-05
30-Nov-2023 23:00:00,0,0,0,0,0,25,185.186516695535,185.186516695535,0,8.39591862038525e-05
01-Dec-2023 00:00:00,0,0,0,0,0,25,185.186516695535,185.186516695535,0,8.39539493919794e-05
01-Dec-2023 01:00:00,0,0,0,0,0,25,185.186516695535,185.186516695535,0,8.39487135599892e-05
01-Dec-2023 02:00:00,0,0,0,0,0,25,185.186516695535,185.186516695535,0,8.39434787072157e-05
01-Dec-2023 03:00:00,0,0,0,0,0,25,185.186516695535,185.186516695535,0,8.3938244833881e-05
01-Dec-2023 04:00:00,0,0,0,0,0,25,185.186516695535,185.186516695535,0,8.39330119395409e-05
01-Dec-2023 05:00:00,0,0,0,0,0,25,185.186516695535,185.186516695535,0,8.39277800233074e-05
01-Dec-2023 06:00:00,0,0,0,0,0,25,185.186516695535,185.186516695535,0,8.39225490856244e-05
01-Dec-2023 07:00:00,0,0,0,0,0,25,185.186516695535,185.186516695535,0,8.39173191260478e-05
01-Dec-2023 08:00:00,0,0,0,0,0,25,185.186516695535,185.186516695535,0,8.39120901439117e-05
01-Dec-2023 09:00:00,0,0,0,0,0,25,185.186516695535,185.186516695535,0,8.39068621389938e-05
01-Dec-2023 10:00:00,-98.9097905493195,0,242.328986845833,0,0.12110394145219,25,185.186516695535,185.186516695535,0,8.39016351112942e-05
01-Dec-2023 11:00:00,-121.40630898954,0,297.445457024372,0,0.148648404310031,25,185.186516695535,185.186516695535,0,0.000130251664116843
01-Dec-2023 12:00:00,-185.144479712892,0,453.603975296585,0,0.226688643326629,25,185.186516695535,185.186516695535,0,0.000188412524553261
01-Dec-2023 13:00:00,98.0056819360702,250.014494734873,0,0.124944774979946,0,25,185.186516695535,185.311461470515,0.00029883538906128,0.000220107738743369
01-Dec-2023 14:00:00,245.342636181289,625.874071891045,0,0.312780645622711,0,25,185.311461470515,185.624242116138,0.000790741322167055,0.000204923641150545
01-Dec-2023 15:00:00,46.0528832754444,117.481845090419,0,0.0587115667618288,0,25,185.624242116138,185.6829536829,0.00013765789417064,0.000104230607398392
01-Dec-2023 16:00:00,0,0,0,0,0,25,185.6829536829,185.6829536829,0,8.38702934460311e-05
01-Dec-2023 17:00:00,0,0,0,0,0,25,185.6829536829,185.6829536829,0,8.38650732488677e-05
01-Dec-2023 18:00:00,0,0,0,0,0,25,185.6829536829,185.6829536829,0,8.38598540267022e-05
01-Dec-2023 19:00:00,0,0,0,0,0,25,185.6829536829,185.6829536829,0,8.38546357786463e-05
01-Dec-2023 20:00:00,0,0,0,0,0,25,185.6829536829,185.6829536829,0,8.38494185047001e-05
01-Dec-2023 21:00:00,0,0,0,0,0,25,185.6829536829,185.6829536829,0,8.38442022044195e-05
01-Dec-2023 22:00:00,0,0,0,0,0,25,185.6829536829,185.6829536829,0,8.38389868778044e-05
01-Dec-2023 23:00:00,0,0,0,0,0,25,185.6829536829,185.6829536829,0,8.38337725237448e-05
02-Dec-2023 00:00:00,0,0,0,0,0,25,185.6829536829,185.6829536829,0,8.38285591426846e-05
02-Dec-2023 01:00:00,0,0,0,0,0,25,185.6829536829,185.6829536829,0,8.38233467344018e-05
02-Dec-2023 02:00:00,0,0,0,0,0,25,185.6829536829,185.6829536829,0,8.38181352980083e-05
02-Dec-2023 03:00:00,0,0,0,0,0,25,185.6829536829,185.6829536829,0,8.3812924833726e-05
02-Dec-2023 04:00:00,0,0,0,0,0,25,185.6829536829,185.6829536829,0,8.38077153408889e-05
02-Dec-2023 05:00:00,0,0,0,0,0,25,185.6829536829,185.6829536829,0,8.3802506819497e-05
02-Dec-2023 06:00:00,0,0,0,0,0,25,185.6829536829,185.6829536829,0,8.3797299268884e-05
02-Dec-2023 07:00:00,0,0,0,0,0,25,185.6829536829,185.6829536829,0,8.3792092688828e-05
02-Dec-2023 08:00:00,0,0,0,0,0,25,185.6829536829,185.6829536829,0,8.3786887079329e-05
02-Dec-2023 09:00:00,0,0,0,0,0,25,185.6829536829,185.6829536829,0,8.37816824401649e-05
02-Dec-2023 10:00:00,0,0,0,0,0,25,185.6829536829,185.6829536829,0,8.37764787704476e-05
02-Dec-2023 11:00:00,0,0,0,0,0,25,185.6829536829,185.6829536829,0,8.3771276070399e-05
02-Dec-2023 12:00:00,0,0,0,0,0,25,185.6829536829,185.6829536829,0,8.37660743393531e-05
02-Dec-2023 13:00:00,0,0,0,0,0,25,185.6829536829,185.6829536829,0,8.37608735773099e-05
02-Dec-2023 14:00:00,0,0,0,0,0,25,185.6829536829,185.6829536829,0,8.37556737838252e-05
02-Dec-2023 15:00:00,0,0,0,0,0,25,185.6829536829,185.6829536829,0,8.3750474958455e-05
02-Dec-2023 16:00:00,0,0,0,0,0,25,185.6829536829,185.6829536829,0,8.37452771011993e-05
02-Dec-2023 17:00:00,0,0,0,0,0,25,185.6829536829,185.6829536829,0,8.3740080211836e-05
02-Dec-2023 18:00:00,0,0,0,0,0,25,185.6829536829,185.6829536829,0,8.3734884289477e-05
02-Dec-2023 19:00:00,0,0,0,0,0,25,185.6829536829,185.6829536829,0,8.37296893343442e-05
02-Dec-2023 20:00:00,0,0,0,0,0,25,185.6829536829,185.6829536829,0,8.37244953457716e-05
02-Dec-2023 21:00:00,0,0,0,0,0,25,185.6829536829,185.6829536829,0,8.37193023242033e-05
02-Dec-2023 22:00:00,0,0,0,0,0,25,185.6829536829,185.6829536829,0,8.3714110268085e-05
02-Dec-2023 23:00:00,0,0,0,0,0,25,185.6829536829,185.6829536829,0,8.37089191785267e-05
03-Dec-2023 00:00:00,0,0,0,0,0,25,185.6829536829,185.6829536829,0,8.37037290541964e-05
03-Dec-2023 01:00:00,0,0,0,0,0,25,185.6829536829,185.6829536829,0,8.3698539895094e-05
03-Dec-2023 02:00:00,0,0,0,0,0,25,185.6829536829,185.6829536829,0,8.36933517012195e-05
03-Dec-2023 03:00:00,0,0,0,0,0,25,185.6829536829,185.6829536829,0,8.36881644719067e-05
03-Dec-2023 04:00:00,0,0,0,0,0,25,185.6829536829,185.6829536829,0,8.36829782069337e-05
03-Dec-2023 05:00:00,0,0,0,0,0,25,185.6829536829,185.6829536829,0,8.36777929058563e-05
03-Dec-2023 06:00:00,0,0,0,0,0,25,185.6829536829,185.6829536829,0,8.36726085688966e-05
03-Dec-2023 07:00:00,0,0,0,0,0,25,185.6829536829,185.6829536829,0,8.36674251951663e-05
03-Dec-2023 08:00:00,0,0,0,0,0,25,185.6829536829,185.6829536829,0,8.36622427848877e-05
03-Dec-2023 09:00:00,0,0,0,0,0,25,185.6829536829,185.6829536829,0,8.36570613371723e-05
03-Dec-2023 10:00:00,0,0,0,0,0,25,185.6829536829,185.6829536829,0,8.36518808522424e-05
03-Dec-2023 11:00:00,0,0,0,0,0,25,185.6829536829,185.6829536829,0,8.36467013294317e-05
03-Dec-2023 12:00:00,0,0,0,0,0,25,185.6829536829,185.6829536829,0,8.36415227689624e-05
03-Dec-2023 13:00:00,0,0,0,0,0,25,185.6829536829,185.6829536829,0,8.36363451699462e-05
03-Dec-2023 14:00:00,0,0,0,0,0,25,185.6829536829,185.6829536829,0,8.36311685321611e-05
03-Dec-2023 15:00:00,0,0,0,0,0,25,185.6829536829,185.6829536829,0,8.36259928556071e-05
03-Dec-2023 16:00:00,0,0,0,0,0,25,185.6829536829,185.6829536829,0,8.36208181400622e-05
03-Dec-2023 17:00:00,0,0,0,0,0,25,185.6829536829,185.6829536829,0,8.36156443846381e-05
03-Dec-2023 18:00:00,0,0,0,0,0,25,185.6829536829,185.6829536829,0,8.3610471589779e-05
03-Dec-2023 19:00:00,0,0,0,0,0,25,185.6829536829,185.6829536829,0,8.36052997548187e-05
03-Dec-2023 20:00:00,0,0,0,0,0,25,185.6829536829,185.6829536829,0,8.36001288793131e-05
03-Dec-2023 21:00:00,0,0,0,0,0,25,185.6829536829,185.6829536829,0,8.35949589630403e-05
03-Dec-2023 22:00:00,0,0,0,0,0,25,185.6829536829,185.6829536829,0,8.35897900060001e-05
03-Dec-2023 23:00:00,0,0,0,0,0,25,185.6829536829,185.6829536829,0,8.35846220075265e-05
04-Dec-2023 00:00:00,0,0,0,0,0,25,185.6829536829,185.6829536829,0,8.35794549676194e-05
04-Dec-2023 01:00:00,0,0,0,0,0,25,185.6829536829,185.6829536829,0,8.35742888856128e-05
04-Dec-2023 02:00:00,0,0,0,0,0,25,185.6829536829,185.6829536829,0,8.35691237619507e-05
04-Dec-2023 03:00:00,0,0,0,0,0,25,185.6829536829,185.6829536829,0,8.35639595950788e-05
04-Dec-2023 04:00:00,0,0,0,0,0,25,185.6829536829,185.6829536829,0,8.35587963861073e-05
04-Dec-2023 05:00:00,0,0,0,0,0,25,185.6829536829,185.6829536829,0,8.3553634133926e-05
04-Dec-2023 06:00:00,0,0,0,0,0,25,185.6829536829,185.6829536829,0,8.35484728378688e-05
04-Dec-2023 07:00:00,0,0,0,0,0,25,185.6829536829,185.6829536829,0,8.35433124990459e-05
04-Dec-2023 08:00:00,0,0,0,0,0,25,185.6829536829,185.6829536829,0,8.35381531154589e-05
04-Dec-2023 09:00:00,0,0,0,0,0,25,185.6829536829,185.6829536829,0,8.3532994688218e-05
04-Dec-2023 10:00:00,0,0,0,0,0,25,185.6829536829,185.6829536829,0,8.35278372162129e-05
04-Dec-2023 11:00:00,0,0,0,0,0,25,185.6829536829,185.6829536829,0,8.35226806994438e-05
04-Dec-2023 12:00:00,-271.076800473866,0,664.138161160972,0,0.331903129015978,25,185.6829536829,185.6829536829,0,8.35175251374665e-05
04-Dec-2023 13:00:00,210.226016051536,536.290857274327,0,0.268011422925701,0,25,185.6829536829,185.950965105825,0.000668479095867314,0.000199248019086662
04-Dec-2023 14:00:00,50.1154738848789,127.845596645099,0,0.0638908528961015,0,25,185.950965105825,186.014855958721,0.00014999723488085,0.000105698358164208
04-Dec-2023 15:00:00,0,0,0,0,0,25,186.014855958721,186.014855958721,0,8.35020641782869e-05
04-Dec-2023 16:00:00,0,0,0,0,0,25,186.014855958721,186.014855958721,0,8.34969124325902e-05
04-Dec-2023 17:00:00,0,0,0,0,0,25,186.014855958721,186.014855958721,0,8.3491761640575e-05
04-Dec-2023 18:00:00,0,0,0,0,0,25,186.014855958721,186.014855958721,0,8.34866118020194e-05
04-Dec-2023 19:00:00,0,0,0,0,0,25,186.014855958721,186.014855958721,0,8.34814629158132e-05
04-Dec-2023 20:00:00,0,0,0,0,0,25,186.014855958721,186.014855958721,0,8.34763149826223e-05
04-Dec-2023 21:00:00,0,0,0,0,0,25,186.014855958721,186.014855958721,0,8.34711680011146e-05
04-Dec-2023 22:00:00,0,0,0,0,0,25,186.014855958721,186.014855958721,0,8.34660219719563e-05
04-Dec-2023 23:00:00,0,0,0,0,0,25,186.014855958721,186.014855958721,0,8.34608768942591e-05
05-Dec-2023 00:00:00,0,0,0,0,0,25,186.014855958721,186.014855958721,0,8.3455732768023e-05
05-Dec-2023 01:00:00,0,0,0,0,0,25,186.014855958721,186.014855958721,0,8.34505895928039e-05
05-Dec-2023 02:00:00,0,0,0,0,0,25,186.014855958721,186.014855958721,0,8.34454473681578e-05
05-Dec-2023 03:00:00,0,0,0,0,0,25,186.014855958721,186.014855958721,0,8.34403060943067e-05
05-Dec-2023 04:00:00,0,0,0,0,0,25,186.014855958721,186.014855958721,0,8.34351657705845e-05
05-Dec-2023 05:00:00,0,0,0,0,0,25,186.014855958721,186.014855958721,0,8.34300263965471e-05
05-Dec-2023 06:00:00,0,0,0,0,0,25,186.014855958721,186.014855958721,0,8.34248879721944e-05
05-Dec-2023 07:00:00,0,0,0,0,0,25,186.014855958721,186.014855958721,0,8.34197504970824e-05
05-Dec-2023 08:00:00,0,0,0,0,0,25,186.014855958721,186.014855958721,0,8.34146139712111e-05
05-Dec-2023 09:00:00,0,0,0,0,0,25,186.014855958721,186.014855958721,0,8.34094783939143e-05
05-Dec-2023 10:00:00,0,0,0,0,0,25,186.014855958721,186.014855958721,0,8.34043437649701e-05
05-Dec-2023 11:00:00,0,0,0,0,0,25,186.014855958721,186.014855958721,0,8.33992100841563e-05
05-Dec-2023 12:00:00,0,0,0,0,0,25,186.014855958721,186.014855958721,0,8.3394077351473e-05
05-Dec-2023 13:00:00,0,0,0,0,0,25,186.014855958721,186.014855958721,0,8.33889455660319e-05
05-Dec-2023 14:00:00,0,0,0,0,0,25,186.014855958721,186.014855958721,0,8.33838147280552e-05
05-Dec-2023 15:00:00,0,0,0,0,0,25,186.014855958721,186.014855958721,0,8.33786848366547e-05
05-Dec-2023 16:00:00,0,0,0,0,0,25,186.014855958721,186.014855958721,0,8.33735558924964e-05
05-Dec-2023 17:00:00,0,0,0,0,0,25,186.014855958721,186.014855958721,0,8.33684278944702e-05
05-Dec-2023 18:00:00,0,0,0,0,0,25,186.014855958721,186.014855958721,0,8.3363300842354e-05
05-Dec-2023 19:00:00,0,0,0,0,0,25,186.014855958721,186.014855958721,0,8.33581747363699e-05
05-Dec-2023 20:00:00,0,0,0,0,0,25,186.014855958721,186.014855958721,0,8.33530495756296e-05
05-Dec-2023 21:00:00,0,0,0,0,0,25,186.014855958721,186.014855958721,0,8.33479253603553e-05
05-Dec-2023 22:00:00,0,0,0,0,0,25,186.014855958721,186.014855958721,0,8.33428020898808e-05
05-Dec-2023 23:00:00,0,0,0,0,0,25,186.014855958721,186.014855958721,0,8.3337679763984e-05
06-Dec-2023 00:00:00,0,0,0,0,0,25,186.014855958721,186.014855958721,0,8.3332558382665e-05
06-Dec-2023 01:00:00,0,0,0,0,0,25,186.014855958721,186.014855958721,0,8.33274379450355e-05
06-Dec-2023 02:00:00,0,0,0,0,0,25,186.014855958721,186.014855958721,0,8.33223184515397e-05
06-Dec-2023 03:00:00,0,0,0,0,0,25,186.014855958721,186.014855958721,0,8.33171999012894e-05
06-Dec-2023 04:00:00,0,0,0,0,0,25,186.014855958721,186.014855958721,0,8.33120822945066e-05
06-Dec-2023 05:00:00,0,0,0,0,0,25,186.014855958721,186.014855958721,0,8.33069656300811e-05
06-Dec-2023 06:00:00,0,0,0,0,0,25,186.014855958721,186.014855958721,0,8.33018499089011e-05
06-Dec-2023 07:00:00,0,0,0,0,0,25,186.014855958721,186.014855958721,0,8.32967351298564e-05
06-Dec-2023 08:00:00,0,0,0,0,0,25,186.014855958721,186.014855958721,0,8.32916212927248e-05
06-Dec-2023 09:00:00,0,0,0,0,0,25,186.014855958721,186.014855958721,0,8.32865083972845e-05
06-Dec-2023 10:00:00,0,0,0,0,0,25,186.014855958721,186.014855958721,0,8.32813964435353e-05
06-Dec-2023 11:00:00,0,0,0,0,0,25,186.014855958721,186.014855958721,0,8.32762854305891e-05
06-Dec-2023 12:00:00,0,0,0,0,0,25,186.014855958721,186.014855958721,0,8.32711753588899e-05
06-Dec-2023 13:00:00,0,0,0,0,0,25,186.014855958721,186.014855958721,0,8.32660662277718e-05
06-Dec-2023 14:00:00,0,0,0,0,0,25,186.014855958721,186.014855958721,0,8.32609580365684e-05
06-Dec-2023 15:00:00,0,0,0,0,0,25,186.014855958721,186.014855958721,0,8.3255850785946e-05
06-Dec-2023 16:00:00,0,0,0,0,0,25,186.014855958721,186.014855958721,0,8.32507444745723e-05
06-Dec-2023 17:00:00,0,0,0,0,0,25,186.014855958721,186.014855958721,0,8.32456391028913e-05
06-Dec-2023 18:00:00,0,0,0,0,0,25,186.014855958721,186.014855958721,0,8.32405346700149e-05
06-Dec-2023 19:00:00,0,0,0,0,0,25,186.014855958721,186.014855958721,0,8.32354311763872e-05
06-Dec-2023 20:00:00,0,0,0,0,0,25,186.014855958721,186.014855958721,0,8.32303286215641e-05
06-Dec-2023 21:00:00,0,0,0,0,0,25,186.014855958721,186.014855958721,0,8.32252270042133e-05
06-Dec-2023 22:00:00,0,0,0,0,0,25,186.014855958721,186.014855958721,0,8.3220126325223e-05
06-Dec-2023 23:00:00,0,0,0,0,0,25,186.014855958721,186.014855958721,0,8.32150265841491e-05
07-Dec-2023 00:00:00,0,0,0,0,0,25,186.014855958721,186.014855958721,0,8.32099277805476e-05
07-Dec-2023 01:00:00,0,0,0,0,0,25,186.014855958721,186.014855958721,0,8.32048299139743e-05
07-Dec-2023 02:00:00,0,0,0,0,0,25,186.014855958721,186.014855958721,0,8.31997329839851e-05
07-Dec-2023 03:00:00,0,0,0,0,0,25,186.014855958721,186.014855958721,0,8.31946369910241e-05
07-Dec-2023 04:00:00,0,0,0,0,0,25,186.014855958721,186.014855958721,0,8.31895419337592e-05
07-Dec-2023 05:00:00,0,0,0,0,0,25,186.014855958721,186.014855958721,0,8.31844478130783e-05
07-Dec-2023 06:00:00,0,0,0,0,0,25,186.014855958721,186.014855958721,0,8.31793546276494e-05
07-Dec-2023 07:00:00,0,0,0,0,0,25,186.014855958721,186.014855958721,0,8.31742623779164e-05
07-Dec-2023 08:00:00,0,0,0,0,0,25,186.014855958721,186.014855958721,0,8.31691710634352e-05
07-Dec-2023 09:00:00,0,0,0,0,0,25,186.014855958721,186.014855958721,0,8.31640806833178e-05
07-Dec-2023 10:00:00,0,0,0,0,0,25,186.014855958721,186.014855958721,0,8.31589912380082e-05
07-Dec-2023 11:00:00,0,0,0,0,0,25,186.014855958721,186.014855958721,0,8.31539027270622e-05
07-Dec-2023 12:00:00,0,0,0,0,0,25,186.014855958721,186.014855958721,0,8.31488151500359e-05
07-Dec-2023 13:00:00,0,0,0,0,0,25,186.014855958721,186.014855958721,0,8.31437285064851e-05
07-Dec-2023 14:00:00,0,0,0,0,0,25,186.014855958721,186.014855958721,0,8.31386427964098e-05
07-Dec-2023 15:00:00,0,0,0,0,0,25,186.014855958721,186.014855958721,0,8.313355801981e-05
07-Dec-2023 16:00:00,0,0,0,0,0,25,186.014855958721,186.014855958721,0,8.31284741762417e-05
07-Dec-2023 17:00:00,0,0,0,0,0,25,186.014855958721,186.014855958721,0,8.31233912643725e-05
07-Dec-2023 18:00:00,0,0,0,0,0,25,186.014855958721,186.014855958721,0,8.31183092855348e-05
07-Dec-2023 19:00:00,0,0,0,0,0,25,186.014855958721,186.014855958721,0,8.31132282383962e-05
07-Dec-2023 20:00:00,0,0,0,0,0,25,186.014855958721,186.014855958721,0,8.31081481229567e-05
07-Dec-2023 21:00:00,0,0,0,0,0,25,186.014855958721,186.014855958721,0,8.31030689392165e-05
07-Dec-2023 22:00:00,0,0,0,0,0,25,186.014855958721,186.014855958721,0,8.30979906858431e-05
07-Dec-2023 23:00:00,0,0,0,0,0,25,186.014855958721,186.014855958721,0,8.30929133637248e-05
08-Dec-2023 00:00:00,0,0,0,0,0,25,186.014855958721,186.014855958721,0,8.30878369724175e-05
08-Dec-2023 01:00:00,0,0,0,0,0,25,186.014855958721,186.014855958721,0,8.3082761511033e-05
08-Dec-2023 02:00:00,0,0,0,0,0,25,186.014855958721,186.014855958721,0,8.30776869804595e-05
08-Dec-2023 03:00:00,0,0,0,0,0,25,186.014855958721,186.014855958721,0,8.30726133784765e-05
08-Dec-2023 04:00:00,0,0,0,0,0,25,186.014855958721,186.014855958721,0,8.30675407068604e-05
08-Dec-2023 05:00:00,0,0,0,0,0,25,186.014855958721,186.014855958721,0,8.30624689638348e-05
08-Dec-2023 06:00:00,0,0,0,0,0,25,186.014855958721,186.014855958721,0,8.30573981498439e-05
08-Dec-2023 07:00:00,0,0,0,0,0,25,186.014855958721,186.014855958721,0,8.30523282644435e-05
08-Dec-2023 08:00:00,0,0,0,0,0,25,186.014855958721,186.014855958721,0,8.30472593071896e-05
08-Dec-2023 09:00:00,0,0,0,0,0,25,186.014855958721,186.014855958721,0,8.30421912780821e-05
08-Dec-2023 10:00:00,0,0,0,0,0,25,186.014855958721,186.014855958721,0,8.3037124176677e-05
08-Dec-2023 11:00:00,0,0,0,0,0,25,186.014855958721,186.014855958721,0,8.30320580025301e-05
08-Dec-2023 12:00:00,0,0,0,0,0,25,186.014855958721,186.014855958721,0,8.30269927556415e-05
08-Dec-2023 13:00:00,0,0,0,0,0,25,186.014855958721,186.014855958721,0,8.30219284360112e-05
08-Dec-2023 14:00:00,0,0,0,0,0,25,186.014855958721,186.014855958721,0,8.3016865042751e-05
08-Dec-2023 15:00:00,0,0,0,0,0,25,186.014855958721,186.014855958721,0,8.30118025758608e-05
08-Dec-2023 16:00:00,0,0,0,0,0,25,186.014855958721,186.014855958721,0,8.30067410344526e-05
08-Dec-2023 17:00:00,0,0,0,0,0,25,186.014855958721,186.014855958721,0,8.30016804194145e-05
08-Dec-2023 18:00:00,0,0,0,0,0,25,186.014855958721,186.014855958721,0,8.29966207294142e-05
08-Dec-2023 19:00:00,0,0,0,0,0,25,186.014855958721,186.014855958721,0,8.29915619648958e-05
08-Dec-2023 20:00:00,0,0,0,0,0,25,186.014855958721,186.014855958721,0,8.29865041254152e-05
08-Dec-2023 21:00:00,0,0,0,0,0,25,186.014855958721,186.014855958721,0,8.29814472100843e-05
08-Dec-2023 22:00:00,0,0,0,0,0,25,186.014855958721,186.014855958721,0,8.29763912197912e-05
08-Dec-2023 23:00:00,0,0,0,0,0,25,186.014855958721,186.014855958721,0,8.29713361527595e-05
09-Dec-2023 00:00:00,0,0,0,0,0,25,186.014855958721,186.014855958721,0,8.29662820103216e-05
09-Dec-2023 01:00:00,0,0,0,0,0,25,186.014855958721,186.014855958721,0,8.29612287907011e-05
09-Dec-2023 02:00:00,0,0,0,0,0,25,186.014855958721,186.014855958721,0,8.29561764947861e-05
09-Dec-2023 03:00:00,0,0,0,0,0,25,186.014855958721,186.014855958721,0,8.29511251212445e-05
09-Dec-2023 04:00:00,0,0,0,0,0,25,186.014855958721,186.014855958721,0,8.29460746709643e-05
09-Dec-2023 05:00:00,0,0,0,0,0,25,186.014855958721,186.014855958721,0,8.29410251426133e-05
09-Dec-2023 06:00:00,0,0,0,0,0,25,186.014855958721,186.014855958721,0,8.29359765366355e-05
09-Dec-2023 07:00:00,0,0,0,0,0,25,186.014855958721,186.014855958721,0,8.29309288521429e-05
09-Dec-2023 08:00:00,0,0,0,0,0,25,186.014855958721,186.014855958721,0,8.29258820891354e-05
09-Dec-2023 09:00:00,0,0,0,0,0,25,186.014855958721,186.014855958721,0,8.29208362480571e-05
09-Dec-2023 10:00:00,0,0,0,0,0,25,186.014855958721,186.014855958721,0,8.29157913271317e-05
09-Dec-2023 11:00:00,0,0,0,0,0,25,186.014855958721,186.014855958721,0,8.29107473276913e-05
09-Dec-2023 12:00:00,0,0,0,0,0,25,186.014855958721,186.014855958721,0,8.29057042479597e-05
09-Dec-2023 13:00:00,0,0,0,0,0,25,186.014855958721,186.014855958721,0,8.29006620888251e-05
09-Dec-2023 14:00:00,0,0,0,0,0,25,186.014855958721,186.014855958721,0,8.28956208493992e-05
09-Dec-2023 15:00:00,0,0,0,0,0,25,186.014855958721,186.014855958721,0,8.28905805292379e-05
09-Dec-2023 16:00:00,0,0,0,0,0,25,186.014855958721,186.014855958721,0,8.28855411287854e-05
09-Dec-2023 17:00:00,0,0,0,0,0,25,186.014855958721,186.014855958721,0,8.28805026475976e-05
09-Dec-2023 18:00:00,0,0,0,0,0,25,186.014855958721,186.014855958721,0,8.28754650843422e-05
09-Dec-2023 19:00:00,0,0,0,0,0,25,186.014855958721,186.014855958721,0,8.28704284399073e-05
09-Dec-2023 20:00:00,0,0,0,0,0,25,186.014855958721,186.014855958721,0,8.28653927134049e-05
09-Dec-2023 21:00:00,0,0,0,0,0,25,186.014855958721,186.014855958721,0,8.28603579052789e-05
09-Dec-2023 22:00:00,0,0,0,0,0,25,186.014855958721,186.014855958721,0,8.28553240146412e-05
09-Dec-2023 23:00:00,0,0,0,0,0,25,186.014855958721,186.014855958721,0,8.28502910410478e-05
10-Dec-2023 00:00:00,0,0,0,0,0,25,186.014855958721,186.014855958721,0,8.28452589849427e-05
10-Dec-2023 01:00:00,0,0,0,0,0,25,186.014855958721,186.014855958721,0,8.28402278454377e-05
10-Dec-2023 02:00:00,0,0,0,0,0,25,186.014855958721,186.014855958721,0,8.28351976225328e-05
10-Dec-2023 03:00:00,0,0,0,0,0,25,186.014855958721,186.014855958721,0,8.28301683153398e-05
10-Dec-2023 04:00:00,0,0,0,0,0,25,186.014855958721,186.014855958721,0,8.2825139924747e-05
10-Dec-2023 05:00:00,0,0,0,0,0,25,186.014855958721,186.014855958721,0,8.28201124498662e-05
10-Dec-2023 06:00:00,0,0,0,0,0,25,186.014855958721,186.014855958721,0,8.28150858898091e-05
10-Dec-2023 07:00:00,0,0,0,0,0,25,186.014855958721,186.014855958721,0,8.28100602450199e-05
10-Dec-2023 08:00:00,0,0,0,0,0,25,186.014855958721,186.014855958721,0,8.28050355150545e-05
10-Dec-2023 09:00:00,0,0,0,0,0,25,186.014855958721,186.014855958721,0,8.28000116999128e-05
10-Dec-2023 10:00:00,0,0,0,0,0,25,186.014855958721,186.014855958721,0,8.27949887987067e-05
10-Dec-2023 11:00:00,0,0,0,0,0,25,186.014855958721,186.014855958721,0,8.27899668118803e-05
10-Dec-2023 12:00:00,0,0,0,0,0,25,186.014855958721,186.014855958721,0,8.27849457385454e-05
10-Dec-2023 13:00:00,0,0,0,0,0,25,186.014855958721,186.014855958721,0,8.27799255787021e-05
10-Dec-2023 14:00:00,0,0,0,0,0,25,186.014855958721,186.014855958721,0,8.27749063319061e-05
10-Dec-2023 15:00:00,0,0,0,0,0,25,186.014855958721,186.014855958721,0,8.27698879981575e-05
10-Dec-2023 16:00:00,0,0,0,0,0,25,186.014855958721,186.014855958721,0,8.27648705770123e-05
10-Dec-2023 17:00:00,0,0,0,0,0,25,186.014855958721,186.014855958721,0,8.27598540680263e-05
10-Dec-2023 18:00:00,0,0,0,0,0,25,186.014855958721,186.014855958721,0,8.27548384716437e-05
10-Dec-2023 19:00:00,0,0,0,0,0,25,186.014855958721,186.014855958721,0,8.27498237865321e-05
10-Dec-2023 20:00:00,0,0,0,0,0,25,186.014855958721,186.014855958721,0,8.27448100131356e-05
10-Dec-2023 21:00:00,0,0,0,0,0,25,186.014855958721,186.014855958721,0,8.27397971505661e-05
10-Dec-2023 22:00:00,0,0,0,0,0,25,186.014855958721,186.014855958721,0,8.27347851997118e-05
10-Dec-2023 23:00:00,0,0,0,0,0,25,186.014855958721,186.014855958721,0,8.27297741587962e-05
11-Dec-2023 00:00:00,0,0,0,0,0,25,186.014855958721,186.014855958721,0,8.27247640287077e-05
11-Dec-2023 01:00:00,0,0,0,0,0,25,186.014855958721,186.014855958721,0,8.27197548085579e-05
11-Dec-2023 02:00:00,0,0,0,0,0,25,186.014855958721,186.014855958721,0,8.2714746498791e-05
11-Dec-2023 03:00:00,0,0,0,0,0,25,186.014855958721,186.014855958721,0,8.27097390980747e-05
11-Dec-2023 04:00:00,0,0,0,0,0,25,186.014855958721,186.014855958721,0,8.27047326068531e-05
11-Dec-2023 05:00:00,0,0,0,0,0,25,186.014855958721,186.014855958721,0,8.26997270246821e-05
11-Dec-2023 06:00:00,0,0,0,0,0,25,186.014855958721,186.014855958721,0,8.26947223506735e-05
11-Dec-2023 07:00:00,0,0,0,0,0,25,186.014855958721,186.014855958721,0,8.26897185861597e-05
11-Dec-2023 08:00:00,0,0,0,0,0,25,186.014855958721,186.014855958721,0,8.26847157293642e-05
11-Dec-2023 09:00:00,0,0,0,0,0,25,186.014855958721,186.014855958721,0,8.2679713780287e-05
11-Dec-2023 10:00:00,0,0,0,0,0,25,186.014855958721,186.014855958721,0,8.26747127389282e-05
11-Dec-2023 11:00:00,0,0,0,0,0,25,186.014855958721,186.014855958721,0,8.26697126052878e-05
11-Dec-2023 12:00:00,0,0,0,0,0,25,186.014855958721,186.014855958721,0,8.26647133784775e-05
11-Dec-2023 13:00:00,0,0,0,0,0,25,186.014855958721,186.014855958721,0,8.26597150584973e-05
11-Dec-2023 14:00:00,0,0,0,0,0,25,186.014855958721,186.014855958721,0,8.26547176453474e-05
11-Dec-2023 15:00:00,0,0,0,0,0,25,186.014855958721,186.014855958721,0,8.26497211381394e-05
11-Dec-2023 16:00:00,0,0,0,0,0,25,186.014855958721,186.014855958721,0,8.26447255373175e-05
11-Dec-2023 17:00:00,0,0,0,0,0,25,186.014855958721,186.014855958721,0,8.26397308419935e-05
11-Dec-2023 18:00:00,0,0,0,0,0,25,186.014855958721,186.014855958721,0,8.26347370521674e-05
11-Dec-2023 19:00:00,0,0,0,0,0,25,186.014855958721,186.014855958721,0,8.26297441673951e-05
11-Dec-2023 20:00:00,0,0,0,0,0,25,186.014855958721,186.014855958721,0,8.26247521876766e-05
11-Dec-2023 21:00:00,0,0,0,0,0,25,186.014855958721,186.014855958721,0,8.26197611125679e-05
11-Dec-2023 22:00:00,0,0,0,0,0,25,186.014855958721,186.014855958721,0,8.26147709416247e-05
11-Dec-2023 23:00:00,0,0,0,0,0,25,186.014855958721,186.014855958721,0,8.26097816752913e-05
12-Dec-2023 00:00:00,0,0,0,0,0,25,186.014855958721,186.014855958721,0,8.26047933126794e-05
12-Dec-2023 01:00:00,0,0,0,0,0,25,186.014855958721,186.014855958721,0,8.2599805853345e-05
12-Dec-2023 02:00:00,0,0,0,0,0,25,186.014855958721,186.014855958721,0,8.25948192972881e-05
12-Dec-2023 03:00:00,0,0,0,0,0,25,186.014855958721,186.014855958721,0,8.25898336445086e-05
12-Dec-2023 04:00:00,0,0,0,0,0,25,186.014855958721,186.014855958721,0,8.25848488941183e-05
12-Dec-2023 05:00:00,0,0,0,0,0,25,186.014855958721,186.014855958721,0,8.25798650465615e-05
12-Dec-2023 06:00:00,0,0,0,0,0,25,186.014855958721,186.014855958721,0,8.25748821009498e-05
12-Dec-2023 07:00:00,0,0,0,0,0,25,186.014855958721,186.014855958721,0,8.25699000572833e-05
12-Dec-2023 08:00:00,0,0,0,0,0,25,186.014855958721,186.014855958721,0,8.25649189151179e-05
12-Dec-2023 09:00:00,0,0,0,0,0,25,186.014855958721,186.014855958721,0,8.25599386744535e-05
12-Dec-2023 10:00:00,0,0,0,0,0,25,186.014855958721,186.014855958721,0,8.25549593348462e-05
12-Dec-2023 11:00:00,0,0,0,0,0,25,186.014855958721,186.014855958721,0,8.25499808962959e-05
12-Dec-2023 12:00:00,0,0,0,0,0,25,186.014855958721,186.014855958721,0,8.25450033583586e-05
12-Dec-2023 13:00:00,-1.26123519303266,0,3.09002622293001,0,0.00154424099096952,25,186.014855958721,186.014855958721,0,8.254002672059e-05
12-Dec-2023 14:00:00,1.21128925344986,3.09002360573943,0,0.0015442396830282,0,25,186.014855958721,186.016400198404,3.55905385274191e-06,8.30699610818719e-05
12-Dec-2023 15:00:00,0,0,0,0,0,25,186.016400198404,186.016400198404,0,8.25300761446712e-05
12-Dec-2023 16:00:00,0,0,0,0,0,25,186.016400198404,186.016400198404,0,8.25251022060769e-05
12-Dec-2023 17:00:00,0,0,0,0,0,25,186.016400198404,186.016400198404,0,8.25201291663191e-05
12-Dec-2023 18:00:00,0,0,0,0,0,25,186.016400198404,186.016400198404,0,8.2515157025842e-05
12-Dec-2023 19:00:00,0,0,0,0,0,25,186.016400198404,186.016400198404,0,8.25101857842014e-05
12-Dec-2023 20:00:00,0,0,0,0,0,25,186.016400198404,186.016400198404,0,8.25052154405093e-05
12-Dec-2023 21:00:00,0,0,0,0,0,25,186.016400198404,186.016400198404,0,8.25002459956536e-05
12-Dec-2023 22:00:00,0,0,0,0,0,25,186.016400198404,186.016400198404,0,8.24952774478582e-05
12-Dec-2023 23:00:00,0,0,0,0,0,25,186.016400198404,186.016400198404,0,8.24903097980112e-05
13-Dec-2023 00:00:00,0,0,0,0,0,25,186.016400198404,186.016400198404,0,8.24853430456685e-05
13-Dec-2023 01:00:00,0,0,0,0,0,25,186.016400198404,186.016400198404,0,8.24803771899418e-05
13-Dec-2023 02:00:00,0,0,0,0,0,25,186.016400198404,186.016400198404,0,8.24754122312754e-05
13-Dec-2023 03:00:00,0,0,0,0,0,25,186.016400198404,186.016400198404,0,8.2470448168781e-05
13-Dec-2023 04:00:00,0,0,0,0,0,25,186.016400198404,186.016400198404,0,8.24654850029027e-05
13-Dec-2023 05:00:00,0,0,0,0,0,25,186.016400198404,186.016400198404,0,8.24605227327524e-05
13-Dec-2023 06:00:00,0,0,0,0,0,25,186.016400198404,186.016400198404,0,8.245556135833e-05
13-Dec-2023 07:00:00,0,0,0,0,0,25,186.016400198404,186.016400198404,0,8.24506008796355e-05
13-Dec-2023 08:00:00,0,0,0,0,0,25,186.016400198404,186.016400198404,0,8.24456412957808e-05
13-Dec-2023 09:00:00,0,0,0,0,0,25,186.016400198404,186.016400198404,0,8.24406826067658e-05
13-Dec-2023 10:00:00,0,0,0,0,0,25,186.016400198404,186.016400198404,0,8.24357248125906e-05
13-Dec-2023 11:00:00,0,0,0,0,0,25,186.016400198404,186.016400198404,0,8.2430767912367e-05
13-Dec-2023 12:00:00,0,0,0,0,0,25,186.016400198404,186.016400198404,0,8.24258119065391e-05
13-Dec-2023 13:00:00,0,0,0,0,0,25,186.016400198404,186.016400198404,0,8.24208567946627e-05
13-Dec-2023 14:00:00,0,0,0,0,0,25,186.016400198404,186.016400198404,0,8.24159025758497e-05
13-Dec-2023 15:00:00,0,0,0,0,0,25,186.016400198404,186.016400198404,0,8.24109492505443e-05
13-Dec-2023 16:00:00,0,0,0,0,0,25,186.016400198404,186.016400198404,0,8.24059968183022e-05
13-Dec-2023 17:00:00,0,0,0,0,0,25,186.016400198404,186.016400198404,0,8.24010452791235e-05
13-Dec-2023 18:00:00,0,0,0,0,0,25,186.016400198404,186.016400198404,0,8.2396094631676e-05
13-Dec-2023 19:00:00,0,0,0,0,0,25,186.016400198404,186.016400198404,0,8.23911448768477e-05
13-Dec-2023 20:00:00,0,0,0,0,0,25,186.016400198404,186.016400198404,0,8.23861960137506e-05
13-Dec-2023 21:00:00,0,0,0,0,0,25,186.016400198404,186.016400198404,0,8.23812480423847e-05
13-Dec-2023 22:00:00,0,0,0,0,0,25,186.016400198404,186.016400198404,0,8.23763009627498e-05
13-Dec-2023 23:00:00,0,0,0,0,0,25,186.016400198404,186.016400198404,0,8.2371354773958e-05
14-Dec-2023 00:00:00,0,0,0,0,0,25,186.016400198404,186.016400198404,0,8.2366409476009e-05
14-Dec-2023 01:00:00,0,0,0,0,0,25,186.016400198404,186.016400198404,0,8.2361465068459e-05
14-Dec-2023 02:00:00,0,0,0,0,0,25,186.016400198404,186.016400198404,0,8.23565215517519e-05
14-Dec-2023 03:00:00,0,0,0,0,0,25,186.016400198404,186.016400198404,0,8.23515789245555e-05
14-Dec-2023 04:00:00,0,0,0,0,0,25,186.016400198404,186.016400198404,0,8.23466371877579e-05
14-Dec-2023 05:00:00,0,0,0,0,0,25,186.016400198404,186.016400198404,0,8.23416963395829e-05
14-Dec-2023 06:00:00,0,0,0,0,0,25,186.016400198404,186.016400198404,0,8.23367563813626e-05
14-Dec-2023 07:00:00,0,0,0,0,0,25,186.016400198404,186.016400198404,0,8.23318173117649e-05
14-Dec-2023 08:00:00,0,0,0,0,0,25,186.016400198404,186.016400198404,0,8.23268791312337e-05
14-Dec-2023 09:00:00,0,0,0,0,0,25,186.016400198404,186.016400198404,0,8.2321941838881e-05
14-Dec-2023 10:00:00,0,0,0,0,0,25,186.016400198404,186.016400198404,0,8.23170054351507e-05
14-Dec-2023 11:00:00,0,0,0,0,0,25,186.016400198404,186.016400198404,0,8.23120699187108e-05
14-Dec-2023 12:00:00,0,0,0,0,0,25,186.016400198404,186.016400198404,0,8.23071352904492e-05
14-Dec-2023 13:00:00,0,0,0,0,0,25,186.016400198404,186.016400198404,0,8.23022015494779e-05
14-Dec-2023 14:00:00,0,0,0,0,0,25,186.016400198404,186.016400198404,0,8.22972686953527e-05
14-Dec-2023 15:00:00,0,0,0,0,0,25,186.016400198404,186.016400198404,0,8.22923367280737e-05
14-Dec-2023 16:00:00,0,0,0,0,0,25,186.016400198404,186.016400198404,0,8.22874056476408e-05
14-Dec-2023 17:00:00,0,0,0,0,0,25,186.016400198404,186.016400198404,0,8.228247545361e-05
14-Dec-2023 18:00:00,0,0,0,0,0,25,186.016400198404,186.016400198404,0,8.22775461455372e-05
14-Dec-2023 19:00:00,0,0,0,0,0,25,186.016400198404,186.016400198404,0,8.22726177234223e-05
14-Dec-2023 20:00:00,0,0,0,0,0,25,186.016400198404,186.016400198404,0,8.22676901863773e-05
14-Dec-2023 21:00:00,0,0,0,0,0,25,186.016400198404,186.016400198404,0,8.22627635348461e-05
14-Dec-2023 22:00:00,0,0,0,0,0,25,186.016400198404,186.016400198404,0,8.22578377683847e-05
14-Dec-2023 23:00:00,0,0,0,0,0,25,186.016400198404,186.016400198404,0,8.2252912886549e-05
15-Dec-2023 00:00:00,0,0,0,0,0,25,186.016400198404,186.016400198404,0,8.2247988889339e-05
15-Dec-2023 01:00:00,0,0,0,0,0,25,186.016400198404,186.016400198404,0,8.22430657763107e-05
15-Dec-2023 02:00:00,0,0,0,0,0,25,186.016400198404,186.016400198404,0,8.22381435470199e-05
15-Dec-2023 03:00:00,0,0,0,0,0,25,186.016400198404,186.016400198404,0,8.22332222014666e-05
15-Dec-2023 04:00:00,0,0,0,0,0,25,186.016400198404,186.016400198404,0,8.22283017392067e-05
15-Dec-2023 05:00:00,0,0,0,0,0,25,186.016400198404,186.016400198404,0,8.22233821602403e-05
15-Dec-2023 06:00:00,0,0,0,0,0,25,186.016400198404,186.016400198404,0,8.22184634645673e-05
15-Dec-2023 07:00:00,0,0,0,0,0,25,186.016400198404,186.016400198404,0,8.22135456508555e-05
15-Dec-2023 08:00:00,0,0,0,0,0,25,186.016400198404,186.016400198404,0,8.2208628719993e-05
15-Dec-2023 09:00:00,0,0,0,0,0,25,186.016400198404,186.016400198404,0,8.22037126710917e-05
15-Dec-2023 10:00:00,0,0,0,0,0,25,186.016400198404,186.016400198404,0,8.21987975037075e-05
15-Dec-2023 11:00:00,0,0,0,0,0,25,186.016400198404,186.016400198404,0,8.21938832182845e-05
15-Dec-2023 12:00:00,0,0,0,0,0,25,186.016400198404,186.016400198404,0,8.21889698139344e-05
15-Dec-2023 13:00:00,0,0,0,0,0,25,186.016400198404,186.016400198404,0,8.21840572906574e-05
15-Dec-2023 14:00:00,0,0,0,0,0,25,186.016400198404,186.016400198404,0,8.21791456484533e-05
15-Dec-2023 15:00:00,0,0,0,0,0,25,186.016400198404,186.016400198404,0,8.2174234886434e-05
15-Dec-2023 16:00:00,0,0,0,0,0,25,186.016400198404,186.016400198404,0,8.21693250045996e-05
15-Dec-2023 17:00:00,0,0,0,0,0,25,186.016400198404,186.016400198404,0,8.216441600295e-05
15-Dec-2023 18:00:00,0,0,0,0,0,25,186.016400198404,186.016400198404,0,8.21595078810411e-05
15-Dec-2023 19:00:00,0,0,0,0,0,25,186.016400198404,186.016400198404,0,8.21546006384288e-05
15-Dec-2023 20:00:00,0,0,0,0,0,25,186.016400198404,186.016400198404,0,8.21496942751132e-05
15-Dec-2023 21:00:00,0,0,0,0,0,25,186.016400198404,186.016400198404,0,8.21447887906501e-05
15-Dec-2023 22:00:00,0,0,0,0,0,25,186.016400198404,186.016400198404,0,8.21398841845955e-05
15-Dec-2023 23:00:00,0,0,0,0,0,25,186.016400198404,186.016400198404,0,8.21349804578375e-05
16-Dec-2023 00:00:00,0,0,0,0,0,25,186.016400198404,186.016400198404,0,8.21300776085998e-05
16-Dec-2023 01:00:00,0,0,0,0,0,25,186.016400198404,186.016400198404,0,8.21251756373265e-05
16-Dec-2023 02:00:00,0,0,0,0,0,25,186.016400198404,186.016400198404,0,8.21202745435734e-05
16-Dec-2023 03:00:00,0,0,0,0,0,25,186.016400198404,186.016400198404,0,8.21153743273406e-05
16-Dec-2023 04:00:00,0,0,0,0,0,25,186.016400198404,186.016400198404,0,8.2110474988184e-05
16-Dec-2023 05:00:00,0,0,0,0,0,25,186.016400198404,186.016400198404,0,8.21055765256595e-05
16-Dec-2023 06:00:00,0,0,0,0,0,25,186.016400198404,186.016400198404,0,8.21006789402112e-05
16-Dec-2023 07:00:00,0,0,0,0,0,25,186.016400198404,186.016400198404,0,8.20957822305068e-05
16-Dec-2023 08:00:00,0,0,0,0,0,25,186.016400198404,186.016400198404,0,8.20908863969905e-05
16-Dec-2023 09:00:00,0,0,0,0,0,25,186.016400198404,186.016400198404,0,8.2085991439218e-05
16-Dec-2023 10:00:00,-34.5598599523478,0,84.671656883252,0,0.042314671106073,25,186.016400198404,186.016400198404,0,8.20810973571895e-05
16-Dec-2023 11:00:00,33.1912615399844,84.6715855611847,0,0.0423146354628609,0,25,186.016400198404,186.058714833867,9.87064115544056e-05,9.62482217614635e-05
16-Dec-2023 12:00:00,0,0,0,0,0,25,186.058714833867,186.058714833867,0,8.20713118190319e-05
16-Dec-2023 13:00:00,0,0,0,0,0,25,186.058714833867,186.058714833867,0,8.20664203615706e-05
16-Dec-2023 14:00:00,0,0,0,0,0,25,186.058714833867,186.058714833867,0,8.20615297789651e-05
16-Dec-2023 15:00:00,0,0,0,0,0,25,186.058714833867,186.058714833867,0,8.20566400707712e-05
16-Dec-2023 16:00:00,0,0,0,0,0,25,186.058714833867,186.058714833867,0,8.20517512365448e-05
16-Dec-2023 17:00:00,0,0,0,0,0,25,186.058714833867,186.058714833867,0,8.2046863275842e-05
16-Dec-2023 18:00:00,0,0,0,0,0,25,186.058714833867,186.058714833867,0,8.20419761886626e-05
16-Dec-2023 19:00:00,0,0,0,0,0,25,186.058714833867,186.058714833867,0,8.20370899745626e-05
16-Dec-2023 20:00:00,0,0,0,0,0,25,186.058714833867,186.058714833867,0,8.2032204633542e-05
16-Dec-2023 21:00:00,0,0,0,0,0,25,186.058714833867,186.058714833867,0,8.20273201651567e-05
16-Dec-2023 22:00:00,0,0,0,0,0,25,186.058714833867,186.058714833867,0,8.20224365689626e-05
16-Dec-2023 23:00:00,0,0,0,0,0,25,186.058714833867,186.058714833867,0,8.20175538449597e-05
17-Dec-2023 00:00:00,0,0,0,0,0,25,186.058714833867,186.058714833867,0,8.20126719935921e-05
17-Dec-2023 01:00:00,0,0,0,0,0,25,186.058714833867,186.058714833867,0,8.20077910126393e-05
17-Dec-2023 02:00:00,0,0,0,0,0,25,186.058714833867,186.058714833867,0,8.20029109038778e-05
17-Dec-2023 03:00:00,0,0,0,0,0,25,186.058714833867,186.058714833867,0,8.19980316659752e-05
17-Dec-2023 04:00:00,0,0,0,0,0,25,186.058714833867,186.058714833867,0,8.19931532989315e-05
17-Dec-2023 05:00:00,0,0,0,0,0,25,186.058714833867,186.058714833867,0,8.19882758027468e-05
17-Dec-2023 06:00:00,0,0,0,0,0,25,186.058714833867,186.058714833867,0,8.19833991765329e-05
17-Dec-2023 07:00:00,0,0,0,0,0,25,186.058714833867,186.058714833867,0,8.19785234207338e-05
17-Dec-2023 08:00:00,0,0,0,0,0,25,186.058714833867,186.058714833867,0,8.19736485344613e-05
17-Dec-2023 09:00:00,0,0,0,0,0,25,186.058714833867,186.058714833867,0,8.19687745177156e-05
17-Dec-2023 10:00:00,0,0,0,0,0,25,186.058714833867,186.058714833867,0,8.19639013704965e-05
17-Dec-2023 11:00:00,0,0,0,0,0,25,186.058714833867,186.058714833867,0,8.19590290919159e-05
17-Dec-2023 12:00:00,0,0,0,0,0,25,186.058714833867,186.058714833867,0,8.19541576824179e-05
17-Dec-2023 13:00:00,-165.261961834984,0,404.89180649571,0,0.202344730882414,25,186.058714833867,186.058714833867,0,8.19492871415584e-05
17-Dec-2023 14:00:00,158.71745466413,404.891465979923,0,0.202344560709606,0,25,186.058714833867,186.261059394577,0.000494860322699298,0.000162771459032651
17-Dec-2023 15:00:00,0,0,0,0,0,25,186.261059394577,186.261059394577,0,8.19395486644225e-05
17-Dec-2023 16:00:00,0,0,0,0,0,25,186.261059394577,186.261059394577,0,8.19346807272581e-05
17-Dec-2023 17:00:00,0,0,0,0,0,25,186.261059394577,186.261059394577,0,8.19298136578439e-05
17-Dec-2023 18:00:00,0,0,0,0,0,25,186.261059394577,186.261059394577,0,8.1924947455736e-05
17-Dec-2023 19:00:00,0,0,0,0,0,25,186.261059394577,186.261059394577,0,8.19200821200461e-05
17-Dec-2023 20:00:00,0,0,0,0,0,25,186.261059394577,186.261059394577,0,8.19152176516624e-05
17-Dec-2023 21:00:00,0,0,0,0,0,25,186.261059394577,186.261059394577,0,8.19103540496968e-05
17-Dec-2023 22:00:00,0,0,0,0,0,25,186.261059394577,186.261059394577,0,8.19054913137052e-05
17-Dec-2023 23:00:00,0,0,0,0,0,25,186.261059394577,186.261059394577,0,8.19006294436875e-05
18-Dec-2023 00:00:00,0,0,0,0,0,25,186.261059394577,186.261059394577,0,8.18957684396437e-05
18-Dec-2023 01:00:00,0,0,0,0,0,25,186.261059394577,186.261059394577,0,8.18909083006858e-05
18-Dec-2023 02:00:00,0,0,0,0,0,25,186.261059394577,186.261059394577,0,8.18860490272577e-05
18-Dec-2023 03:00:00,0,0,0,0,0,25,186.261059394577,186.261059394577,0,8.18811906184713e-05
18-Dec-2023 04:00:00,0,0,0,0,0,25,186.261059394577,186.261059394577,0,8.18763330747707e-05
18-Dec-2023 05:00:00,0,0,0,0,0,25,186.261059394577,186.261059394577,0,8.18714763948236e-05
18-Dec-2023 06:00:00,0,0,0,0,0,25,186.261059394577,186.261059394577,0,8.18666205795182e-05
18-Dec-2023 07:00:00,0,0,0,0,0,25,186.261059394577,186.261059394577,0,8.18617656279663e-05
18-Dec-2023 08:00:00,0,0,0,0,0,25,186.261059394577,186.261059394577,0,8.18569115397239e-05
18-Dec-2023 09:00:00,0,0,0,0,0,25,186.261059394577,186.261059394577,0,8.1852058315679e-05
18-Dec-2023 10:00:00,0,0,0,0,0,25,186.261059394577,186.261059394577,0,8.18472059540554e-05
18-Dec-2023 11:00:00,0,0,0,0,0,25,186.261059394577,186.261059394577,0,8.18423544557412e-05
18-Dec-2023 12:00:00,0,0,0,0,0,25,186.261059394577,186.261059394577,0,8.18375038194041e-05
18-Dec-2023 13:00:00,0,0,0,0,0,25,186.261059394577,186.261059394577,0,8.18326540459324e-05
18-Dec-2023 14:00:00,0,0,0,0,0,25,186.261059394577,186.261059394577,0,8.18278051344379e-05
18-Dec-2023 15:00:00,0,0,0,0,0,25,186.261059394577,186.261059394577,0,8.18229570849205e-05
18-Dec-2023 16:00:00,0,0,0,0,0,25,186.261059394577,186.261059394577,0,8.18181098969362e-05
18-Dec-2023 17:00:00,0,0,0,0,0,25,186.261059394577,186.261059394577,0,8.18132635700408e-05
18-Dec-2023 18:00:00,0,0,0,0,0,25,186.261059394577,186.261059394577,0,8.18084181046785e-05
18-Dec-2023 19:00:00,0,0,0,0,0,25,186.261059394577,186.261059394577,0,8.18035734999611e-05
18-Dec-2023 20:00:00,0,0,0,0,0,25,186.261059394577,186.261059394577,0,8.17987297558886e-05
18-Dec-2023 21:00:00,0,0,0,0,0,25,186.261059394577,186.261059394577,0,8.17938868720169e-05
18-Dec-2023 22:00:00,0,0,0,0,0,25,186.261059394577,186.261059394577,0,8.17890448479019e-05
18-Dec-2023 23:00:00,0,0,0,0,0,25,186.261059394577,186.261059394577,0,8.17842036839878e-05
19-Dec-2023 00:00:00,0,0,0,0,0,25,186.261059394577,186.261059394577,0,8.17793633793862e-05
19-Dec-2023 01:00:00,0,0,0,0,0,25,186.261059394577,186.261059394577,0,8.17745239345413e-05
19-Dec-2023 02:00:00,0,0,0,0,0,25,186.261059394577,186.261059394577,0,8.1769685348565e-05
19-Dec-2023 03:00:00,0,0,0,0,0,25,186.261059394577,186.261059394577,0,8.17648476210131e-05
19-Dec-2023 04:00:00,0,0,0,0,0,25,186.261059394577,186.261059394577,0,8.17600107523297e-05
19-Dec-2023 05:00:00,0,0,0,0,0,25,186.261059394577,186.261059394577,0,8.17551747416267e-05
19-Dec-2023 06:00:00,0,0,0,0,0,25,186.261059394577,186.261059394577,0,8.17503395893482e-05
19-Dec-2023 07:00:00,0,0,0,0,0,25,186.261059394577,186.261059394577,0,8.17455052946059e-05
19-Dec-2023 08:00:00,0,0,0,0,0,25,186.261059394577,186.261059394577,0,8.17406718573999e-05
19-Dec-2023 09:00:00,0,0,0,0,0,25,186.261059394577,186.261059394577,0,8.17358392777301e-05
19-Dec-2023 10:00:00,0,0,0,0,0,25,186.261059394577,186.261059394577,0,8.17310075551525e-05
19-Dec-2023 11:00:00,0,0,0,0,0,25,186.261059394577,186.261059394577,0,8.17261766887789e-05
19-Dec-2023 12:00:00,0,0,0,0,0,25,186.261059394577,186.261059394577,0,8.17213466794975e-05
19-Dec-2023 13:00:00,0,0,0,0,0,25,186.261059394577,186.261059394577,0,8.1716517525976e-05
19-Dec-2023 14:00:00,0,0,0,0,0,25,186.261059394577,186.261059394577,0,8.17116892286585e-05
19-Dec-2023 15:00:00,0,0,0,0,0,25,186.261059394577,186.261059394577,0,8.17068617871008e-05
19-Dec-2023 16:00:00,0,0,0,0,0,25,186.261059394577,186.261059394577,0,8.17020352008591e-05
19-Dec-2023 17:00:00,0,0,0,0,0,25,186.261059394577,186.261059394577,0,8.16972094703772e-05
19-Dec-2023 18:00:00,0,0,0,0,0,25,186.261059394577,186.261059394577,0,8.16923845943229e-05
19-Dec-2023 19:00:00,0,0,0,0,0,25,186.261059394577,186.261059394577,0,8.16875605731404e-05
19-Dec-2023 20:00:00,0,0,0,0,0,25,186.261059394577,186.261059394577,0,8.16827374068296e-05
19-Dec-2023 21:00:00,0,0,0,0,0,25,186.261059394577,186.261059394577,0,8.16779150945024e-05
19-Dec-2023 22:00:00,0,0,0,0,0,25,186.261059394577,186.261059394577,0,8.16730936361587e-05
19-Dec-2023 23:00:00,0,0,0,0,0,25,186.261059394577,186.261059394577,0,8.16682730313545e-05
20-Dec-2023 00:00:00,0,0,0,0,0,25,186.261059394577,186.261059394577,0,8.16634532800897e-05
20-Dec-2023 01:00:00,0,0,0,0,0,25,186.261059394577,186.261059394577,0,8.16586343823644e-05
20-Dec-2023 02:00:00,0,0,0,0,0,25,186.261059394577,186.261059394577,0,8.16538163372904e-05
20-Dec-2023 03:00:00,0,0,0,0,0,25,186.261059394577,186.261059394577,0,8.16489991453118e-05
20-Dec-2023 04:00:00,0,0,0,0,0,25,186.261059394577,186.261059394577,0,8.16441828055403e-05
20-Dec-2023 05:00:00,0,0,0,0,0,25,186.261059394577,186.261059394577,0,8.16393673179761e-05
20-Dec-2023 06:00:00,0,0,0,0,0,25,186.261059394577,186.261059394577,0,8.1634552682619e-05
20-Dec-2023 07:00:00,0,0,0,0,0,25,186.261059394577,186.261059394577,0,8.16297388985809e-05
20-Dec-2023 08:00:00,0,0,0,0,0,25,186.261059394577,186.261059394577,0,8.1624925966306e-05
20-Dec-2023 09:00:00,0,0,0,0,0,25,186.261059394577,186.261059394577,0,8.16201138853501e-05
20-Dec-2023 10:00:00,-275.978245749879,0,676.146702087205,0,0.33790439884418,25,186.261059394577,186.261059394577,0,8.1615302654825e-05
20-Dec-2023 11:00:00,213.750530858199,545.281966474997,0,0.272504730872062,0,25,186.261059394577,186.533564125449,0.000680319829678977,0.00019552629006947
20-Dec-2023 12:00:00,51.2982932245285,130.862992919716,0,0.0653987970613272,0,25,186.533564125449,186.59896292251,0.000153544533401107,0.000103854542505832
20-Dec-2023 13:00:00,0,0,0,0,0,25,186.59896292251,186.59896292251,0,8.16008740680552e-05
20-Dec-2023 14:00:00,-43.9377472447683,0,107.647480749682,0,0.0537968419538643,25,186.59896292251,186.59896292251,0,8.15960662388093e-05
20-Dec-2023 15:00:00,42.1977771155685,107.64739060094,0,0.053796796902019,0,25,186.59896292251,186.652759719412,0.000125867048136663,9.96511815731793e-05
20-Dec-2023 16:00:00,0,0,0,0,0,25,186.652759719412,186.652759719412,0,8.15864531302779e-05
20-Dec-2023 17:00:00,0,0,0,0,0,25,186.652759719412,186.652759719412,0,8.15816478501041e-05
20-Dec-2023 18:00:00,0,0,0,0,0,25,186.652759719412,186.652759719412,0,8.15768434185848e-05
20-Dec-2023 19:00:00,0,0,0,0,0,25,186.652759719412,186.652759719412,0,8.157203983572e-05
20-Dec-2023 20:00:00,0,0,0,0,0,25,186.652759719412,186.652759719412,0,8.15672371015097e-05
20-Dec-2023 21:00:00,0,0,0,0,0,25,186.652759719412,186.652759719412,0,8.15624352155098e-05
20-Dec-2023 22:00:00,0,0,0,0,0,25,186.652759719412,186.652759719412,0,8.15576341772761e-05
20-Dec-2023 23:00:00,0,0,0,0,0,25,186.652759719412,186.652759719412,0,8.15528339872529e-05
21-Dec-2023 00:00:00,0,0,0,0,0,25,186.652759719412,186.652759719412,0,8.15480346441078e-05
21-Dec-2023 01:00:00,0,0,0,0,0,25,186.652759719412,186.652759719412,0,8.15432361482848e-05
21-Dec-2023 02:00:00,0,0,0,0,0,25,186.652759719412,186.652759719412,0,8.15384384997841e-05
21-Dec-2023 03:00:00,0,0,0,0,0,25,186.652759719412,186.652759719412,0,8.15336416977175e-05
21-Dec-2023 04:00:00,0,0,0,0,0,25,186.652759719412,186.652759719412,0,8.15288457420849e-05
21-Dec-2023 05:00:00,0,0,0,0,0,25,186.652759719412,186.652759719412,0,8.15240506328863e-05
21-Dec-2023 06:00:00,0,0,0,0,0,25,186.652759719412,186.652759719412,0,8.15192563696776e-05
21-Dec-2023 07:00:00,0,0,0,0,0,25,186.652759719412,186.652759719412,0,8.15144629520148e-05
21-Dec-2023 08:00:00,0,0,0,0,0,25,186.652759719412,186.652759719412,0,8.15096703798979e-05
21-Dec-2023 09:00:00,0,0,0,0,0,25,186.652759719412,186.652759719412,0,8.15048786528827e-05
21-Dec-2023 10:00:00,0,0,0,0,0,25,186.652759719412,186.652759719412,0,8.15000877709693e-05
21-Dec-2023 11:00:00,0,0,0,0,0,25,186.652759719412,186.652759719412,0,8.14952977337136e-05
21-Dec-2023 12:00:00,0,0,0,0,0,25,186.652759719412,186.652759719412,0,8.14905085411155e-05
21-Dec-2023 13:00:00,0,0,0,0,0,25,186.652759719412,186.652759719412,0,8.1485720192731e-05
21-Dec-2023 14:00:00,0,0,0,0,0,25,186.652759719412,186.652759719412,0,8.14809326881161e-05
21-Dec-2023 15:00:00,0,0,0,0,0,25,186.652759719412,186.652759719412,0,8.14761460272706e-05
21-Dec-2023 16:00:00,0,0,0,0,0,25,186.652759719412,186.652759719412,0,8.14713602097505e-05
21-Dec-2023 17:00:00,0,0,0,0,0,25,186.652759719412,186.652759719412,0,8.1466575236e-05
21-Dec-2023 18:00:00,0,0,0,0,0,25,186.652759719412,186.652759719412,0,8.14617911046867e-05
21-Dec-2023 19:00:00,0,0,0,0,0,25,186.652759719412,186.652759719412,0,8.14570078166987e-05
21-Dec-2023 20:00:00,0,0,0,0,0,25,186.652759719412,186.652759719412,0,8.1452225370704e-05
21-Dec-2023 21:00:00,0,0,0,0,0,25,186.652759719412,186.652759719412,0,8.14474437671464e-05
21-Dec-2023 22:00:00,0,0,0,0,0,25,186.652759719412,186.652759719412,0,8.1442663005582e-05
21-Dec-2023 23:00:00,0,0,0,0,0,25,186.652759719412,186.652759719412,0,8.14378830860107e-05
22-Dec-2023 00:00:00,0,0,0,0,0,25,186.652759719412,186.652759719412,0,8.14331040075444e-05
22-Dec-2023 01:00:00,0,0,0,0,0,25,186.652759719412,186.652759719412,0,8.14283257706272e-05
22-Dec-2023 02:00:00,0,0,0,0,0,25,186.652759719412,186.652759719412,0,8.14235483748149e-05
22-Dec-2023 03:00:00,0,0,0,0,0,25,186.652759719412,186.652759719412,0,8.14187718192194e-05
22-Dec-2023 04:00:00,0,0,0,0,0,25,186.652759719412,186.652759719412,0,8.14139961047289e-05
22-Dec-2023 05:00:00,0,0,0,0,0,25,186.652759719412,186.652759719412,0,8.14092212304551e-05
22-Dec-2023 06:00:00,0,0,0,0,0,25,186.652759719412,186.652759719412,0,8.14044471959541e-05
22-Dec-2023 07:00:00,0,0,0,0,0,25,186.652759719412,186.652759719412,0,8.13996740012257e-05
22-Dec-2023 08:00:00,-100.750568135702,0,246.83889193247,0,0.123357767082694,25,186.652759719412,186.652759719412,0,8.13949016462701e-05
22-Dec-2023 09:00:00,-231.07506044915,0,566.133898100418,0,0.282925486307055,25,186.652759719412,186.652759719412,0,0.000127387248548771
22-Dec-2023 10:00:00,-114.637759479124,0,280.862510723853,0,0.140361074824514,25,186.652759719412,186.652759719412,0,0.000202234430632942
22-Dec-2023 11:00:00,-269.713132442191,0,660.797174483367,0,0.33023347050643,25,186.652759719412,186.652759719412,0,0.000226102782572735
22-Dec-2023 12:00:00,0,0,0,0,0,25,186.652759719412,186.652759719412,0,0.000325346022280737
22-Dec-2023 13:00:00,227.513574309953,580.391771198859,0,0.290050860169345,0,25,186.652759719412,186.942810579582,0.000727688516479308,0.000325326958850791
22-Dec-2023 14:00:00,12.3125375404388,31.4095345419357,0,0.0156969188115621,0,25,186.942810579582,186.958507498393,3.63053546882375e-05,0.000241431022412808
22-Dec-2023 15:00:00,257.248603665787,656.246437922927,0,0.327959239341793,0,25,186.958507498393,187.286466737735,0.000831888629964639,0.000234832725677148
22-Dec-2023 16:00:00,190.727594165245,486.549985115422,0,0.243153415849786,0,25,187.286466737735,187.529620153585,0.000601365921709229,0.000175623339060849
22-Dec-2023 17:00:00,0,0,0,0,0,25,187.529620153585,187.529620153585,0,8.1351988189482e-05
22-Dec-2023 18:00:00,0,0,0,0,0,25,187.529620153585,187.529620153585,0,8.13472242162661e-05
22-Dec-2023 19:00:00,0,0,0,0,0,25,187.529620153585,187.529620153585,0,8.13424610797142e-05
22-Dec-2023 20:00:00,0,0,0,0,0,25,187.529620153585,187.529620153585,0,8.13376987798264e-05
22-Dec-2023 21:00:00,0,0,0,0,0,25,187.529620153585,187.529620153585,0,8.13329373166027e-05
22-Dec-2023 22:00:00,0,0,0,0,0,25,187.529620153585,187.529620153585,0,8.13281766891549e-05
22-Dec-2023 23:00:00,0,0,0,0,0,25,187.529620153585,187.529620153585,0,8.13234168979271e-05
23-Dec-2023 00:00:00,0,0,0,0,0,25,187.529620153585,187.529620153585,0,8.1318657941587e-05
23-Dec-2023 01:00:00,0,0,0,0,0,25,187.529620153585,187.529620153585,0,8.13138998214669e-05
23-Dec-2023 02:00:00,0,0,0,0,0,25,187.529620153585,187.529620153585,0,8.13091425362344e-05
23-Dec-2023 03:00:00,0,0,0,0,0,25,187.529620153585,187.529620153585,0,8.13043860854457e-05
23-Dec-2023 04:00:00,0,0,0,0,0,25,187.529620153585,187.529620153585,0,8.12996304695446e-05
23-Dec-2023 05:00:00,0,0,0,0,0,25,187.529620153585,187.529620153585,0,8.12948756885312e-05
23-Dec-2023 06:00:00,0,0,0,0,0,25,187.529620153585,187.529620153585,0,8.12901217410733e-05
23-Dec-2023 07:00:00,0,0,0,0,0,25,187.529620153585,187.529620153585,0,8.12853686276149e-05
23-Dec-2023 08:00:00,0,0,0,0,0,25,187.529620153585,187.529620153585,0,8.12806163481561e-05
23-Dec-2023 09:00:00,0,0,0,0,0,25,187.529620153585,187.529620153585,0,8.12758649013645e-05
23-Dec-2023 10:00:00,0,0,0,0,0,25,187.529620153585,187.529620153585,0,8.12711142881284e-05
23-Dec-2023 11:00:00,0,0,0,0,0,25,187.529620153585,187.529620153585,0,8.12663645084477e-05
23-Dec-2023 12:00:00,0,0,0,0,0,25,187.529620153585,187.529620153585,0,8.12616155605461e-05
23-Dec-2023 13:00:00,0,0,0,0,0,25,187.529620153585,187.529620153585,0,8.12568674457559e-05
23-Dec-2023 14:00:00,0,0,0,0,0,25,187.529620153585,187.529620153585,0,8.12521201623007e-05
23-Dec-2023 15:00:00,0,0,0,0,0,25,187.529620153585,187.529620153585,0,8.12473737115127e-05
23-Dec-2023 16:00:00,0,0,0,0,0,25,187.529620153585,187.529620153585,0,8.12426280925038e-05
23-Dec-2023 17:00:00,0,0,0,0,0,25,187.529620153585,187.529620153585,0,8.12378833048299e-05
23-Dec-2023 18:00:00,0,0,0,0,0,25,187.529620153585,187.529620153585,0,8.1233139348047e-05
23-Dec-2023 19:00:00,0,0,0,0,0,25,187.529620153585,187.529620153585,0,8.1228396222599e-05
23-Dec-2023 20:00:00,0,0,0,0,0,25,187.529620153585,187.529620153585,0,8.1223653928042e-05
23-Dec-2023 21:00:00,0,0,0,0,0,25,187.529620153585,187.529620153585,0,8.12189124634877e-05
23-Dec-2023 22:00:00,0,0,0,0,0,25,187.529620153585,187.529620153585,0,8.12141718293802e-05
23-Dec-2023 23:00:00,0,0,0,0,0,25,187.529620153585,187.529620153585,0,8.12094320252754e-05
24-Dec-2023 00:00:00,0,0,0,0,0,25,187.529620153585,187.529620153585,0,8.12046930511734e-05
24-Dec-2023 01:00:00,0,0,0,0,0,25,187.529620153585,187.529620153585,0,8.119995490663e-05
24-Dec-2023 02:00:00,0,0,0,0,0,25,187.529620153585,187.529620153585,0,8.11952175912012e-05
24-Dec-2023 03:00:00,0,0,0,0,0,25,187.529620153585,187.529620153585,0,8.11904811044428e-05
24-Dec-2023 04:00:00,0,0,0,0,0,25,187.529620153585,187.529620153585,0,8.11857454472431e-05
24-Dec-2023 05:00:00,0,0,0,0,0,25,187.529620153585,187.529620153585,0,8.11810106178257e-05
24-Dec-2023 06:00:00,0,0,0,0,0,25,187.529620153585,187.529620153585,0,8.11762766175228e-05
24-Dec-2023 07:00:00,0,0,0,0,0,25,187.529620153585,187.529620153585,0,8.11715434445581e-05
24-Dec-2023 08:00:00,0,0,0,0,0,25,187.529620153585,187.529620153585,0,8.11668110998198e-05
24-Dec-2023 09:00:00,0,0,0,0,0,25,187.529620153585,187.529620153585,0,8.11620795828638e-05
24-Dec-2023 10:00:00,0,0,0,0,0,25,187.529620153585,187.529620153585,0,8.1157348893246e-05
24-Dec-2023 11:00:00,0,0,0,0,0,25,187.529620153585,187.529620153585,0,8.11526190305223e-05
24-Dec-2023 12:00:00,0,0,0,0,0,25,187.529620153585,187.529620153585,0,8.11478899942486e-05
24-Dec-2023 13:00:00,0,0,0,0,0,25,187.529620153585,187.529620153585,0,8.11431617853131e-05
24-Dec-2023 14:00:00,0,0,0,0,0,25,187.529620153585,187.529620153585,0,8.11384344023836e-05
24-Dec-2023 15:00:00,0,0,0,0,0,25,187.529620153585,187.529620153585,0,8.1133707845904e-05
24-Dec-2023 16:00:00,0,0,0,0,0,25,187.529620153585,187.529620153585,0,8.11289821149863e-05
24-Dec-2023 17:00:00,0,0,0,0,0,25,187.529620153585,187.529620153585,0,8.11242572100745e-05
24-Dec-2023 18:00:00,0,0,0,0,0,25,187.529620153585,187.529620153585,0,8.11195331302805e-05
24-Dec-2023 19:00:00,0,0,0,0,0,25,187.529620153585,187.529620153585,0,8.11148098760484e-05
24-Dec-2023 20:00:00,0,0,0,0,0,25,187.529620153585,187.529620153585,0,8.11100874464898e-05
24-Dec-2023 21:00:00,0,0,0,0,0,25,187.529620153585,187.529620153585,0,8.1105365841605e-05
24-Dec-2023 22:00:00,0,0,0,0,0,25,187.529620153585,187.529620153585,0,8.11006450613938e-05
24-Dec-2023 23:00:00,0,0,0,0,0,25,187.529620153585,187.529620153585,0,8.10959251054122e-05
25-Dec-2023 00:00:00,0,0,0,0,0,25,187.529620153585,187.529620153585,0,8.10912059732161e-05
25-Dec-2023 01:00:00,0,0,0,0,0,25,187.529620153585,187.529620153585,0,8.10864876648054e-05
25-Dec-2023 02:00:00,0,0,0,0,0,25,187.529620153585,187.529620153585,0,8.10817701801803e-05
25-Dec-2023 03:00:00,0,0,0,0,0,25,187.529620153585,187.529620153585,0,8.10770535184524e-05
25-Dec-2023 04:00:00,0,0,0,0,0,25,187.529620153585,187.529620153585,0,8.10723376800659e-05
25-Dec-2023 05:00:00,0,0,0,0,0,25,187.529620153585,187.529620153585,0,8.10676226645768e-05
25-Dec-2023 06:00:00,0,0,0,0,0,25,187.529620153585,187.529620153585,0,8.10629084710968e-05
25-Dec-2023 07:00:00,0,0,0,0,0,25,187.529620153585,187.529620153585,0,8.1058195100514e-05
25-Dec-2023 08:00:00,0,0,0,0,0,25,187.529620153585,187.529620153585,0,8.10534825514964e-05
25-Dec-2023 09:00:00,0,0,0,0,0,25,187.529620153585,187.529620153585,0,8.10487708244878e-05
25-Dec-2023 10:00:00,0,0,0,0,0,25,187.529620153585,187.529620153585,0,8.10440599190443e-05
25-Dec-2023 11:00:00,0,0,0,0,0,25,187.529620153585,187.529620153585,0,8.10393498351658e-05
25-Dec-2023 12:00:00,0,0,0,0,0,25,187.529620153585,187.529620153585,0,8.10346405724083e-05
25-Dec-2023 13:00:00,-61.3593276777105,0,150.330352810391,0,0.0751276125988959,25,187.529620153585,187.529620153585,0,8.10299321303276e-05
25-Dec-2023 14:00:00,29.6223126253244,75.567124044195,0,0.0377646796822564,0,25,187.529620153585,187.567384833267,8.78818295857453e-05,0.00010675863186993
25-Dec-2023 15:00:00,29.3070781085029,74.7629543584258,0,0.0373627957813223,0,25,187.567384833267,187.604747629048,8.69340796244567e-05,9.3355040896359e-05
25-Dec-2023 16:00:00,0,0,0,0,0,25,187.604747629048,187.604747629048,0,8.10158117272586e-05
25-Dec-2023 17:00:00,0,0,0,0,0,25,187.604747629048,187.604747629048,0,8.10111065665531e-05
25-Dec-2023 18:00:00,0,0,0,0,0,25,187.604747629048,187.604747629048,0,8.10064022256363e-05
25-Dec-2023 19:00:00,0,0,0,0,0,25,187.604747629048,187.604747629048,0,8.100169870362e-05
25-Dec-2023 20:00:00,0,0,0,0,0,25,187.604747629048,187.604747629048,0,8.09969960009482e-05
25-Dec-2023 21:00:00,0,0,0,0,0,25,187.604747629048,187.604747629048,0,8.09922941176211e-05
25-Dec-2023 22:00:00,0,0,0,0,0,25,187.604747629048,187.604747629048,0,8.09875930527504e-05
25-Dec-2023 23:00:00,0,0,0,0,0,25,187.604747629048,187.604747629048,0,8.09828928067802e-05
26-Dec-2023 00:00:00,0,0,0,0,0,25,187.604747629048,187.604747629048,0,8.09781933783782e-05
26-Dec-2023 01:00:00,0,0,0,0,0,25,187.604747629048,187.604747629048,0,8.09734947688767e-05
26-Dec-2023 02:00:00,0,0,0,0,0,25,187.604747629048,187.604747629048,0,8.09687969764994e-05
26-Dec-2023 03:00:00,0,0,0,0,0,25,187.604747629048,187.604747629048,0,8.09641000016903e-05
26-Dec-2023 04:00:00,0,0,0,0,0,25,187.604747629048,187.604747629048,0,8.09594038444494e-05
26-Dec-2023 05:00:00,0,0,0,0,0,25,187.604747629048,187.604747629048,0,8.09547085043327e-05
26-Dec-2023 06:00:00,0,0,0,0,0,25,187.604747629048,187.604747629048,0,8.09500139808961e-05
26-Dec-2023 07:00:00,0,0,0,0,0,25,187.604747629048,187.604747629048,0,8.09453202741395e-05
26-Dec-2023 08:00:00,0,0,0,0,0,25,187.604747629048,187.604747629048,0,8.09406273836188e-05
26-Dec-2023 09:00:00,-243.681621742686,0,597.019973269582,0,0.298360806231675,25,187.604747629048,187.604747629048,0,8.09359353093342e-05
26-Dec-2023 10:00:00,-284.01841833424,0,695.845124918889,0,0.347748688115387,25,187.604747629048,187.604747629048,0,0.000187807931348871
26-Dec-2023 11:00:00,-148.837154096554,0,364.651027536558,0,0.182234396569994,25,187.604747629048,187.604747629048,0,0.000269092390427605
26-Dec-2023 12:00:00,213.38783216115,544.356714696812,0,0.272042336180316,0,25,187.604747629048,187.876789965229,0.000678432299291876,0.000320106704631673
26-Dec-2023 13:00:00,224.467364848437,572.620828694993,0,0.286167330682155,0,25,187.876789965229,188.162957295911,0.000716508122940884,0.000228061114961431
26-Dec-2023 14:00:00,211.881631033995,540.514364882641,0,0.27012212138063,0,25,188.162957295911,188.433079417291,0.000673001837216525,0.00018184986219616
26-Dec-2023 15:00:00,0,0,0,0,0,25,188.433079417291,188.433079417291,0,8.09077999894825e-05
26-Dec-2023 16:00:00,0,0,0,0,0,25,188.433079417291,188.433079417291,0,8.09031136213001e-05
26-Dec-2023 17:00:00,0,0,0,0,0,25,188.433079417291,188.433079417291,0,8.08984280675773e-05
26-Dec-2023 18:00:00,0,0,0,0,0,25,188.433079417291,188.433079417291,0,8.089374332787e-05
26-Dec-2023 19:00:00,0,0,0,0,0,25,188.433079417291,188.433079417291,0,8.08890594017342e-05
26-Dec-2023 20:00:00,0,0,0,0,0,25,188.433079417291,188.433079417291,0,8.08843762891698e-05
26-Dec-2023 21:00:00,0,0,0,0,0,25,188.433079417291,188.433079417291,0,8.08796939901768e-05
26-Dec-2023 22:00:00,0,0,0,0,0,25,188.433079417291,188.433079417291,0,8.08750125043112e-05
26-Dec-2023 23:00:00,0,0,0,0,0,25,188.433079417291,188.433079417291,0,8.08703318306847e-05
27-Dec-2023 00:00:00,0,0,0,0,0,25,188.433079417291,188.433079417291,0,8.08656519701856e-05
27-Dec-2023 01:00:00,0,0,0,0,0,25,188.433079417291,188.433079417291,0,8.08609729219256e-05
27-Dec-2023 02:00:00,0,0,0,0,0,25,188.433079417291,188.433079417291,0,8.08562946859048e-05
27-Dec-2023 03:00:00,0,0,0,0,0,25,188.433079417291,188.433079417291,0,8.0851617261235e-05
27-Dec-2023 04:00:00,0,0,0,0,0,25,188.433079417291,188.433079417291,0,8.08469406488044e-05
27-Dec-2023 05:00:00,0,0,0,0,0,25,188.433079417291,188.433079417291,0,8.08422648477247e-05
27-Dec-2023 06:00:00,0,0,0,0,0,25,188.433079417291,188.433079417291,0,8.0837589857552e-05
27-Dec-2023 07:00:00,0,0,0,0,0,25,188.433079417291,188.433079417291,0,8.08329156787302e-05
27-Dec-2023 08:00:00,0,0,0,0,0,25,188.433079417291,188.433079417291,0,8.08282423099271e-05
27-Dec-2023 09:00:00,-103.048203702631,0,252.468099071446,0,0.126170964053696,25,188.433079417291,188.433079417291,0,8.0823569752031e-05
27-Dec-2023 10:00:00,-355.822783602766,0,871.765819826777,0,0.435665077374701,25,188.433079417291,188.433079417291,0,0.000127748564517915
27-Dec-2023 11:00:00,-257.186580698061,0,630.10712271025,0,0.314896113298476,25,188.433079417291,188.433079417291,0,0.000229758285844373
27-Dec-2023 12:00:00,0,0,0,0,0,25,188.433079417291,188.433079417291,0,0.000323082061886026
27-Dec-2023 13:00:00,0,0,0,0,0,25,188.433079417291,188.433079417291,0,0.000323063393635969
27-Dec-2023 14:00:00,28.1111097526593,71.7120146751513,0,0.0358380882934289,0,25,188.433079417291,188.468917505585,8.32984496366151e-05,0.000323044728621991
27-Dec-2023 15:00:00,257.69331524261,657.380906231149,0,0.328526190020564,0,25,188.468917505585,188.797443695605,0.000832587463102996,0.000320630931532673
27-Dec-2023 16:00:00,262.773835353178,670.341416717291,0,0.335003206755268,0,25,188.797443695605,189.132446902361,0.000850435942824634,0.000215284098497026
27-Dec-2023 17:00:00,139.107553516512,354.866207950285,0,0.177344431759263,0,25,189.132446902361,189.30979133412,0.000429603168297765,0.000150349230446878
27-Dec-2023 18:00:00,0,0,0,0,0,25,189.30979133412,189.30979133412,0,8.07815531640443e-05
27-Dec-2023 19:00:00,0,0,0,0,0,25,189.30979133412,189.30979133412,0,8.07768886983418e-05
27-Dec-2023 20:00:00,0,0,0,0,0,25,189.30979133412,189.30979133412,0,8.07722250404375e-05
27-Dec-2023 21:00:00,0,0,0,0,0,25,189.30979133412,189.30979133412,0,8.07675621898873e-05
27-Dec-2023 22:00:00,0,0,0,0,0,25,189.30979133412,189.30979133412,0,8.07629001471355e-05
27-Dec-2023 23:00:00,0,0,0,0,0,25,189.30979133412,189.30979133412,0,8.07582389112937e-05
28-Dec-2023 00:00:00,0,0,0,0,0,25,189.30979133412,189.30979133412,0,8.07535784828062e-05
28-Dec-2023 01:00:00,0,0,0,0,0,25,189.30979133412,189.30979133412,0,8.07489188607846e-05
28-Dec-2023 02:00:00,0,0,0,0,0,25,189.30979133412,189.30979133412,0,8.07442600452291e-05
28-Dec-2023 03:00:00,0,0,0,0,0,25,189.30979133412,189.30979133412,0,8.07396020361395e-05
28-Dec-2023 04:00:00,0,0,0,0,0,25,189.30979133412,189.30979133412,0,8.07349448330719e-05
28-Dec-2023 05:00:00,0,0,0,0,0,25,189.30979133412,189.30979133412,0,8.07302884355821e-05
28-Dec-2023 06:00:00,0,0,0,0,0,25,189.30979133412,189.30979133412,0,8.07256328436701e-05
28-Dec-2023 07:00:00,0,0,0,0,0,25,189.30979133412,189.30979133412,0,8.072097805778e-05
28-Dec-2023 08:00:00,0,0,0,0,0,25,189.30979133412,189.30979133412,0,8.07163240761355e-05
28-Dec-2023 09:00:00,0,0,0,0,0,25,189.30979133412,189.30979133412,0,8.07116708996247e-05
28-Dec-2023 10:00:00,-343.014151245933,0,840.384670552536,0,0.419982344104216,25,189.30979133412,189.30979133412,0,8.07070185278036e-05
28-Dec-2023 11:00:00,-347.813130692585,0,852.142170196833,0,0.425858156020406,25,189.30979133412,189.30979133412,0,0.000201855667208761
28-Dec-2023 12:00:00,-25.1897421112778,0,61.7148681726305,0,0.0308420130797754,25,189.30979133412,189.30979133412,0,0.000320614393310326
28-Dec-2023 13:00:00,0,0,0,0,0,25,189.30979133412,189.30979133412,0,0.000322616324203384
28-Dec-2023 14:00:00,249.76427070253,637.153751792167,0,0.318417667062552,0,25,189.30979133412,189.628209001183,0.000804090405615021,0.000322597736566177
28-Dec-2023 15:00:00,265.674176648322,677.740246551842,0,0.338700772889476,0,25,189.628209001183,189.966909774072,0.000860265450647546,0.000228112912714629
28-Dec-2023 16:00:00,172.211124652049,439.314093500126,0,0.219547273113506,0,25,189.966909774072,190.186457047186,0.000538201771640656,0.000166583347899429
28-Dec-2023 17:00:00,0,0,0,0,0,25,190.186457047186,190.186457047186,0,8.0674474436826e-05
28-Dec-2023 18:00:00,0,0,0,0,0,25,190.186457047186,190.186457047186,0,8.06698284940843e-05
28-Dec-2023 19:00:00,0,0,0,0,0,25,190.186457047186,190.186457047186,0,8.06651833533678e-05
28-Dec-2023 20:00:00,0,0,0,0,0,25,190.186457047186,190.186457047186,0,8.06605390155646e-05
28-Dec-2023 21:00:00,0,0,0,0,0,25,190.186457047186,190.186457047186,0,8.06558954797865e-05
28-Dec-2023 22:00:00,0,0,0,0,0,25,190.186457047186,190.186457047186,0,8.06512527460335e-05
28-Dec-2023 23:00:00,0,0,0,0,0,25,190.186457047186,190.186457047186,0,8.06466108134174e-05
29-Dec-2023 00:00:00,0,0,0,0,0,25,190.186457047186,190.186457047186,0,8.06419696823824e-05
29-Dec-2023 01:00:00,0,0,0,0,0,25,190.186457047186,190.186457047186,0,8.06373293529283e-05
29-Dec-2023 02:00:00,0,0,0,0,0,25,190.186457047186,190.186457047186,0,8.06326898241672e-05
29-Dec-2023 03:00:00,0,0,0,0,0,25,190.186457047186,190.186457047186,0,8.06280510960988e-05
29-Dec-2023 04:00:00,0,0,0,0,0,25,190.186457047186,190.186457047186,0,8.06234131687233e-05
29-Dec-2023 05:00:00,0,0,0,0,0,25,190.186457047186,190.186457047186,0,8.06187760411525e-05
29-Dec-2023 06:00:00,0,0,0,0,0,25,190.186457047186,190.186457047186,0,8.06141397142746e-05
29-Dec-2023 07:00:00,0,0,0,0,0,25,190.186457047186,190.186457047186,0,8.06095041867572e-05
29-Dec-2023 08:00:00,0,0,0,0,0,25,190.186457047186,190.186457047186,0,8.06048694586003e-05
29-Dec-2023 09:00:00,0,0,0,0,0,25,190.186457047186,190.186457047186,0,8.06002355302482e-05
29-Dec-2023 10:00:00,0,0,0,0,0,25,190.186457047186,190.186457047186,0,8.05956024008125e-05
29-Dec-2023 11:00:00,0,0,0,0,0,25,190.186457047186,190.186457047186,0,8.05909700702934e-05
29-Dec-2023 12:00:00,0,0,0,0,0,25,190.186457047186,190.186457047186,0,8.05863385382466e-05
29-Dec-2023 13:00:00,0,0,0,0,0,25,190.186457047186,190.186457047186,0,8.05817078051163e-05
29-Dec-2023 14:00:00,0,0,0,0,0,25,190.186457047186,190.186457047186,0,8.05770778695702e-05
29-Dec-2023 15:00:00,0,0,0,0,0,25,190.186457047186,190.186457047186,0,8.05724487324966e-05
29-Dec-2023 16:00:00,0,0,0,0,0,25,190.186457047186,190.186457047186,0,8.05678203930071e-05
29-Dec-2023 17:00:00,0,0,0,0,0,25,190.186457047186,190.186457047186,0,8.05631928506578e-05
29-Dec-2023 18:00:00,0,0,0,0,0,25,190.186457047186,190.186457047186,0,8.05585661058927e-05
29-Dec-2023 19:00:00,0,0,0,0,0,25,190.186457047186,190.186457047186,0,8.05539401587119e-05
29-Dec-2023 20:00:00,0,0,0,0,0,25,190.186457047186,190.186457047186,0,8.05493150073389e-05
29-Dec-2023 21:00:00,0,0,0,0,0,25,190.186457047186,190.186457047186,0,8.0544690653106e-05
29-Dec-2023 22:00:00,0,0,0,0,0,25,190.186457047186,190.186457047186,0,8.05400670951251e-05
29-Dec-2023 23:00:00,0,0,0,0,0,25,190.186457047186,190.186457047186,0,8.05354443333961e-05
30-Dec-2023 00:00:00,0,0,0,0,0,25,190.186457047186,190.186457047186,0,8.0530822367475e-05
30-Dec-2023 01:00:00,0,0,0,0,0,25,190.186457047186,190.186457047186,0,8.05262011973618e-05
30-Dec-2023 02:00:00,0,0,0,0,0,25,190.186457047186,190.186457047186,0,8.05215808230564e-05
30-Dec-2023 03:00:00,0,0,0,0,0,25,190.186457047186,190.186457047186,0,8.05169612432266e-05
30-Dec-2023 04:00:00,0,0,0,0,0,25,190.186457047186,190.186457047186,0,8.05123424587606e-05
30-Dec-2023 05:00:00,0,0,0,0,0,25,190.186457047186,190.186457047186,0,8.05077244687702e-05
30-Dec-2023 06:00:00,0,0,0,0,0,25,190.186457047186,190.186457047186,0,8.05031072736995e-05
30-Dec-2023 07:00:00,0,0,0,0,0,25,190.186457047186,190.186457047186,0,8.04984908726603e-05
30-Dec-2023 08:00:00,-80.3582704986377,0,196.877762721662,0,0.0983896865175724,25,190.186457047186,190.186457047186,0,8.04938752656525e-05
30-Dec-2023 09:00:00,-207.782887760991,0,509.068075014427,0,0.254406834090169,25,190.186457047186,190.186457047186,0,0.000115292868965167
30-Dec-2023 10:00:00,165.165540294788,421.340664017316,0,0.210565049483916,0,25,190.186457047186,190.397022096669,0.000514736871717658,0.000194644469583949
30-Dec-2023 11:00:00,36.8322628551342,93.9598542222811,0,0.0469564488866972,0,25,190.397022096669,190.443978545556,0.000109351345405018,0.000134371834048963
30-Dec-2023 12:00:00,-323.095793670284,0,791.584694492197,0,0.395594549971113,25,190.443978545556,190.443978545556,0,0.000113990208371995
30-Dec-2023 13:00:00,-250.853618051894,0,614.591364227139,0,0.307142111058041,25,190.443978545556,190.443978545556,0,0.000210217180660166
30-Dec-2023 14:00:00,-64.1946834995681,0,157.276974573942,0,0.0785991876931244,25,190.443978545556,190.443978545556,0,0.000315167049727005
30-Dec-2023 15:00:00,259.389019108716,661.706681399785,0,0.330687996701542,0,25,190.443978545556,190.774666542258,0.000837456038513706,0.000321690859517165
30-Dec-2023 16:00:00,262.72034155634,670.204952949847,0,0.334935008970438,0,25,190.774666542258,191.109601551228,0.000849084032118808,0.000223360518985416
30-Dec-2023 17:00:00,165.484858024622,422.155250062811,0,0.210972138961925,0,25,191.109601551228,191.32057369019,0.000515466057124825,0.000163067938720562
30-Dec-2023 18:00:00,0,0,0,0,0,25,191.32057369019,191.32057369019,0,8.04477628220113e-05
30-Dec-2023 19:00:00,0,0,0,0,0,25,191.32057369019,191.32057369019,0,8.04431559351393e-05
30-Dec-2023 20:00:00,0,0,0,0,0,25,191.32057369019,191.32057369019,0,8.04385498396343e-05
30-Dec-2023 21:00:00,0,0,0,0,0,25,191.32057369019,191.32057369019,0,8.04339445350521e-05
30-Dec-2023 22:00:00,0,0,0,0,0,25,191.32057369019,191.32057369019,0,8.04293400213929e-05
30-Dec-2023 23:00:00,0,0,0,0,0,25,191.32057369019,191.32057369019,0,8.04247362986565e-05
31-Dec-2023 00:00:00,0,0,0,0,0,25,191.32057369019,191.32057369019,0,8.04201333659549e-05
31-Dec-2023 01:00:00,0,0,0,0,0,25,191.32057369019,191.32057369019,0,8.04155312241761e-05
31-Dec-2023 02:00:00,0,0,0,0,0,25,191.32057369019,191.32057369019,0,8.04109298719879e-05
31-Dec-2023 03:00:00,0,0,0,0,0,25,191.32057369019,191.32057369019,0,8.04063293093904e-05
31-Dec-2023 04:00:00,0,0,0,0,0,25,191.32057369019,191.32057369019,0,8.04017295368276e-05
31-Dec-2023 05:00:00,0,0,0,0,0,25,191.32057369019,191.32057369019,0,8.03971305529672e-05
31-Dec-2023 06:00:00,0,0,0,0,0,25,191.32057369019,191.32057369019,0,8.03925323586974e-05
31-Dec-2023 07:00:00,0,0,0,0,0,25,191.32057369019,191.32057369019,0,8.038793495313e-05
31-Dec-2023 08:00:00,0,0,0,0,0,25,191.32057369019,191.32057369019,0,8.0383338335821e-05
31-Dec-2023 09:00:00,0,0,0,0,0,25,191.32057369019,191.32057369019,0,8.03787425076585e-05
31-Dec-2023 10:00:00,0,0,0,0,0,25,191.32057369019,191.32057369019,0,8.03741474673103e-05
31-Dec-2023 11:00:00,0,0,0,0,0,25,191.32057369019,191.32057369019,0,8.03695532147763e-05
31-Dec-2023 12:00:00,0,0,0,0,0,25,191.32057369019,191.32057369019,0,8.03649597505007e-05
31-Dec-2023 13:00:00,0,0,0,0,0,25,191.32057369019,191.32057369019,0,8.03603670731512e-05
31-Dec-2023 14:00:00,0,0,0,0,0,25,191.32057369019,191.32057369019,0,8.03557751836159e-05
31-Dec-2023 15:00:00,0,0,0,0,0,25,191.32057369019,191.32057369019,0,8.03511840810067e-05
31-Dec-2023 16:00:00,0,0,0,0,0,25,191.32057369019,191.32057369019,0,8.03465937648795e-05
31-Dec-2023 17:00:00,0,0,0,0,0,25,191.32057369019,191.32057369019,0,8.03420042356784e-05
31-Dec-2023 18:00:00,0,0,0,0,0,25,191.32057369019,191.32057369019,0,8.03374154929593e-05
31-Dec-2023 19:00:00,0,0,0,0,0,25,191.32057369019,191.32057369019,0,8.03328275358339e-05
31-Dec-2023 20:00:00,0,0,0,0,0,25,191.32057369019,191.32057369019,0,8.03282403651906e-05
31-Dec-2023 21:00:00,0,0,0,0,0,25,191.32057369019,191.32057369019,0,8.03236539801411e-05
31-Dec-2023 22:00:00,0,0,0,0,0,25,191.32057369019,191.32057369019,0,8.03190683811295e-05
