time,P_pv,P_load
2018-03-01T00:00:00Z,0,125.252
2018-03-01T01:00:00Z,0,121.943
2018-03-01T02:00:00Z,0,120.895
2018-03-01T03:00:00Z,0,122.971
2018-03-01T04:00:00Z,0,128.129
2018-03-01T05:00:00Z,0.07,143.276
2018-03-01T06:00:00Z,53.208,154.098
2018-03-01T07:00:00Z,305.243,157.11
2018-03-01T08:00:00Z,649.83,156.366
2018-03-01T09:00:00Z,994.276,156.101
2018-03-01T10:00:00Z,1237.724,156.496
2018-03-01T11:00:00Z,1309.935,156.191
2018-03-01T12:00:00Z,1217.103,153.869
2018-03-01T13:00:00Z,987.378,152.296
2018-03-01T14:00:00Z,656.094,150.607
2018-03-01T15:00:00Z,312.07,149.515
2018-03-01T16:00:00Z,52.786,151.751
2018-03-01T17:00:00Z,0.07,158.091
2018-03-01T18:00:00Z,0,157.935
2018-03-01T19:00:00Z,0,149.132
2018-03-01T20:00:00Z,0,142.265
2018-03-01T21:00:00Z,0,138.24
2018-03-01T22:00:00Z,0,130.433
2018-03-01T23:00:00Z,0,127.477
2018-03-02T00:00:00Z,0,124.363
2018-03-02T01:00:00Z,0,121.986
2018-03-02T02:00:00Z,0,121.415
2018-03-02T03:00:00Z,0,121.8
2018-03-02T04:00:00Z,0,126.885
2018-03-02T05:00:00Z,0.141,141.685
2018-03-02T06:00:00Z,67.349,152.644
2018-03-02T07:00:00Z,330.972,159.166
2018-03-02T08:00:00Z,679.467,159.418
2018-03-02T09:00:00Z,970.466,159.277
2018-03-02T10:00:00Z,1153.792,158.514
2018-03-02T11:00:00Z,1207.84,157.465
2018-03-02T12:00:00Z,1117.268,153.465
2018-03-02T13:00:00Z,875.249,151.287
2018-03-02T14:00:00Z,530.906,148.976
2018-03-02T15:00:00Z,217.528,147.66
2018-03-02T16:00:00Z,33.498,150.137
2018-03-02T17:00:00Z,0.07,154.297
2018-03-02T18:00:00Z,0,153.874
2018-03-02T19:00:00Z,0,145.334
2018-03-02T20:00:00Z,0,137.592
2018-03-02T21:00:00Z,0,133.723
2018-03-02T22:00:00Z,0,128.507
2018-03-02T23:00:00Z,0,121.255
2018-03-03T00:00:00Z,0,117.187
2018-03-03T01:00:00Z,0,114.083
2018-03-03T02:00:00Z,0,112.704
2018-03-03T03:00:00Z,0,112.536
2018-03-03T04:00:00Z,0,112.005
2018-03-03T05:00:00Z,0.281,111.894
2018-03-03T06:00:00Z,45.954,117.604
2018-03-03T07:00:00Z,198.17,126.259
2018-03-03T08:00:00Z,417.664,131.594
2018-03-03T09:00:00Z,621.323,135.044
2018-03-03T10:00:00Z,787.896,134.755
2018-03-03T11:00:00Z,891.344,131.066
2018-03-03T12:00:00Z,885.433,125.748
2018-03-03T13:00:00Z,757.706,123.157
2018-03-03T14:00:00Z,519.564,123.332
2018-03-03T15:00:00Z,250.246,122.913
2018-03-03T16:00:00Z,45.954,125.716
2018-03-03T17:00:00Z,0.141,131.245
2018-03-03T18:00:00Z,0,130.833
2018-03-03T19:00:00Z,0,124.615
2018-03-03T20:00:00Z,0,120.605
2018-03-03T21:00:00Z,0,119.006
2018-03-03T22:00:00Z,0,113.162
2018-03-03T23:00:00Z,0,107.433
2018-03-04T00:00:00Z,0,102.752
2018-03-04T01:00:00Z,0,100.21
2018-03-04T02:00:00Z,0,98.682
2018-03-04T03:00:00Z,0,98.066
2018-03-04T04:00:00Z,0,96.014
2018-03-04T05:00:00Z,0.281,93.973
2018-03-04T06:00:00Z,41.942,97.32
2018-03-04T07:00:00Z,194.441,105.546
2018-03-04T08:00:00Z,433.99,111.58
2018-03-04T09:00:00Z,716.678,114.953
2018-03-04T10:00:00Z,1002.885,117.879
2018-03-04T11:00:00Z,1211.119,115.701
2018-03-04T12:00:00Z,1240.042,111.822
2018-03-04T13:00:00Z,1088.67,109.661
2018-03-04T14:00:00Z,738.916,108.051
2018-03-04T15:00:00Z,340.816,110.483
2018-03-04T16:00:00Z,59.606,115.436
2018-03-04T17:00:00Z,0.07,126.081
2018-03-04T18:00:00Z,0,126.816
2018-03-04T19:00:00Z,0,121.594
2018-03-04T20:00:00Z,0,118.085
2018-03-04T21:00:00Z,0,117.914
2018-03-04T22:00:00Z,0,111.345
2018-03-04T23:00:00Z,0,104.248
2018-03-05T00:00:00Z,0,101.79
2018-03-05T01:00:00Z,0,100.755
2018-03-05T02:00:00Z,0,101.083
2018-03-05T03:00:00Z,0,104.481
2018-03-05T04:00:00Z,0,113.382
2018-03-05T05:00:00Z,0.211,130.876
2018-03-05T06:00:00Z,41.304,141.997
2018-03-05T07:00:00Z,234.737,146.195
2018-03-05T08:00:00Z,540.612,147.021
2018-03-05T09:00:00Z,836.003,147.76
2018-03-05T10:00:00Z,1073.977,147.97
2018-03-05T11:00:00Z,1192.19,146.414
2018-03-05T12:00:00Z,1188.038,144.81
2018-03-05T13:00:00Z,1028.029,142.119
2018-03-05T14:00:00Z,742.207,139.413
2018-03-05T15:00:00Z,388.061,137.536
2018-03-05T16:00:00Z,86.408,138.586
2018-03-05T17:00:00Z,0.563,146.461
2018-03-05T18:00:00Z,0,147.249
2018-03-05T19:00:00Z,0,138.522
2018-03-05T20:00:00Z,0,131.778
2018-03-05T21:00:00Z,0,126.665
2018-03-05T22:00:00Z,0,117.33
2018-03-05T23:00:00Z,0,111.869
2018-03-06T00:00:00Z,0,108.354
2018-03-06T01:00:00Z,0,106.458
2018-03-06T02:00:00Z,0,107.356
2018-03-06T03:00:00Z,0,110.244
2018-03-06T04:00:00Z,0,117.287
2018-03-06T05:00:00Z,0.352,132.066
2018-03-06T06:00:00Z,60.357,140.281
2018-03-06T07:00:00Z,283.215,144.391
2018-03-06T08:00:00Z,552.01,145.601
2018-03-06T09:00:00Z,760.024,146.029
2018-03-06T10:00:00Z,856.681,148.361
2018-03-06T11:00:00Z,840.431,147.127
2018-03-06T12:00:00Z,749.683,144.678
2018-03-06T13:00:00Z,597.805,142.641
2018-03-06T14:00:00Z,412.02,142.371
2018-03-06T15:00:00Z,212.517,140.384
2018-03-06T16:00:00Z,54.308,141.574
2018-03-06T17:00:00Z,0.774,148.639
2018-03-06T18:00:00Z,0,149.028
2018-03-06T19:00:00Z,0,140.138
2018-03-06T20:00:00Z,0,132.408
2018-03-06T21:00:00Z,0,126.53
2018-03-06T22:00:00Z,0,117.813
2018-03-06T23:00:00Z,0,110.556
2018-03-07T00:00:00Z,0,106.711
2018-03-07T01:00:00Z,0,103.825
2018-03-07T02:00:00Z,0,104.83
2018-03-07T03:00:00Z,0,108.166
2018-03-07T04:00:00Z,0,115.911
2018-03-07T05:00:00Z,0.211,131.763
2018-03-07T06:00:00Z,33.613,141.869
2018-03-07T07:00:00Z,157.306,147.44
2018-03-07T08:00:00Z,330.716,147.32
2018-03-07T09:00:00Z,528.316,147.643
2018-03-07T10:00:00Z,667.479,150.146
2018-03-07T11:00:00Z,679.785,150.751
2018-03-07T12:00:00Z,578.805,150.131
2018-03-07T13:00:00Z,455.815,148.348
2018-03-07T14:00:00Z,334.443,146.471
2018-03-07T15:00:00Z,186.841,144.8
2018-03-07T16:00:00Z,48.943,147.519
2018-03-07T17:00:00Z,0.422,151.901
2018-03-07T18:00:00Z,0,152.044
2018-03-07T19:00:00Z,0,142.622
2018-03-07T20:00:00Z,0,135.704
2018-03-07T21:00:00Z,0,130.553
2018-03-07T22:00:00Z,0,120.806
2018-03-07T23:00:00Z,0,113.063
2018-03-08T00:00:00Z,0,107.446
2018-03-08T01:00:00Z,0,105.4
2018-03-08T02:00:00Z,0,106.986
2018-03-08T03:00:00Z,0,111.095
2018-03-08T04:00:00Z,0,118.168
2018-03-08T05:00:00Z,0.562,135.245
2018-03-08T06:00:00Z,65.525,144.022
2018-03-08T07:00:00Z,292.47,148.63
2018-03-08T08:00:00Z,603.29,149.139
2018-03-08T09:00:00Z,886.902,151.488
2018-03-08T10:00:00Z,1025.333,153.333
2018-03-08T11:00:00Z,1027.443,151.804
2018-03-08T12:00:00Z,919.172,150.768
2018-03-08T13:00:00Z,802.536,148.547
2018-03-08T14:00:00Z,573.762,147.6
2018-03-08T15:00:00Z,294.369,145.635
2018-03-08T16:00:00Z,66.157,145.894
2018-03-08T17:00:00Z,0.703,150.505
2018-03-08T18:00:00Z,0,152.946
2018-03-08T19:00:00Z,0,144.355
2018-03-08T20:00:00Z,0,136.743
2018-03-08T21:00:00Z,0,131.263
2018-03-08T22:00:00Z,0,121.652
2018-03-08T23:00:00Z,0,114.239
2018-03-09T00:00:00Z,0,111.016
2018-03-09T01:00:00Z,0,108.703
2018-03-09T02:00:00Z,0,109.81
2018-03-09T03:00:00Z,0,112.745
2018-03-09T04:00:00Z,0,120.096
2018-03-09T05:00:00Z,1.406,135.548
2018-03-09T06:00:00Z,70.923,146.49
2018-03-09T07:00:00Z,277.015,151.618
2018-03-09T08:00:00Z,483.177,151.054
2018-03-09T09:00:00Z,662.277,153.215
2018-03-09T10:00:00Z,777.835,153.35
2018-03-09T11:00:00Z,802.999,151.229
2018-03-09T12:00:00Z,718.158,148.252
2018-03-09T13:00:00Z,581.092,144.746
2018-03-09T14:00:00Z,402.835,143.562
2018-03-09T15:00:00Z,214.105,141.664
2018-03-09T16:00:00Z,51.312,142.519
2018-03-09T17:00:00Z,0.351,147.187
2018-03-09T18:00:00Z,0,146.148
2018-03-09T19:00:00Z,0,136.594
2018-03-09T20:00:00Z,0,129.072
2018-03-09T21:00:00Z,0,124.416
2018-03-09T22:00:00Z,0,116.725
2018-03-09T23:00:00Z,0,108.267
2018-03-10T00:00:00Z,0,102.207
2018-03-10T01:00:00Z,0,99.687
2018-03-10T02:00:00Z,0,99.107
2018-03-10T03:00:00Z,0,99.642
2018-03-10T04:00:00Z,0,100.185
2018-03-10T05:00:00Z,0.843,102.337
2018-03-10T06:00:00Z,46.18,108.615
2018-03-10T07:00:00Z,188.093,116.659
2018-03-10T08:00:00Z,358.754,123.426
2018-03-10T09:00:00Z,503.62,126.387
2018-03-10T10:00:00Z,622.83,127.009
2018-03-10T11:00:00Z,652.984,125.26
2018-03-10T12:00:00Z,603.641,122.965
2018-03-10T13:00:00Z,474.169,118.863
2018-03-10T14:00:00Z,304.773,116.516
2018-03-10T15:00:00Z,146.623,116.357
2018-03-10T16:00:00Z,35.566,119.677
2018-03-10T17:00:00Z,0.773,126.631
2018-03-10T18:00:00Z,0,126.791
2018-03-10T19:00:00Z,0,117.302
2018-03-10T20:00:00Z,0,111.007
2018-03-10T21:00:00Z,0,107.437
2018-03-10T22:00:00Z,0,99.883
2018-03-10T23:00:00Z,0,94.074
2018-03-11T00:00:00Z,0,88.905
2018-03-11T01:00:00Z,0,85.921
2018-03-11T02:00:00Z,0,85.624
2018-03-11T03:00:00Z,0,86.808
2018-03-11T04:00:00Z,0,86.898
2018-03-11T05:00:00Z,3.233,86.267
2018-03-11T06:00:00Z,119.632,90.051
2018-03-11T07:00:00Z,379.982,98.49
2018-03-11T08:00:00Z,624.446,105.165
2018-03-11T09:00:00Z,808.322,109.577
2018-03-11T10:00:00Z,884.656,113.363
2018-03-11T11:00:00Z,867.927,113.581
2018-03-11T12:00:00Z,815.632,110.152
2018-03-11T13:00:00Z,673.368,106.527
2018-03-11T14:00:00Z,454.98,104.661
2018-03-11T15:00:00Z,231.742,103.821
2018-03-11T16:00:00Z,58.902,108.002
2018-03-11T17:00:00Z,1.617,117.27
2018-03-11T18:00:00Z,0,120.705
2018-03-11T19:00:00Z,0,113.47
2018-03-11T20:00:00Z,0,110.263
2018-03-11T21:00:00Z,0,110.148
2018-03-11T22:00:00Z,0,102.222
2018-03-11T23:00:00Z,0,95.952
2018-03-12T00:00:00Z,0,92.509
2018-03-12T01:00:00Z,0,91.081
2018-03-12T02:00:00Z,0,92.889
2018-03-12T03:00:00Z,0,97.318
2018-03-12T04:00:00Z,0,106.433
2018-03-12T05:00:00Z,1.054,125.632
2018-03-12T06:00:00Z,29.798,139.152
2018-03-12T07:00:00Z,120.737,144.616
2018-03-12T08:00:00Z,250.258,147.596
2018-03-12T09:00:00Z,368.956,150.116
2018-03-12T10:00:00Z,475.426,151.088
2018-03-12T11:00:00Z,519.139,149.173
2018-03-12T12:00:00Z,509.159,148.275
2018-03-12T13:00:00Z,479.081,144.342
2018-03-12T14:00:00Z,389.196,142.536
2018-03-12T15:00:00Z,244.917,139.678
2018-03-12T16:00:00Z,81.733,142.057
2018-03-12T17:00:00Z,2.179,147.995
2018-03-12T18:00:00Z,0,149.507
2018-03-12T19:00:00Z,0,139.552
2018-03-12T20:00:00Z,0,131.228
2018-03-12T21:00:00Z,0,124.484
2018-03-12T22:00:00Z,0,115.163
2018-03-12T23:00:00Z,0,108.756
2018-03-13T00:00:00Z,0,104.909
2018-03-13T01:00:00Z,0,102.316
2018-03-13T02:00:00Z,0,103.797
2018-03-13T03:00:00Z,0,107.638
2018-03-13T04:00:00Z,0,115.853
2018-03-13T05:00:00Z,2.53,131.555
2018-03-13T06:00:00Z,79.474,142.391
2018-03-13T07:00:00Z,265.828,148.299
2018-03-13T08:00:00Z,444.523,149.795
2018-03-13T09:00:00Z,540.651,153.429
2018-03-13T10:00:00Z,549.434,155.406
2018-03-13T11:00:00Z,514.159,153.376
2018-03-13T12:00:00Z,457.03,151.443
2018-03-13T13:00:00Z,376.994,149.056
2018-03-13T14:00:00Z,268.358,148.485
2018-03-13T15:00:00Z,138.149,146.074
2018-03-13T16:00:00Z,39.702,146.268
2018-03-13T17:00:00Z,0.843,151.96
2018-03-13T18:00:00Z,0,152.503
2018-03-13T19:00:00Z,0,142.517
2018-03-13T20:00:00Z,0,134.608
2018-03-13T21:00:00Z,0,127.439
2018-03-13T22:00:00Z,0,117.136
2018-03-13T23:00:00Z,0,110.246
2018-03-14T00:00:00Z,0,105.415
2018-03-14T01:00:00Z,0,104.216
2018-03-14T02:00:00Z,0,105.501
2018-03-14T03:00:00Z,0,107.931
2018-03-14T04:00:00Z,0,114.996
2018-03-14T05:00:00Z,1.897,131.438
2018-03-14T06:00:00Z,54.726,143.577
2018-03-14T07:00:00Z,203.939,148.429
2018-03-14T08:00:00Z,379.847,147.69
2018-03-14T09:00:00Z,532.995,148.838
2018-03-14T10:00:00Z,630.011,150.216
2018-03-14T11:00:00Z,709.676,147.754
2018-03-14T12:00:00Z,730.33,146.505
2018-03-14T13:00:00Z,693.448,143.357
2018-03-14T14:00:00Z,584.77,141.241
2018-03-14T15:00:00Z,368.537,140.168
2018-03-14T16:00:00Z,125.468,141.288
2018-03-14T17:00:00Z,4.075,145.283
2018-03-14T18:00:00Z,0,148.455
2018-03-14T19:00:00Z,0,140.76
2018-03-14T20:00:00Z,0,132.453
2018-03-14T21:00:00Z,0,126.829
2018-03-14T22:00:00Z,0,118.548
2018-03-14T23:00:00Z,0,111.326
2018-03-15T00:00:00Z,0,108.042
2018-03-15T01:00:00Z,0,107.204
2018-03-15T02:00:00Z,0,108.658
2018-03-15T03:00:00Z,0,111.445
2018-03-15T04:00:00Z,0,119.038
2018-03-15T05:00:00Z,6.109,134.415
2018-03-15T06:00:00Z,147.307,146.136
2018-03-15T07:00:00Z,449.365,150.59
2018-03-15T08:00:00Z,781.754,150.695
2018-03-15T09:00:00Z,1044.211,152.384
2018-03-15T10:00:00Z,1179.933,153.732
2018-03-15T11:00:00Z,1176.563,151.358
2018-03-15T12:00:00Z,1075.877,150.528
2018-03-15T13:00:00Z,869.169,149.772
2018-03-15T14:00:00Z,552.087,147.271
2018-03-15T15:00:00Z,264.423,144.847
2018-03-15T16:00:00Z,75.409,145.95
2018-03-15T17:00:00Z,1.896,151.824
2018-03-15T18:00:00Z,0,152.484
2018-03-15T19:00:00Z,0,144.03
2018-03-15T20:00:00Z,0,136.038
2018-03-15T21:00:00Z,0,130.527
2018-03-15T22:00:00Z,0,120.774
2018-03-15T23:00:00Z,0,112.702
2018-03-16T00:00:00Z,0,108.56
2018-03-16T01:00:00Z,0,106.721
2018-03-16T02:00:00Z,0,107.647
2018-03-16T03:00:00Z,0,111.05
2018-03-16T04:00:00Z,0,117.7
2018-03-16T05:00:00Z,2.317,133.319
2018-03-16T06:00:00Z,50.897,144.537
2018-03-16T07:00:00Z,178.106,151.597
2018-03-16T08:00:00Z,299.628,152.595
2018-03-16T09:00:00Z,383.521,153.284
2018-03-16T10:00:00Z,455.901,155.923
2018-03-16T11:00:00Z,455.69,154.536
2018-03-16T12:00:00Z,468.537,151.039
2018-03-16T13:00:00Z,457.164,147.553
2018-03-16T14:00:00Z,364.355,145.796
2018-03-16T15:00:00Z,224.089,143.385
2018-03-16T16:00:00Z,77.505,144.804
2018-03-16T17:00:00Z,2.949,149.348
2018-03-16T18:00:00Z,0,150.612
2018-03-16T19:00:00Z,0,141.018
2018-03-16T20:00:00Z,0,132.688
2018-03-16T21:00:00Z,0,129.422
2018-03-16T22:00:00Z,0,121.513
2018-03-16T23:00:00Z,0,113.382
2018-03-17T00:00:00Z,0,109.68
2018-03-17T01:00:00Z,0,107.579
2018-03-17T02:00:00Z,0,107.886
2018-03-17T03:00:00Z,0,109
2018-03-17T04:00:00Z,0,108.44
2018-03-17T05:00:00Z,4.493,109.453
2018-03-17T06:00:00Z,72.869,115.421
2018-03-17T07:00:00Z,211.799,124.846
2018-03-17T08:00:00Z,353.395,132.539
2018-03-17T09:00:00Z,466.139,136.098
2018-03-17T10:00:00Z,526.372,138.953
2018-03-17T11:00:00Z,557.331,137.128
2018-03-17T12:00:00Z,527.917,134.366
2018-03-17T13:00:00Z,446.272,130.589
2018-03-17T14:00:00Z,317.452,128.824
2018-03-17T15:00:00Z,168.905,129.193
2018-03-17T16:00:00Z,49.773,129.937
2018-03-17T17:00:00Z,1.544,136.583
2018-03-17T18:00:00Z,0,136.059
2018-03-17T19:00:00Z,0,127.723
2018-03-17T20:00:00Z,0,122.387
2018-03-17T21:00:00Z,0,121.742
2018-03-17T22:00:00Z,0,118.053
2018-03-17T23:00:00Z,0,112.634
2018-03-18T00:00:00Z,0,108.767
2018-03-18T01:00:00Z,0,107.044
2018-03-18T02:00:00Z,0,105.432
2018-03-18T03:00:00Z,0,105.028
2018-03-18T04:00:00Z,0,103.468
2018-03-18T05:00:00Z,7.09,100.082
2018-03-18T06:00:00Z,98.844,104.079
2018-03-18T07:00:00Z,285.089,112.6
2018-03-18T08:00:00Z,497.098,120.105
2018-03-18T09:00:00Z,664.459,124.814
2018-03-18T10:00:00Z,784.434,128.131
2018-03-18T11:00:00Z,855.478,125.466
2018-03-18T12:00:00Z,861.726,120.577
2018-03-18T13:00:00Z,755.721,117.157
2018-03-18T14:00:00Z,557.893,115.943
2018-03-18T15:00:00Z,307.905,116.276
2018-03-18T16:00:00Z,99.967,120.789
2018-03-18T17:00:00Z,4.212,128.582
2018-03-18T18:00:00Z,0,131.265
2018-03-18T19:00:00Z,0,125.262
2018-03-18T20:00:00Z,0,121.577
2018-03-18T21:00:00Z,0,121.943
2018-03-18T22:00:00Z,0,116.366
2018-03-18T23:00:00Z,0,110.426
2018-03-19T00:00:00Z,0,107.623
2018-03-19T01:00:00Z,0,105.704
2018-03-19T02:00:00Z,0,106.057
2018-03-19T03:00:00Z,0,108.838
2018-03-19T04:00:00Z,0,117.83
2018-03-19T05:00:00Z,12.282,134.247
2018-03-19T06:00:00Z,165.559,145.46
2018-03-19T07:00:00Z,464.605,150
2018-03-19T08:00:00Z,762.808,151.71
2018-03-19T09:00:00Z,991.882,153.474
2018-03-19T10:00:00Z,1150.494,154.402
2018-03-19T11:00:00Z,1219.272,153.11
2018-03-19T12:00:00Z,1184.251,151.172
2018-03-19T13:00:00Z,1031.956,149.393
2018-03-19T14:00:00Z,775.511,147.807
2018-03-19T15:00:00Z,447.41,144.768
2018-03-19T16:00:00Z,147.944,147.061
2018-03-19T17:00:00Z,7.159,151.003
2018-03-19T18:00:00Z,0,154.513
2018-03-19T19:00:00Z,0,147.044
2018-03-19T20:00:00Z,0,139.067
2018-03-19T21:00:00Z,0,134.849
2018-03-19T22:00:00Z,0,127.334
2018-03-19T23:00:00Z,0,120.829
2018-03-20T00:00:00Z,0,116.721
2018-03-20T01:00:00Z,0,114.947
2018-03-20T02:00:00Z,0,114.942
2018-03-20T03:00:00Z,0,117.497
2018-03-20T04:00:00Z,0,123.773
2018-03-20T05:00:00Z,10.525,137.365
2018-03-20T06:00:00Z,140.331,147.581
2018-03-20T07:00:00Z,370.895,154.412
2018-03-20T08:00:00Z,612.896,155.611
2018-03-20T09:00:00Z,801.221,157.76
2018-03-20T10:00:00Z,947.095,158.489
2018-03-20T11:00:00Z,1034.521,156.099
2018-03-20T12:00:00Z,1024.067,153.679
2018-03-20T13:00:00Z,887.525,152.037
2018-03-20T14:00:00Z,660.188,150.321
2018-03-20T15:00:00Z,380.789,147.448
2018-03-20T16:00:00Z,127.07,148.885
2018-03-20T17:00:00Z,7.859,152.644
2018-03-20T18:00:00Z,0,156.858
2018-03-20T19:00:00Z,0,148.523
2018-03-20T20:00:00Z,0,140.901
2018-03-20T21:00:00Z,0,134.516
2018-03-20T22:00:00Z,0,125.996
2018-03-20T23:00:00Z,0,120.609
2018-03-21T00:00:00Z,0,116.347
2018-03-21T01:00:00Z,0,114.41
2018-03-21T02:00:00Z,0,114.983
2018-03-21T03:00:00Z,0,117.933
2018-03-21T04:00:00Z,0,124.531
2018-03-21T05:00:00Z,15.22,136.688
2018-03-21T06:00:00Z,179.482,146.753
2018-03-21T07:00:00Z,509.13,152.02
2018-03-21T08:00:00Z,888.294,152.069
2018-03-21T09:00:00Z,1180.909,152.914
2018-03-21T10:00:00Z,1350.992,154.793
2018-03-21T11:00:00Z,1398.476,153.358
2018-03-21T12:00:00Z,1309.541,152.717
2018-03-21T13:00:00Z,1116.943,148.876
2018-03-21T14:00:00Z,850.35,146.813
2018-03-21T15:00:00Z,512.777,144.543
2018-03-21T16:00:00Z,182.498,145.503
2018-03-21T17:00:00Z,10.591,149.9
2018-03-21T18:00:00Z,0,154.132
2018-03-21T19:00:00Z,0,146.593
2018-03-21T20:00:00Z,0,139.139
2018-03-21T21:00:00Z,0,133.426
2018-03-21T22:00:00Z,0,126.759
2018-03-21T23:00:00Z,0,120.325
2018-03-22T00:00:00Z,0,116.755
2018-03-22T01:00:00Z,0,113.497
2018-03-22T02:00:00Z,0,114.53
2018-03-22T03:00:00Z,0,116.593
2018-03-22T04:00:00Z,0,122.456
2018-03-22T05:00:00Z,13.392,135.645
2018-03-22T06:00:00Z,129.292,145.345
2018-03-22T07:00:00Z,303.667,152.067
2018-03-22T08:00:00Z,452.31,153.7
2018-03-22T09:00:00Z,548.578,155.154
2018-03-22T10:00:00Z,600.603,156.409
2018-03-22T11:00:00Z,577.746,155.859
2018-03-22T12:00:00Z,504.055,155.342
2018-03-22T13:00:00Z,384.299,154.055
2018-03-22T14:00:00Z,251.642,152.55
2018-03-22T15:00:00Z,135.882,150.567
2018-03-22T16:00:00Z,44.172,150.362
2018-03-22T17:00:00Z,2.384,152.625
2018-03-22T18:00:00Z,0,153.521
2018-03-22T19:00:00Z,0,145.507
2018-03-22T20:00:00Z,0,137.096
2018-03-22T21:00:00Z,0,131.346
2018-03-22T22:00:00Z,0,123.399
2018-03-22T23:00:00Z,0,115.947
2018-03-23T00:00:00Z,0,110.682
2018-03-23T01:00:00Z,0,108.752
2018-03-23T02:00:00Z,0,109.216
2018-03-23T03:00:00Z,0,112.023
2018-03-23T04:00:00Z,0,119.136
2018-03-23T05:00:00Z,4.486,133.069
2018-03-23T06:00:00Z,46.749,143.609
2018-03-23T07:00:00Z,134.149,149.132
2018-03-23T08:00:00Z,253.09,149.968
2018-03-23T09:00:00Z,350.863,152.745
2018-03-23T10:00:00Z,417.588,154.93
2018-03-23T11:00:00Z,445.132,153.299
2018-03-23T12:00:00Z,449.688,150.351
2018-03-23T13:00:00Z,401.047,147.465
2018-03-23T14:00:00Z,333.341,144.409
2018-03-23T15:00:00Z,213.279,142.478
2018-03-23T16:00:00Z,76.607,142.946
2018-03-23T17:00:00Z,4.556,144.494
2018-03-23T18:00:00Z,0,146.894
2018-03-23T19:00:00Z,0,139.321
2018-03-23T20:00:00Z,0,131.421
2018-03-23T21:00:00Z,0,126.772
2018-03-23T22:00:00Z,0,119.183
2018-03-23T23:00:00Z,0,112.226
2018-03-24T00:00:00Z,0,106.882
2018-03-24T01:00:00Z,0,104.071
2018-03-24T02:00:00Z,0,103.361
2018-03-24T03:00:00Z,0,104.165
2018-03-24T04:00:00Z,0,104.477
2018-03-24T05:00:00Z,21.657,103.402
2018-03-24T06:00:00Z,221.264,109.566
2018-03-24T07:00:00Z,587.468,118.106
2018-03-24T08:00:00Z,1012.616,121.473
2018-03-24T09:00:00Z,1317.003,123.48
2018-03-24T10:00:00Z,1413.653,126.263
2018-03-24T11:00:00Z,1368.517,123.638
2018-03-24T12:00:00Z,1302.565,118.739
2018-03-24T13:00:00Z,1173.255,114.156
2018-03-24T14:00:00Z,915.896,112.01
2018-03-24T15:00:00Z,571.278,111.933
2018-03-24T16:00:00Z,210.471,115.039
2018-03-24T17:00:00Z,15.419,120.919
2018-03-24T18:00:00Z,0,125.517
2018-03-24T19:00:00Z,0,118.531
2018-03-24T20:00:00Z,0,112.354
2018-03-24T21:00:00Z,0,110.332
2018-03-24T22:00:00Z,0,103.609
2018-03-24T23:00:00Z,0,97.898
2018-03-25T00:00:00Z,0,88.313
2018-03-25T01:00:00Z,0,93.142
2018-03-25T02:00:00Z,0,92.098
2018-03-25T03:00:00Z,0,90.602
2018-03-25T04:00:00Z,0,90.085
2018-03-25T05:00:00Z,42.753,91.59
2018-03-25T06:00:00Z,321.909,96.848
2018-03-25T07:00:00Z,735.983,103.117
2018-03-25T08:00:00Z,1126.997,107.495
2018-03-25T09:00:00Z,1407.345,111.082
2018-03-25T10:00:00Z,1571.699,109.684
2018-03-25T11:00:00Z,1597.701,105.883
2018-03-25T12:00:00Z,1477.082,102.598
2018-03-25T13:00:00Z,1231.918,101.523
2018-03-25T14:00:00Z,909.308,100.219
2018-03-25T15:00:00Z,517.872,103.669
2018-03-25T16:00:00Z,170.241,109.622
2018-03-25T17:00:00Z,10.653,114.979
2018-03-25T18:00:00Z,0,117.672
2018-03-25T19:00:00Z,0,114.662
2018-03-25T20:00:00Z,0,115.021
2018-03-25T21:00:00Z,0,108.408
2018-03-25T22:00:00Z,0,100.612
2018-03-25T23:00:00Z,0,96.991
2018-03-26T00:00:00Z,0,94.401
2018-03-26T01:00:00Z,0,95.632
2018-03-26T02:00:00Z,0,99.276
2018-03-26T03:00:00Z,0,108.59
2018-03-26T04:00:00Z,0,125.938
2018-03-26T05:00:00Z,16.395,138.485
2018-03-26T06:00:00Z,116.514,145.285
2018-03-26T07:00:00Z,261.893,148.077
2018-03-26T08:00:00Z,445.456,150.265
2018-03-26T09:00:00Z,626.848,151.49
2018-03-26T10:00:00Z,730.19,150.37
2018-03-26T11:00:00Z,717.298,147.196
2018-03-26T12:00:00Z,681.216,145.567
2018-03-26T13:00:00Z,609.613,141.905
2018-03-26T14:00:00Z,484.972,138.911
2018-03-26T15:00:00Z,292.51,138.396
2018-03-26T16:00:00Z,108.527,140.086
2018-03-26T17:00:00Z,9.599,142.1
2018-03-26T18:00:00Z,0,140.941
2018-03-26T19:00:00Z,0,133.669
2018-03-26T20:00:00Z,0,127.458
2018-03-26T21:00:00Z,0,118.79
2018-03-26T22:00:00Z,0,109.526
2018-03-26T23:00:00Z,0,104.763
2018-03-27T00:00:00Z,0,102.613
2018-03-27T01:00:00Z,0,103.699
2018-03-27T02:00:00Z,0,106.86
2018-03-27T03:00:00Z,0,114.453
2018-03-27T04:00:00Z,0.07,129.568
2018-03-27T05:00:00Z,23.522,140.48
2018-03-27T06:00:00Z,192.584,144.889
2018-03-27T07:00:00Z,480.725,144.543
2018-03-27T08:00:00Z,810.309,146.069
2018-03-27T09:00:00Z,1065.478,146.933
2018-03-27T10:00:00Z,1171.046,145.935
2018-03-27T11:00:00Z,1128.133,144.958
2018-03-27T12:00:00Z,1020.955,142.316
2018-03-27T13:00:00Z,836.351,140.465
2018-03-27T14:00:00Z,621.086,138.075
2018-03-27T15:00:00Z,358.706,137.282
2018-03-27T16:00:00Z,124.329,137.904
2018-03-27T17:00:00Z,9.171,140.454
2018-03-27T18:00:00Z,0,139.98
2018-03-27T19:00:00Z,0,132.297
2018-03-27T20:00:00Z,0,126.327
2018-03-27T21:00:00Z,0,117.407
2018-03-27T22:00:00Z,0,109.998
2018-03-27T23:00:00Z,0,105.193
2018-03-28T00:00:00Z,0,103.507
2018-03-28T01:00:00Z,0,103.951
2018-03-28T02:00:00Z,0,106.952
2018-03-28T03:00:00Z,0,113.012
2018-03-28T04:00:00Z,0.07,128.364
2018-03-28T05:00:00Z,11.545,139.838
2018-03-28T06:00:00Z,81.722,146.057
2018-03-28T07:00:00Z,207.664,149.212
2018-03-28T08:00:00Z,343.051,151.92
2018-03-28T09:00:00Z,439.256,153.784
2018-03-28T10:00:00Z,492.222,152.899
2018-03-28T11:00:00Z,482.147,152.217
2018-03-28T12:00:00Z,418.896,149.707
2018-03-28T13:00:00Z,343.681,148.051
2018-03-28T14:00:00Z,237.26,144.278
2018-03-28T15:00:00Z,132.798,143.152
2018-03-28T16:00:00Z,43.52,144.295
2018-03-28T17:00:00Z,4.128,145.565
2018-03-28T18:00:00Z,0,143.1
2018-03-28T19:00:00Z,0,134.931
2018-03-28T20:00:00Z,0,129.429
2018-03-28T21:00:00Z,0,121.635
2018-03-28T22:00:00Z,0,114.679
2018-03-28T23:00:00Z,0,109.799
2018-03-29T00:00:00Z,0,108.487
2018-03-29T01:00:00Z,0,109.787
2018-03-29T02:00:00Z,0,112.155
2018-03-29T03:00:00Z,0,117.544
2018-03-29T04:00:00Z,0.07,130.452
2018-03-29T05:00:00Z,24.4,142.051
2018-03-29T06:00:00Z,165.35,147.446
2018-03-29T07:00:00Z,378.522,148.827
2018-03-29T08:00:00Z,597.567,150.141
2018-03-29T09:00:00Z,780.536,150.802
2018-03-29T10:00:00Z,892.051,149.261
2018-03-29T11:00:00Z,930.784,147.286
2018-03-29T12:00:00Z,897.224,142.17
2018-03-29T13:00:00Z,774.173,139.039
2018-03-29T14:00:00Z,603.859,135.012
2018-03-29T15:00:00Z,400.545,134.522
2018-03-29T16:00:00Z,183.808,133.374
2018-03-29T17:00:00Z,21.744,134.79
2018-03-29T18:00:00Z,0,134.422
2018-03-29T19:00:00Z,0,126.814
2018-03-29T20:00:00Z,0,120.293
2018-03-29T21:00:00Z,0,112.057
2018-03-29T22:00:00Z,0,104.186
2018-03-29T23:00:00Z,0,99.236
2018-03-30T00:00:00Z,0,95.914
2018-03-30T01:00:00Z,0,95.446
2018-03-30T02:00:00Z,0,96.639
2018-03-30T03:00:00Z,0,94.644
2018-03-30T04:00:00Z,0.21,92.017
2018-03-30T05:00:00Z,48.936,93.12
2018-03-30T06:00:00Z,263.696,100.473
2018-03-30T07:00:00Z,618.344,106.146
2018-03-30T08:00:00Z,983.758,110.505
2018-03-30T09:00:00Z,1294.992,113.13
2018-03-30T10:00:00Z,1467.737,114.936
2018-03-30T11:00:00Z,1478.084,110.263
2018-03-30T12:00:00Z,1344.138,106.388
2018-03-30T13:00:00Z,1131.545,104.396
2018-03-30T14:00:00Z,860.858,103.769
2018-03-30T15:00:00Z,511.733,106.57
2018-03-30T16:00:00Z,182.812,109.175
2018-03-30T17:00:00Z,16.289,110.528
2018-03-30T18:00:00Z,0,112.516
2018-03-30T19:00:00Z,0,108.934
2018-03-30T20:00:00Z,0,107.098
2018-03-30T21:00:00Z,0,101.04
2018-03-30T22:00:00Z,0,94.584
2018-03-30T23:00:00Z,0,90.361
2018-03-31T00:00:00Z,0,88.15
2018-03-31T01:00:00Z,0,88.05
2018-03-31T02:00:00Z,0,90.286
2018-03-31T03:00:00Z,0,91.532
2018-03-31T04:00:00Z,0.14,92.996
2018-03-31T05:00:00Z,17.612,97.455
2018-03-31T06:00:00Z,116.433,105.695
2018-03-31T07:00:00Z,281.298,111.71
2018-03-31T08:00:00Z,463.635,115.31
2018-03-31T09:00:00Z,618.576,116.462
2018-03-31T10:00:00Z,730.327,114.427
2018-03-31T11:00:00Z,770.861,112.824
2018-03-31T12:00:00Z,697.409,111.21
2018-03-31T13:00:00Z,585.799,109.15
2018-03-31T14:00:00Z,442.249,107.632
2018-03-31T15:00:00Z,292.83,109.263
2018-03-31T16:00:00Z,141.453,111.452
2018-03-31T17:00:00Z,20.827,112.294
2018-03-31T18:00:00Z,0,110.676
2018-03-31T19:00:00Z,0,106.403
2018-03-31T20:00:00Z,0,104.631
2018-03-31T21:00:00Z,0,97.709
2018-03-31T22:00:00Z,0,90.467
2018-03-31T23:00:00Z,0,85.981
2018-04-01T00:00:00Z,0,83.29
2018-04-01T01:00:00Z,0,83.574
2018-04-01T02:00:00Z,0,84.506
2018-04-01T03:00:00Z,0,84.275
2018-04-01T04:00:00Z,0.14,83.734
2018-04-01T05:00:00Z,23.621,86.28
2018-04-01T06:00:00Z,115.239,94.565
2018-04-01T07:00:00Z,223.77,101.461
2018-04-01T08:00:00Z,357.179,105.845
2018-04-01T09:00:00Z,490.938,110.041
2018-04-01T10:00:00Z,609.253,107.016
2018-04-01T11:00:00Z,698.425,102.348
2018-04-01T12:00:00Z,740.496,99.482
2018-04-01T13:00:00Z,688.222,97.412
2018-04-01T14:00:00Z,548.383,96.41
2018-04-01T15:00:00Z,352.078,98.233
2018-04-01T16:00:00Z,151.16,101.018
2018-04-01T17:00:00Z,18.589,102.446
2018-04-01T18:00:00Z,0,104.167
2018-04-01T19:00:00Z,0,101.73
2018-04-01T20:00:00Z,0,100.454
2018-04-01T21:00:00Z,0,95.333
2018-04-01T22:00:00Z,0,89.454
2018-04-01T23:00:00Z,0,85.438
2018-04-02T00:00:00Z,0,83.976
2018-04-02T01:00:00Z,0,84.715
2018-04-02T02:00:00Z,0,85.53
2018-04-02T03:00:00Z,0,86.406
2018-04-02T04:00:00Z,0.489,85.066
2018-04-02T05:00:00Z,69.322,86.479
2018-04-02T06:00:00Z,330.678,92.611
2018-04-02T07:00:00Z,693.082,99.685
2018-04-02T08:00:00Z,1038.155,102.395
2018-04-02T09:00:00Z,1302.795,104.599
2018-04-02T10:00:00Z,1458.7,104.332
2018-04-02T11:00:00Z,1473.235,100.033
2018-04-02T12:00:00Z,1391.195,96.649
2018-04-02T13:00:00Z,1202.586,95.645
2018-04-02T14:00:00Z,897.275,95.283
2018-04-02T15:00:00Z,524.458,98.808
2018-04-02T16:00:00Z,191.055,103.483
2018-04-02T17:00:00Z,19.567,105.15
2018-04-02T18:00:00Z,0,108.547
2018-04-02T19:00:00Z,0,105.975
2018-04-02T20:00:00Z,0,104.308
2018-04-02T21:00:00Z,0,97.791
2018-04-02T22:00:00Z,0,92.015
2018-04-02T23:00:00Z,0,88.903
2018-04-03T00:00:00Z,0,87.618
2018-04-03T01:00:00Z,0,89.597
2018-04-03T02:00:00Z,0,94.766
2018-04-03T03:00:00Z,0,103.023
2018-04-03T04:00:00Z,0.349,120.932
2018-04-03T05:00:00Z,48.418,132.408
2018-04-03T06:00:00Z,258.995,139.484
2018-04-03T07:00:00Z,603.717,141.17
2018-04-03T08:00:00Z,982.813,142.57
2018-04-03T09:00:00Z,1264.305,145.426
2018-04-03T10:00:00Z,1411.444,147.038
2018-04-03T11:00:00Z,1418.85,145.505
2018-04-03T12:00:00Z,1332.914,142.286
2018-04-03T13:00:00Z,1141.829,138.889
2018-04-03T14:00:00Z,831.063,135.484
2018-04-03T15:00:00Z,483.407,135.899
2018-04-03T16:00:00Z,182.911,137.278
2018-04-03T17:00:00Z,25.851,137.624
2018-04-03T18:00:00Z,0.07,137.498
2018-04-03T19:00:00Z,0,130.346
2018-04-03T20:00:00Z,0,122.37
2018-04-03T21:00:00Z,0,110.445
2018-04-03T22:00:00Z,0,102.976
2018-04-03T23:00:00Z,0,99.98
2018-04-04T00:00:00Z,0,98.128
2018-04-04T01:00:00Z,0,100.48
2018-04-04T02:00:00Z,0,102.327
2018-04-04T03:00:00Z,0,110.084
2018-04-04T04:00:00Z,0.978,126.019
2018-04-04T05:00:00Z,80.041,136.904
2018-04-04T06:00:00Z,333.155,145.276
2018-04-04T07:00:00Z,659.325,146.619
2018-04-04T08:00:00Z,951.622,147.918
2018-04-04T09:00:00Z,1199.707,147.591
2018-04-04T10:00:00Z,1357.903,146.555
2018-04-04T11:00:00Z,1376.062,147.065
2018-04-04T12:00:00Z,1241.473,144.081
2018-04-04T13:00:00Z,1018.113,138.237
2018-04-04T14:00:00Z,755.361,135.463
2018-04-04T15:00:00Z,471.166,133.937
2018-04-04T16:00:00Z,201.779,135.151
2018-04-04T17:00:00Z,27.798,135.559
2018-04-04T18:00:00Z,0,136.784
2018-04-04T19:00:00Z,0,131.1
2018-04-04T20:00:00Z,0,122.591
2018-04-04T21:00:00Z,0,113.587
2018-04-04T22:00:00Z,0,103.678
2018-04-04T23:00:00Z,0,100.535
2018-04-05T00:00:00Z,0,99.866
2018-04-05T01:00:00Z,0,100.475
2018-04-05T02:00:00Z,0,104.357
2018-04-05T03:00:00Z,0,110.956
2018-04-05T04:00:00Z,1.187,126.481
2018-04-05T05:00:00Z,74.995,136.386
2018-04-05T06:00:00Z,308.498,143.4
2018-04-05T07:00:00Z,583.968,145.918
2018-04-05T08:00:00Z,772.083,151.939
2018-04-05T09:00:00Z,832.065,155.013
2018-04-05T10:00:00Z,829.411,151.646
2018-04-05T11:00:00Z,844.983,149.492
2018-04-05T12:00:00Z,834.369,148.842
2018-04-05T13:00:00Z,690.105,148.226
2018-04-05T14:00:00Z,527.337,145.811
2018-04-05T15:00:00Z,381.538,144.255
2018-04-05T16:00:00Z,191.048,142.224
2018-04-05T17:00:00Z,32.609,142.574
2018-04-05T18:00:00Z,0.07,141.792
2018-04-05T19:00:00Z,0,135.798
2018-04-05T20:00:00Z,0,127.676
2018-04-05T21:00:00Z,0,118.769
2018-04-05T22:00:00Z,0,110.394
2018-04-05T23:00:00Z,0,104.571
2018-04-06T00:00:00Z,0,103.083
2018-04-06T01:00:00Z,0,104.005
2018-04-06T02:00:00Z,0,106.604
2018-04-06T03:00:00Z,0,114.053
2018-04-06T04:00:00Z,2.094,128.734
2018-04-06T05:00:00Z,139.463,138.59
2018-04-06T06:00:00Z,547.733,143.928
2018-04-06T07:00:00Z,1044.999,145.146
2018-04-06T08:00:00Z,1470.788,145.83
2018-04-06T09:00:00Z,1764.303,146.349
2018-04-06T10:00:00Z,1931.827,143.173
2018-04-06T11:00:00Z,1976.151,140.792
2018-04-06T12:00:00Z,1902.58,136.921
2018-04-06T13:00:00Z,1690.314,133.941
2018-04-06T14:00:00Z,1332.302,130.933
2018-04-06T15:00:00Z,861.77,130.175
2018-04-06T16:00:00Z,368.482,131.113
2018-04-06T17:00:00Z,52.072,131.846
2018-04-06T18:00:00Z,0.07,132.051
2018-04-06T19:00:00Z,0,127.804
2018-04-06T20:00:00Z,0,120.124
2018-04-06T21:00:00Z,0,113.2
2018-04-06T22:00:00Z,0,106.544
2018-04-06T23:00:00Z,0,101.41
2018-04-07T00:00:00Z,0,98.312
2018-04-07T01:00:00Z,0,97.637
2018-04-07T02:00:00Z,0,98.956
2018-04-07T03:00:00Z,0,100.294
2018-04-07T04:00:00Z,2.792,102.318
2018-04-07T05:00:00Z,146.793,108.228
2018-04-07T06:00:00Z,561.833,116.77
2018-04-07T07:00:00Z,1054.422,121.644
2018-04-07T08:00:00Z,1474.069,124.57
2018-04-07T09:00:00Z,1754.741,124.504
2018-04-07T10:00:00Z,1903.558,121.998
2018-04-07T11:00:00Z,1930.292,117.437
2018-04-07T12:00:00Z,1846.181,112.792
2018-04-07T13:00:00Z,1627.213,109.9
2018-04-07T14:00:00Z,1288.327,107.596
2018-04-07T15:00:00Z,836.571,108.414
2018-04-07T16:00:00Z,359.687,110.165
2018-04-07T17:00:00Z,55.771,111.717
2018-04-07T18:00:00Z,0.14,111.627
2018-04-07T19:00:00Z,0,109.15
2018-04-07T20:00:00Z,0,105.024
2018-04-07T21:00:00Z,0,97.476
2018-04-07T22:00:00Z,0,89.89
2018-04-07T23:00:00Z,0,85.75
2018-04-08T00:00:00Z,0,82.939
2018-04-08T01:00:00Z,0,82.383
2018-04-08T02:00:00Z,0,83.076
2018-04-08T03:00:00Z,0,83.473
2018-04-08T04:00:00Z,3.56,84.271
2018-04-08T05:00:00Z,141.278,88.933
2018-04-08T06:00:00Z,514.647,96.686
2018-04-08T07:00:00Z,963.261,102.224
2018-04-08T08:00:00Z,1349.054,107.425
2018-04-08T09:00:00Z,1622.955,110.509
2018-04-08T10:00:00Z,1775.542,108.545
2018-04-08T11:00:00Z,1804.788,103.571
2018-04-08T12:00:00Z,1722.143,100.529
2018-04-08T13:00:00Z,1521.604,97.797
2018-04-08T14:00:00Z,1194.863,95.952
2018-04-08T15:00:00Z,765.932,98.53
2018-04-08T16:00:00Z,325.066,103.182
2018-04-08T17:00:00Z,52.212,106.422
2018-04-08T18:00:00Z,0.209,110.725
2018-04-08T19:00:00Z,0,108.481
2018-04-08T20:00:00Z,0,105.328
2018-04-08T21:00:00Z,0,97.083
2018-04-08T22:00:00Z,0,89.32
2018-04-08T23:00:00Z,0,86.233
2018-04-09T00:00:00Z,0,85.235
2018-04-09T01:00:00Z,0,86.015
2018-04-09T02:00:00Z,0,90.136
2018-04-09T03:00:00Z,0,100.23
2018-04-09T04:00:00Z,4.606,120.432
2018-04-09T05:00:00Z,137.055,132.359
2018-04-09T06:00:00Z,429.309,138.169
2018-04-09T07:00:00Z,760.014,140.375
2018-04-09T08:00:00Z,1035.939,140.542
2018-04-09T09:00:00Z,1234.124,143.71
2018-04-09T10:00:00Z,1332.449,143.224
2018-04-09T11:00:00Z,1349.546,140.897
2018-04-09T12:00:00Z,1258.269,139.368
2018-04-09T13:00:00Z,1068.388,136.252
2018-04-09T14:00:00Z,802.094,133.028
2018-04-09T15:00:00Z,501.675,132.671
2018-04-09T16:00:00Z,218.004,132.917
2018-04-09T17:00:00Z,40.126,133.225
2018-04-09T18:00:00Z,0.07,133.161
2018-04-09T19:00:00Z,0,125.718
2018-04-09T20:00:00Z,0,117.433
2018-04-09T21:00:00Z,0,108.444
2018-04-09T22:00:00Z,0,101.335
2018-04-09T23:00:00Z,0,98.676
2018-04-10T00:00:00Z,0,96.414
2018-04-10T01:00:00Z,0,97.19
2018-04-10T02:00:00Z,0,100.912
2018-04-10T03:00:00Z,0,108.305
2018-04-10T04:00:00Z,4.953,127.259
2018-04-10T05:00:00Z,133.171,136.745
2018-04-10T06:00:00Z,437.879,141.093
2018-04-10T07:00:00Z,796.024,142.002
2018-04-10T08:00:00Z,1110.917,143.613
2018-04-10T09:00:00Z,1343.983,146.11
2018-04-10T10:00:00Z,1482.735,145.02
2018-04-10T11:00:00Z,1459.714,144.128
2018-04-10T12:00:00Z,1352.564,142.709
2018-04-10T13:00:00Z,1160.656,142.017
2018-04-10T14:00:00Z,839.623,138.77
2018-04-10T15:00:00Z,500.384,137.451
2018-04-10T16:00:00Z,208.859,137.799
2018-04-10T17:00:00Z,36.275,138.389
2018-04-10T18:00:00Z,0.14,138.37
2018-04-10T19:00:00Z,0,131.487
2018-04-10T20:00:00Z,0,122.456
2018-04-10T21:00:00Z,0,113.296
2018-04-10T22:00:00Z,0,105.798
2018-04-10T23:00:00Z,0,101.256
2018-04-11T00:00:00Z,0,99.413
2018-04-11T01:00:00Z,0,100.163
2018-04-11T02:00:00Z,0,104.336
2018-04-11T03:00:00Z,0,113.183
2018-04-11T04:00:00Z,4.462,130.175
2018-04-11T05:00:00Z,102.77,141.527
2018-04-11T06:00:00Z,351.05,146.014
2018-04-11T07:00:00Z,684.113,146.488
2018-04-11T08:00:00Z,994.027,149.12
2018-04-11T09:00:00Z,1225.853,150.716
2018-04-11T10:00:00Z,1337.687,148.844
2018-04-11T11:00:00Z,1372.478,147.598
2018-04-11T12:00:00Z,1343.613,144.682
2018-04-11T13:00:00Z,1188.412,142.831
2018-04-11T14:00:00Z,934.206,139.127
2018-04-11T15:00:00Z,608.185,137.562
2018-04-11T16:00:00Z,287.185,137.953
2018-04-11T17:00:00Z,56.335,138.584
2018-04-11T18:00:00Z,0.418,137.387
2018-04-11T19:00:00Z,0,131.179
2018-04-11T20:00:00Z,0,122.009
2018-04-11T21:00:00Z,0,112.805
2018-04-11T22:00:00Z,0,104.265
2018-04-11T23:00:00Z,0,100.035
2018-04-12T00:00:00Z,0,98.225
2018-04-12T01:00:00Z,0,98.639
2018-04-12T02:00:00Z,0,102.038
2018-04-12T03:00:00Z,0,109.96
2018-04-12T04:00:00Z,5.436,126.953
2018-04-12T05:00:00Z,118.481,137.891
2018-04-12T06:00:00Z,390.986,144.156
2018-04-12T07:00:00Z,738.274,145.875
2018-04-12T08:00:00Z,1051.829,146.965
2018-04-12T09:00:00Z,1211.5,148.218
2018-04-12T10:00:00Z,1314.996,146.307
2018-04-12T11:00:00Z,1326.774,145.732
2018-04-12T12:00:00Z,1225.648,144.007
2018-04-12T13:00:00Z,1022.837,143.357
2018-04-12T14:00:00Z,771.239,139.924
2018-04-12T15:00:00Z,475.804,138.385
2018-04-12T16:00:00Z,225.322,137.622
2018-04-12T17:00:00Z,49.413,136.758
2018-04-12T18:00:00Z,0.558,136.589
2018-04-12T19:00:00Z,0,131.472
2018-04-12T20:00:00Z,0,122.687
2018-04-12T21:00:00Z,0,112.642
2018-04-12T22:00:00Z,0,104.674
2018-04-12T23:00:00Z,0,100.482
2018-04-13T00:00:00Z,0,98.252
2018-04-13T01:00:00Z,0,99.187
2018-04-13T02:00:00Z,0,101.856
2018-04-13T03:00:00Z,0,109.96
2018-04-13T04:00:00Z,4.738,126.051
2018-04-13T05:00:00Z,83.467,137.823
2018-04-13T06:00:00Z,232.774,144.842
2018-04-13T07:00:00Z,445.133,145.984
2018-04-13T08:00:00Z,624.399,148.711
2018-04-13T09:00:00Z,714.485,150.926
2018-04-13T10:00:00Z,749.112,147.876
2018-04-13T11:00:00Z,747.997,144.118
2018-04-13T12:00:00Z,705.427,141.568
2018-04-13T13:00:00Z,608.653,138.15
2018-04-13T14:00:00Z,496.412,136.365
2018-04-13T15:00:00Z,340.068,136.76
2018-04-13T16:00:00Z,170.069,136.75
2018-04-13T17:00:00Z,34.557,134.796
2018-04-13T18:00:00Z,0.209,131.989
2018-04-13T19:00:00Z,0,125.709
2018-04-13T20:00:00Z,0,118.484
2018-04-13T21:00:00Z,0,110.039
2018-04-13T22:00:00Z,0,102.164
2018-04-13T23:00:00Z,0,98.163
2018-04-14T00:00:00Z,0,94.443
2018-04-14T01:00:00Z,0,93.766
2018-04-14T02:00:00Z,0,93.727
2018-04-14T03:00:00Z,0,95.523
2018-04-14T04:00:00Z,7.106,97.96
2018-04-14T05:00:00Z,121.502,104.93
2018-04-14T06:00:00Z,391.12,113.957
2018-04-14T07:00:00Z,735.979,119.619
2018-04-14T08:00:00Z,1067.741,122.193
2018-04-14T09:00:00Z,1322.519,123.195
2018-04-14T10:00:00Z,1421.867,121.907
2018-04-14T11:00:00Z,1412.043,117.298
2018-04-14T12:00:00Z,1332.412,112.638
2018-04-14T13:00:00Z,1173.359,109.693
2018-04-14T14:00:00Z,940.248,109.064
2018-04-14T15:00:00Z,625.415,109.526
2018-04-14T16:00:00Z,277.56,111.448
2018-04-14T17:00:00Z,59.288,111.377
2018-04-14T18:00:00Z,0.488,110.798
2018-04-14T19:00:00Z,0,106.493
2018-04-14T20:00:00Z,0,101.249
2018-04-14T21:00:00Z,0,94.138
2018-04-14T22:00:00Z,0,86.135
2018-04-14T23:00:00Z,0,81.191
2018-04-15T00:00:00Z,0,78.833
2018-04-15T01:00:00Z,0,78.69
2018-04-15T02:00:00Z,0,79.459
2018-04-15T03:00:00Z,0,80.551
2018-04-15T04:00:00Z,8.151,80.902
2018-04-15T05:00:00Z,109.586,85.895
2018-04-15T06:00:00Z,336.004,93.855
2018-04-15T07:00:00Z,653.825,99.137
2018-04-15T08:00:00Z,974.502,104.586
2018-04-15T09:00:00Z,1207.329,108.848
2018-04-15T10:00:00Z,1315.661,108.03
2018-04-15T11:00:00Z,1307.51,103.455
2018-04-15T12:00:00Z,1257.629,98.885
2018-04-15T13:00:00Z,1100.878,95.743
2018-04-15T14:00:00Z,844.852,95.598
2018-04-15T15:00:00Z,512.819,98.404
2018-04-15T16:00:00Z,223.701,101.621
2018-04-15T17:00:00Z,52.041,105.039
2018-04-15T18:00:00Z,0.627,107.591
2018-04-15T19:00:00Z,0,105.078
2018-04-15T20:00:00Z,0,101.997
2018-04-15T21:00:00Z,0,93.907
2018-04-15T22:00:00Z,0,88.101
2018-04-15T23:00:00Z,0,85.239
2018-04-16T00:00:00Z,0,83.871
2018-04-16T01:00:00Z,0,85.096
2018-04-16T02:00:00Z,0,88.924
2018-04-16T03:00:00Z,0,98.825
2018-04-16T04:00:00Z,4.04,118.999
2018-04-16T05:00:00Z,64.426,132.047
2018-04-16T06:00:00Z,220.231,138.725
2018-04-16T07:00:00Z,427.228,140.334
2018-04-16T08:00:00Z,649.131,141.219
2018-04-16T09:00:00Z,848.467,143.147
2018-04-16T10:00:00Z,936.016,141.538
2018-04-16T11:00:00Z,923.479,139.571
2018-04-16T12:00:00Z,877.859,138.821
2018-04-16T13:00:00Z,759.525,137.797
2018-04-16T14:00:00Z,623.709,133.022
2018-04-16T15:00:00Z,443.456,131.977
2018-04-16T16:00:00Z,236.947,132.032
2018-04-16T17:00:00Z,65.331,132.353
2018-04-16T18:00:00Z,1.95,130.865
2018-04-16T19:00:00Z,0,126.248
2018-04-16T20:00:00Z,0,116.932
2018-04-16T21:00:00Z,0,106.538
2018-04-16T22:00:00Z,0,98.528
2018-04-16T23:00:00Z,0,94.437
2018-04-17T00:00:00Z,0,92.748
2018-04-17T01:00:00Z,0,93.477
2018-04-17T02:00:00Z,0,97.609
2018-04-17T03:00:00Z,0,106.337
2018-04-17T04:00:00Z,13.229,123.206
2018-04-17T05:00:00Z,175.037,133.952
2018-04-17T06:00:00Z,523.858,138.428
2018-04-17T07:00:00Z,948.71,138.804
2018-04-17T08:00:00Z,1324.406,140.345
2018-04-17T09:00:00Z,1577.353,141.739
2018-04-17T10:00:00Z,1685.342,141.065
2018-04-17T11:00:00Z,1696.342,139.595
2018-04-17T12:00:00Z,1646.63,136.966
2018-04-17T13:00:00Z,1495.335,134.993
2018-04-17T14:00:00Z,1198.733,131.579
2018-04-17T15:00:00Z,807.023,130.544
2018-04-17T16:00:00Z,388.229,131.682
2018-04-17T17:00:00Z,94.829,132.398
2018-04-17T18:00:00Z,2.367,131.581
2018-04-17T19:00:00Z,0,127.323
2018-04-17T20:00:00Z,0,117.875
2018-04-17T21:00:00Z,0,107.296
2018-04-17T22:00:00Z,0,98.325
2018-04-17T23:00:00Z,0,94.315
2018-04-18T00:00:00Z,0,92.477
2018-04-18T01:00:00Z,0,93.084
2018-04-18T02:00:00Z,0,96.121
2018-04-18T03:00:00Z,0,106.411
2018-04-18T04:00:00Z,19.064,123.452
2018-04-18T05:00:00Z,223.972,134.088
2018-04-18T06:00:00Z,636.64,138.778
2018-04-18T07:00:00Z,1086.602,139.411
2018-04-18T08:00:00Z,1457.731,140.886
2018-04-18T09:00:00Z,1711.9,142.748
2018-04-18T10:00:00Z,1848.9,141.245
2018-04-18T11:00:00Z,1875.965,139.586
2018-04-18T12:00:00Z,1787.949,137.034
2018-04-18T13:00:00Z,1588.608,134.668
2018-04-18T14:00:00Z,1278.568,131.506
2018-04-18T15:00:00Z,860.89,131.827
2018-04-18T16:00:00Z,410.998,132.376
2018-04-18T17:00:00Z,96.505,132.259
2018-04-18T18:00:00Z,2.505,130.132
2018-04-18T19:00:00Z,0,126.864
2018-04-18T20:00:00Z,0,117.099
2018-04-18T21:00:00Z,0,105.563
2018-04-18T22:00:00Z,0,98.688
2018-04-18T23:00:00Z,0,94.822
2018-04-19T00:00:00Z,0,92.609
2018-04-19T01:00:00Z,0,93.588
2018-04-19T02:00:00Z,0,96.312
2018-04-19T03:00:00Z,0,104.868
2018-04-19T04:00:00Z,21.697,120.93
2018-04-19T05:00:00Z,231.989,132.99
2018-04-19T06:00:00Z,646.036,138.966
2018-04-19T07:00:00Z,1104.798,140.657
2018-04-19T08:00:00Z,1478.79,141.963
2018-04-19T09:00:00Z,1728.303,144.964
2018-04-19T10:00:00Z,1855.076,142.643
2018-04-19T11:00:00Z,1873.227,141.262
2018-04-19T12:00:00Z,1787.135,138.81
2018-04-19T13:00:00Z,1579.346,136.023
2018-04-19T14:00:00Z,1263.213,133.152
2018-04-19T15:00:00Z,849.513,133.152
2018-04-19T16:00:00Z,410.918,132.896
2018-04-19T17:00:00Z,103.894,133.122
2018-04-19T18:00:00Z,3.616,131.282
2018-04-19T19:00:00Z,0,128.268
2018-04-19T20:00:00Z,0,118.647
2018-04-19T21:00:00Z,0,107.478
2018-04-19T22:00:00Z,0,99.3
2018-04-19T23:00:00Z,0,95.619
2018-04-20T00:00:00Z,0,93.629
2018-04-20T01:00:00Z,0,94.388
2018-04-20T02:00:00Z,0,96.147
2018-04-20T03:00:00Z,0,105.223
2018-04-20T04:00:00Z,24.052,122.734
2018-04-20T05:00:00Z,235.24,133.539
2018-04-20T06:00:00Z,643.225,139.896
2018-04-20T07:00:00Z,1093.405,142.072
2018-04-20T08:00:00Z,1465.659,144.456
2018-04-20T09:00:00Z,1704.444,145.084
2018-04-20T10:00:00Z,1834.716,142.598
2018-04-20T11:00:00Z,1855.292,139.757
2018-04-20T12:00:00Z,1757.971,135.841
2018-04-20T13:00:00Z,1556.238,132.844
2018-04-20T14:00:00Z,1244.323,130.97
2018-04-20T15:00:00Z,836.268,131.515
2018-04-20T16:00:00Z,404.44,130.162
2018-04-20T17:00:00Z,102.465,128.251
2018-04-20T18:00:00Z,3.337,125.104
2018-04-20T19:00:00Z,0,121.697
2018-04-20T20:00:00Z,0,113.48
2018-04-20T21:00:00Z,0,105.182
2018-04-20T22:00:00Z,0,99.18
2018-04-20T23:00:00Z,0,94.174
2018-04-21T00:00:00Z,0,90.899
2018-04-21T01:00:00Z,0,90.04
2018-04-21T02:00:00Z,0,90.222
2018-04-21T03:00:00Z,0,91.592
2018-04-21T04:00:00Z,25.789,94.946
2018-04-21T05:00:00Z,234.395,102.756
2018-04-21T06:00:00Z,626.442,113.664
2018-04-21T07:00:00Z,1064.785,118.057
2018-04-21T08:00:00Z,1438.621,120.081
2018-04-21T09:00:00Z,1685.041,120.891
2018-04-21T10:00:00Z,1818.157,118.677
2018-04-21T11:00:00Z,1829.557,114.107
2018-04-21T12:00:00Z,1727.721,110.381
2018-04-21T13:00:00Z,1521.688,108.363
2018-04-21T14:00:00Z,1209.926,106.458
2018-04-21T15:00:00Z,815.168,107.209
2018-04-21T16:00:00Z,402.127,109.921
2018-04-21T17:00:00Z,106.979,110.34
2018-04-21T18:00:00Z,4.24,107.651
2018-04-21T19:00:00Z,0,106.059
2018-04-21T20:00:00Z,0,99.945
2018-04-21T21:00:00Z,0,92.626
2018-04-21T22:00:00Z,0,84.948
2018-04-21T23:00:00Z,0,80.321
2018-04-22T00:00:00Z,0,78.14
2018-04-22T01:00:00Z,0,77.433
2018-04-22T02:00:00Z,0,77.484
2018-04-22T03:00:00Z,0.07,78.553
2018-04-22T04:00:00Z,27.942,78.713
2018-04-22T05:00:00Z,241.677,84.033
2018-04-22T06:00:00Z,623.897,92.844
2018-04-22T07:00:00Z,1052.13,99.315
2018-04-22T08:00:00Z,1412.317,102.966
2018-04-22T09:00:00Z,1645.652,106.935
2018-04-22T10:00:00Z,1751.442,105.505
2018-04-22T11:00:00Z,1759.575,101.685
2018-04-22T12:00:00Z,1621.95,99.09
2018-04-22T13:00:00Z,1403.003,97.528
2018-04-22T14:00:00Z,1080.837,97.474
2018-04-22T15:00:00Z,697.644,99.464
2018-04-22T16:00:00Z,320.984,103.293
2018-04-22T17:00:00Z,81.115,104.558
2018-04-22T18:00:00Z,3.614,105.612
2018-04-22T19:00:00Z,0,106.183
2018-04-22T20:00:00Z,0,102.981
2018-04-22T21:00:00Z,0,95.664
2018-04-22T22:00:00Z,0,91.355
2018-04-22T23:00:00Z,0,88.253
2018-04-23T00:00:00Z,0,86.797
2018-04-23T01:00:00Z,0,87.93
2018-04-23T02:00:00Z,0,90.35
2018-04-23T03:00:00Z,0.069,99.892
2018-04-23T04:00:00Z,22.019,119.335
2018-04-23T05:00:00Z,160.732,131.245
2018-04-23T06:00:00Z,388.84,138.46
2018-04-23T07:00:00Z,673.211,140.11
2018-04-23T08:00:00Z,937.995,143.746
2018-04-23T09:00:00Z,1065.316,144.601
2018-04-23T10:00:00Z,1115.05,142.801
2018-04-23T11:00:00Z,1187.289,140.899
2018-04-23T12:00:00Z,1207.432,139.469
2018-04-23T13:00:00Z,1071.012,137.538
2018-04-23T14:00:00Z,831.859,136.435
2018-04-23T15:00:00Z,587.983,134.063
2018-04-23T16:00:00Z,314.517,135.48
2018-04-23T17:00:00Z,94.883,134.856
2018-04-23T18:00:00Z,4.376,131.284
2018-04-23T19:00:00Z,0,126.855
2018-04-23T20:00:00Z,0,116.484
2018-04-23T21:00:00Z,0,106.728
2018-04-23T22:00:00Z,0,98.336
2018-04-23T23:00:00Z,0,95.108
2018-04-24T00:00:00Z,0,92.958
2018-04-24T01:00:00Z,0,92.851
2018-04-24T02:00:00Z,0,95.595
2018-04-24T03:00:00Z,0.069,104.372
2018-04-24T04:00:00Z,26.863,120.874
2018-04-24T05:00:00Z,195.326,132.806
2018-04-24T06:00:00Z,474.85,139.862
2018-04-24T07:00:00Z,781.93,140.443
2018-04-24T08:00:00Z,997.733,144.111
2018-04-24T09:00:00Z,1132.948,148.194
2018-04-24T10:00:00Z,1185.076,146.657
2018-04-24T11:00:00Z,1165.155,146.711
2018-04-24T12:00:00Z,1088.038,142.647
2018-04-24T13:00:00Z,984.752,138.624
2018-04-24T14:00:00Z,828.991,135.642
2018-04-24T15:00:00Z,597.432,134.858
2018-04-24T16:00:00Z,311.8,135.142
2018-04-24T17:00:00Z,88.64,136.036
2018-04-24T18:00:00Z,3.332,132.676
2018-04-24T19:00:00Z,0,128.74
2018-04-24T20:00:00Z,0,119.102
2018-04-24T21:00:00Z,0,107.921
2018-04-24T22:00:00Z,0,100.189
2018-04-24T23:00:00Z,0,96.087
2018-04-25T00:00:00Z,0,94.463
2018-04-25T01:00:00Z,0,95.424
2018-04-25T02:00:00Z,0,98.4
2018-04-25T03:00:00Z,0.069,107.153
2018-04-25T04:00:00Z,24.42,124.677
2018-04-25T05:00:00Z,181.972,137.786
2018-04-25T06:00:00Z,464.052,145.225
2018-04-25T07:00:00Z,766.459,146.591
2018-04-25T08:00:00Z,986.171,148.064
2018-04-25T09:00:00Z,1099.045,150.964
2018-04-25T10:00:00Z,1135.745,150.319
2018-04-25T11:00:00Z,1155.933,149.248
2018-04-25T12:00:00Z,1093.495,144.37
2018-04-25T13:00:00Z,979.789,142.006
2018-04-25T14:00:00Z,793.863,139.011
2018-04-25T15:00:00Z,552.228,138.368
2018-04-25T16:00:00Z,291.03,136.168
2018-04-25T17:00:00Z,94.073,137.252
2018-04-25T18:00:00Z,5.064,134.542
2018-04-25T19:00:00Z,0,127.804
2018-04-25T20:00:00Z,0,117.914
2018-04-25T21:00:00Z,0,108.173
2018-04-25T22:00:00Z,0,100.788
2018-04-25T23:00:00Z,0,97.145
2018-04-26T00:00:00Z,0,95.311
2018-04-26T01:00:00Z,0,96.059
2018-04-26T02:00:00Z,0,99.045
2018-04-26T03:00:00Z,0.139,107.878
2018-04-26T04:00:00Z,23.503,124.48
2018-04-26T05:00:00Z,149.269,136.835
2018-04-26T06:00:00Z,381.942,142.953
2018-04-26T07:00:00Z,634.166,145.806
2018-04-26T08:00:00Z,833.561,148.027
2018-04-26T09:00:00Z,995.863,149.023
2018-04-26T10:00:00Z,1072.82,149.043
2018-04-26T11:00:00Z,1132.652,147.166
2018-04-26T12:00:00Z,1149.638,144.216
2018-04-26T13:00:00Z,1079.753,141.234
2018-04-26T14:00:00Z,934.436,138.921
2018-04-26T15:00:00Z,676.527,137.282
2018-04-26T16:00:00Z,367.937,137.301
2018-04-26T17:00:00Z,119.179,137.65
2018-04-26T18:00:00Z,7.349,132.767
2018-04-26T19:00:00Z,0,130.487
2018-04-26T20:00:00Z,0,119.957
2018-04-26T21:00:00Z,0,109.915
2018-04-26T22:00:00Z,0,101.948
2018-04-26T23:00:00Z,0,97.853
2018-04-27T00:00:00Z,0,95.484
2018-04-27T01:00:00Z,0,97.447
2018-04-27T02:00:00Z,0,100.512
2018-04-27T03:00:00Z,0.277,109.021
2018-04-27T04:00:00Z,42.665,124.491
2018-04-27T05:00:00Z,278.016,135.967
2018-04-27T06:00:00Z,670.245,140.95
2018-04-27T07:00:00Z,1101.468,141.649
2018-04-27T08:00:00Z,1444.937,142.294
2018-04-27T09:00:00Z,1681.05,142.818
2018-04-27T10:00:00Z,1776.423,142.312
2018-04-27T11:00:00Z,1739.576,138.81
2018-04-27T12:00:00Z,1635.06,134.392
2018-04-27T13:00:00Z,1443.621,132.357
2018-04-27T14:00:00Z,1167.96,129.991
2018-04-27T15:00:00Z,794.778,131.083
2018-04-27T16:00:00Z,395.761,130.136
2018-04-27T17:00:00Z,124.602,129.444
2018-04-27T18:00:00Z,7.619,126.752
2018-04-27T19:00:00Z,0,123.651
2018-04-27T20:00:00Z,0,114.442
2018-04-27T21:00:00Z,0,105.39
2018-04-27T22:00:00Z,0,98.255
2018-04-27T23:00:00Z,0,93.46
2018-04-28T00:00:00Z,0,91.147
2018-04-28T01:00:00Z,0,91.087
2018-04-28T02:00:00Z,0,90.805
2018-04-28T03:00:00Z,0.346,92.569
2018-04-28T04:00:00Z,43.145,95.816
2018-04-28T05:00:00Z,258.178,103.44
2018-04-28T06:00:00Z,606.039,112.602
2018-04-28T07:00:00Z,985.549,119.108
2018-04-28T08:00:00Z,1281.332,120.972
2018-04-28T09:00:00Z,1470.671,122.236
2018-04-28T10:00:00Z,1515.34,119.846
2018-04-28T11:00:00Z,1501.904,115.778
2018-04-28T12:00:00Z,1410.351,111.27
2018-04-28T13:00:00Z,1250.998,109.477
2018-04-28T14:00:00Z,980.909,108.109
2018-04-28T15:00:00Z,654.378,109.784
2018-04-28T16:00:00Z,323.068,111.608
2018-04-28T17:00:00Z,91.692,111.135
2018-04-28T18:00:00Z,3.947,109.075
2018-04-28T19:00:00Z,0,106.818
2018-04-28T20:00:00Z,0,101.307
2018-04-28T21:00:00Z,0,94.349
2018-04-28T22:00:00Z,0,86.68
2018-04-28T23:00:00Z,0,81.973
2018-04-29T00:00:00Z,0,80.075
2018-04-29T01:00:00Z,0,78.978
2018-04-29T02:00:00Z,0,79.228
2018-04-29T03:00:00Z,0.415,79.874
2018-04-29T04:00:00Z,47.849,80.066
2018-04-29T05:00:00Z,261.541,85.981
2018-04-29T06:00:00Z,595.859,94.227
2018-04-29T07:00:00Z,963.415,100.587
2018-04-29T08:00:00Z,1273.359,103.964
2018-04-29T09:00:00Z,1491.829,108.32
2018-04-29T10:00:00Z,1590.435,108.959
2018-04-29T11:00:00Z,1609.962,103.562
2018-04-29T12:00:00Z,1548.541,99.787
2018-04-29T13:00:00Z,1347.036,98.272
2018-04-29T14:00:00Z,1081.064,97.72
2018-04-29T15:00:00Z,722.094,100.674
2018-04-29T16:00:00Z,376.212,103.686
2018-04-29T17:00:00Z,119.657,103.872
2018-04-29T18:00:00Z,8.379,103.248
2018-04-29T19:00:00Z,0,104.355
2018-04-29T20:00:00Z,0,100.138
2018-04-29T21:00:00Z,0,93.189
2018-04-29T22:00:00Z,0,88.101
2018-04-29T23:00:00Z,0,84.145
2018-04-30T00:00:00Z,0,84.241
2018-04-30T01:00:00Z,0,85.354
2018-04-30T02:00:00Z,0,88.77
2018-04-30T03:00:00Z,0.553,95.166
2018-04-30T04:00:00Z,37.494,107.288
2018-04-30T05:00:00Z,185.187,118.422
2018-04-30T06:00:00Z,404.962,125.746
2018-04-30T07:00:00Z,649.019,129.974
2018-04-30T08:00:00Z,906.842,134.118
2018-04-30T09:00:00Z,1099.984,137.051
2018-04-30T10:00:00Z,1241.036,136.562
2018-04-30T11:00:00Z,1320.313,132.714
2018-04-30T12:00:00Z,1279.152,129.187
2018-04-30T13:00:00Z,1172.758,126.241
2018-04-30T14:00:00Z,990.338,124.42
2018-04-30T15:00:00Z,712.177,123.082
2018-04-30T16:00:00Z,383.587,122.533
2018-04-30T17:00:00Z,123.619,120.955
2018-04-30T18:00:00Z,8.924,117.157
2018-04-30T19:00:00Z,0,113.889
2018-04-30T20:00:00Z,0,106.065
2018-04-30T21:00:00Z,0,98.03
2018-04-30T22:00:00Z,0,93.34
2018-04-30T23:00:00Z,0,89.497
2018-05-01T00:00:00Z,0,86.509
2018-05-01T01:00:00Z,0,85.639
2018-05-01T02:00:00Z,0,86.22
2018-05-01T03:00:00Z,0.623,86.19
2018-05-01T04:00:00Z,29.189,84.953
2018-05-01T05:00:00Z,152.725,90.544
2018-05-01T06:00:00Z,355.806,97.949
2018-05-01T07:00:00Z,591.81,105.227
2018-05-01T08:00:00Z,816.817,111.326
2018-05-01T09:00:00Z,996.726,113.284
2018-05-01T10:00:00Z,1133.957,112.08
2018-05-01T11:00:00Z,1321.198,108.895
2018-05-01T12:00:00Z,1362.423,105.565
2018-05-01T13:00:00Z,1250.3,103.639
2018-05-01T14:00:00Z,1038.504,102.299
2018-05-01T15:00:00Z,750.208,103.244
2018-05-01T16:00:00Z,412.04,105.986
2018-05-01T17:00:00Z,141.589,105.787
2018-05-01T18:00:00Z,13.142,103.293
2018-05-01T19:00:00Z,0,104.148
2018-05-01T20:00:00Z,0,101.508
2018-05-01T21:00:00Z,0,93.323
2018-05-01T22:00:00Z,0,89.315
2018-05-01T23:00:00Z,0,86.137
2018-05-02T00:00:00Z,0,83.572
2018-05-02T01:00:00Z,0,84.523
2018-05-02T02:00:00Z,0,88.777
2018-05-02T03:00:00Z,0.761,99.197
2018-05-02T04:00:00Z,50.826,118.412
2018-05-02T05:00:00Z,247.562,131.714
2018-05-02T06:00:00Z,530.738,139.687
2018-05-02T07:00:00Z,827.536,141.519
2018-05-02T08:00:00Z,1075.928,143.261
2018-05-02T09:00:00Z,1256.206,146.488
2018-05-02T10:00:00Z,1362.907,143.825
2018-05-02T11:00:00Z,1373.072,142.857
2018-05-02T12:00:00Z,1305.027,141.119
2018-05-02T13:00:00Z,1120.462,140.157
2018-05-02T14:00:00Z,865.777,136.594
2018-05-02T15:00:00Z,597.192,135.275
2018-05-02T16:00:00Z,326.326,135.989
2018-05-02T17:00:00Z,120.739,135.745
2018-05-02T18:00:00Z,13.139,132.746
2018-05-02T19:00:00Z,0,129.8
2018-05-02T20:00:00Z,0,120.859
2018-05-02T21:00:00Z,0,110.924
2018-05-02T22:00:00Z,0,103.408
2018-05-02T23:00:00Z,0,98.898
2018-05-03T00:00:00Z,0,97.143
2018-05-03T01:00:00Z,0,97.072
2018-05-03T02:00:00Z,0,99.343
2018-05-03T03:00:00Z,0.899,107.393
2018-05-03T04:00:00Z,47.288,122.873
2018-05-03T05:00:00Z,218.463,136.53
2018-05-03T06:00:00Z,480.481,142.476
2018-05-03T07:00:00Z,783.91,142.681
2018-05-03T08:00:00Z,1077.799,144.498
2018-05-03T09:00:00Z,1271.512,146.783
2018-05-03T10:00:00Z,1404.457,145.007
2018-05-03T11:00:00Z,1459.211,144.047
2018-05-03T12:00:00Z,1413.997,141.66
2018-05-03T13:00:00Z,1274.347,139.932
2018-05-03T14:00:00Z,1022.768,136.698
2018-05-03T15:00:00Z,727.566,134.734
2018-05-03T16:00:00Z,408.236,135.448
2018-05-03T17:00:00Z,142.416,135.561
2018-05-03T18:00:00Z,16.108,131.47
2018-05-03T19:00:00Z,0,127.892
2018-05-03T20:00:00Z,0,119.81
2018-05-03T21:00:00Z,0,109.703
2018-05-03T22:00:00Z,0,101.762
2018-05-03T23:00:00Z,0,99.142
2018-05-04T00:00:00Z,0,96.53
2018-05-04T01:00:00Z,0,98.321
2018-05-04T02:00:00Z,0,101.388
2018-05-04T03:00:00Z,1.175,107.925
2018-05-04T04:00:00Z,55.699,123.14
2018-05-04T05:00:00Z,268.129,135.132
2018-05-04T06:00:00Z,596.932,140.552
2018-05-04T07:00:00Z,977.564,142.356
2018-05-04T08:00:00Z,1312.103,144.212
2018-05-04T09:00:00Z,1534.691,144.928
2018-05-04T10:00:00Z,1682.507,144.93
2018-05-04T11:00:00Z,1703.515,142.489
2018-05-04T12:00:00Z,1630.885,138.323
2018-05-04T13:00:00Z,1468.764,136.715
2018-05-04T14:00:00Z,1196.835,134.298
2018-05-04T15:00:00Z,836.313,132.84
2018-05-04T16:00:00Z,461.831,132.062
2018-05-04T17:00:00Z,159.011,130.623
2018-05-04T18:00:00Z,17.069,125.882
2018-05-04T19:00:00Z,0,123.063
2018-05-04T20:00:00Z,0,116.219
2018-05-04T21:00:00Z,0,106.553
2018-05-04T22:00:00Z,0,99.249
2018-05-04T23:00:00Z,0,94.11
2018-05-05T00:00:00Z,0,90.983
2018-05-05T01:00:00Z,0,90.737
2018-05-05T02:00:00Z,0,92.066
2018-05-05T03:00:00Z,1.52,92.432
2018-05-05T04:00:00Z,66.409,96.78
2018-05-05T05:00:00Z,318.706,105.888
2018-05-05T06:00:00Z,692.419,115.582
2018-05-05T07:00:00Z,1104.347,119.895
2018-05-05T08:00:00Z,1483.795,122.001
2018-05-05T09:00:00Z,1743.694,121.874
2018-05-05T10:00:00Z,1876.926,120.117
2018-05-05T11:00:00Z,1879.898,116.261
2018-05-05T12:00:00Z,1792.067,111.343
2018-05-05T13:00:00Z,1600.58,108.724
2018-05-05T14:00:00Z,1315.251,107.897
2018-05-05T15:00:00Z,919.978,108.902
2018-05-05T16:00:00Z,490.291,110.154
2018-05-05T17:00:00Z,170.064,110.073
2018-05-05T18:00:00Z,19.349,106.264
2018-05-05T19:00:00Z,0,104.853
2018-05-05T20:00:00Z,0,101.29
2018-05-05T21:00:00Z,0,94.097
2018-05-05T22:00:00Z,0,86.663
2018-05-05T23:00:00Z,0,83.486
2018-05-06T00:00:00Z,0,81.276
2018-05-06T01:00:00Z,0,80.825
2018-05-06T02:00:00Z,0,81.178
2018-05-06T03:00:00Z,1.866,80.506
2018-05-06T04:00:00Z,74.079,80.729
2018-05-06T05:00:00Z,351.392,87.674
2018-05-06T06:00:00Z,788.957,95.758
2018-05-06T07:00:00Z,1240.412,101.525
2018-05-06T08:00:00Z,1603.414,104.932
2018-05-06T09:00:00Z,1844.724,108.233
2018-05-06T10:00:00Z,1965.794,107.938
2018-05-06T11:00:00Z,1980.858,103.402
2018-05-06T12:00:00Z,1886.946,99.757
2018-05-06T13:00:00Z,1698.017,98.199
2018-05-06T14:00:00Z,1397.416,98.19
2018-05-06T15:00:00Z,986.801,99.535
2018-05-06T16:00:00Z,530.509,103.665
2018-05-06T17:00:00Z,176.906,105.432
2018-05-06T18:00:00Z,20.316,105.546
2018-05-06T19:00:00Z,0,106.373
2018-05-06T20:00:00Z,0,104.855
2018-05-06T21:00:00Z,0,98.272
2018-05-06T22:00:00Z,0,93.283
2018-05-06T23:00:00Z,0,90.482
2018-05-07T00:00:00Z,0,88.708
2018-05-07T01:00:00Z,0,88.937
2018-05-07T02:00:00Z,0,92.148
2018-05-07T03:00:00Z,2.211,101.123
2018-05-07T04:00:00Z,80.136,119.113
2018-05-07T05:00:00Z,366.969,132.71
2018-05-07T06:00:00Z,812.14,140.371
2018-05-07T07:00:00Z,1256.897,142.448
2018-05-07T08:00:00Z,1602.312,144.122
2018-05-07T09:00:00Z,1832.566,146.373
2018-05-07T10:00:00Z,1943.72,144.883
2018-05-07T11:00:00Z,1955.879,143.211
2018-05-07T12:00:00Z,1867.176,140.678
2018-05-07T13:00:00Z,1668.286,138.096
2018-05-07T14:00:00Z,1367.637,135.845
2018-05-07T15:00:00Z,964.261,135.64
2018-05-07T16:00:00Z,520.264,135.544
2018-05-07T17:00:00Z,174.435,135.127
2018-05-07T18:00:00Z,21.554,130.908
2018-05-07T19:00:00Z,0,128.257
2018-05-07T20:00:00Z,0,119.76
2018-05-07T21:00:00Z,0,109.408
2018-05-07T22:00:00Z,0,103.096
2018-05-07T23:00:00Z,0,99.452
2018-05-08T00:00:00Z,0,96.998
2018-05-08T01:00:00Z,0,97.633
2018-05-08T02:00:00Z,0,99.638
2018-05-08T03:00:00Z,2.555,105.918
2018-05-08T04:00:00Z,82.6,122.251
2018-05-08T05:00:00Z,370.321,135.095
2018-05-08T06:00:00Z,813.09,142.444
2018-05-08T07:00:00Z,1259.796,142.282
2018-05-08T08:00:00Z,1610.64,144.518
2018-05-08T09:00:00Z,1844.836,147.32
2018-05-08T10:00:00Z,1961.416,146.681
2018-05-08T11:00:00Z,1963.35,145.462
2018-05-08T12:00:00Z,1863.138,143.28
2018-05-08T13:00:00Z,1663.889,140.918
2018-05-08T14:00:00Z,1367.743,138.145
2018-05-08T15:00:00Z,960.403,137.028
2018-05-08T16:00:00Z,517.634,136.226
2018-05-08T17:00:00Z,177.632,136.562
2018-05-08T18:00:00Z,23.551,132.329
2018-05-08T19:00:00Z,0,129.476
2018-05-08T20:00:00Z,0,121.513
2018-05-08T21:00:00Z,0,112.003
2018-05-08T22:00:00Z,0,103.84
2018-05-08T23:00:00Z,0,99.434
2018-05-09T00:00:00Z,0,97.237
2018-05-09T01:00:00Z,0,97.036
2018-05-09T02:00:00Z,0,99.464
2018-05-09T03:00:00Z,2.899,107.149
2018-05-09T04:00:00Z,84.01,122.826
2018-05-09T05:00:00Z,349.295,134.894
2018-05-09T06:00:00Z,762.857,141.23
2018-05-09T07:00:00Z,1182.08,142.769
2018-05-09T08:00:00Z,1506.316,145.261
2018-05-09T09:00:00Z,1696.012,147.655
2018-05-09T10:00:00Z,1753.032,146.341
2018-05-09T11:00:00Z,1703.882,145.725
2018-05-09T12:00:00Z,1573.345,144.148
2018-05-09T13:00:00Z,1402.494,140.787
2018-05-09T14:00:00Z,1131.618,137.312
2018-05-09T15:00:00Z,786.88,136.102
2018-05-09T16:00:00Z,444.212,134.392
2018-05-09T17:00:00Z,163.326,132.894
2018-05-09T18:00:00Z,21.538,127.917
2018-05-09T19:00:00Z,0,123.963
2018-05-09T20:00:00Z,0,116.325
2018-05-09T21:00:00Z,0,107.181
2018-05-09T22:00:00Z,0,99.452
2018-05-09T23:00:00Z,0,93.727
2018-05-10T00:00:00Z,0,91.122
2018-05-10T01:00:00Z,0,90.125
2018-05-10T02:00:00Z,0,89.067
2018-05-10T03:00:00Z,3.106,88.281
2018-05-10T04:00:00Z,79.936,87.642
2018-05-10T05:00:00Z,310.009,94.467
2018-05-10T06:00:00Z,632.375,101.457
2018-05-10T07:00:00Z,948.458,105.871
2018-05-10T08:00:00Z,1196.549,109.656
2018-05-10T09:00:00Z,1301.887,113.645
2018-05-10T10:00:00Z,1261.85,113.583
2018-05-10T11:00:00Z,1137.874,110.428
2018-05-10T12:00:00Z,993.327,107.756
2018-05-10T13:00:00Z,832.283,105.896
2018-05-10T14:00:00Z,633.824,105.336
2018-05-10T15:00:00Z,427.497,106.929
2018-05-10T16:00:00Z,239.531,109.295
2018-05-10T17:00:00Z,91.187,107.47
2018-05-10T18:00:00Z,12.977,107.572
2018-05-10T19:00:00Z,0.069,107.876
2018-05-10T20:00:00Z,0,102.239
2018-05-10T21:00:00Z,0,95.309
2018-05-10T22:00:00Z,0,89.223
2018-05-10T23:00:00Z,0,85.506
2018-05-11T00:00:00Z,0,84.431
2018-05-11T01:00:00Z,0,85.008
2018-05-11T02:00:00Z,0,87.554
2018-05-11T03:00:00Z,1.864,93.655
2018-05-11T04:00:00Z,53.629,105.249
2018-05-11T05:00:00Z,216.381,116.065
2018-05-11T06:00:00Z,479.075,123.443
2018-05-11T07:00:00Z,767.928,126.947
2018-05-11T08:00:00Z,1006.603,128.755
2018-05-11T09:00:00Z,1171.908,131.649
2018-05-11T10:00:00Z,1289.451,131.055
2018-05-11T11:00:00Z,1335.902,126.883
2018-05-11T12:00:00Z,1309.674,123.666
2018-05-11T13:00:00Z,1215.116,121.086
2018-05-11T14:00:00Z,1028.069,120.045
2018-05-11T15:00:00Z,756.471,119.931
2018-05-11T16:00:00Z,438.836,120.573
2018-05-11T17:00:00Z,171.517,120.139
2018-05-11T18:00:00Z,24.364,116.434
2018-05-11T19:00:00Z,0,114.269
2018-05-11T20:00:00Z,0,109.092
2018-05-11T21:00:00Z,0,101.472
2018-05-11T22:00:00Z,0,96.115
2018-05-11T23:00:00Z,0,91.562
2018-05-12T00:00:00Z,0,87.894
2018-05-12T01:00:00Z,0,86.917
2018-05-12T02:00:00Z,0,87.714
2018-05-12T03:00:00Z,3.658,87.984
2018-05-12T04:00:00Z,86.136,92.25
2018-05-12T05:00:00Z,309.828,100.837
2018-05-12T06:00:00Z,653.683,109.827
2018-05-12T07:00:00Z,1032.876,116.105
2018-05-12T08:00:00Z,1353.886,117.967
2018-05-12T09:00:00Z,1565.983,119.698
2018-05-12T10:00:00Z,1667.717,118.377
2018-05-12T11:00:00Z,1664.128,113.568
2018-05-12T12:00:00Z,1583.721,109.122
2018-05-12T13:00:00Z,1417.108,107.619
2018-05-12T14:00:00Z,1160.7,106.967
2018-05-12T15:00:00Z,825.197,107.918
2018-05-12T16:00:00Z,466.226,110.09
2018-05-12T17:00:00Z,179.658,110.039
2018-05-12T18:00:00Z,27.263,106.482
2018-05-12T19:00:00Z,0,104.503
2018-05-12T20:00:00Z,0,101.523
2018-05-12T21:00:00Z,0,93.808
2018-05-12T22:00:00Z,0,87.028
2018-05-12T23:00:00Z,0,84.446
2018-05-13T00:00:00Z,0,81.376
2018-05-13T01:00:00Z,0,79.861
2018-05-13T02:00:00Z,0,79.431
2018-05-13T03:00:00Z,5.107,79.562
2018-05-13T04:00:00Z,93.038,80.823
2018-05-13T05:00:00Z,330.189,86.188
2018-05-13T06:00:00Z,674.665,93.828
2018-05-13T07:00:00Z,1035.775,99.924
2018-05-13T08:00:00Z,1314.614,104.15
2018-05-13T09:00:00Z,1476.326,108.532
2018-05-13T10:00:00Z,1537.961,108.363
2018-05-13T11:00:00Z,1488.267,104.768
2018-05-13T12:00:00Z,1338.632,101.117
2018-05-13T13:00:00Z,1120.531,100.403
2018-05-13T14:00:00Z,854.668,99.011
2018-05-13T15:00:00Z,566.029,101.375
2018-05-13T16:00:00Z,298.233,104.719
2018-05-13T17:00:00Z,106.359,106.758
2018-05-13T18:00:00Z,14.632,105.332
2018-05-13T19:00:00Z,0,105.082
2018-05-13T20:00:00Z,0,104.285
2018-05-13T21:00:00Z,0,98.199
2018-05-13T22:00:00Z,0,93.746
2018-05-13T23:00:00Z,0,90.232
2018-05-14T00:00:00Z,0,88.642
2018-05-14T01:00:00Z,0,89.636
2018-05-14T02:00:00Z,0,92.246
2018-05-14T03:00:00Z,4.966,98.8
2018-05-14T04:00:00Z,77.661,118.499
2018-05-14T05:00:00Z,278.088,132.941
2018-05-14T06:00:00Z,564.039,139.462
2018-05-14T07:00:00Z,883.164,140.766
2018-05-14T08:00:00Z,1162.287,144.028
2018-05-14T09:00:00Z,1354.369,147.11
2018-05-14T10:00:00Z,1460.997,146.324
2018-05-14T11:00:00Z,1503.621,147.016
2018-05-14T12:00:00Z,1439.203,146.591
2018-05-14T13:00:00Z,1264.018,144.069
2018-05-14T14:00:00Z,1008.138,140.422
2018-05-14T15:00:00Z,708.739,139.174
2018-05-14T16:00:00Z,395.82,137.748
2018-05-14T17:00:00Z,155.597,137.536
2018-05-14T18:00:00Z,28.278,131.325
2018-05-14T19:00:00Z,0.138,126.714
2018-05-14T20:00:00Z,0,119.551
2018-05-14T21:00:00Z,0,109.812
2018-05-14T22:00:00Z,0,102.692
2018-05-14T23:00:00Z,0,98.323
2018-05-15T00:00:00Z,0,96.596
2018-05-15T01:00:00Z,0,97.19
2018-05-15T02:00:00Z,0,99.659
2018-05-15T03:00:00Z,5.79,105.952
2018-05-15T04:00:00Z,94.299,122.548
2018-05-15T05:00:00Z,328.738,136.021
2018-05-15T06:00:00Z,669.746,140.638
2018-05-15T07:00:00Z,1017.026,141.965
2018-05-15T08:00:00Z,1279.658,144.5
2018-05-15T09:00:00Z,1434.48,147.065
2018-05-15T10:00:00Z,1466.464,147.145
2018-05-15T11:00:00Z,1388.226,146.443
2018-05-15T12:00:00Z,1274.695,142.91
2018-05-15T13:00:00Z,1072.792,140.969
2018-05-15T14:00:00Z,840.422,138.849
2018-05-15T15:00:00Z,578.755,138.603
2018-05-15T16:00:00Z,329.358,137.588
2018-05-15T17:00:00Z,134.211,136.559
2018-05-15T18:00:00Z,26.47,131.66
2018-05-15T19:00:00Z,0.414,126.611
2018-05-15T20:00:00Z,0,118.974
2018-05-15T21:00:00Z,0,109.361
2018-05-15T22:00:00Z,0,101.775
2018-05-15T23:00:00Z,0,97.31
2018-05-16T00:00:00Z,0,95.029
2018-05-16T01:00:00Z,0,95.617
2018-05-16T02:00:00Z,0,98.344
2018-05-16T03:00:00Z,3.721,105.727
2018-05-16T04:00:00Z,51.476,122.482
2018-05-16T05:00:00Z,174.618,134.899
2018-05-16T06:00:00Z,348.478,140.646
2018-05-16T07:00:00Z,545.975,142.01
2018-05-16T08:00:00Z,754.772,144.836
2018-05-16T09:00:00Z,886.459,148.596
2018-05-16T10:00:00Z,947.996,147.517
2018-05-16T11:00:00Z,940.002,146.399
2018-05-16T12:00:00Z,935.248,145.34
2018-05-16T13:00:00Z,841.185,142.934
2018-05-16T14:00:00Z,706.259,139.503
2018-05-16T15:00:00Z,524.061,140.101
2018-05-16T16:00:00Z,303.825,139.65
2018-05-16T17:00:00Z,134.719,136.961
2018-05-16T18:00:00Z,26.53,132.244
2018-05-16T19:00:00Z,0.207,127.659
2018-05-16T20:00:00Z,0,120.19
2018-05-16T21:00:00Z,0,109.428
2018-05-16T22:00:00Z,0,103.126
2018-05-16T23:00:00Z,0,99.706
2018-05-17T00:00:00Z,0,98.054
2018-05-17T01:00:00Z,0,98.178
2018-05-17T02:00:00Z,0,100.456
2018-05-17T03:00:00Z,5.162,106.935
2018-05-17T04:00:00Z,67.454,123.8
2018-05-17T05:00:00Z,215.028,138.145
2018-05-17T06:00:00Z,397.361,143.985
2018-05-17T07:00:00Z,620.374,145.732
2018-05-17T08:00:00Z,856.464,148.671
2018-05-17T09:00:00Z,1058.139,150.4
2018-05-17T10:00:00Z,1201.101,148.066
2018-05-17T11:00:00Z,1266.56,146.642
2018-05-17T12:00:00Z,1216.657,143.68
2018-05-17T13:00:00Z,1124.217,141.908
2018-05-17T14:00:00Z,943.123,138.101
2018-05-17T15:00:00Z,699.53,137.096
2018-05-17T16:00:00Z,432.328,136.754
2018-05-17T17:00:00Z,189.492,136.566
2018-05-17T18:00:00Z,37.926,133.486
2018-05-17T19:00:00Z,0.206,128.742
2018-05-17T20:00:00Z,0,121.293
2018-05-17T21:00:00Z,0,111.905
2018-05-17T22:00:00Z,0,103.355
2018-05-17T23:00:00Z,0,99.565
2018-05-18T00:00:00Z,0,97.566
2018-05-18T01:00:00Z,0,97.833
2018-05-18T02:00:00Z,0,100.148
2018-05-18T03:00:00Z,5.981,106.903
2018-05-18T04:00:00Z,79.885,124.23
2018-05-18T05:00:00Z,257.597,137.814
2018-05-18T06:00:00Z,505.912,144.47
2018-05-18T07:00:00Z,783.996,145.727
2018-05-18T08:00:00Z,1037.124,147.234
2018-05-18T09:00:00Z,1235.116,148.233
2018-05-18T10:00:00Z,1351.849,145.644
2018-05-18T11:00:00Z,1418.878,142.318
2018-05-18T12:00:00Z,1408.703,137.945
2018-05-18T13:00:00Z,1282.483,135.217
2018-05-18T14:00:00Z,1063.935,133.114
2018-05-18T15:00:00Z,765.984,132.714
2018-05-18T16:00:00Z,442.733,131.564
2018-05-18T17:00:00Z,184.449,130.068
2018-05-18T18:00:00Z,38.017,126.126
2018-05-18T19:00:00Z,0.481,121.827
2018-05-18T20:00:00Z,0,115.47
2018-05-18T21:00:00Z,0,106.189
2018-05-18T22:00:00Z,0,99.238
2018-05-18T23:00:00Z,0,95.106
2018-05-19T00:00:00Z,0,92.19
2018-05-19T01:00:00Z,0,92.049
2018-05-19T02:00:00Z,0,92.699
2018-05-19T03:00:00Z,7.287,93.075
2018-05-19T04:00:00Z,100.848,96.239
2018-05-19T05:00:00Z,316.292,103.139
2018-05-19T06:00:00Z,632.516,111.601
2018-05-19T07:00:00Z,960.014,117.409
2018-05-19T08:00:00Z,1215.742,121.045
2018-05-19T09:00:00Z,1371.104,120.942
2018-05-19T10:00:00Z,1470.027,118.11
2018-05-19T11:00:00Z,1478.689,112.33
2018-05-19T12:00:00Z,1430.087,109.058
2018-05-19T13:00:00Z,1301.192,108.074
2018-05-19T14:00:00Z,1049.519,107.123
2018-05-19T15:00:00Z,739.413,108.427
2018-05-19T16:00:00Z,434.258,109.859
2018-05-19T17:00:00Z,182.791,108.846
2018-05-19T18:00:00Z,40.147,105.973
2018-05-19T19:00:00Z,0.481,102.669
2018-05-19T20:00:00Z,0,99.398
2018-05-19T21:00:00Z,0,92.708
2018-05-19T22:00:00Z,0,85.605
2018-05-19T23:00:00Z,0,81.473
2018-05-20T00:00:00Z,0,78.942
2018-05-20T01:00:00Z,0,77.155
2018-05-20T02:00:00Z,0,77.144
2018-05-20T03:00:00Z,8.387,76.08
2018-05-20T04:00:00Z,99.471,76.661
2018-05-20T05:00:00Z,338.214,82.939
2018-05-20T06:00:00Z,659.586,90.534
2018-05-20T07:00:00Z,995.325,96.436
2018-05-20T08:00:00Z,1287.757,100.399
2018-05-20T09:00:00Z,1495.497,105.208
2018-05-20T10:00:00Z,1590.912,104.383
2018-05-20T11:00:00Z,1612.635,100.249
2018-05-20T12:00:00Z,1562.728,96.641
2018-05-20T13:00:00Z,1394.171,93.146
2018-05-20T14:00:00Z,1142.71,92.244
2018-05-20T15:00:00Z,834.193,94.604
2018-05-20T16:00:00Z,485.667,97.804
2018-05-20T17:00:00Z,198.254,98.346
2018-05-20T18:00:00Z,42.758,98.013
2018-05-20T19:00:00Z,0.619,96.955
2018-05-20T20:00:00Z,0,95.959
2018-05-20T21:00:00Z,0,90.089
2018-05-20T22:00:00Z,0,83.944
2018-05-20T23:00:00Z,0,80.13
2018-05-21T00:00:00Z,0,77.456
2018-05-21T01:00:00Z,0,76.764
2018-05-21T02:00:00Z,0,77.112
2018-05-21T03:00:00Z,10.38,76.351
2018-05-21T04:00:00Z,120.918,77.584
2018-05-21T05:00:00Z,420.705,84.531
2018-05-21T06:00:00Z,853.784,92.522
2018-05-21T07:00:00Z,1284.32,97.697
2018-05-21T08:00:00Z,1627.621,102.025
2018-05-21T09:00:00Z,1849.041,106.67
2018-05-21T10:00:00Z,1957.448,106.431
2018-05-21T11:00:00Z,1940.4,102.927
2018-05-21T12:00:00Z,1819.825,100.959
2018-05-21T13:00:00Z,1594.074,100.219
2018-05-21T14:00:00Z,1290.575,99.016
2018-05-21T15:00:00Z,914.278,101.324
2018-05-21T16:00:00Z,516.876,104.4
2018-05-21T17:00:00Z,209.528,105.501
2018-05-21T18:00:00Z,44.683,104.962
2018-05-21T19:00:00Z,0.55,102.803
2018-05-21T20:00:00Z,0,101.79
2018-05-21T21:00:00Z,0,95.642
2018-05-21T22:00:00Z,0,91.122
2018-05-21T23:00:00Z,0,87.389
2018-05-22T00:00:00Z,0,85.784
2018-05-22T01:00:00Z,0,85.976
2018-05-22T02:00:00Z,0,88.229
2018-05-22T03:00:00Z,11.678,95.794
2018-05-22T04:00:00Z,123.306,114.25
2018-05-22T05:00:00Z,401.516,129.407
2018-05-22T06:00:00Z,787.026,137.139
2018-05-22T07:00:00Z,1183.733,140.086
2018-05-22T08:00:00Z,1508.381,143.077
2018-05-22T09:00:00Z,1714.531,146.559
2018-05-22T10:00:00Z,1786.591,146.416
2018-05-22T11:00:00Z,1704.708,145.362
2018-05-22T12:00:00Z,1495.329,142.908
2018-05-22T13:00:00Z,1232.506,141.486
2018-05-22T14:00:00Z,943.442,138.195
2018-05-22T15:00:00Z,643.456,137.278
2018-05-22T16:00:00Z,351.919,136.267
2018-05-22T17:00:00Z,148.241,134.629
2018-05-22T18:00:00Z,34.072,130.166
2018-05-22T19:00:00Z,0.481,125.205
2018-05-22T20:00:00Z,0,118.773
2018-05-22T21:00:00Z,0,109.31
2018-05-22T22:00:00Z,0,102.072
2018-05-22T23:00:00Z,0,98.505
2018-05-23T00:00:00Z,0,95.606
2018-05-23T01:00:00Z,0,95.696
2018-05-23T02:00:00Z,0,98.263
2018-05-23T03:00:00Z,10.575,104.836
2018-05-23T04:00:00Z,103.278,121.868
2018-05-23T05:00:00Z,319.722,134.783
2018-05-23T06:00:00Z,600.577,141.236
2018-05-23T07:00:00Z,897.157,143.436
2018-05-23T08:00:00Z,1187.969,146.127
2018-05-23T09:00:00Z,1389.787,149.192
2018-05-23T10:00:00Z,1487.365,148.842
2018-05-23T11:00:00Z,1498.421,146.758
2018-05-23T12:00:00Z,1419.383,144.659
2018-05-23T13:00:00Z,1260.346,142.508
2018-05-23T14:00:00Z,1039.782,138.842
2018-05-23T15:00:00Z,721.708,138.795
2018-05-23T16:00:00Z,409.54,138.24
2018-05-23T17:00:00Z,175.38,136.797
2018-05-23T18:00:00Z,44.154,132.353
2018-05-23T19:00:00Z,1.099,127.669
2018-05-23T20:00:00Z,0,121.282
2018-05-23T21:00:00Z,0,112.035
2018-05-23T22:00:00Z,0,104.492
2018-05-23T23:00:00Z,0,99.928
2018-05-24T00:00:00Z,0,97.806
2018-05-24T01:00:00Z,0,98.096
2018-05-24T02:00:00Z,0,99.947
2018-05-24T03:00:00Z,9.813,105.435
2018-05-24T04:00:00Z,91.816,121.327
2018-05-24T05:00:00Z,263.095,134.146
2018-05-24T06:00:00Z,482.684,140.317
2018-05-24T07:00:00Z,712.567,142.594
2018-05-24T08:00:00Z,942.518,145.285
2018-05-24T09:00:00Z,1095.887,149.188
2018-05-24T10:00:00Z,1185.85,149.793
2018-05-24T11:00:00Z,1202.182,149.979
2018-05-24T12:00:00Z,1112.494,146.396
2018-05-24T13:00:00Z,989.387,143.532
2018-05-24T14:00:00Z,815.431,140.649
2018-05-24T15:00:00Z,581.705,140.608
2018-05-24T16:00:00Z,340.981,139.12
2018-05-24T17:00:00Z,150.281,137.186
2018-05-24T18:00:00Z,34.723,132.56
2018-05-24T19:00:00Z,0.48,127.31
2018-05-24T20:00:00Z,0,120.068
2018-05-24T21:00:00Z,0,110.407
2018-05-24T22:00:00Z,0,102.703
2018-05-24T23:00:00Z,0,98.733
2018-05-25T00:00:00Z,0,96.647
2018-05-25T01:00:00Z,0,97.243
2018-05-25T02:00:00Z,0,99.107
2018-05-25T03:00:00Z,11.724,105.657
2018-05-25T04:00:00Z,110.04,121.659
2018-05-25T05:00:00Z,348.698,134.542
2018-05-25T06:00:00Z,694.517,141.138
2018-05-25T07:00:00Z,1062.481,143.812
2018-05-25T08:00:00Z,1369.084,146.396
2018-05-25T09:00:00Z,1576.479,149.009
2018-05-25T10:00:00Z,1617.341,148.28
2018-05-25T11:00:00Z,1537.331,143.812
2018-05-25T12:00:00Z,1411.317,138.577
2018-05-25T13:00:00Z,1272.619,136.192
2018-05-25T14:00:00Z,1092.785,134.24
2018-05-25T15:00:00Z,809.973,134.366
2018-05-25T16:00:00Z,492.196,133.261
2018-05-25T17:00:00Z,217.679,130.865
2018-05-25T18:00:00Z,54.163,126.19
2018-05-25T19:00:00Z,1.234,121.47
2018-05-25T20:00:00Z,0,115.695
2018-05-25T21:00:00Z,0,106.83
2018-05-25T22:00:00Z,0,100.057
2018-05-25T23:00:00Z,0,95.224
2018-05-26T00:00:00Z,0,92.825
2018-05-26T01:00:00Z,0,92.034
2018-05-26T02:00:00Z,0,91.519
2018-05-26T03:00:00Z,15.151,90.467
2018-05-26T04:00:00Z,132.793,95.869
2018-05-26T05:00:00Z,408.181,104.795
2018-05-26T06:00:00Z,791.408,113.707
2018-05-26T07:00:00Z,1207.13,119.754
2018-05-26T08:00:00Z,1552.239,123.146
2018-05-26T09:00:00Z,1766.956,124.463
2018-05-26T10:00:00Z,1847.715,122.58
2018-05-26T11:00:00Z,1807.335,118.497
2018-05-26T12:00:00Z,1693.396,114.75
2018-05-26T13:00:00Z,1495.338,112.931
2018-05-26T14:00:00Z,1210.215,111.666
2018-05-26T15:00:00Z,860.786,112.063
2018-05-26T16:00:00Z,511.495,111.967
2018-05-26T17:00:00Z,229.936,110.586
2018-05-26T18:00:00Z,60.672,107.649
2018-05-26T19:00:00Z,1.508,104.342
2018-05-26T20:00:00Z,0,101.551
2018-05-26T21:00:00Z,0,94.845
2018-05-26T22:00:00Z,0,88.787
2018-05-26T23:00:00Z,0,84.292
2018-05-27T00:00:00Z,0,81.885
2018-05-27T01:00:00Z,0,81.009
2018-05-27T02:00:00Z,0,79.752
2018-05-27T03:00:00Z,15.356,78.326
2018-05-27T04:00:00Z,132.995,80.943
2018-05-27T05:00:00Z,392.061,87.351
2018-05-27T06:00:00Z,727.36,94.862
2018-05-27T07:00:00Z,1060.328,100.681
2018-05-27T08:00:00Z,1330.568,105.02
2018-05-27T09:00:00Z,1506.273,108.784
2018-05-27T10:00:00Z,1572.565,108.117
2018-05-27T11:00:00Z,1551.861,105.678
2018-05-27T12:00:00Z,1426.339,104.114
2018-05-27T13:00:00Z,1204.429,102.788
2018-05-27T14:00:00Z,907.52,101.236
2018-05-27T15:00:00Z,605.813,102.773
2018-05-27T16:00:00Z,363.68,105.315
2018-05-27T17:00:00Z,189.689,105.903
2018-05-27T18:00:00Z,50.456,105.535
2018-05-27T19:00:00Z,1.371,105.009
2018-05-27T20:00:00Z,0,105.257
2018-05-27T21:00:00Z,0,98.973
2018-05-27T22:00:00Z,0,94.23
2018-05-27T23:00:00Z,0,90.196
2018-05-28T00:00:00Z,0,89.05
2018-05-28T01:00:00Z,0,90.619
2018-05-28T02:00:00Z,0.069,93.225
2018-05-28T03:00:00Z,15.008,99.454
2018-05-28T04:00:00Z,134.725,117.097
2018-05-28T05:00:00Z,407.328,131.87
2018-05-28T06:00:00Z,787.519,140.245
2018-05-28T07:00:00Z,1175.59,143.286
2018-05-28T08:00:00Z,1494.586,147.196
2018-05-28T09:00:00Z,1714.149,149.158
2018-05-28T10:00:00Z,1817.351,148.196
2018-05-28T11:00:00Z,1813.788,147.264
2018-05-28T12:00:00Z,1708.187,145.546
2018-05-28T13:00:00Z,1516.173,143.639
2018-05-28T14:00:00Z,1228.768,139.776
2018-05-28T15:00:00Z,870.506,139.588
2018-05-28T16:00:00Z,496.482,138.5
2018-05-28T17:00:00Z,220.522,137.656
2018-05-28T18:00:00Z,59.688,133.052
2018-05-28T19:00:00Z,1.987,127.289
2018-05-28T20:00:00Z,0,121.419
2018-05-28T21:00:00Z,0,111.698
2018-05-28T22:00:00Z,0,104.282
2018-05-28T23:00:00Z,0,100.262
2018-05-29T00:00:00Z,0,97.96
2018-05-29T01:00:00Z,0,98.5
2018-05-29T02:00:00Z,0.069,100.3
2018-05-29T03:00:00Z,16.784,106.012
2018-05-29T04:00:00Z,140.296,123.17
2018-05-29T05:00:00Z,413.559,136.758
2018-05-29T06:00:00Z,768.684,143.624
2018-05-29T07:00:00Z,1123.399,145.732
2018-05-29T08:00:00Z,1412.692,148.513
2018-05-29T09:00:00Z,1602.653,151.315
2018-05-29T10:00:00Z,1674.857,150.672
2018-05-29T11:00:00Z,1633.686,149.212
2018-05-29T12:00:00Z,1490.17,148
2018-05-29T13:00:00Z,1272.806,145.593
2018-05-29T14:00:00Z,1003.928,143.453
2018-05-29T15:00:00Z,679.15,141.914
2018-05-29T16:00:00Z,374.443,140.121
2018-05-29T17:00:00Z,165.711,138.359
2018-05-29T18:00:00Z,43.295,133.451
2018-05-29T19:00:00Z,1.028,127.836
2018-05-29T20:00:00Z,0,121.47
2018-05-29T21:00:00Z,0,112.317
2018-05-29T22:00:00Z,0,104.973
2018-05-29T23:00:00Z,0,100.217
2018-05-30T00:00:00Z,0,97.895
2018-05-30T01:00:00Z,0,97.774
2018-05-30T02:00:00Z,0.068,98.857
2018-05-30T03:00:00Z,14.102,104.612
2018-05-30T04:00:00Z,122.533,121.052
2018-05-30T05:00:00Z,368.009,135.202
2018-05-30T06:00:00Z,706.378,141.322
2018-05-30T07:00:00Z,1040.228,142.513
2018-05-30T08:00:00Z,1325.956,144.956
2018-05-30T09:00:00Z,1533.234,147.912
2018-05-30T10:00:00Z,1661.38,146.961
2018-05-30T11:00:00Z,1653.577,146.64
2018-05-30T12:00:00Z,1569.104,143.697
2018-05-30T13:00:00Z,1422.065,142.493
2018-05-30T14:00:00Z,1177.889,138.827
2018-05-30T15:00:00Z,867.176,137.132
2018-05-30T16:00:00Z,518.882,136.382
2018-05-30T17:00:00Z,221.517,134.232
2018-05-30T18:00:00Z,57.501,129.57
2018-05-30T19:00:00Z,2.122,123.702
2018-05-30T20:00:00Z,0,118.123
2018-05-30T21:00:00Z,0,108.677
2018-05-30T22:00:00Z,0,100.157
2018-05-30T23:00:00Z,0,96.096
2018-05-31T00:00:00Z,0,92.994
2018-05-31T01:00:00Z,0,93.047
2018-05-31T02:00:00Z,0.068,92.25
2018-05-31T03:00:00Z,17.725,92.866
2018-05-31T04:00:00Z,140.908,98.503
2018-05-31T05:00:00Z,407.532,107.423
2018-05-31T06:00:00Z,770.513,113.626
2018-05-31T07:00:00Z,1136.779,117.441
2018-05-31T08:00:00Z,1434.815,119.681
2018-05-31T09:00:00Z,1638,123.082
2018-05-31T10:00:00Z,1743.117,123.283
2018-05-31T11:00:00Z,1710.473,121.295
2018-05-31T12:00:00Z,1542.943,119.592
2018-05-31T13:00:00Z,1287.269,117.388
2018-05-31T14:00:00Z,997.582,116.221
2018-05-31T15:00:00Z,668.75,116.383
2018-05-31T16:00:00Z,389.739,118.006
2018-05-31T17:00:00Z,177.384,117.407
2018-05-31T18:00:00Z,50.232,114.855
2018-05-31T19:00:00Z,2.19,112.501
2018-05-31T20:00:00Z,0,109.455
2018-05-31T21:00:00Z,0,101.155
2018-05-31T22:00:00Z,0,95.382
2018-05-31T23:00:00Z,0,91.015
2018-06-01T00:00:00Z,0,89.149
2018-06-01T01:00:00Z,0,89.157
2018-06-01T02:00:00Z,0.068,91.237
2018-06-01T03:00:00Z,15.181,95.758
2018-06-01T04:00:00Z,103.26,109.78
2018-06-01T05:00:00Z,280.237,122.482
2018-06-01T06:00:00Z,509.733,128.571
2018-06-01T07:00:00Z,751.607,133.501
2018-06-01T08:00:00Z,934.26,136.722
2018-06-01T09:00:00Z,1112.674,138
2018-06-01T10:00:00Z,1280.078,135.974
2018-06-01T11:00:00Z,1364.668,133.793
2018-06-01T12:00:00Z,1314.748,130.854
2018-06-01T13:00:00Z,1172.373,129.702
2018-06-01T14:00:00Z,965.785,126.977
2018-06-01T15:00:00Z,711.671,127.945
2018-06-01T16:00:00Z,429.314,127.039
2018-06-01T17:00:00Z,192.911,124.352
2018-06-01T18:00:00Z,53.203,119.987
2018-06-01T19:00:00Z,1.71,115.039
2018-06-01T20:00:00Z,0,110.094
2018-06-01T21:00:00Z,0,103.008
2018-06-01T22:00:00Z,0,96.436
2018-06-01T23:00:00Z,0,92.425
2018-06-02T00:00:00Z,0,89.54
2018-06-02T01:00:00Z,0,88.465
2018-06-02T02:00:00Z,0.068,88.845
2018-06-02T03:00:00Z,13.676,88.618
2018-06-02T04:00:00Z,98.197,93.676
2018-06-02T05:00:00Z,267.512,100.952
2018-06-02T06:00:00Z,503.294,108.801
2018-06-02T07:00:00Z,741.88,114.9
2018-06-02T08:00:00Z,937.385,119.322
2018-06-02T09:00:00Z,1057.396,121.981
2018-06-02T10:00:00Z,1103.417,119.731
2018-06-02T11:00:00Z,1123.316,115.295
2018-06-02T12:00:00Z,1126.12,111.67
2018-06-02T13:00:00Z,1080.44,109.118
2018-06-02T14:00:00Z,939.778,108.701
2018-06-02T15:00:00Z,714.595,109.237
2018-06-02T16:00:00Z,458.845,110.148
2018-06-02T17:00:00Z,216.635,108.369
2018-06-02T18:00:00Z,59.561,104.562
2018-06-02T19:00:00Z,2.12,101.279
2018-06-02T20:00:00Z,0,98.949
2018-06-02T21:00:00Z,0,92.729
2018-06-02T22:00:00Z,0,87.539
2018-06-02T23:00:00Z,0,83.621
2018-06-03T00:00:00Z,0,80.878
2018-06-03T01:00:00Z,0,79.743
2018-06-03T02:00:00Z,0.068,78.946
2018-06-03T03:00:00Z,14.634,78.283
2018-06-03T04:00:00Z,115.019,80.519
2018-06-03T05:00:00Z,324.406,85.374
2018-06-03T06:00:00Z,625.151,92.885
2018-06-03T07:00:00Z,929.315,99.328
2018-06-03T08:00:00Z,1180.279,103.742
2018-06-03T09:00:00Z,1325.181,109.107
2018-06-03T10:00:00Z,1396.298,108.335
2018-06-03T11:00:00Z,1424.95,103.511
2018-06-03T12:00:00Z,1404.504,100.837
2018-06-03T13:00:00Z,1304.939,99.146
2018-06-03T14:00:00Z,1138.155,98.659
2018-06-03T15:00:00Z,878.576,100.396
2018-06-03T16:00:00Z,559.846,103.137
2018-06-03T17:00:00Z,257.528,104.342
2018-06-03T18:00:00Z,72.143,103.9
2018-06-03T19:00:00Z,3.146,102.506
2018-06-03T20:00:00Z,0,103.496
2018-06-03T21:00:00Z,0,96.803
2018-06-03T22:00:00Z,0,91.019
2018-06-03T23:00:00Z,0,87.858
2018-06-04T00:00:00Z,0,86.265
2018-06-04T01:00:00Z,0,86.902
2018-06-04T02:00:00Z,0.137,89.728
2018-06-04T03:00:00Z,18.048,96.589
2018-06-04T04:00:00Z,135.842,115.269
2018-06-04T05:00:00Z,390.092,129.625
2018-06-04T06:00:00Z,742.035,137.37
2018-06-04T07:00:00Z,1102.32,140.289
2018-06-04T08:00:00Z,1370.79,144.509
2018-06-04T09:00:00Z,1500.137,147.67
2018-06-04T10:00:00Z,1553.188,147.16
2018-06-04T11:00:00Z,1553.598,144.988
2018-06-04T12:00:00Z,1519.416,143.135
2018-06-04T13:00:00Z,1414.475,141.369
2018-06-04T14:00:00Z,1209.311,138.462
2018-06-04T15:00:00Z,904.95,137.541
2018-06-04T16:00:00Z,544.802,136.213
2018-06-04T17:00:00Z,242.901,134.924
2018-06-04T18:00:00Z,68.228,130.923
2018-06-04T19:00:00Z,2.666,125.677
2018-06-04T20:00:00Z,0,120.034
2018-06-04T21:00:00Z,0,110.116
2018-06-04T22:00:00Z,0,102.609
2018-06-04T23:00:00Z,0,98.772
2018-06-05T00:00:00Z,0,96.185
2018-06-05T01:00:00Z,0,96.662
2018-06-05T02:00:00Z,0.137,98.909
2018-06-05T03:00:00Z,16.199,104.819
2018-06-05T04:00:00Z,111.891,121.629
2018-06-05T05:00:00Z,300.062,136.279
2018-06-05T06:00:00Z,538.129,143.07
2018-06-05T07:00:00Z,824.725,144.703
2018-06-05T08:00:00Z,1078.581,147.681
2018-06-05T09:00:00Z,1279.943,150.045
2018-06-05T10:00:00Z,1440.022,148.793
2018-06-05T11:00:00Z,1539.678,147.286
2018-06-05T12:00:00Z,1579.253,145.43
2018-06-05T13:00:00Z,1497.437,143.359
2018-06-05T14:00:00Z,1309.403,139.652
2018-06-05T15:00:00Z,995.261,138.654
2018-06-05T16:00:00Z,608.325,137.556
2018-06-05T17:00:00Z,269.782,135.95
2018-06-05T18:00:00Z,78.877,131.047
2018-06-05T19:00:00Z,4.101,126.113
2018-06-05T20:00:00Z,0,120.491
2018-06-05T21:00:00Z,0,110.825
2018-06-05T22:00:00Z,0,104.308
2018-06-05T23:00:00Z,0,100.461
2018-06-06T00:00:00Z,0,97.451
2018-06-06T01:00:00Z,0,97.308
2018-06-06T02:00:00Z,0.137,99.018
2018-06-06T03:00:00Z,20.496,104.825
2018-06-06T04:00:00Z,148.524,121.913
2018-06-06T05:00:00Z,444.617,134.683
2018-06-06T06:00:00Z,847.354,142.324
2018-06-06T07:00:00Z,1258.972,144.302
2018-06-06T08:00:00Z,1575.082,147.566
2018-06-06T09:00:00Z,1783.931,150.073
2018-06-06T10:00:00Z,1875.137,149.248
2018-06-06T11:00:00Z,1824.854,149.532
2018-06-06T12:00:00Z,1705.434,147.192
2018-06-06T13:00:00Z,1508.267,144.768
2018-06-06T14:00:00Z,1222.9,140.967
2018-06-06T15:00:00Z,871.88,140.723
2018-06-06T16:00:00Z,507.265,139.272
2018-06-06T17:00:00Z,224.768,137.491
2018-06-06T18:00:00Z,68.66,133.522
2018-06-06T19:00:00Z,4.236,127.518
2018-06-06T20:00:00Z,0,122.045
2018-06-06T21:00:00Z,0,113.367
2018-06-06T22:00:00Z,0,106.482
2018-06-06T23:00:00Z,0,101.241
2018-06-07T00:00:00Z,0,98.355
2018-06-07T01:00:00Z,0,97.992
2018-06-07T02:00:00Z,0.205,99.469
2018-06-07T03:00:00Z,20.89,105.627
2018-06-07T04:00:00Z,142.067,122.868
2018-06-07T05:00:00Z,391.18,136.228
2018-06-07T06:00:00Z,726.038,143.353
2018-06-07T07:00:00Z,1078.304,144.847
2018-06-07T08:00:00Z,1345.098,148.179
2018-06-07T09:00:00Z,1524.508,150.89
2018-06-07T10:00:00Z,1633.602,150.524
2018-06-07T11:00:00Z,1620.289,148.959
2018-06-07T12:00:00Z,1519.798,146.428
2018-06-07T13:00:00Z,1330.079,145.155
2018-06-07T14:00:00Z,1043.692,142.709
2018-06-07T15:00:00Z,711.36,141.97
2018-06-07T16:00:00Z,409.066,140.792
2018-06-07T17:00:00Z,186.374,139.116
2018-06-07T18:00:00Z,52.499,133.819
2018-06-07T19:00:00Z,3.004,127.483
2018-06-07T20:00:00Z,0,120.992
2018-06-07T21:00:00Z,0,112.238
2018-06-07T22:00:00Z,0,106.176
2018-06-07T23:00:00Z,0,101.826
2018-06-08T00:00:00Z,0,98.573
2018-06-08T01:00:00Z,0,99.238
2018-06-08T02:00:00Z,0.205,100.069
2018-06-08T03:00:00Z,19.719,105.83
2018-06-08T04:00:00Z,133.461,122.606
2018-06-08T05:00:00Z,363.878,136.286
2018-06-08T06:00:00Z,658.297,142.745
2018-06-08T07:00:00Z,1012.964,144.834
2018-06-08T08:00:00Z,1306.496,148.521
2018-06-08T09:00:00Z,1479.326,151.683
2018-06-08T10:00:00Z,1551.856,150.347
2018-06-08T11:00:00Z,1564.001,146.647
2018-06-08T12:00:00Z,1476.801,142.485
2018-06-08T13:00:00Z,1280.295,138.857
2018-06-08T14:00:00Z,1020.265,137.113
2018-06-08T15:00:00Z,729.803,137.821
2018-06-08T16:00:00Z,439.206,135.916
2018-06-08T17:00:00Z,208.311,133.52
2018-06-08T18:00:00Z,64.274,127.736
2018-06-08T19:00:00Z,3.48,121.689
2018-06-08T20:00:00Z,0,116.826
2018-06-08T21:00:00Z,0,109.455
2018-06-08T22:00:00Z,0,102.91
2018-06-08T23:00:00Z,0,98.111
2018-06-09T00:00:00Z,0,94.345
2018-06-09T01:00:00Z,0,92.396
2018-06-09T02:00:00Z,0.205,92.192
2018-06-09T03:00:00Z,18.9,91.897
2018-06-09T04:00:00Z,131.206,97.025
2018-06-09T05:00:00Z,363.802,107.525
2018-06-09T06:00:00Z,646.683,116.522
2018-06-09T07:00:00Z,952.353,121.601
2018-06-09T08:00:00Z,1231.481,123.826
2018-06-09T09:00:00Z,1481.953,125.015
2018-06-09T10:00:00Z,1619.709,123.619
2018-06-09T11:00:00Z,1586.823,120.404
2018-06-09T12:00:00Z,1452.137,118.127
2018-06-09T13:00:00Z,1222.407,115.787
2018-06-09T14:00:00Z,921.99,113.012
2018-06-09T15:00:00Z,634.811,114.316
2018-06-09T16:00:00Z,384.134,114.656
2018-06-09T17:00:00Z,191.385,113.679
2018-06-09T18:00:00Z,59.496,109.103
2018-06-09T19:00:00Z,4.435,105.144
2018-06-09T20:00:00Z,0,103.718
2018-06-09T21:00:00Z,0,97.515
2018-06-09T22:00:00Z,0,91.203
2018-06-09T23:00:00Z,0,85.701
2018-06-10T00:00:00Z,0,83.163
2018-06-10T01:00:00Z,0,81.483
2018-06-10T02:00:00Z,0.205,80.872
2018-06-10T03:00:00Z,17.672,79.756
2018-06-10T04:00:00Z,113.603,81.738
2018-06-10T05:00:00Z,305.329,87.336
2018-06-10T06:00:00Z,571.016,95.02
2018-06-10T07:00:00Z,857.513,101.168
2018-06-10T08:00:00Z,1118.015,105.997
2018-06-10T09:00:00Z,1292.683,111.274
2018-06-10T10:00:00Z,1370.193,111.563
2018-06-10T11:00:00Z,1338.261,106.482
2018-06-10T12:00:00Z,1276.172,104.847
2018-06-10T13:00:00Z,1163.32,104.704
2018-06-10T14:00:00Z,990.493,104.419
2018-06-10T15:00:00Z,747.936,107.23
2018-06-10T16:00:00Z,446.428,109.472
2018-06-10T17:00:00Z,225.5,109.75
2018-06-10T18:00:00Z,68.707,109.37
2018-06-10T19:00:00Z,3.753,107.754
2018-06-10T20:00:00Z,0,107.046
2018-06-10T21:00:00Z,0,100.92
2018-06-10T22:00:00Z,0,94.715
2018-06-10T23:00:00Z,0,92.039
2018-06-11T00:00:00Z,0,90.574
2018-06-11T01:00:00Z,0,91.113
2018-06-11T02:00:00Z,0.136,93.317
2018-06-11T03:00:00Z,17.936,100.593
2018-06-11T04:00:00Z,124.19,119.833
2018-06-11T05:00:00Z,323.399,133.582
2018-06-11T06:00:00Z,594.217,141.412
2018-06-11T07:00:00Z,859.442,144.96
2018-06-11T08:00:00Z,1093.16,147.104
2018-06-11T09:00:00Z,1272.932,149.913
2018-06-11T10:00:00Z,1399.918,148.867
2018-06-11T11:00:00Z,1447.589,148.859
2018-06-11T12:00:00Z,1314.056,146.394
2018-06-11T13:00:00Z,1123.099,145.497
2018-06-11T14:00:00Z,858.146,142.784
2018-06-11T15:00:00Z,573.143,142.807
2018-06-11T16:00:00Z,320.194,141.382
2018-06-11T17:00:00Z,150.924,138.68
2018-06-11T18:00:00Z,50.467,132.759
2018-06-11T19:00:00Z,4.297,126.831
2018-06-11T20:00:00Z,0,120.062
2018-06-11T21:00:00Z,0,111.499
2018-06-11T22:00:00Z,0,104.391
2018-06-11T23:00:00Z,0,100.287
2018-06-12T00:00:00Z,0,98.12
2018-06-12T01:00:00Z,0,97.205
2018-06-12T02:00:00Z,0.136,98.909
2018-06-12T03:00:00Z,13.703,105.995
2018-06-12T04:00:00Z,87.195,122.815
2018-06-12T05:00:00Z,221.975,135.837
2018-06-12T06:00:00Z,379.661,141.811
2018-06-12T07:00:00Z,557.596,143.31
2018-06-12T08:00:00Z,752.233,145.08
2018-06-12T09:00:00Z,912.919,148.726
2018-06-12T10:00:00Z,1004.749,147.713
2018-06-12T11:00:00Z,1046.608,146.552
2018-06-12T12:00:00Z,978.093,145.244
2018-06-12T13:00:00Z,804.59,144.614
2018-06-12T14:00:00Z,614.521,140.685
2018-06-12T15:00:00Z,446.949,139.565
2018-06-12T16:00:00Z,276.923,138.866
2018-06-12T17:00:00Z,129.667,137.28
2018-06-12T18:00:00Z,37.768,132.045
2018-06-12T19:00:00Z,1.909,126.31
2018-06-12T20:00:00Z,0,119.269
2018-06-12T21:00:00Z,0,109.763
2018-06-12T22:00:00Z,0,101.98
2018-06-12T23:00:00Z,0,98.693
2018-06-13T00:00:00Z,0,96.239
2018-06-13T01:00:00Z,0,96.54
2018-06-13T02:00:00Z,0.136,98.488
2018-06-13T03:00:00Z,9.676,105.396
2018-06-13T04:00:00Z,63.982,123.441
2018-06-13T05:00:00Z,171.845,135.208
2018-06-13T06:00:00Z,322.431,140.997
2018-06-13T07:00:00Z,467.702,143.904
2018-06-13T08:00:00Z,541.36,148.265
2018-06-13T09:00:00Z,598.733,149.573
2018-06-13T10:00:00Z,652.221,147.106
2018-06-13T11:00:00Z,668.302,145.529
2018-06-13T12:00:00Z,638.185,143.658
2018-06-13T13:00:00Z,583.674,142.555
2018-06-13T14:00:00Z,508.926,139.98
2018-06-13T15:00:00Z,388.798,139.05
2018-06-13T16:00:00Z,259.88,137.857
2018-06-13T17:00:00Z,131.303,135.779
2018-06-13T18:00:00Z,42.995,129.414
2018-06-13T19:00:00Z,2.589,123.873
2018-06-13T20:00:00Z,0,117.649
2018-06-13T21:00:00Z,0,108.534
2018-06-13T22:00:00Z,0,102.307
2018-06-13T23:00:00Z,0,98.336
2018-06-14T00:00:00Z,0,95.993
2018-06-14T01:00:00Z,0,94.918
2018-06-14T02:00:00Z,0.204,96.82
2018-06-14T03:00:00Z,17.711,103.673
2018-06-14T04:00:00Z,119.959,121.058
2018-06-14T05:00:00Z,323.842,134.091
2018-06-14T06:00:00Z,630.926,140.495
2018-06-14T07:00:00Z,970.572,142.863
2018-06-14T08:00:00Z,1163.692,147.2
2018-06-14T09:00:00Z,1261.921,147.801
2018-06-14T10:00:00Z,1384.401,146.161
2018-06-14T11:00:00Z,1470.913,144.87
2018-06-14T12:00:00Z,1477.112,143.259
2018-06-14T13:00:00Z,1330.177,142.848
2018-06-14T14:00:00Z,1088.828,140.14
2018-06-14T15:00:00Z,796.049,140.298
2018-06-14T16:00:00Z,475.341,139.535
2018-06-14T17:00:00Z,215.327,138.017
2018-06-14T18:00:00Z,64.578,132.064
2018-06-14T19:00:00Z,3.27,126.246
2018-06-14T20:00:00Z,0,120.727
2018-06-14T21:00:00Z,0,111.55
2018-06-14T22:00:00Z,0,104.483
2018-06-14T23:00:00Z,0,100.099
2018-06-15T00:00:00Z,0,96.805
2018-06-15T01:00:00Z,0,96.645
2018-06-15T02:00:00Z,0.136,98.855
2018-06-15T03:00:00Z,15.727,105.898
2018-06-15T04:00:00Z,114.79,121.729
2018-06-15T05:00:00Z,307.06,134.482
2018-06-15T06:00:00Z,576.81,141.824
2018-06-15T07:00:00Z,892.518,143.637
2018-06-15T08:00:00Z,1158.046,147.149
2018-06-15T09:00:00Z,1305.653,149.611
2018-06-15T10:00:00Z,1374.487,148.145
2018-06-15T11:00:00Z,1392.393,144.806
2018-06-15T12:00:00Z,1363.797,140.941
2018-06-15T13:00:00Z,1260.173,138.667
2018-06-15T14:00:00Z,1064.567,135.309
2018-06-15T15:00:00Z,809.318,135.198
2018-06-15T16:00:00Z,509.271,133.789
2018-06-15T17:00:00Z,246.329,131.158
2018-06-15T18:00:00Z,77.14,124.769
2018-06-15T19:00:00Z,5.038,119.707
2018-06-15T20:00:00Z,0,115.509
2018-06-15T21:00:00Z,0,107.382
2018-06-15T22:00:00Z,0,98.086
2018-06-15T23:00:00Z,0,93.922
2018-06-16T00:00:00Z,0,91.564
2018-06-16T01:00:00Z,0,90.656
2018-06-16T02:00:00Z,0.204,89.715
2018-06-16T03:00:00Z,19.54,90.021
2018-06-16T04:00:00Z,130.991,94.563
2018-06-16T05:00:00Z,354.575,103.062
2018-06-16T06:00:00Z,669.458,112.367
2018-06-16T07:00:00Z,1013.208,117.631
2018-06-16T08:00:00Z,1301.403,120.517
2018-06-16T09:00:00Z,1460.308,122.535
2018-06-16T10:00:00Z,1488.426,121.874
2018-06-16T11:00:00Z,1435.594,118.422
2018-06-16T12:00:00Z,1371.732,113.733
2018-06-16T13:00:00Z,1267.838,111.43
2018-06-16T14:00:00Z,1064.747,110.511
2018-06-16T15:00:00Z,787.514,111.55
2018-06-16T16:00:00Z,494.349,112.04
2018-06-16T17:00:00Z,241.626,110.539
2018-06-16T18:00:00Z,71.283,106.602
2018-06-16T19:00:00Z,4.153,102.042
2018-06-16T20:00:00Z,0,99.954
2018-06-16T21:00:00Z,0,94.127
2018-06-16T22:00:00Z,0,88.373
2018-06-16T23:00:00Z,0,83.867
2018-06-17T00:00:00Z,0,80.579
2018-06-17T01:00:00Z,0,79.489
2018-06-17T02:00:00Z,0.204,79.239
2018-06-17T03:00:00Z,19.608,78.561
2018-06-17T04:00:00Z,136.506,81.143
2018-06-17T05:00:00Z,372.004,86.934
2018-06-17T06:00:00Z,691.585,94.636
2018-06-17T07:00:00Z,1004.085,101.313
2018-06-17T08:00:00Z,1198.257,107.294
2018-06-17T09:00:00Z,1278.459,111.884
2018-06-17T10:00:00Z,1293.573,111.069
2018-06-17T11:00:00Z,1242.851,106.901
2018-06-17T12:00:00Z,1161.22,103.447
2018-06-17T13:00:00Z,1064.474,102.237
2018-06-17T14:00:00Z,864.651,102.397
2018-06-17T15:00:00Z,640.182,103.218
2018-06-17T16:00:00Z,400.803,102.579
2018-06-17T17:00:00Z,193.696,104.355
2018-06-17T18:00:00Z,59.641,103.081
2018-06-17T19:00:00Z,4.289,102.684
2018-06-17T20:00:00Z,0,102.942
2018-06-17T21:00:00Z,0,96.448
2018-06-17T22:00:00Z,0,91.857
2018-06-17T23:00:00Z,0,88.948
2018-06-18T00:00:00Z,0,87.509
2018-06-18T01:00:00Z,0,88.507
2018-06-18T02:00:00Z,0.204,90.827
2018-06-18T03:00:00Z,16.26,98.637
2018-06-18T04:00:00Z,113.412,118.36
2018-06-18T05:00:00Z,307.307,133.139
2018-06-18T06:00:00Z,578.216,141.104
2018-06-18T07:00:00Z,862.391,143.226
2018-06-18T08:00:00Z,1092.48,147.598
2018-06-18T09:00:00Z,1212.151,149.71
2018-06-18T10:00:00Z,1266.646,149.62
2018-06-18T11:00:00Z,1282.633,148.808
2018-06-18T12:00:00Z,1203.442,147.072
2018-06-18T13:00:00Z,1059.824,145.071
2018-06-18T14:00:00Z,883.141,141.555
2018-06-18T15:00:00Z,677.749,141.292
2018-06-18T16:00:00Z,450.721,140.016
2018-06-18T17:00:00Z,232.47,137.791
2018-06-18T18:00:00Z,76.47,131.367
2018-06-18T19:00:00Z,5.171,125.324
2018-06-18T20:00:00Z,0,120.303
2018-06-18T21:00:00Z,0,110.838
2018-06-18T22:00:00Z,0,103.233
2018-06-18T23:00:00Z,0,98.8
2018-06-19T00:00:00Z,0,96.694
2018-06-19T01:00:00Z,0,97.603
2018-06-19T02:00:00Z,0.136,99.768
2018-06-19T03:00:00Z,16.255,106.202
2018-06-19T04:00:00Z,110.383,125.397
2018-06-19T05:00:00Z,302.856,138.227
2018-06-19T06:00:00Z,577.896,145.366
2018-06-19T07:00:00Z,833.961,147.284
2018-06-19T08:00:00Z,1015.756,150.094
2018-06-19T09:00:00Z,1076.763,153.792
2018-06-19T10:00:00Z,1054.727,152.055
2018-06-19T11:00:00Z,1048.47,149.885
2018-06-19T12:00:00Z,1066.085,147.153
2018-06-19T13:00:00Z,979.03,145.644
2018-06-19T14:00:00Z,842.394,142.876
2018-06-19T15:00:00Z,649.717,142.352
2018-06-19T16:00:00Z,434.527,140.798
2018-06-19T17:00:00Z,223.351,138.376
2018-06-19T18:00:00Z,71.344,132.071
2018-06-19T19:00:00Z,4.693,126.227
2018-06-19T20:00:00Z,0,120.816
2018-06-19T21:00:00Z,0,111.83
2018-06-19T22:00:00Z,0,104.259
2018-06-19T23:00:00Z,0,100.296
2018-06-20T00:00:00Z,0,98.233
2018-06-20T01:00:00Z,0,98.163
2018-06-20T02:00:00Z,0.204,100.544
2018-06-20T03:00:00Z,18.35,106.781
2018-06-20T04:00:00Z,130.967,124.878
2018-06-20T05:00:00Z,371.287,137.323
2018-06-20T06:00:00Z,728.71,144.43
2018-06-20T07:00:00Z,1074.443,147.779
2018-06-20T08:00:00Z,1290.841,150.208
2018-06-20T09:00:00Z,1444.915,152.809
2018-06-20T10:00:00Z,1542.036,151.7
2018-06-20T11:00:00Z,1590.766,150.956
2018-06-20T12:00:00Z,1584.785,146.86
2018-06-20T13:00:00Z,1501.801,145.116
2018-06-20T14:00:00Z,1313.881,142.844
2018-06-20T15:00:00Z,1006.411,142.611
2018-06-20T16:00:00Z,633.017,141.258
2018-06-20T17:00:00Z,292.653,139.648
2018-06-20T18:00:00Z,89.169,134.623
2018-06-20T19:00:00Z,6.728,127.383
2018-06-20T20:00:00Z,0,122.257
2018-06-20T21:00:00Z,0,113.151
2018-06-20T22:00:00Z,0,106.076
2018-06-20T23:00:00Z,0,101.365
2018-06-21T00:00:00Z,0,98.374
2018-06-21T01:00:00Z,0,97.998
2018-06-21T02:00:00Z,0.204,99.434
2018-06-21T03:00:00Z,19.294,105.537
2018-06-21T04:00:00Z,130.101,123.185
2018-06-21T05:00:00Z,360.75,136.946
2018-06-21T06:00:00Z,663.074,145.494
2018-06-21T07:00:00Z,961.66,147.822
2018-06-21T08:00:00Z,1165.95,152.362
2018-06-21T09:00:00Z,1250.396,156.08
2018-06-21T10:00:00Z,1290.683,154.795
2018-06-21T11:00:00Z,1278.93,152.647
2018-06-21T12:00:00Z,1245.437,149.075
2018-06-21T13:00:00Z,1163.911,147.239
2018-06-21T14:00:00Z,1014.516,144.4
2018-06-21T15:00:00Z,817.496,141.472
2018-06-21T16:00:00Z,553.626,141.023
2018-06-21T17:00:00Z,279.836,138.21
2018-06-21T18:00:00Z,96.744,132.336
2018-06-21T19:00:00Z,7.405,125.91
2018-06-21T20:00:00Z,0,120.87
2018-06-21T21:00:00Z,0,112.035
2018-06-21T22:00:00Z,0,104.017
2018-06-21T23:00:00Z,0,99.065
2018-06-22T00:00:00Z,0,97.102
2018-06-22T01:00:00Z,0,98.126
2018-06-22T02:00:00Z,0.136,100.195
2018-06-22T03:00:00Z,17.111,105.687
2018-06-22T04:00:00Z,115.842,121.695
2018-06-22T05:00:00Z,314.796,133.507
2018-06-22T06:00:00Z,580.702,140.933
2018-06-22T07:00:00Z,818.225,144.496
2018-06-22T08:00:00Z,964.487,147.416
2018-06-22T09:00:00Z,1089.835,148.994
2018-06-22T10:00:00Z,1149.589,147.51
2018-06-22T11:00:00Z,1163.102,144.624
2018-06-22T12:00:00Z,1102.193,141.576
2018-06-22T13:00:00Z,1064.236,140.118
2018-06-22T14:00:00Z,957.086,136.087
2018-06-22T15:00:00Z,757.996,136.282
2018-06-22T16:00:00Z,502.478,134.95
2018-06-22T17:00:00Z,246.826,131.799
2018-06-22T18:00:00Z,78.292,125.656
2018-06-22T19:00:00Z,5.908,119.136
2018-06-22T20:00:00Z,0,114.269
2018-06-22T21:00:00Z,0,106.234
2018-06-22T22:00:00Z,0,98.276
2018-06-22T23:00:00Z,0,94.065
2018-06-23T00:00:00Z,0,91.188
2018-06-23T01:00:00Z,0,90.651
2018-06-23T02:00:00Z,0.136,90.679
2018-06-23T03:00:00Z,17.315,90.523
2018-06-23T04:00:00Z,119.234,94.852
2018-06-23T05:00:00Z,318.116,102.442
2018-06-23T06:00:00Z,587.683,110.975
2018-06-23T07:00:00Z,807.75,117.537
2018-06-23T08:00:00Z,947.15,121.22
2018-06-23T09:00:00Z,1012.403,123.664
2018-06-23T10:00:00Z,1056.878,121.071
2018-06-23T11:00:00Z,1119.347,117.208
2018-06-23T12:00:00Z,1097.755,113.568
2018-06-23T13:00:00Z,986.126,110.99
2018-06-23T14:00:00Z,801.91,109.814
2018-06-23T15:00:00Z,579.942,111.804
2018-06-23T16:00:00Z,370.603,111.762
2018-06-23T17:00:00Z,190.258,109.566
2018-06-23T18:00:00Z,60.703,102.82
2018-06-23T19:00:00Z,4.142,98.674
2018-06-23T20:00:00Z,0,98.314
2018-06-23T21:00:00Z,0,93.212
2018-06-23T22:00:00Z,0,86.532
2018-06-23T23:00:00Z,0,82.999
2018-06-24T00:00:00Z,0,80.613
2018-06-24T01:00:00Z,0,79.97
2018-06-24T02:00:00Z,0.068,79.56
2018-06-24T03:00:00Z,10.049,78.324
2018-06-24T04:00:00Z,89.288,79.489
2018-06-24T05:00:00Z,256.185,84.279
2018-06-24T06:00:00Z,484.53,91.098
2018-06-24T07:00:00Z,698.617,97.93
2018-06-24T08:00:00Z,851.73,103.011
2018-06-24T09:00:00Z,928.253,108.23
2018-06-24T10:00:00Z,978.159,107.136
2018-06-24T11:00:00Z,1000.158,103.97
2018-06-24T12:00:00Z,962.746,102.083
2018-06-24T13:00:00Z,850.712,101.495
2018-06-24T14:00:00Z,674.581,100.991
2018-06-24T15:00:00Z,495.937,103.207
2018-06-24T16:00:00Z,307.924,105.569
2018-06-24T17:00:00Z,151.823,105.774
2018-06-24T18:00:00Z,43.795,103.464
2018-06-24T19:00:00Z,2.988,102.262
2018-06-24T20:00:00Z,0,102.651
2018-06-24T21:00:00Z,0,95.85
2018-06-24T22:00:00Z,0,90.886
2018-06-24T23:00:00Z,0,88.482
2018-06-25T00:00:00Z,0,86.746
2018-06-25T01:00:00Z,0,88.217
2018-06-25T02:00:00Z,0.136,91.596
2018-06-25T03:00:00Z,12.621,98.817
2018-06-25T04:00:00Z,87.734,118.012
2018-06-25T05:00:00Z,239.929,132.889
2018-06-25T06:00:00Z,433.176,140.14
2018-06-25T07:00:00Z,634.09,143.09
2018-06-25T08:00:00Z,821.704,145.159
2018-06-25T09:00:00Z,998.666,147.636
2018-06-25T10:00:00Z,1145.297,147.044
2018-06-25T11:00:00Z,1269.468,145.486
2018-06-25T12:00:00Z,1266.211,142.876
2018-06-25T13:00:00Z,1190.555,139.449
2018-06-25T14:00:00Z,1025.739,137.504
2018-06-25T15:00:00Z,789.881,136.658
2018-06-25T16:00:00Z,513.311,136.557
2018-06-25T17:00:00Z,257.164,135.405
2018-06-25T18:00:00Z,83.867,130.286
2018-06-25T19:00:00Z,5.971,124.065
2018-06-25T20:00:00Z,0,119.504
2018-06-25T21:00:00Z,0,109.38
2018-06-25T22:00:00Z,0,101.578
2018-06-25T23:00:00Z,0,97.874
2018-06-26T00:00:00Z,0,95.149
2018-06-26T01:00:00Z,0,95.745
2018-06-26T02:00:00Z,0.136,98.019
2018-06-26T03:00:00Z,15.257,103.846
2018-06-26T04:00:00Z,108.429,121.252
2018-06-26T05:00:00Z,285.617,134.561
2018-06-26T06:00:00Z,518.478,141.792
2018-06-26T07:00:00Z,740.151,143.784
2018-06-26T08:00:00Z,915.779,146.58
2018-06-26T09:00:00Z,1080.084,149.009
2018-06-26T10:00:00Z,1206.076,147.042
2018-06-26T11:00:00Z,1282.295,146.151
2018-06-26T12:00:00Z,1293.144,143.498
2018-06-26T13:00:00Z,1257.069,141.275
2018-06-26T14:00:00Z,1107.547,139.011
2018-06-26T15:00:00Z,876.382,138.079
2018-06-26T16:00:00Z,576.999,136.835
2018-06-26T17:00:00Z,280.26,135.221
2018-06-26T18:00:00Z,88.425,129.942
2018-06-26T19:00:00Z,6.51,123.544
2018-06-26T20:00:00Z,0,118.843
2018-06-26T21:00:00Z,0,109.746
2018-06-26T22:00:00Z,0,102.827
2018-06-26T23:00:00Z,0,98.52
2018-06-27T00:00:00Z,0,96.128
2018-06-27T01:00:00Z,0,96.504
2018-06-27T02:00:00Z,0.135,98.492
2018-06-27T03:00:00Z,19.782,105.268
2018-06-27T04:00:00Z,140.373,122.031
2018-06-27T05:00:00Z,408.315,135.05
2018-06-27T06:00:00Z,778.149,142.074
2018-06-27T07:00:00Z,1157.062,144.188
2018-06-27T08:00:00Z,1431.101,148.399
2018-06-27T09:00:00Z,1594.982,151.766
2018-06-27T10:00:00Z,1623.504,151.065
2018-06-27T11:00:00Z,1587.733,148.085
2018-06-27T12:00:00Z,1487.331,143.748
2018-06-27T13:00:00Z,1359.356,140.245
2018-06-27T14:00:00Z,1180.841,136.414
2018-06-27T15:00:00Z,907.479,134.486
2018-06-27T16:00:00Z,586.085,134.482
2018-06-27T17:00:00Z,287.182,133.8
2018-06-27T18:00:00Z,94.779,129.149
2018-06-27T19:00:00Z,6.978,122.3
2018-06-27T20:00:00Z,0,117.899
2018-06-27T21:00:00Z,0,108.352
2018-06-27T22:00:00Z,0,102.666
2018-06-27T23:00:00Z,0,98.748
2018-06-28T00:00:00Z,0,96.299
2018-06-28T01:00:00Z,0,96.053
2018-06-28T02:00:00Z,0.135,97.93
2018-06-28T03:00:00Z,16.911,104.471
2018-06-28T04:00:00Z,119.191,120.222
2018-06-28T05:00:00Z,351.485,133.855
2018-06-28T06:00:00Z,675.235,141.523
2018-06-28T07:00:00Z,979.909,144.505
2018-06-28T08:00:00Z,1182.575,146.664
2018-06-28T09:00:00Z,1284.584,150.156
2018-06-28T10:00:00Z,1294.257,150.105
2018-06-28T11:00:00Z,1211.797,149.451
2018-06-28T12:00:00Z,1073.463,147.722
2018-06-28T13:00:00Z,894.203,144.74
2018-06-28T14:00:00Z,721.707,142.972
2018-06-28T15:00:00Z,537.374,142.188
2018-06-28T16:00:00Z,347.291,139.819
2018-06-28T17:00:00Z,173.51,137.652
2018-06-28T18:00:00Z,56.551,131.282
2018-06-28T19:00:00Z,5.885,124.788
2018-06-28T20:00:00Z,0,119.583
2018-06-28T21:00:00Z,0,110.793
2018-06-28T22:00:00Z,0,103.9
2018-06-28T23:00:00Z,0,100.031
2018-06-29T00:00:00Z,0,96.391
2018-06-29T01:00:00Z,0,96.799
2018-06-29T02:00:00Z,0.135,98.528
2018-06-29T03:00:00Z,14.572,104.552
2018-06-29T04:00:00Z,102.948,121.332
2018-06-29T05:00:00Z,311.003,134.719
2018-06-29T06:00:00Z,600.486,141.57
2018-06-29T07:00:00Z,928.894,144.223
2018-06-29T08:00:00Z,1238.278,146.503
2018-06-29T09:00:00Z,1480.537,148.955
2018-06-29T10:00:00Z,1640.559,147.916
2018-06-29T11:00:00Z,1697.295,146.352
2018-06-29T12:00:00Z,1639.951,143.098
2018-06-29T13:00:00Z,1470.89,139.417
2018-06-29T14:00:00Z,1229.711,135.858
2018-06-29T15:00:00Z,947.447,134.798
2018-06-29T16:00:00Z,608.919,132.93
2018-06-29T17:00:00Z,292.249,130.574
2018-06-29T18:00:00Z,93.301,124.794
2018-06-29T19:00:00Z,7.556,118.97
2018-06-29T20:00:00Z,0,114.752
2018-06-29T21:00:00Z,0,107.423
2018-06-29T22:00:00Z,0,99.68
2018-06-29T23:00:00Z,0,94.619
2018-06-30T00:00:00Z,0,91.22
2018-06-30T01:00:00Z,0,89.999
2018-06-30T02:00:00Z,0.135,89.377
2018-06-30T03:00:00Z,17.862,88.884
2018-06-30T04:00:00Z,134.066,94.287
2018-06-30T05:00:00Z,423.901,102.354
2018-06-30T06:00:00Z,828.525,111.39
2018-06-30T07:00:00Z,1241.642,118.775
2018-06-30T08:00:00Z,1563.494,122.36
2018-06-30T09:00:00Z,1749.191,123.136
2018-06-30T10:00:00Z,1824.616,121.139
2018-06-30T11:00:00Z,1824.616,117.537
2018-06-30T12:00:00Z,1756.875,114.637
2018-06-30T13:00:00Z,1617.013,112.929
2018-06-30T14:00:00Z,1383.527,111.738
2018-06-30T15:00:00Z,1060.259,111.939
2018-06-30T16:00:00Z,663.454,111.328
2018-06-30T17:00:00Z,306.08,109.105
2018-06-30T18:00:00Z,94.904,105.817
2018-06-30T19:00:00Z,7.212,101.14
2018-06-30T20:00:00Z,0,100.852
2018-06-30T21:00:00Z,0,95.463
2018-06-30T22:00:00Z,0,89.651
2018-06-30T23:00:00Z,0,85.151
2018-07-01T00:00:00Z,0,82.42
2018-07-01T01:00:00Z,0,80.94
2018-07-01T02:00:00Z,0.135,79.602
2018-07-01T03:00:00Z,17.793,78.645
2018-07-01T04:00:00Z,136.073,80.31
2018-07-01T05:00:00Z,437.939,86.87
2018-07-01T06:00:00Z,874.261,93.806
2018-07-01T07:00:00Z,1298.115,100.775
2018-07-01T08:00:00Z,1604.43,105.702
2018-07-01T09:00:00Z,1805.203,109.128
2018-07-01T10:00:00Z,1902.59,108.491
2018-07-01T11:00:00Z,1924.898,105.648
2018-07-01T12:00:00Z,1852.987,102.914
2018-07-01T13:00:00Z,1697.841,101.059
2018-07-01T14:00:00Z,1448.004,100.2
2018-07-01T15:00:00Z,1110.417,101.985
2018-07-01T16:00:00Z,697.145,103.765
2018-07-01T17:00:00Z,307.596,105.155
2018-07-01T18:00:00Z,92.13,104.351
2018-07-01T19:00:00Z,7.211,102.262
2018-07-01T20:00:00Z,0,103.464
2018-07-01T21:00:00Z,0,98.282
2018-07-01T22:00:00Z,0,92.577
2018-07-01T23:00:00Z,0,88.873
2018-07-02T00:00:00Z,0,86.752
2018-07-02T01:00:00Z,0,87.306
2018-07-02T02:00:00Z,0.135,89.918
2018-07-02T03:00:00Z,17.653,96.155
2018-07-02T04:00:00Z,135.567,114.57
2018-07-02T05:00:00Z,440.459,128.74
2018-07-02T06:00:00Z,874.854,137.363
2018-07-02T07:00:00Z,1287.89,140.569
2018-07-02T08:00:00Z,1617.981,143.793
2018-07-02T09:00:00Z,1834.606,147.14
2018-07-02T10:00:00Z,1938.909,148.382
2018-07-02T11:00:00Z,1950.97,146.862
2018-07-02T12:00:00Z,1877.527,145.172
2018-07-02T13:00:00Z,1716.962,142.713
2018-07-02T14:00:00Z,1467.725,140.298
2018-07-02T15:00:00Z,1112.097,139.206
2018-07-02T16:00:00Z,685.855,137.278
2018-07-02T17:00:00Z,304.151,135.281
2018-07-02T18:00:00Z,92.512,130.314
2018-07-02T19:00:00Z,7.142,124.036
2018-07-02T20:00:00Z,0,119.35
2018-07-02T21:00:00Z,0,109.712
2018-07-02T22:00:00Z,0,103.327
2018-07-02T23:00:00Z,0,99.347
2018-07-03T00:00:00Z,0,96.44
2018-07-03T01:00:00Z,0,96.938
2018-07-03T02:00:00Z,0.067,98.481
2018-07-03T03:00:00Z,17.447,103.906
2018-07-03T04:00:00Z,136.881,120.722
2018-07-03T05:00:00Z,427.821,134.837
2018-07-03T06:00:00Z,827.417,141.722
2018-07-03T07:00:00Z,1229.101,144.235
2018-07-03T08:00:00Z,1536.005,148.474
2018-07-03T09:00:00Z,1703.537,151.636
2018-07-03T10:00:00Z,1782.486,149.988
2018-07-03T11:00:00Z,1798.855,148.506
2018-07-03T12:00:00Z,1752.913,145.422
2018-07-03T13:00:00Z,1616.773,143.825
2018-07-03T14:00:00Z,1367.531,141.138
2018-07-03T15:00:00Z,1031.66,140.347
2018-07-03T16:00:00Z,642.506,139.34
2018-07-03T17:00:00Z,291.007,137.102
2018-07-03T18:00:00Z,91.815,131.517
2018-07-03T19:00:00Z,6.871,125.463
2018-07-03T20:00:00Z,0,121.013
2018-07-03T21:00:00Z,0,112.311
2018-07-03T22:00:00Z,0,104.723
2018-07-03T23:00:00Z,0,100.089
2018-07-04T00:00:00Z,0,97.701
2018-07-04T01:00:00Z,0,97.705
2018-07-04T02:00:00Z,0.067,99.518
2018-07-04T03:00:00Z,17.038,105.221
2018-07-04T04:00:00Z,128.221,121.295
2018-07-04T05:00:00Z,379.613,135.147
2018-07-04T06:00:00Z,709.931,142.418
2018-07-04T07:00:00Z,1046.646,145.321
2018-07-04T08:00:00Z,1319.992,145.569
2018-07-04T09:00:00Z,1506.734,149.857
2018-07-04T10:00:00Z,1566.535,152.328
2018-07-04T11:00:00Z,1541.753,151.794
2018-07-04T12:00:00Z,1395.281,149.271
2018-07-04T13:00:00Z,1207.394,145.409
2018-07-04T14:00:00Z,1047.252,141.754
2018-07-04T15:00:00Z,792.089,141.57
2018-07-04T16:00:00Z,503.457,140.768
2018-07-04T17:00:00Z,246.004,137.947
2018-07-04T18:00:00Z,76.838,131.072
2018-07-04T19:00:00Z,6.128,125.598
2018-07-04T20:00:00Z,0,121.567
2018-07-04T21:00:00Z,0,112.813
2018-07-04T22:00:00Z,0,105.68
2018-07-04T23:00:00Z,0,101.08
2018-07-05T00:00:00Z,0,98.039
2018-07-05T01:00:00Z,0,98.244
2018-07-05T02:00:00Z,0.067,100.022
2018-07-05T03:00:00Z,15.215,105.471
2018-07-05T04:00:00Z,125.69,121.695
2018-07-05T05:00:00Z,354.113,135.067
2018-07-05T06:00:00Z,659.284,143.656
2018-07-05T07:00:00Z,956.173,147.856
2018-07-05T08:00:00Z,1168.238,151.11
2018-07-05T09:00:00Z,1328.935,151.358
2018-07-05T10:00:00Z,1343.813,150.171
2018-07-05T11:00:00Z,1297.159,149.778
2018-07-05T12:00:00Z,1150.061,148.025
2018-07-05T13:00:00Z,1000.135,145.054
2018-07-05T14:00:00Z,803.151,142.568
2018-07-05T15:00:00Z,594.655,141.6
2018-07-05T16:00:00Z,381.917,140.151
2018-07-05T17:00:00Z,188.299,137.972
2018-07-05T18:00:00Z,57.022,131.944
2018-07-05T19:00:00Z,4.645,126.368
2018-07-05T20:00:00Z,0,121.43
2018-07-05T21:00:00Z,0,112.925
2018-07-05T22:00:00Z,0,105.422
2018-07-05T23:00:00Z,0,100.926
2018-07-06T00:00:00Z,0,98.904
2018-07-06T01:00:00Z,0,99.477
2018-07-06T02:00:00Z,0,101.572
2018-07-06T03:00:00Z,7.673,107.256
2018-07-06T04:00:00Z,59.429,123.58
2018-07-06T05:00:00Z,167.788,136.591
2018-07-06T06:00:00Z,318.616,142.476
2018-07-06T07:00:00Z,500.471,146.709
2018-07-06T08:00:00Z,728.227,148.788
2018-07-06T09:00:00Z,1000.538,151.494
2018-07-06T10:00:00Z,1199.219,151.035
2018-07-06T11:00:00Z,1310.674,148.181
2018-07-06T12:00:00Z,1302.733,142.371
2018-07-06T13:00:00Z,1192.287,139.751
2018-07-06T14:00:00Z,1043.478,135.576
2018-07-06T15:00:00Z,811.953,134.794
2018-07-06T16:00:00Z,533.719,131.711
2018-07-06T17:00:00Z,267.196,130.715
2018-07-06T18:00:00Z,83.659,125.299
2018-07-06T19:00:00Z,6.125,118.367
2018-07-06T20:00:00Z,0,114.526
2018-07-06T21:00:00Z,0,107.061
2018-07-06T22:00:00Z,0,99.712
2018-07-06T23:00:00Z,0,95.123
2018-07-07T00:00:00Z,0,92.272
2018-07-07T01:00:00Z,0,90.995
2018-07-07T02:00:00Z,0,90.175
2018-07-07T03:00:00Z,13.796,90.008
2018-07-07T04:00:00Z,124.638,94.92
2018-07-07T05:00:00Z,386.634,102.384
2018-07-07T06:00:00Z,755.233,111.381
2018-07-07T07:00:00Z,1148.664,116.926
2018-07-07T08:00:00Z,1470.153,120.173
2018-07-07T09:00:00Z,1658.456,123.024
2018-07-07T10:00:00Z,1770.981,121.152
2018-07-07T11:00:00Z,1806.111,116.169
2018-07-07T12:00:00Z,1745.205,112.689
2018-07-07T13:00:00Z,1590.753,111.204
2018-07-07T14:00:00Z,1362.609,110.283
2018-07-07T15:00:00Z,1029.679,110.186
2018-07-07T16:00:00Z,642.035,110.105
2018-07-07T17:00:00Z,290.194,108.718
2018-07-07T18:00:00Z,88.162,105.078
2018-07-07T19:00:00Z,5.99,100.394
2018-07-07T20:00:00Z,0,98.853
2018-07-07T21:00:00Z,0,93.941
2018-07-07T22:00:00Z,0,87.74
2018-07-07T23:00:00Z,0,83.694
2018-07-08T00:00:00Z,0,80.921
2018-07-08T01:00:00Z,0,79.344
2018-07-08T02:00:00Z,0,79.057
2018-07-08T03:00:00Z,12.854,78.151
2018-07-08T04:00:00Z,117.639,79.457
2018-07-08T05:00:00Z,354.465,85.188
2018-07-08T06:00:00Z,696.48,93.033
2018-07-08T07:00:00Z,1073.558,99.381
2018-07-08T08:00:00Z,1398.412,103.312
2018-07-08T09:00:00Z,1641.901,106.939
2018-07-08T10:00:00Z,1747.426,107.095
2018-07-08T11:00:00Z,1746.416,103.539
2018-07-08T12:00:00Z,1698.365,100.482
2018-07-08T13:00:00Z,1550.643,99.781
2018-07-08T14:00:00Z,1309.98,99.469
2018-07-08T15:00:00Z,992.597,100.926
2018-07-08T16:00:00Z,627.431,102.331
2018-07-08T17:00:00Z,287.704,102.389
2018-07-08T18:00:00Z,83.99,102.946
2018-07-08T19:00:00Z,5.653,101.683
2018-07-08T20:00:00Z,0,103.842
2018-07-08T21:00:00Z,0,96.959
2018-07-08T22:00:00Z,0,90.497
2018-07-08T23:00:00Z,0,87.411
2018-07-09T00:00:00Z,0,84.621
2018-07-09T01:00:00Z,0,85.19
2018-07-09T02:00:00Z,0,87.731
2018-07-09T03:00:00Z,12.446,95.057
2018-07-09T04:00:00Z,116.319,113.857
2018-07-09T05:00:00Z,355.549,128.665
2018-07-09T06:00:00Z,699.594,137.479
2018-07-09T07:00:00Z,1030.924,140.587
2018-07-09T08:00:00Z,1297.535,144.695
2018-07-09T09:00:00Z,1455.632,147.142
2018-07-09T10:00:00Z,1463.974,145.676
2018-07-09T11:00:00Z,1449.039,144.406
2018-07-09T12:00:00Z,1382.235,142.72
2018-07-09T13:00:00Z,1235.575,140.706
2018-07-09T14:00:00Z,994.865,137.068
2018-07-09T15:00:00Z,715.202,136.748
2018-07-09T16:00:00Z,450.003,136.553
2018-07-09T17:00:00Z,213.397,134.946
2018-07-09T18:00:00Z,64.786,128.304
2018-07-09T19:00:00Z,3.162,122.467
2018-07-09T20:00:00Z,0,117.736
2018-07-09T21:00:00Z,0,107.452
2018-07-09T22:00:00Z,0,99.473
2018-07-09T23:00:00Z,0,95.523
2018-07-10T00:00:00Z,0,92.62
2018-07-10T01:00:00Z,0,93.439
2018-07-10T02:00:00Z,0,94.781
2018-07-10T03:00:00Z,6.322,101.044
2018-07-10T04:00:00Z,57.366,116.783
2018-07-10T05:00:00Z,170.62,130.683
2018-07-10T06:00:00Z,329.806,138.421
2018-07-10T07:00:00Z,507.42,140.745
2018-07-10T08:00:00Z,656.183,144.926
2018-07-10T09:00:00Z,803.6,147.446
2018-07-10T10:00:00Z,911.608,147.189
2018-07-10T11:00:00Z,948.664,145.648
2018-07-10T12:00:00Z,944.965,140.954
2018-07-10T13:00:00Z,888.876,138.735
2018-07-10T14:00:00Z,784.366,135.102
2018-07-10T15:00:00Z,625.785,134.557
2018-07-10T16:00:00Z,410.711,133.593
2018-07-10T17:00:00Z,214.468,131.476
2018-07-10T18:00:00Z,64.024,124.891
2018-07-10T19:00:00Z,3.968,118.563
2018-07-10T20:00:00Z,0,115.043
2018-07-10T21:00:00Z,0,104.862
2018-07-10T22:00:00Z,0,97.658
2018-07-10T23:00:00Z,0,93.661
2018-07-11T00:00:00Z,0,91.143
2018-07-11T01:00:00Z,0,91.25
2018-07-11T02:00:00Z,0,93.565
2018-07-11T03:00:00Z,6.789,99.653
2018-07-11T04:00:00Z,78.847,116.952
2018-07-11T05:00:00Z,237.481,129.959
2018-07-11T06:00:00Z,445.318,137.233
2018-07-11T07:00:00Z,657.391,138.8
2018-07-11T08:00:00Z,822.814,142.91
2018-07-11T09:00:00Z,917.12,146.131
2018-07-11T10:00:00Z,948.444,143.556
2018-07-11T11:00:00Z,947.57,142.096
2018-07-11T12:00:00Z,940.109,139.298
2018-07-11T13:00:00Z,887.477,139.039
2018-07-11T14:00:00Z,759.898,135.788
2018-07-11T15:00:00Z,585.804,134.546
2018-07-11T16:00:00Z,381.394,133.144
2018-07-11T17:00:00Z,186.933,131.209
2018-07-11T18:00:00Z,53.573,124.929
2018-07-11T19:00:00Z,3.092,119.418
2018-07-11T20:00:00Z,0,114.891
2018-07-11T21:00:00Z,0,105.862
2018-07-11T22:00:00Z,0,97.769
2018-07-11T23:00:00Z,0,93.945
2018-07-12T00:00:00Z,0,91.322
2018-07-12T01:00:00Z,0,91.181
2018-07-12T02:00:00Z,0,93.105
2018-07-12T03:00:00Z,6.046,99.086
2018-07-12T04:00:00Z,70.197,114.759
2018-07-12T05:00:00Z,220.667,128.931
2018-07-12T06:00:00Z,438.715,136.329
2018-07-12T07:00:00Z,675.571,139.306
2018-07-12T08:00:00Z,910.815,142.807
2018-07-12T09:00:00Z,1121.137,144.282
2018-07-12T10:00:00Z,1264.42,143.688
2018-07-12T11:00:00Z,1310.837,142.16
2018-07-12T12:00:00Z,1260.524,139.888
2018-07-12T13:00:00Z,1176.556,137.508
2018-07-12T14:00:00Z,999.216,135.463
2018-07-12T15:00:00Z,746.507,135.375
2018-07-12T16:00:00Z,473.712,133.488
2018-07-12T17:00:00Z,225.168,129.999
2018-07-12T18:00:00Z,67.174,124.73
2018-07-12T19:00:00Z,4.165,119.416
2018-07-12T20:00:00Z,0,115.902
2018-07-12T21:00:00Z,0,105.633
2018-07-12T22:00:00Z,0,98.847
2018-07-12T23:00:00Z,0,94.465
2018-07-13T00:00:00Z,0,92.252
2018-07-13T01:00:00Z,0,92.909
2018-07-13T02:00:00Z,0,94.843
2018-07-13T03:00:00Z,9.334,100.537
2018-07-13T04:00:00Z,101.128,116.565
2018-07-13T05:00:00Z,329.774,130.001
2018-07-13T06:00:00Z,670.83,138.434
2018-07-13T07:00:00Z,1064.666,140.574
2018-07-13T08:00:00Z,1402.632,142.168
2018-07-13T09:00:00Z,1616.506,145.105
2018-07-13T10:00:00Z,1695.407,143.707
2018-07-13T11:00:00Z,1673.919,140.995
2018-07-13T12:00:00Z,1574.94,136.104
2018-07-13T13:00:00Z,1432.246,133.937
2018-07-13T14:00:00Z,1229.721,132.175
2018-07-13T15:00:00Z,926.001,131.143
2018-07-13T16:00:00Z,575.611,129.458
2018-07-13T17:00:00Z,263.967,126.74
2018-07-13T18:00:00Z,76.82,120.825
2018-07-13T19:00:00Z,4.23,115.192
2018-07-13T20:00:00Z,0,111.368
2018-07-13T21:00:00Z,0,103.297
2018-07-13T22:00:00Z,0,96.69
2018-07-13T23:00:00Z,0,92.079
2018-07-14T00:00:00Z,0,87.404
2018-07-14T01:00:00Z,0,86.338
2018-07-14T02:00:00Z,0,86.329
2018-07-14T03:00:00Z,9.535,86.009
2018-07-14T04:00:00Z,104.886,90.709
2018-07-14T05:00:00Z,328.693,98.291
2018-07-14T06:00:00Z,663.832,106.865
2018-07-14T07:00:00Z,1022.137,113.613
2018-07-14T08:00:00Z,1332.028,117.73
2018-07-14T09:00:00Z,1534.481,119.895
2018-07-14T10:00:00Z,1587.595,117.758
2018-07-14T11:00:00Z,1573.763,113.698
2018-07-14T12:00:00Z,1485.865,110.808
2018-07-14T13:00:00Z,1341.63,108.446
2018-07-14T14:00:00Z,1174.766,107.826
2018-07-14T15:00:00Z,894.621,107.465
2018-07-14T16:00:00Z,571.569,106.452
2018-07-14T17:00:00Z,269.602,105.648
2018-07-14T18:00:00Z,77.825,101.692
2018-07-14T19:00:00Z,4.096,97.365
2018-07-14T20:00:00Z,0,95.993
2018-07-14T21:00:00Z,0,88.576
2018-07-14T22:00:00Z,0,83.914
2018-07-14T23:00:00Z,0,79.857
2018-07-15T00:00:00Z,0,76.834
2018-07-15T01:00:00Z,0,76.056
2018-07-15T02:00:00Z,0,75.654
2018-07-15T03:00:00Z,9.735,75.066
2018-07-15T04:00:00Z,110.378,77.409
2018-07-15T05:00:00Z,359.6,83.446
2018-07-15T06:00:00Z,734.105,90.754
2018-07-15T07:00:00Z,1126.872,97.058
2018-07-15T08:00:00Z,1437.057,102.049
2018-07-15T09:00:00Z,1616.588,105.787
2018-07-15T10:00:00Z,1658.617,104.731
2018-07-15T11:00:00Z,1600.81,101.546
2018-07-15T12:00:00Z,1438.668,99.193
2018-07-15T13:00:00Z,1244.702,97.502
2018-07-15T14:00:00Z,1025.021,97.598
2018-07-15T15:00:00Z,766.735,98.024
2018-07-15T16:00:00Z,491.126,98.964
2018-07-15T17:00:00Z,235.19,100.698
2018-07-15T18:00:00Z,69.624,100.773
2018-07-15T19:00:00Z,3.894,99.764
2018-07-15T20:00:00Z,0,100.67
2018-07-15T21:00:00Z,0,93.586
2018-07-15T22:00:00Z,0,87.31
2018-07-15T23:00:00Z,0,83.681
2018-07-16T00:00:00Z,0,81.729
2018-07-16T01:00:00Z,0,81.682
2018-07-16T02:00:00Z,0,84.326
2018-07-16T03:00:00Z,8.054,91.346
2018-07-16T04:00:00Z,91.946,109.333
2018-07-16T05:00:00Z,313.96,124.256
2018-07-16T06:00:00Z,623.826,133.097
2018-07-16T07:00:00Z,950.201,136.587
2018-07-16T08:00:00Z,1250.47,140.347
2018-07-16T09:00:00Z,1498.591,142.837
2018-07-16T10:00:00Z,1649.195,141.268
2018-07-16T11:00:00Z,1668.658,139.751
2018-07-16T12:00:00Z,1570.805,137.761
2018-07-16T13:00:00Z,1418.926,136.544
2018-07-16T14:00:00Z,1201.879,132.906
2018-07-16T15:00:00Z,900.872,133.332
2018-07-16T16:00:00Z,578.591,131.451
2018-07-16T17:00:00Z,267.248,129.339
2018-07-16T18:00:00Z,75.638,124.679
2018-07-16T19:00:00Z,3.826,119.506
2018-07-16T20:00:00Z,0,115.137
2018-07-16T21:00:00Z,0,105.123
2018-07-16T22:00:00Z,0,97.652
2018-07-16T23:00:00Z,0,93.509
2018-07-17T00:00:00Z,0,90.863
2018-07-17T01:00:00Z,0,90.76
2018-07-17T02:00:00Z,0,92.355
2018-07-17T03:00:00Z,7.246,98.141
2018-07-17T04:00:00Z,95.008,113.183
2018-07-17T05:00:00Z,327.63,127.317
2018-07-17T06:00:00Z,665.593,135.046
2018-07-17T07:00:00Z,1041.801,138.225
2018-07-17T08:00:00Z,1363.392,141.249
2018-07-17T09:00:00Z,1574.745,144.646
2018-07-17T10:00:00Z,1643.25,144.158
2018-07-17T11:00:00Z,1604.804,142.84
2018-07-17T12:00:00Z,1473.833,140.193
2018-07-17T13:00:00Z,1310.521,138.18
2018-07-17T14:00:00Z,1085.145,135.292
2018-07-17T15:00:00Z,808.306,135.256
2018-07-17T16:00:00Z,493.223,132.748
2018-07-17T17:00:00Z,229.737,130.859
2018-07-17T18:00:00Z,69.042,125.872
2018-07-17T19:00:00Z,3.221,120.451
2018-07-17T20:00:00Z,0,116.456
2018-07-17T21:00:00Z,0,106.106
2018-07-17T22:00:00Z,0,98.428
2018-07-17T23:00:00Z,0,94.64
2018-07-18T00:00:00Z,0,92.137
2018-07-18T01:00:00Z,0,92.834
2018-07-18T02:00:00Z,0,95.399
2018-07-18T03:00:00Z,5.433,100.713
2018-07-18T04:00:00Z,86.653,114.936
2018-07-18T05:00:00Z,301.073,128.447
2018-07-18T06:00:00Z,649.497,136.442
2018-07-18T07:00:00Z,1032.529,138.77
2018-07-18T08:00:00Z,1363.179,141.752
2018-07-18T09:00:00Z,1545.942,144.449
2018-07-18T10:00:00Z,1618.981,143.701
2018-07-18T11:00:00Z,1621.797,142.557
2018-07-18T12:00:00Z,1587.19,139.725
2018-07-18T13:00:00Z,1469.685,137.235
2018-07-18T14:00:00Z,1266.264,133.672
2018-07-18T15:00:00Z,962.643,133.024
2018-07-18T16:00:00Z,605.701,132.447
2018-07-18T17:00:00Z,268.478,131.1
2018-07-18T18:00:00Z,72.904,126.925
2018-07-18T19:00:00Z,3.018,121.404
2018-07-18T20:00:00Z,0,116.225
2018-07-18T21:00:00Z,0,106.134
2018-07-18T22:00:00Z,0,98.674
2018-07-18T23:00:00Z,0,94.336
2018-07-19T00:00:00Z,0,92.032
2018-07-19T01:00:00Z,0,91.75
2018-07-19T02:00:00Z,0,93.642
2018-07-19T03:00:00Z,7.04,98.577
2018-07-19T04:00:00Z,96.013,113.478
2018-07-19T05:00:00Z,339.733,126.707
2018-07-19T06:00:00Z,715.805,134.99
2018-07-19T07:00:00Z,1092.884,138.733
2018-07-19T08:00:00Z,1404.725,140.666
2018-07-19T09:00:00Z,1607.88,143.613
2018-07-19T10:00:00Z,1683.041,142.728
2018-07-19T11:00:00Z,1704.296,140.625
2018-07-19T12:00:00Z,1651.126,138.18
2018-07-19T13:00:00Z,1518.17,136.038
2018-07-19T14:00:00Z,1290.542,133.522
2018-07-19T15:00:00Z,967.102,133.432
2018-07-19T16:00:00Z,587.811,132.19
2018-07-19T17:00:00Z,256.258,130.123
2018-07-19T18:00:00Z,68.858,125.036
2018-07-19T19:00:00Z,2.883,120.915
2018-07-19T20:00:00Z,0,115.938
2018-07-19T21:00:00Z,0,106.157
2018-07-19T22:00:00Z,0,98.594
2018-07-19T23:00:00Z,0,94.155
2018-07-20T00:00:00Z,0,91.293
2018-07-20T01:00:00Z,0,91.425
2018-07-20T02:00:00Z,0,93.392
2018-07-20T03:00:00Z,6.769,98.419
2018-07-20T04:00:00Z,97.111,113.006
2018-07-20T05:00:00Z,345.151,127.075
2018-07-20T06:00:00Z,701.025,134.976
2018-07-20T07:00:00Z,1078.279,137.761
2018-07-20T08:00:00Z,1403.726,140.969
2018-07-20T09:00:00Z,1583.272,143.427
2018-07-20T10:00:00Z,1646.605,140.424
2018-07-20T11:00:00Z,1625.561,137.829
2018-07-20T12:00:00Z,1532.069,135.576
2018-07-20T13:00:00Z,1363.716,132.998
2018-07-20T14:00:00Z,1133.168,130.698
2018-07-20T15:00:00Z,845.989,130.059
2018-07-20T16:00:00Z,507.942,127.881
2018-07-20T17:00:00Z,216.742,124.728
2018-07-20T18:00:00Z,54.487,118.649
2018-07-20T19:00:00Z,1.944,114.53
2018-07-20T20:00:00Z,0,110.392
2018-07-20T21:00:00Z,0,101.367
2018-07-20T22:00:00Z,0,95.211
2018-07-20T23:00:00Z,0,90.931
2018-07-21T00:00:00Z,0,87.588
2018-07-21T01:00:00Z,0,86.011
2018-07-21T02:00:00Z,0,84.732
2018-07-21T03:00:00Z,5.629,85.012
2018-07-21T04:00:00Z,66.01,89.871
2018-07-21T05:00:00Z,210.495,98.597
2018-07-21T06:00:00Z,397.802,106.499
2018-07-21T07:00:00Z,610.91,112.51
2018-07-21T08:00:00Z,780.927,116.61
2018-07-21T09:00:00Z,896.998,117.766
2018-07-21T10:00:00Z,969.508,115.877
2018-07-21T11:00:00Z,979.56,112.399
2018-07-21T12:00:00Z,926.082,109.026
2018-07-21T13:00:00Z,831.993,107.508
2018-07-21T14:00:00Z,695.014,107.095
2018-07-21T15:00:00Z,519.032,107.829
2018-07-21T16:00:00Z,311.553,108.256
2018-07-21T17:00:00Z,141.201,106.36
2018-07-21T18:00:00Z,39.405,101.959
2018-07-21T19:00:00Z,1.742,98.913
2018-07-21T20:00:00Z,0,97.177
2018-07-21T21:00:00Z,0,90.429
2018-07-21T22:00:00Z,0,85.923
2018-07-21T23:00:00Z,0,82.075
2018-07-22T00:00:00Z,0,79.846
2018-07-22T01:00:00Z,0,78.7
2018-07-22T02:00:00Z,0,78.773
2018-07-22T03:00:00Z,3.686,77.941
2018-07-22T04:00:00Z,48.921,78.786
2018-07-22T05:00:00Z,170.822,83.717
2018-07-22T06:00:00Z,358.799,90.102
2018-07-22T07:00:00Z,591.476,96.566
2018-07-22T08:00:00Z,807.533,101.444
2018-07-22T09:00:00Z,977.885,106.061
2018-07-22T10:00:00Z,1071.438,105.916
2018-07-22T11:00:00Z,1071.17,101.933
2018-07-22T12:00:00Z,1048.117,98.71
2018-07-22T13:00:00Z,977.617,98.034
2018-07-22T14:00:00Z,816.58,98.434
2018-07-22T15:00:00Z,592.079,100.828
2018-07-22T16:00:00Z,366.506,102.634
2018-07-22T17:00:00Z,174.843,102.562
2018-07-22T18:00:00Z,45.771,102.303
2018-07-22T19:00:00Z,1.943,102.145
2018-07-22T20:00:00Z,0,102.096
2018-07-22T21:00:00Z,0,95.204
2018-07-22T22:00:00Z,0,89.933
2018-07-22T23:00:00Z,0,86.667
2018-07-23T00:00:00Z,0,85.092
2018-07-23T01:00:00Z,0,85.096
2018-07-23T02:00:00Z,0,88.148
2018-07-23T03:00:00Z,4.355,94.871
2018-07-23T04:00:00Z,69.272,111.877
2018-07-23T05:00:00Z,253.104,127.242
2018-07-23T06:00:00Z,534.748,135.634
2018-07-23T07:00:00Z,871.527,138.041
2018-07-23T08:00:00Z,1215.61,141.179
2018-07-23T09:00:00Z,1467.508,144.597
2018-07-23T10:00:00Z,1584.547,144.327
2018-07-23T11:00:00Z,1591.983,142.782
2018-07-23T12:00:00Z,1519.964,139.734
2018-07-23T13:00:00Z,1400.447,137.851
2018-07-23T14:00:00Z,1175.815,134.755
2018-07-23T15:00:00Z,875.547,134.185
2018-07-23T16:00:00Z,543.993,133.383
2018-07-23T17:00:00Z,236.49,131.205
2018-07-23T18:00:00Z,58.553,126.357
2018-07-23T19:00:00Z,1.608,121.573
2018-07-23T20:00:00Z,0,117.503
2018-07-23T21:00:00Z,0,107.792
2018-07-23T22:00:00Z,0,99.875
2018-07-23T23:00:00Z,0,95.566
2018-07-24T00:00:00Z,0,93.167
2018-07-24T01:00:00Z,0,93.067
2018-07-24T02:00:00Z,0,95.215
2018-07-24T03:00:00Z,4.487,101.04
2018-07-24T04:00:00Z,83.575,115.438
2018-07-24T05:00:00Z,326.666,129.116
2018-07-24T06:00:00Z,711.125,137.451
2018-07-24T07:00:00Z,1119.626,140.219
2018-07-24T08:00:00Z,1452.252,143.536
2018-07-24T09:00:00Z,1667.82,146.873
2018-07-24T10:00:00Z,1757.824,145.747
2018-07-24T11:00:00Z,1761.306,143.735
2018-07-24T12:00:00Z,1690.924,141.023
2018-07-24T13:00:00Z,1539.444,139.15
2018-07-24T14:00:00Z,1285.772,136.966
2018-07-24T15:00:00Z,945.645,136.087
2018-07-24T16:00:00Z,567.213,134.473
2018-07-24T17:00:00Z,238.738,132.906
2018-07-24T18:00:00Z,56.119,128.161
2018-07-24T19:00:00Z,1.205,123.944
2018-07-24T20:00:00Z,0,119.203
2018-07-24T21:00:00Z,0,109.735
2018-07-24T22:00:00Z,0,103.714
2018-07-24T23:00:00Z,0,98.355
2018-07-25T00:00:00Z,0,95.927
2018-07-25T01:00:00Z,0,95.85
2018-07-25T02:00:00Z,0,97.667
2018-07-25T03:00:00Z,4.149,103.199
2018-07-25T04:00:00Z,81.575,118.352
2018-07-25T05:00:00Z,318.871,131.207
2018-07-25T06:00:00Z,689.271,138.299
2018-07-25T07:00:00Z,1077.805,142.138
2018-07-25T08:00:00Z,1394.936,146.268
2018-07-25T09:00:00Z,1601.851,149.887
2018-07-25T10:00:00Z,1674.191,148.784
2018-07-25T11:00:00Z,1630.426,146.894
2018-07-25T12:00:00Z,1494.78,143.673
2018-07-25T13:00:00Z,1328.686,141.159
2018-07-25T14:00:00Z,1081.686,138.549
2018-07-25T15:00:00Z,791.055,135.95
2018-07-25T16:00:00Z,485.835,135.243
2018-07-25T17:00:00Z,207.584,133.997
2018-07-25T18:00:00Z,50.123,129.185
2018-07-25T19:00:00Z,1.271,124.965
2018-07-25T20:00:00Z,0,120.017
2018-07-25T21:00:00Z,0,111.242
2018-07-25T22:00:00Z,0,103.158
2018-07-25T23:00:00Z,0,99.214
2018-07-26T00:00:00Z,0,96.26
2018-07-26T01:00:00Z,0,95.993
2018-07-26T02:00:00Z,0,97.776
2018-07-26T03:00:00Z,3.745,102.951
2018-07-26T04:00:00Z,77.786,117.202
2018-07-26T05:00:00Z,315.624,130.784
2018-07-26T06:00:00Z,694.319,138.426
2018-07-26T07:00:00Z,1102.778,142.626
2018-07-26T08:00:00Z,1431.846,145.635
2018-07-26T09:00:00Z,1641.258,149.314
2018-07-26T10:00:00Z,1739.51,147.826
2018-07-26T11:00:00Z,1732.086,145.845
2018-07-26T12:00:00Z,1657.244,143.288
2018-07-26T13:00:00Z,1495.719,141.754
2018-07-26T14:00:00Z,1242.565,139.062
2018-07-26T15:00:00Z,913.765,137.397
2018-07-26T16:00:00Z,541.825,135.612
2018-07-26T17:00:00Z,221.251,134.005
2018-07-26T18:00:00Z,50.631,130.47
2018-07-26T19:00:00Z,0.736,125.865
2018-07-26T20:00:00Z,0,121.071
2018-07-26T21:00:00Z,0,111.005
2018-07-26T22:00:00Z,0,104.657
2018-07-26T23:00:00Z,0,100.176
2018-07-27T00:00:00Z,0,97.126
2018-07-27T01:00:00Z,0,96.378
2018-07-27T02:00:00Z,0,98.084
2018-07-27T03:00:00Z,3.208,103.898
2018-07-27T04:00:00Z,72.377,118.181
2018-07-27T05:00:00Z,300.2,131.017
2018-07-27T06:00:00Z,672.11,138.827
2018-07-27T07:00:00Z,1076.899,142.902
2018-07-27T08:00:00Z,1389.129,145.67
2018-07-27T09:00:00Z,1581.132,147.711
2018-07-27T10:00:00Z,1650.1,146.027
2018-07-27T11:00:00Z,1624.705,143.415
2018-07-27T12:00:00Z,1507.485,139.729
2018-07-27T13:00:00Z,1351.504,137.476
2018-07-27T14:00:00Z,1152.016,135.548
2018-07-27T15:00:00Z,857.296,134.595
2018-07-27T16:00:00Z,518.267,133.402
2018-07-27T17:00:00Z,214.391,131.109
2018-07-27T18:00:00Z,46.313,125.996
2018-07-27T19:00:00Z,0.601,120.179
2018-07-27T20:00:00Z,0,114.65
2018-07-27T21:00:00Z,0,108.438
2018-07-27T22:00:00Z,0,102.042
2018-07-27T23:00:00Z,0,97.09
2018-07-28T00:00:00Z,0,94.764
2018-07-28T01:00:00Z,0,93.015
2018-07-28T02:00:00Z,0,91.596
2018-07-28T03:00:00Z,2.806,92.336
2018-07-28T04:00:00Z,74.152,96.029
2018-07-28T05:00:00Z,291.797,104.045
2018-07-28T06:00:00Z,605.905,111.157
2018-07-28T07:00:00Z,930.97,118.196
2018-07-28T08:00:00Z,1149.016,121.28
2018-07-28T09:00:00Z,1275.207,122.283
2018-07-28T10:00:00Z,1332.391,121.398
2018-07-28T11:00:00Z,1327.915,117.612
2018-07-28T12:00:00Z,1247.083,114.511
2018-07-28T13:00:00Z,1112.274,113.423
2018-07-28T14:00:00Z,835.441,112.692
2018-07-28T15:00:00Z,543.244,112.262
2018-07-28T16:00:00Z,315.044,111.708
2018-07-28T17:00:00Z,143.293,110.174
2018-07-28T18:00:00Z,33.535,105.984
2018-07-28T19:00:00Z,1.002,102.844
2018-07-28T20:00:00Z,0,101.429
2018-07-28T21:00:00Z,0,94.238
2018-07-28T22:00:00Z,0,87.753
2018-07-28T23:00:00Z,0,84.621
2018-07-29T00:00:00Z,0,81.802
2018-07-29T01:00:00Z,0,81.075
2018-07-29T02:00:00Z,0,80.329
2018-07-29T03:00:00Z,2.271,79.891
2018-07-29T04:00:00Z,62.458,80.273
2018-07-29T05:00:00Z,259.252,84.816
2018-07-29T06:00:00Z,590.381,91.384
2018-07-29T07:00:00Z,967.201,97.436
2018-07-29T08:00:00Z,1285.504,101.142
2018-07-29T09:00:00Z,1476.086,105.708
2018-07-29T10:00:00Z,1551.703,105.219
2018-07-29T11:00:00Z,1564.061,102.245
2018-07-29T12:00:00Z,1516.9,100.559
2018-07-29T13:00:00Z,1379.426,99.078
2018-07-29T14:00:00Z,1149.566,98.887
2018-07-29T15:00:00Z,846.025,100.995
2018-07-29T16:00:00Z,499.733,102.611
2018-07-29T17:00:00Z,203.206,103.109
2018-07-29T18:00:00Z,42.017,103.197
2018-07-29T19:00:00Z,0.401,104.323
2018-07-29T20:00:00Z,0,105.234
2018-07-29T21:00:00Z,0,99.122
2018-07-29T22:00:00Z,0,93.742
2018-07-29T23:00:00Z,0,90.081
2018-07-30T00:00:00Z,0,88.009
2018-07-30T01:00:00Z,0,88.232
2018-07-30T02:00:00Z,0,89.591
2018-07-30T03:00:00Z,1.934,96.446
2018-07-30T04:00:00Z,64.166,112.264
2018-07-30T05:00:00Z,275.474,124.938
2018-07-30T06:00:00Z,617.049,133.458
2018-07-30T07:00:00Z,991.04,137.427
2018-07-30T08:00:00Z,1319.941,140.572
2018-07-30T09:00:00Z,1555.662,143.581
2018-07-30T10:00:00Z,1658.714,143.68
2018-07-30T11:00:00Z,1638.504,142.664
2018-07-30T12:00:00Z,1545.99,140.48
2018-07-30T13:00:00Z,1378.238,138.481
2018-07-30T14:00:00Z,1148.987,135.709
2018-07-30T15:00:00Z,862.041,134.319
2018-07-30T16:00:00Z,518.665,132.789
2018-07-30T17:00:00Z,212.042,131.679
2018-07-30T18:00:00Z,39.82,125.996
2018-07-30T19:00:00Z,0.534,122.672
2018-07-30T20:00:00Z,0,118.666
2018-07-30T21:00:00Z,0,108.765
2018-07-30T22:00:00Z,0,102.444
2018-07-30T23:00:00Z,0,98.684
2018-07-31T00:00:00Z,0,96.038
2018-07-31T01:00:00Z,0,95.649
2018-07-31T02:00:00Z,0,97.049
2018-07-31T03:00:00Z,1.995,102.359
2018-07-31T04:00:00Z,65.64,115.718
2018-07-31T05:00:00Z,294.148,128.535
2018-07-31T06:00:00Z,657.061,137.107
2018-07-31T07:00:00Z,1035.602,140.941
2018-07-31T08:00:00Z,1345.245,144.684
2018-07-31T09:00:00Z,1537.575,147.73
2018-07-31T10:00:00Z,1635.07,146.307
2018-07-31T11:00:00Z,1623.299,144.922
2018-07-31T12:00:00Z,1528.198,142.203
2018-07-31T13:00:00Z,1373.177,140.007
2018-07-31T14:00:00Z,1130.437,137.923
2018-07-31T15:00:00Z,816.67,136.19
2018-07-31T16:00:00Z,480.293,135.33
2018-07-31T17:00:00Z,191.997,133.131
2018-07-31T18:00:00Z,35.447,127.977
2018-07-31T19:00:00Z,0.532,124.05
2018-07-31T20:00:00Z,0,118.846
2018-07-31T21:00:00Z,0,109.945
2018-07-31T22:00:00Z,0,102.833
2018-07-31T23:00:00Z,0,99.437
2018-08-01T00:00:00Z,0,97.404
2018-08-01T01:00:00Z,0,97.494
2018-08-01T02:00:00Z,0,99.144
2018-08-01T03:00:00Z,1.529,105.011
2018-08-01T04:00:00Z,58.108,118.497
2018-08-01T05:00:00Z,247.789,130.033
2018-08-01T06:00:00Z,548.767,130.957
2018-08-01T07:00:00Z,885.313,136.108
2018-08-01T08:00:00Z,1168.007,143.331
2018-08-01T09:00:00Z,1360.88,147.127
2018-08-01T10:00:00Z,1451.898,144.725
2018-08-01T11:00:00Z,1437.803,141.243
2018-08-01T12:00:00Z,1370.72,141.23
2018-08-01T13:00:00Z,1217.472,138.524
2018-08-01T14:00:00Z,994.947,135.512
2018-08-01T15:00:00Z,718.237,134.42
2018-08-01T16:00:00Z,416.794,133.152
2018-08-01T17:00:00Z,173.526,130.906
2018-08-01T18:00:00Z,35.436,126.068
2018-08-01T19:00:00Z,0.798,123.832
2018-08-01T20:00:00Z,0,119.027
2018-08-01T21:00:00Z,0,110.201
2018-08-01T22:00:00Z,0,102.634
2018-08-01T23:00:00Z,0,98.186
2018-08-02T00:00:00Z,0,96.175
2018-08-02T01:00:00Z,0,96.527
2018-08-02T02:00:00Z,0,98.126
2018-08-02T03:00:00Z,1.13,104.708
2018-08-02T04:00:00Z,49.784,117.702
2018-08-02T05:00:00Z,230.841,129.608
2018-08-02T06:00:00Z,522.499,136.741
2018-08-02T07:00:00Z,853.041,139.691
2018-08-02T08:00:00Z,1154.138,143.408
2018-08-02T09:00:00Z,1400.199,145.873
2018-08-02T10:00:00Z,1551.678,144.233
2018-08-02T11:00:00Z,1594.616,143.169
2018-08-02T12:00:00Z,1549.219,140.753
2018-08-02T13:00:00Z,1376.404,139.689
2018-08-02T14:00:00Z,1129.079,137.31
2018-08-02T15:00:00Z,804.985,136.07
2018-08-02T16:00:00Z,474.31,134.819
2018-08-02T17:00:00Z,190.096,132.18
2018-08-02T18:00:00Z,36.358,126.816
2018-08-02T19:00:00Z,0.266,124.553
2018-08-02T20:00:00Z,0,119.574
2018-08-02T21:00:00Z,0,110.513
2018-08-02T22:00:00Z,0,103.648
2018-08-02T23:00:00Z,0,98.699
2018-08-03T00:00:00Z,0,95.771
2018-08-03T01:00:00Z,0,95.95
2018-08-03T02:00:00Z,0,98.034
2018-08-03T03:00:00Z,1.13,103.968
2018-08-03T04:00:00Z,54.682,117.23
2018-08-03T05:00:00Z,268.094,128.33
2018-08-03T06:00:00Z,625.819,136.698
2018-08-03T07:00:00Z,1027.662,139.952
2018-08-03T08:00:00Z,1367.979,143.594
2018-08-03T09:00:00Z,1601.192,145.997
2018-08-03T10:00:00Z,1706.237,144.577
2018-08-03T11:00:00Z,1694.144,141.454
2018-08-03T12:00:00Z,1600.594,138.552
2018-08-03T13:00:00Z,1439.737,135.976
2018-08-03T14:00:00Z,1192.306,133.24
2018-08-03T15:00:00Z,866.938,132.182
2018-08-03T16:00:00Z,497.652,130.57
2018-08-03T17:00:00Z,192.417,127.911
2018-08-03T18:00:00Z,34.085,123.446
2018-08-03T19:00:00Z,0.133,120.284
2018-08-03T20:00:00Z,0,115.477
2018-08-03T21:00:00Z,0,107.521
2018-08-03T22:00:00Z,0,101.587
2018-08-03T23:00:00Z,0,96.763
2018-08-04T00:00:00Z,0,93.757
2018-08-04T01:00:00Z,0,91.483
2018-08-04T02:00:00Z,0,90.959
2018-08-04T03:00:00Z,1.063,91.342
2018-08-04T04:00:00Z,50.693,93.575
2018-08-04T05:00:00Z,246.025,101.029
2018-08-04T06:00:00Z,566.661,109.594
2018-08-04T07:00:00Z,944.767,116.157
2018-08-04T08:00:00Z,1258.892,120.182
2018-08-04T09:00:00Z,1487.974,123.277
2018-08-04T10:00:00Z,1581.72,121.862
2018-08-04T11:00:00Z,1551.291,119.196
2018-08-04T12:00:00Z,1397.949,116.657
2018-08-04T13:00:00Z,1200.492,114.759
2018-08-04T14:00:00Z,976.591,113.782
2018-08-04T15:00:00Z,721.863,114.62
2018-08-04T16:00:00Z,432.586,114.344
2018-08-04T17:00:00Z,176.463,112.187
2018-08-04T18:00:00Z,31.359,108.211
2018-08-04T19:00:00Z,0.066,105.922
2018-08-04T20:00:00Z,0,102.532
2018-08-04T21:00:00Z,0,97.56
2018-08-04T22:00:00Z,0,91.838
2018-08-04T23:00:00Z,0,87.915
2018-08-05T00:00:00Z,0,84.683
2018-08-05T01:00:00Z,0,82.413
2018-08-05T02:00:00Z,0,82.407
2018-08-05T03:00:00Z,0.93,81.776
2018-08-05T04:00:00Z,49.232,82.227
2018-08-05T05:00:00Z,235.461,87.522
2018-08-05T06:00:00Z,543.673,93.129
2018-08-05T07:00:00Z,880.985,98.565
2018-08-05T08:00:00Z,1150.994,102.626
2018-08-05T09:00:00Z,1340.081,105.501
2018-08-05T10:00:00Z,1462.661,104.59
2018-08-05T11:00:00Z,1529.366,102.686
2018-08-05T12:00:00Z,1504.319,100.529
2018-08-05T13:00:00Z,1387.585,99.127
2018-08-05T14:00:00Z,1185.211,98.808
2018-08-05T15:00:00Z,888.293,101.861
2018-08-05T16:00:00Z,525.269,104.526
2018-08-05T17:00:00Z,198.321,105.12
2018-08-05T18:00:00Z,30.429,104.855
2018-08-05T19:00:00Z,0.133,105.232
2018-08-05T20:00:00Z,0,103.397
2018-08-05T21:00:00Z,0,97.064
2018-08-05T22:00:00Z,0,92.314
2018-08-05T23:00:00Z,0,88.559
2018-08-06T00:00:00Z,0,86.755
2018-08-06T01:00:00Z,0,86.889
2018-08-06T02:00:00Z,0,89.818
2018-08-06T03:00:00Z,0.93,97.385
2018-08-06T04:00:00Z,52.071,112.067
2018-08-06T05:00:00Z,279.882,124.369
2018-08-06T06:00:00Z,661.914,132.282
2018-08-06T07:00:00Z,1078.151,136.5
2018-08-06T08:00:00Z,1414.421,139.682
2018-08-06T09:00:00Z,1643.959,142.337
2018-08-06T10:00:00Z,1768.691,142.2
2018-08-06T11:00:00Z,1787.421,141.031
2018-08-06T12:00:00Z,1718.214,138.231
2018-08-06T13:00:00Z,1558.945,137.006
2018-08-06T14:00:00Z,1294.405,135.219
2018-08-06T15:00:00Z,923.532,135.102
2018-08-06T16:00:00Z,512.874,134.296
2018-08-06T17:00:00Z,181.917,132.641
2018-08-06T18:00:00Z,28.759,127.776
2018-08-06T19:00:00Z,0.066,124.982
2018-08-06T20:00:00Z,0,117.548
2018-08-06T21:00:00Z,0,108.414
2018-08-06T22:00:00Z,0,101.474
2018-08-06T23:00:00Z,0,97.844
2018-08-07T00:00:00Z,0,95.023
2018-08-07T01:00:00Z,0,94.065
2018-08-07T02:00:00Z,0,95.837
2018-08-07T03:00:00Z,0.796,102.649
2018-08-07T04:00:00Z,48.446,116.723
2018-08-07T05:00:00Z,258.688,127.817
2018-08-07T06:00:00Z,605.575,135.813
2018-08-07T07:00:00Z,987.103,139.533
2018-08-07T08:00:00Z,1290.455,143.154
2018-08-07T09:00:00Z,1485.168,146.279
2018-08-07T10:00:00Z,1585.51,145.93
2018-08-07T11:00:00Z,1561.619,145.443
2018-08-07T12:00:00Z,1422.121,143.248
2018-08-07T13:00:00Z,1212.543,139.853
2018-08-07T14:00:00Z,980.334,137.419
2018-08-07T15:00:00Z,695.697,136.527
2018-08-07T16:00:00Z,385.444,134.873
2018-08-07T17:00:00Z,144.409,133.349
2018-08-07T18:00:00Z,21.303,128.185
2018-08-07T19:00:00Z,0,125.927
2018-08-07T20:00:00Z,0,119.232
2018-08-07T21:00:00Z,0,109.485
2018-08-07T22:00:00Z,0,103.528
2018-08-07T23:00:00Z,0,99.802
2018-08-08T00:00:00Z,0,97.374
2018-08-08T01:00:00Z,0,98.654
2018-08-08T02:00:00Z,0,100.307
2018-08-08T03:00:00Z,0.597,104.503
2018-08-08T04:00:00Z,41.401,118.899
2018-08-08T05:00:00Z,211.452,133.883
2018-08-08T06:00:00Z,459.992,141.846
2018-08-08T07:00:00Z,757.232,144.047
2018-08-08T08:00:00Z,1050.823,145.225
2018-08-08T09:00:00Z,1242.436,149.38
2018-08-08T10:00:00Z,1325.504,147.901
2018-08-08T11:00:00Z,1364.915,145.054
2018-08-08T12:00:00Z,1363.522,143.866
2018-08-08T13:00:00Z,1221.736,143.596
2018-08-08T14:00:00Z,972.399,140.221
2018-08-08T15:00:00Z,677.747,137.846
2018-08-08T16:00:00Z,384.289,136.155
2018-08-08T17:00:00Z,150.677,134.471
2018-08-08T18:00:00Z,23.952,128.276
2018-08-08T19:00:00Z,0.066,124.367
2018-08-08T20:00:00Z,0,116.484
2018-08-08T21:00:00Z,0,108.342
2018-08-08T22:00:00Z,0,103.291
2018-08-08T23:00:00Z,0,99.36
2018-08-09T00:00:00Z,0,96.416
2018-08-09T01:00:00Z,0,96.012
2018-08-09T02:00:00Z,0,97.857
2018-08-09T03:00:00Z,0.531,104.338
2018-08-09T04:00:00Z,41.259,116.357
2018-08-09T05:00:00Z,233.356,128.229
2018-08-09T06:00:00Z,551.949,133.836
2018-08-09T07:00:00Z,915.979,137.556
2018-08-09T08:00:00Z,1240.21,141.358
2018-08-09T09:00:00Z,1465.01,143.855
2018-08-09T10:00:00Z,1584.01,143.56
2018-08-09T11:00:00Z,1544.476,142.829
2018-08-09T12:00:00Z,1368.895,142.889
2018-08-09T13:00:00Z,1145.687,142.055
2018-08-09T14:00:00Z,854.821,138.526
2018-08-09T15:00:00Z,567.338,137.575
2018-08-09T16:00:00Z,329.737,136.536
2018-08-09T17:00:00Z,119.398,135.86
2018-08-09T18:00:00Z,15.588,130.281
2018-08-09T19:00:00Z,0,125.6
2018-08-09T20:00:00Z,0,118.495
2018-08-09T21:00:00Z,0,110.597
2018-08-09T22:00:00Z,0,104.223
2018-08-09T23:00:00Z,0,100.691
2018-08-10T00:00:00Z,0,97.919
2018-08-10T01:00:00Z,0,98.216
2018-08-10T02:00:00Z,0,99.229
2018-08-10T03:00:00Z,0.331,106.463
2018-08-10T04:00:00Z,25.72,118.7
2018-08-10T05:00:00Z,144.843,131.207
2018-08-10T06:00:00Z,353.191,138.329
2018-08-10T07:00:00Z,610.129,140.467
2018-08-10T08:00:00Z,862.825,141.662
2018-08-10T09:00:00Z,1067.726,142.938
2018-08-10T10:00:00Z,1178.363,140.552
2018-08-10T11:00:00Z,1222.446,137.143
2018-08-10T12:00:00Z,1192.284,132.834
2018-08-10T13:00:00Z,1110.35,130.549
2018-08-10T14:00:00Z,946.35,129.377
2018-08-10T15:00:00Z,688.351,129.082
2018-08-10T16:00:00Z,409.007,127.37
2018-08-10T17:00:00Z,152.532,125.461
2018-08-10T18:00:00Z,19.423,119.91
2018-08-10T19:00:00Z,0,116.509
2018-08-10T20:00:00Z,0,108.795
2018-08-10T21:00:00Z,0,102.151
2018-08-10T22:00:00Z,0,96.446
2018-08-10T23:00:00Z,0,91.226
2018-08-11T00:00:00Z,0,87.864
2018-08-11T01:00:00Z,0,86.767
2018-08-11T02:00:00Z,0,87.473
2018-08-11T03:00:00Z,0.331,88.403
2018-08-11T04:00:00Z,32.677,90.799
2018-08-11T05:00:00Z,198.913,97.382
2018-08-11T06:00:00Z,499.702,105.636
2018-08-11T07:00:00Z,858.222,111.206
2018-08-11T08:00:00Z,1173.792,115.776
2018-08-11T09:00:00Z,1307.218,118.856
2018-08-11T10:00:00Z,1347.915,117.576
2018-08-11T11:00:00Z,1364.619,112.837
2018-08-11T12:00:00Z,1376.947,108.827
2018-08-11T13:00:00Z,1307.947,106.773
2018-08-11T14:00:00Z,1122.887,106.198
2018-08-11T15:00:00Z,835.488,106.371
2018-08-11T16:00:00Z,471.929,107.26
2018-08-11T17:00:00Z,164.579,107.301
2018-08-11T18:00:00Z,18.559,103.214
2018-08-11T19:00:00Z,0,100.899
2018-08-11T20:00:00Z,0,96.371
2018-08-11T21:00:00Z,0,90.519
2018-08-11T22:00:00Z,0,84.987
2018-08-11T23:00:00Z,0,81.242
2018-08-12T00:00:00Z,0,78.115
2018-08-12T01:00:00Z,0,76.34
2018-08-12T02:00:00Z,0,75.669
2018-08-12T03:00:00Z,0.265,76.184
2018-08-12T04:00:00Z,37.913,75.964
2018-08-12T05:00:00Z,251.607,80.427
2018-08-12T06:00:00Z,620.733,87.582
2018-08-12T07:00:00Z,1019.288,93.885
2018-08-12T08:00:00Z,1358.786,98.274
2018-08-12T09:00:00Z,1571.817,101.737
2018-08-12T10:00:00Z,1686.883,100.905
2018-08-12T11:00:00Z,1716.179,98.408
2018-08-12T12:00:00Z,1652.946,97.406
2018-08-12T13:00:00Z,1474.382,97.194
2018-08-12T14:00:00Z,1200.835,96.275
2018-08-12T15:00:00Z,833.035,98.229
2018-08-12T16:00:00Z,441.307,100.711
2018-08-12T17:00:00Z,144.098,101.117
2018-08-12T18:00:00Z,15.377,101.025
2018-08-12T19:00:00Z,0,102.32
2018-08-12T20:00:00Z,0,98.827
2018-08-12T21:00:00Z,0,92.81
2018-08-12T22:00:00Z,0,87.872
2018-08-12T23:00:00Z,0,85.322
2018-08-13T00:00:00Z,0,83.082
2018-08-13T01:00:00Z,0,83.448
2018-08-13T02:00:00Z,0,86.537
2018-08-13T03:00:00Z,0.265,95.352
2018-08-13T04:00:00Z,31.674,109.87
2018-08-13T05:00:00Z,210.717,122.332
2018-08-13T06:00:00Z,484.649,132.026
2018-08-13T07:00:00Z,741.088,135.944
2018-08-13T08:00:00Z,917.546,139.065
2018-08-13T09:00:00Z,1052.657,141.961
2018-08-13T10:00:00Z,1115.077,140.334
2018-08-13T11:00:00Z,1056.302,140.488
2018-08-13T12:00:00Z,940.474,137.023
2018-08-13T13:00:00Z,754.672,135.345
2018-08-13T14:00:00Z,560.852,132.9
2018-08-13T15:00:00Z,383.531,132.222
2018-08-13T16:00:00Z,232.981,131.186
2018-08-13T17:00:00Z,95.419,128.067
2018-08-13T18:00:00Z,10.735,123.715
2018-08-13T19:00:00Z,0,120.468
2018-08-13T20:00:00Z,0,112.281
2018-08-13T21:00:00Z,0,105.304
2018-08-13T22:00:00Z,0,98.15
2018-08-13T23:00:00Z,0,93.603
2018-08-14T00:00:00Z,0,92.12
2018-08-14T01:00:00Z,0,91.44
2018-08-14T02:00:00Z,0,94.037
2018-08-14T03:00:00Z,0.132,100.841
2018-08-14T04:00:00Z,23.709,115.72
2018-08-14T05:00:00Z,160.265,126.216
2018-08-14T06:00:00Z,406.755,131.483
2018-08-14T07:00:00Z,686.026,135.754
2018-08-14T08:00:00Z,915.298,138.515
2018-08-14T09:00:00Z,1022.119,141.516
2018-08-14T10:00:00Z,1030.728,140.911
2018-08-14T11:00:00Z,1041.258,139.59
2018-08-14T12:00:00Z,1024.172,136.782
2018-08-14T13:00:00Z,923.51,134.753
2018-08-14T14:00:00Z,773.113,131.769
2018-08-14T15:00:00Z,557.616,130.309
2018-08-14T16:00:00Z,302.781,129.025
2018-08-14T17:00:00Z,104.437,129.005
2018-08-14T18:00:00Z,9.603,124.266
2018-08-14T19:00:00Z,0,120.662
2018-08-14T20:00:00Z,0,112.146
2018-08-14T21:00:00Z,0,103.911
2018-08-14T22:00:00Z,0,97.149
2018-08-14T23:00:00Z,0,93.071
2018-08-15T00:00:00Z,0,91.064
2018-08-15T01:00:00Z,0,91.143
2018-08-15T02:00:00Z,0,93.022
2018-08-15T03:00:00Z,0.066,99.46
2018-08-15T04:00:00Z,23.5,110.565
2018-08-15T05:00:00Z,164.633,120.241
2018-08-15T06:00:00Z,394.007,126.84
2018-08-15T07:00:00Z,657.208,129.848
2018-08-15T08:00:00Z,896.578,133.3
2018-08-15T09:00:00Z,1069.088,136.525
2018-08-15T10:00:00Z,1127.276,135.664
2018-08-15T11:00:00Z,1130.519,133.257
2018-08-15T12:00:00Z,1113.043,130.886
2018-08-15T13:00:00Z,981.84,129.585
2018-08-15T14:00:00Z,801.055,127.086
2018-08-15T15:00:00Z,583.729,126.209
2018-08-15T16:00:00Z,336.415,126.056
2018-08-15T17:00:00Z,117.898,124.283
2018-08-15T18:00:00Z,9.996,120
2018-08-15T19:00:00Z,0,118.206
2018-08-15T20:00:00Z,0,110.687
2018-08-15T21:00:00Z,0,102.737
2018-08-15T22:00:00Z,0,97.214
2018-08-15T23:00:00Z,0,93.511
2018-08-16T00:00:00Z,0,91.741
2018-08-16T01:00:00Z,0,91.573
2018-08-16T02:00:00Z,0,93.866
2018-08-16T03:00:00Z,0.066,101.459
2018-08-16T04:00:00Z,28.724,115.599
2018-08-16T05:00:00Z,226.747,124.296
2018-08-16T06:00:00Z,588.047,131.752
2018-08-16T07:00:00Z,1005.935,134.826
2018-08-16T08:00:00Z,1361.212,137.389
2018-08-16T09:00:00Z,1595.041,141.033
2018-08-16T10:00:00Z,1713.378,140.557
2018-08-16T11:00:00Z,1746.404,139.357
2018-08-16T12:00:00Z,1674.263,137.139
2018-08-16T13:00:00Z,1499.537,136.598
2018-08-16T14:00:00Z,1220.305,134.593
2018-08-16T15:00:00Z,846.364,133.114
2018-08-16T16:00:00Z,441.581,131.28
2018-08-16T17:00:00Z,132.236,129.17
2018-08-16T18:00:00Z,10.391,124.065
2018-08-16T19:00:00Z,0,120.902
2018-08-16T20:00:00Z,0,113.185
2018-08-16T21:00:00Z,0,105.285
2018-08-16T22:00:00Z,0,99.729
2018-08-16T23:00:00Z,0,96.117
2018-08-17T00:00:00Z,0,93.702
2018-08-17T01:00:00Z,0,93.588
2018-08-17T02:00:00Z,0,95.523
2018-08-17T03:00:00Z,0.066,102.038
2018-08-17T04:00:00Z,27.196,114.303
2018-08-17T05:00:00Z,207.574,125.461
2018-08-17T06:00:00Z,516.123,132.594
2018-08-17T07:00:00Z,856.765,135.365
2018-08-17T08:00:00Z,1142.882,138.109
2018-08-17T09:00:00Z,1361.441,141.39
2018-08-17T10:00:00Z,1483.193,140.33
2018-08-17T11:00:00Z,1494.243,138.287
2018-08-17T12:00:00Z,1409.48,134.866
2018-08-17T13:00:00Z,1242.666,131.985
2018-08-17T14:00:00Z,995.787,129.277
2018-08-17T15:00:00Z,674.864,128.028
2018-08-17T16:00:00Z,348.449,126.949
2018-08-17T17:00:00Z,106.533,125.034
2018-08-17T18:00:00Z,8.668,121.703
2018-08-17T19:00:00Z,0,117.561
2018-08-17T20:00:00Z,0,109.333
2018-08-17T21:00:00Z,0,102.48
2018-08-17T22:00:00Z,0,97.784
2018-08-17T23:00:00Z,0,94.155
2018-08-18T00:00:00Z,0,91.985
2018-08-18T01:00:00Z,0,90.73
2018-08-18T02:00:00Z,0,90.256
2018-08-18T03:00:00Z,0.066,91.367
2018-08-18T04:00:00Z,21.24,95.08
2018-08-18T05:00:00Z,175.346,101.722
2018-08-18T06:00:00Z,466.155,110.112
2018-08-18T07:00:00Z,814.795,115.611
2018-08-18T08:00:00Z,1134.586,118.754
2018-08-18T09:00:00Z,1381.394,121.272
2018-08-18T10:00:00Z,1523.126,118.779
2018-08-18T11:00:00Z,1594.389,114.186
2018-08-18T12:00:00Z,1545.094,111.879
2018-08-18T13:00:00Z,1366.241,111.702
2018-08-18T14:00:00Z,1097.333,110.481
2018-08-18T15:00:00Z,758.685,111.326
2018-08-18T16:00:00Z,397.803,111.302
2018-08-18T17:00:00Z,115,109.524
2018-08-18T18:00:00Z,7.609,106.617
2018-08-18T19:00:00Z,0,104.845
2018-08-18T20:00:00Z,0,99.514
2018-08-18T21:00:00Z,0,93.672
2018-08-18T22:00:00Z,0,88.475
2018-08-18T23:00:00Z,0,84.482
2018-08-19T00:00:00Z,0,82.518
2018-08-19T01:00:00Z,0,81.736
2018-08-19T02:00:00Z,0,81.216
2018-08-19T03:00:00Z,0,82.24
2018-08-19T04:00:00Z,22.696,82.135
2018-08-19T05:00:00Z,202.475,86.699
2018-08-19T06:00:00Z,535.565,93.473
2018-08-19T07:00:00Z,934.493,98.058
2018-08-19T08:00:00Z,1261.034,101.679
2018-08-19T09:00:00Z,1470.853,105.636
2018-08-19T10:00:00Z,1623.371,105.039
2018-08-19T11:00:00Z,1645.008,101.976
2018-08-19T12:00:00Z,1583.14,99.582
2018-08-19T13:00:00Z,1415.735,98.312
2018-08-19T14:00:00Z,1152.584,98.146
2018-08-19T15:00:00Z,796.136,100.926
2018-08-19T16:00:00Z,403.56,105.595
2018-08-19T17:00:00Z,110.369,106.388
2018-08-19T18:00:00Z,6.815,106.781
2018-08-19T19:00:00Z,0,107.023
2018-08-19T20:00:00Z,0,103.073
2018-08-19T21:00:00Z,0,96.88
2018-08-19T22:00:00Z,0,91.357
2018-08-19T23:00:00Z,0,88.817
2018-08-20T00:00:00Z,0,87.526
2018-08-20T01:00:00Z,0,87.96
2018-08-20T02:00:00Z,0,90.942
2018-08-20T03:00:00Z,0,98.646
2018-08-20T04:00:00Z,17.464,115.789
2018-08-20T05:00:00Z,159.757,126.831
2018-08-20T06:00:00Z,425.028,134.413
2018-08-20T07:00:00Z,739.316,137.786
2018-08-20T08:00:00Z,988.313,141.525
2018-08-20T09:00:00Z,1140.662,144.601
2018-08-20T10:00:00Z,1180.419,144.633
2018-08-20T11:00:00Z,1152.04,142.816
2018-08-20T12:00:00Z,1077.155,139.924
2018-08-20T13:00:00Z,963.705,137.171
2018-08-20T14:00:00Z,797.266,134.411
2018-08-20T15:00:00Z,556.538,133.887
2018-08-20T16:00:00Z,287.563,133.199
2018-08-20T17:00:00Z,81.367,131.021
2018-08-20T18:00:00Z,3.837,127.462
2018-08-20T19:00:00Z,0,122.892
2018-08-20T20:00:00Z,0,114.188
2018-08-20T21:00:00Z,0,105.74
2018-08-20T22:00:00Z,0,98.725
2018-08-20T23:00:00Z,0,95.339
2018-08-21T00:00:00Z,0,93.325
2018-08-21T01:00:00Z,0,93.251
2018-08-21T02:00:00Z,0,95.354
2018-08-21T03:00:00Z,0,102.81
2018-08-21T04:00:00Z,14.878,118.249
2018-08-21T05:00:00Z,147.262,129.493
2018-08-21T06:00:00Z,408.063,136.213
2018-08-21T07:00:00Z,746.495,138.468
2018-08-21T08:00:00Z,1067.801,140.706
2018-08-21T09:00:00Z,1295.539,143.84
2018-08-21T10:00:00Z,1415.557,143.823
2018-08-21T11:00:00Z,1439.032,141.484
2018-08-21T12:00:00Z,1393.603,139.563
2018-08-21T13:00:00Z,1246.936,137.799
2018-08-21T14:00:00Z,1007.693,133.937
2018-08-21T15:00:00Z,699.678,132.733
2018-08-21T16:00:00Z,358.733,132.224
2018-08-21T17:00:00Z,99.652,130.476
2018-08-21T18:00:00Z,5.026,126.705
2018-08-21T19:00:00Z,0,122.962
2018-08-21T20:00:00Z,0,113.504
2018-08-21T21:00:00Z,0,104.958
2018-08-21T22:00:00Z,0,101.04
2018-08-21T23:00:00Z,0,96.966
2018-08-22T00:00:00Z,0,95.174
2018-08-22T01:00:00Z,0,95.602
2018-08-22T02:00:00Z,0,97.56
2018-08-22T03:00:00Z,0,104.599
2018-08-22T04:00:00Z,18.64,119.217
2018-08-22T05:00:00Z,197.638,130.636
2018-08-22T06:00:00Z,554.312,137.737
2018-08-22T07:00:00Z,975.367,141.277
2018-08-22T08:00:00Z,1325.827,143.47
2018-08-22T09:00:00Z,1570.594,146.24
2018-08-22T10:00:00Z,1681.51,146.253
2018-08-22T11:00:00Z,1658.507,144.488
2018-08-22T12:00:00Z,1545.741,141.707
2018-08-22T13:00:00Z,1350.747,139.796
2018-08-22T14:00:00Z,1083.77,136.835
2018-08-22T15:00:00Z,733.31,136.463
2018-08-22T16:00:00Z,362.821,135.382
2018-08-22T17:00:00Z,91.614,133.434
2018-08-22T18:00:00Z,3.9,130.027
2018-08-22T19:00:00Z,0,126.391
2018-08-22T20:00:00Z,0,117.041
2018-08-22T21:00:00Z,0,108.671
2018-08-22T22:00:00Z,0,102.788
2018-08-22T23:00:00Z,0,98.883
2018-08-23T00:00:00Z,0,96.72
2018-08-23T01:00:00Z,0,96.363
2018-08-23T02:00:00Z,0,98.214
2018-08-23T03:00:00Z,0,105.043
2018-08-23T04:00:00Z,16.454,119.983
2018-08-23T05:00:00Z,178.15,131.823
2018-08-23T06:00:00Z,478.48,139.657
2018-08-23T07:00:00Z,811.52,142.882
2018-08-23T08:00:00Z,1076.498,146.125
2018-08-23T09:00:00Z,1244.537,148.104
2018-08-23T10:00:00Z,1325.352,146.687
2018-08-23T11:00:00Z,1337.775,145.42
2018-08-23T12:00:00Z,1303.546,144.094
2018-08-23T13:00:00Z,1141.123,143.438
2018-08-23T14:00:00Z,844.097,141.014
2018-08-23T15:00:00Z,516.476,139.847
2018-08-23T16:00:00Z,245.419,137.432
2018-08-23T17:00:00Z,71.762,136.053
2018-08-23T18:00:00Z,3.106,131.838
2018-08-23T19:00:00Z,0,126.504
2018-08-23T20:00:00Z,0,117.708
2018-08-23T21:00:00Z,0,110.377
2018-08-23T22:00:00Z,0,103.945
2018-08-23T23:00:00Z,0,100.326
2018-08-24T00:00:00Z,0,97.998
2018-08-24T01:00:00Z,0,97.774
2018-08-24T02:00:00Z,0,99.546
2018-08-24T03:00:00Z,0,107.121
2018-08-24T04:00:00Z,10.701,122.259
2018-08-24T05:00:00Z,103.84,132.894
2018-08-24T06:00:00Z,266.008,142.076
2018-08-24T07:00:00Z,442.377,143.361
2018-08-24T08:00:00Z,617.095,145.475
2018-08-24T09:00:00Z,783.556,148.111
2018-08-24T10:00:00Z,907.081,146.411
2018-08-24T11:00:00Z,944.469,141.967
2018-08-24T12:00:00Z,936.806,137.992
2018-08-24T13:00:00Z,811.696,136.662
2018-08-24T14:00:00Z,641.602,133.285
2018-08-24T15:00:00Z,423.023,131.9
2018-08-24T16:00:00Z,205.17,129.602
2018-08-24T17:00:00Z,53.505,128.127
2018-08-24T18:00:00Z,1.651,123.931
2018-08-24T19:00:00Z,0,117.631
2018-08-24T20:00:00Z,0,109.289
2018-08-24T21:00:00Z,0,101.769
2018-08-24T22:00:00Z,0,95.869
2018-08-24T23:00:00Z,0,91.635
2018-08-25T00:00:00Z,0,89.305
2018-08-25T01:00:00Z,0,88.76
2018-08-25T02:00:00Z,0,88.781
2018-08-25T03:00:00Z,0,89.961
2018-08-25T04:00:00Z,9.115,94.018
2018-08-25T05:00:00Z,94.06,100.501
2018-08-25T06:00:00Z,250.077,108.314
2018-08-25T07:00:00Z,456.163,114.207
2018-08-25T08:00:00Z,620.569,117.683
2018-08-25T09:00:00Z,759.677,121.498
2018-08-25T10:00:00Z,787.617,119.906
2018-08-25T11:00:00Z,746.004,115.592
2018-08-25T12:00:00Z,720.243,111.648
2018-08-25T13:00:00Z,639.13,109.154
2018-08-25T14:00:00Z,556.035,108.59
2018-08-25T15:00:00Z,419.966,108.951
2018-08-25T16:00:00Z,241.688,109.714
2018-08-25T17:00:00Z,66.119,107.346
2018-08-25T18:00:00Z,2.114,105.189
2018-08-25T19:00:00Z,0,101.978
2018-08-25T20:00:00Z,0,97.28
2018-08-25T21:00:00Z,0,91.801
2018-08-25T22:00:00Z,0,85.679
2018-08-25T23:00:00Z,0,82.257
2018-08-26T00:00:00Z,0,79.617
2018-08-26T01:00:00Z,0,78.621
2018-08-26T02:00:00Z,0,78.754
2018-08-26T03:00:00Z,0,79.902
2018-08-26T04:00:00Z,12.087,81.137
2018-08-26T05:00:00Z,169.155,85.025
2018-08-26T06:00:00Z,534.544,90.795
2018-08-26T07:00:00Z,989.498,96.895
2018-08-26T08:00:00Z,1331.176,102.297
2018-08-26T09:00:00Z,1469.221,107.73
2018-08-26T10:00:00Z,1477.411,106.362
2018-08-26T11:00:00Z,1466.248,101.388
2018-08-26T12:00:00Z,1394.782,98.113
2018-08-26T13:00:00Z,1255.878,96.786
2018-08-26T14:00:00Z,1007.067,96.698
2018-08-26T15:00:00Z,678.269,98.306
2018-08-26T16:00:00Z,316.182,101.64
2018-08-26T17:00:00Z,70.211,102.731
2018-08-26T18:00:00Z,1.387,103.823
2018-08-26T19:00:00Z,0,102.581
2018-08-26T20:00:00Z,0,99.178
2018-08-26T21:00:00Z,0,93.272
2018-08-26T22:00:00Z,0,89.166
2018-08-26T23:00:00Z,0,87.274
2018-08-27T00:00:00Z,0,86.635
2018-08-27T01:00:00Z,0,87.509
2018-08-27T02:00:00Z,0,91.049
2018-08-27T03:00:00Z,0,100.909
2018-08-27T04:00:00Z,8.244,119.055
2018-08-27T05:00:00Z,108.156,131.493
2018-08-27T06:00:00Z,316.026,139.62
2018-08-27T07:00:00Z,551.528,142.585
2018-08-27T08:00:00Z,781.029,145.514
2018-08-27T09:00:00Z,936.008,150.002
2018-08-27T10:00:00Z,999.45,149.081
2018-08-27T11:00:00Z,1026.687,146.621
2018-08-27T12:00:00Z,985.997,144
2018-08-27T13:00:00Z,884.634,141.57
2018-08-27T14:00:00Z,685.14,138.229
2018-08-27T15:00:00Z,441.592,137.352
2018-08-27T16:00:00Z,208.859,135.882
2018-08-27T17:00:00Z,48.208,133.61
2018-08-27T18:00:00Z,0.791,130.863
2018-08-27T19:00:00Z,0,124.709
2018-08-27T20:00:00Z,0,115.423
2018-08-27T21:00:00Z,0,106.373
2018-08-27T22:00:00Z,0,100.655
2018-08-27T23:00:00Z,0,97.222
2018-08-28T00:00:00Z,0,95.181
2018-08-28T01:00:00Z,0,95.377
2018-08-28T02:00:00Z,0,97.483
2018-08-28T03:00:00Z,0,105.488
2018-08-28T04:00:00Z,8.765,120.887
2018-08-28T05:00:00Z,129.764,131.226
2018-08-28T06:00:00Z,390.545,137.996
2018-08-28T07:00:00Z,750.049,139.015
2018-08-28T08:00:00Z,1093.869,141.303
2018-08-28T09:00:00Z,1294.479,145.298
2018-08-28T10:00:00Z,1347.664,144.834
2018-08-28T11:00:00Z,1367.171,141.871
2018-08-28T12:00:00Z,1338.635,137.635
2018-08-28T13:00:00Z,1220.206,135.642
2018-08-28T14:00:00Z,983.414,133.759
2018-08-28T15:00:00Z,647.108,133.251
2018-08-28T16:00:00Z,299.928,132.263
2018-08-28T17:00:00Z,61.422,130.75
2018-08-28T18:00:00Z,0.857,129.104
2018-08-28T19:00:00Z,0,123.606
2018-08-28T20:00:00Z,0,113.957
2018-08-28T21:00:00Z,0,105.131
2018-08-28T22:00:00Z,0,99.762
2018-08-28T23:00:00Z,0,96.75
2018-08-29T00:00:00Z,0,94.46
2018-08-29T01:00:00Z,0,94.561
2018-08-29T02:00:00Z,0,97.145
2018-08-29T03:00:00Z,0,105.182
2018-08-29T04:00:00Z,10.137,120.712
2018-08-29T05:00:00Z,168.638,130.634
2018-08-29T06:00:00Z,507.032,137.669
2018-08-29T07:00:00Z,898.611,140.108
2018-08-29T08:00:00Z,1219.562,141.606
2018-08-29T09:00:00Z,1452.114,144.214
2018-08-29T10:00:00Z,1582.509,144.383
2018-08-29T11:00:00Z,1584.286,144.633
2018-08-29T12:00:00Z,1428.22,142.722
2018-08-29T13:00:00Z,1174.276,140.264
2018-08-29T14:00:00Z,868.464,137.152
2018-08-29T15:00:00Z,521.908,136.273
2018-08-29T16:00:00Z,214.055,135.448
2018-08-29T17:00:00Z,36.663,134.238
2018-08-29T18:00:00Z,0.263,132.028
2018-08-29T19:00:00Z,0,125.335
2018-08-29T20:00:00Z,0,116.533
2018-08-29T21:00:00Z,0,107.508
2018-08-29T22:00:00Z,0,101.127
2018-08-29T23:00:00Z,0,98.244
2018-08-30T00:00:00Z,0,95.963
2018-08-30T01:00:00Z,0,96.17
2018-08-30T02:00:00Z,0,98.366
2018-08-30T03:00:00Z,0,105.948
2018-08-30T04:00:00Z,3.286,123.574
2018-08-30T05:00:00Z,49.754,134.005
2018-08-30T06:00:00Z,154.453,141.354
2018-08-30T07:00:00Z,284.653,142.607
2018-08-30T08:00:00Z,435.623,144.729
2018-08-30T09:00:00Z,565.889,147.487
2018-08-30T10:00:00Z,645.547,146.661
2018-08-30T11:00:00Z,695.892,145.644
2018-08-30T12:00:00Z,705.291,141.873
2018-08-30T13:00:00Z,663.03,138.556
2018-08-30T14:00:00Z,547.092,136.209
2018-08-30T15:00:00Z,382.846,135.149
2018-08-30T16:00:00Z,190.799,134.144
2018-08-30T17:00:00Z,42.721,132.562
2018-08-30T18:00:00Z,0.394,130.348
2018-08-30T19:00:00Z,0,123.623
2018-08-30T20:00:00Z,0,114.951
2018-08-30T21:00:00Z,0,106.146
2018-08-30T22:00:00Z,0,99.509
2018-08-30T23:00:00Z,0,95.94
2018-08-31T00:00:00Z,0,94.091
2018-08-31T01:00:00Z,0,94.364
2018-08-31T02:00:00Z,0,95.867
2018-08-31T03:00:00Z,0,103.528
2018-08-31T04:00:00Z,5.773,120.079
2018-08-31T05:00:00Z,95.976,130.254
2018-08-31T06:00:00Z,276.383,136.701
2018-08-31T07:00:00Z,489.657,137.927
2018-08-31T08:00:00Z,676.886,139.817
2018-08-31T09:00:00Z,810.518,141.846
2018-08-31T10:00:00Z,874.612,140.623
2018-08-31T11:00:00Z,870.282,136.859
2018-08-31T12:00:00Z,819.703,134.223
2018-08-31T13:00:00Z,717.953,131.808
2018-08-31T14:00:00Z,558.014,129.57
2018-08-31T15:00:00Z,357.402,129.347
2018-08-31T16:00:00Z,167.286,127.186
2018-08-31T17:00:00Z,35.425,125.22
2018-08-31T18:00:00Z,0.394,122.729
2018-08-31T19:00:00Z,0,115.928
2018-08-31T20:00:00Z,0,107.284
2018-08-31T21:00:00Z,0,99.984
2018-08-31T22:00:00Z,0,95.008
2018-08-31T23:00:00Z,0,90.957
2018-09-01T00:00:00Z,0,88.176
2018-09-01T01:00:00Z,0,87.53
2018-09-01T02:00:00Z,0,87.828
2018-09-01T03:00:00Z,0,89.653
2018-09-01T04:00:00Z,5.051,93.383
2018-09-01T05:00:00Z,101.74,99.133
2018-09-01T06:00:00Z,327.984,107.258
2018-09-01T07:00:00Z,619.823,113.038
2018-09-01T08:00:00Z,889.229,116.276
2018-09-01T09:00:00Z,1033.739,119.121
2018-09-01T10:00:00Z,1051.909,118.333
2018-09-01T11:00:00Z,995.102,113.463
2018-09-01T12:00:00Z,915.861,108.453
2018-09-01T13:00:00Z,800.805,106.835
2018-09-01T14:00:00Z,638.322,106.497
2018-09-01T15:00:00Z,421.721,107.579
2018-09-01T16:00:00Z,191.87,109.16
2018-09-01T17:00:00Z,36.931,108.416
2018-09-01T18:00:00Z,0.328,107.378
2018-09-01T19:00:00Z,0,102.493
2018-09-01T20:00:00Z,0,97.56
2018-09-01T21:00:00Z,0,91.791
2018-09-01T22:00:00Z,0,85.936
2018-09-01T23:00:00Z,0,82.614
2018-09-02T00:00:00Z,0,80.806
2018-09-02T01:00:00Z,0,79.914
2018-09-02T02:00:00Z,0,79.705
2018-09-02T03:00:00Z,0,80.949
2018-09-02T04:00:00Z,3.017,82.073
2018-09-02T05:00:00Z,63.826,85.442
2018-09-02T06:00:00Z,221.586,92.823
2018-09-02T07:00:00Z,421.065,99.383
2018-09-02T08:00:00Z,566.165,103.586
2018-09-02T09:00:00Z,645.144,107.728
2018-09-02T10:00:00Z,657.017,107.769
2018-09-02T11:00:00Z,628.548,104.556
2018-09-02T12:00:00Z,586.959,100.022
2018-09-02T13:00:00Z,514.213,98.103
2018-09-02T14:00:00Z,408.602,98.832
2018-09-02T15:00:00Z,273.407,102.241
2018-09-02T16:00:00Z,116.697,104.795
2018-09-02T17:00:00Z,19.548,105.841
2018-09-02T18:00:00Z,0.197,107.395
2018-09-02T19:00:00Z,0,103.97
2018-09-02T20:00:00Z,0,100.146
2018-09-02T21:00:00Z,0,93.83
2018-09-02T22:00:00Z,0,89.546
2018-09-02T23:00:00Z,0,86.874
2018-09-03T00:00:00Z,0,85.801
2018-09-03T01:00:00Z,0,85.919
2018-09-03T02:00:00Z,0,89.018
2018-09-03T03:00:00Z,0,98.983
2018-09-03T04:00:00Z,3.476,118.589
2018-09-03T05:00:00Z,62.44,131.094
2018-09-03T06:00:00Z,201.29,137.72
2018-09-03T07:00:00Z,394.185,139.858
2018-09-03T08:00:00Z,591.211,142.185
2018-09-03T09:00:00Z,741.08,144.18
2018-09-03T10:00:00Z,850.94,143.684
2018-09-03T11:00:00Z,864.386,143.551
2018-09-03T12:00:00Z,796.699,141.589
2018-09-03T13:00:00Z,700.35,138.611
2018-09-03T14:00:00Z,570.026,136.016
2018-09-03T15:00:00Z,373.918,133.858
2018-09-03T16:00:00Z,166.397,133.988
2018-09-03T17:00:00Z,25.383,133.077
2018-09-03T18:00:00Z,0.066,132.537
2018-09-03T19:00:00Z,0,125.451
2018-09-03T20:00:00Z,0,115.432
2018-09-03T21:00:00Z,0,106.208
2018-09-03T22:00:00Z,0,100.632
2018-09-03T23:00:00Z,0,97.094
2018-09-04T00:00:00Z,0,94.608
2018-09-04T01:00:00Z,0,94.473
2018-09-04T02:00:00Z,0,96.538
2018-09-04T03:00:00Z,0,104.505
2018-09-04T04:00:00Z,3.344,122.426
2018-09-04T05:00:00Z,77.241,132.864
2018-09-04T06:00:00Z,263.589,139.266
2018-09-04T07:00:00Z,524.359,140.014
2018-09-04T08:00:00Z,814.373,142.69
2018-09-04T09:00:00Z,1077.438,145.34
2018-09-04T10:00:00Z,1227.329,145.142
2018-09-04T11:00:00Z,1228.837,143.318
2018-09-04T12:00:00Z,1147.597,140.582
2018-09-04T13:00:00Z,1019.343,138.419
2018-09-04T14:00:00Z,811.75,135.219
2018-09-04T15:00:00Z,515.507,134.499
2018-09-04T16:00:00Z,214.937,134.138
2018-09-04T17:00:00Z,31.604,133.109
2018-09-04T18:00:00Z,0.066,132.911
2018-09-04T19:00:00Z,0,125.707
2018-09-04T20:00:00Z,0,116.118
2018-09-04T21:00:00Z,0,107.611
2018-09-04T22:00:00Z,0,100.899
2018-09-04T23:00:00Z,0,96.756
2018-09-05T00:00:00Z,0,94.409
2018-09-05T01:00:00Z,0,94.764
2018-09-05T02:00:00Z,0,97.194
2018-09-05T03:00:00Z,0,104.842
2018-09-05T04:00:00Z,3.475,121.122
2018-09-05T05:00:00Z,103.518,131.968
2018-09-05T06:00:00Z,372.181,137.57
2018-09-05T07:00:00Z,734.135,139.048
2018-09-05T08:00:00Z,1075.437,141.583
2018-09-05T09:00:00Z,1326.989,143.669
2018-09-05T10:00:00Z,1473.711,143.4
2018-09-05T11:00:00Z,1488.789,142.579
2018-09-05T12:00:00Z,1394.187,140.445
2018-09-05T13:00:00Z,1206.818,137.498
2018-09-05T14:00:00Z,939.467,134.864
2018-09-05T15:00:00Z,589.248,133.973
2018-09-05T16:00:00Z,238.177,133.65
2018-09-05T17:00:00Z,29.567,133.456
2018-09-05T18:00:00Z,0,132.96
2018-09-05T19:00:00Z,0,125.981
2018-09-05T20:00:00Z,0,116.313
2018-09-05T21:00:00Z,0,107.136
2018-09-05T22:00:00Z,0,100.83
2018-09-05T23:00:00Z,0,97.4
2018-09-06T00:00:00Z,0,94.828
2018-09-06T01:00:00Z,0,94.685
2018-09-06T02:00:00Z,0,97.152
2018-09-06T03:00:00Z,0,105.512
2018-09-06T04:00:00Z,3.146,122.321
2018-09-06T05:00:00Z,110.317,132.276
2018-09-06T06:00:00Z,381.489,137.611
2018-09-06T07:00:00Z,721.88,139.537
2018-09-06T08:00:00Z,1025.105,142.203
2018-09-06T09:00:00Z,1237.284,145.415
2018-09-06T10:00:00Z,1311.877,145.383
2018-09-06T11:00:00Z,1253.671,144.637
2018-09-06T12:00:00Z,1094.979,142.318
2018-09-06T13:00:00Z,896.172,139.676
2018-09-06T14:00:00Z,644.14,136.53
2018-09-06T15:00:00Z,383.587,135.978
2018-09-06T16:00:00Z,144.14,135.204
2018-09-06T17:00:00Z,16.387,135.371
2018-09-06T18:00:00Z,0.066,134.888
2018-09-06T19:00:00Z,0,127.079
2018-09-06T20:00:00Z,0,117.779
2018-09-06T21:00:00Z,0,108.361
2018-09-06T22:00:00Z,0,102.502
2018-09-06T23:00:00Z,0,98.84
2018-09-07T00:00:00Z,0,96.2
2018-09-07T01:00:00Z,0,97.489
2018-09-07T02:00:00Z,0,99.078
2018-09-07T03:00:00Z,0,106.535
2018-09-07T04:00:00Z,1.442,123.213
2018-09-07T05:00:00Z,49.481,133.505
2018-09-07T06:00:00Z,196.286,140.249
2018-09-07T07:00:00Z,386.608,142.337
2018-09-07T08:00:00Z,573.457,144.928
2018-09-07T09:00:00Z,730.224,146.467
2018-09-07T10:00:00Z,856.319,143.4
2018-09-07T11:00:00Z,901.737,139.528
2018-09-07T12:00:00Z,892.365,136.722
2018-09-07T13:00:00Z,830.89,134.862
2018-09-07T14:00:00Z,659.181,133.065
2018-09-07T15:00:00Z,423.048,131.205
2018-09-07T16:00:00Z,185.8,130.149
2018-09-07T17:00:00Z,25.363,128.24
2018-09-07T18:00:00Z,0,126.772
2018-09-07T19:00:00Z,0,119.444
2018-09-07T20:00:00Z,0,111.424
2018-09-07T21:00:00Z,0,103.081
2018-09-07T22:00:00Z,0,97.754
2018-09-07T23:00:00Z,0,93.99
2018-09-08T00:00:00Z,0,91.874
2018-09-08T01:00:00Z,0,91.047
2018-09-08T02:00:00Z,0,91.312
2018-09-08T03:00:00Z,0,92.789
2018-09-08T04:00:00Z,2.294,97.763
2018-09-08T05:00:00Z,111.019,103.327
2018-09-08T06:00:00Z,433.786,111.928
2018-09-08T07:00:00Z,856.497,116.509
2018-09-08T08:00:00Z,1213.343,118.194
2018-09-08T09:00:00Z,1407.921,120.137
2018-09-08T10:00:00Z,1473.458,118.608
2018-09-08T11:00:00Z,1466.773,113.871
2018-09-08T12:00:00Z,1395.6,110.734
2018-09-08T13:00:00Z,1221.339,109.652
2018-09-08T14:00:00Z,931.012,109.148
2018-09-08T15:00:00Z,553.653,110.873
2018-09-08T16:00:00Z,198.576,111.039
2018-09-08T17:00:00Z,19.333,111.24
2018-09-08T18:00:00Z,0,110.93
2018-09-08T19:00:00Z,0,105.099
2018-09-08T20:00:00Z,0,99.691
2018-09-08T21:00:00Z,0,93.184
2018-09-08T22:00:00Z,0,87.584
2018-09-08T23:00:00Z,0,83.016
2018-09-09T00:00:00Z,0,80.611
2018-09-09T01:00:00Z,0,79.333
2018-09-09T02:00:00Z,0,79.908
2018-09-09T03:00:00Z,0,80.748
2018-09-09T04:00:00Z,1.704,81.924
2018-09-09T05:00:00Z,92.601,85.38
2018-09-09T06:00:00Z,351.727,92.81
2018-09-09T07:00:00Z,681.368,98.186
2018-09-09T08:00:00Z,1013.304,101.668
2018-09-09T09:00:00Z,1304.607,104.89
2018-09-09T10:00:00Z,1453.11,105.473
2018-09-09T11:00:00Z,1457.828,101.617
2018-09-09T12:00:00Z,1379.383,98.921
2018-09-09T13:00:00Z,1195.884,98.169
2018-09-09T14:00:00Z,904.319,98.111
2018-09-09T15:00:00Z,540.14,99.924
2018-09-09T16:00:00Z,210.826,103.731
2018-09-09T17:00:00Z,23.855,106.439
2018-09-09T18:00:00Z,0,110.054
2018-09-09T19:00:00Z,0,106.127
2018-09-09T20:00:00Z,0,102.378
2018-09-09T21:00:00Z,0,95.777
2018-09-09T22:00:00Z,0,92.118
2018-09-09T23:00:00Z,0,88.928
2018-09-10T00:00:00Z,0,87.443
2018-09-10T01:00:00Z,0,87.71
2018-09-10T02:00:00Z,0,91.235
2018-09-10T03:00:00Z,0,100.807
2018-09-10T04:00:00Z,1.704,119.658
2018-09-10T05:00:00Z,102.416,130.88
2018-09-10T06:00:00Z,392.495,136.446
2018-09-10T07:00:00Z,754.718,137.917
2018-09-10T08:00:00Z,1016.294,141.35
2018-09-10T09:00:00Z,1182.138,144.947
2018-09-10T10:00:00Z,1217.128,144.505
2018-09-10T11:00:00Z,1188.756,143.387
2018-09-10T12:00:00Z,1067.207,140.854
2018-09-10T13:00:00Z,884.064,140.046
2018-09-10T14:00:00Z,627.534,136.023
2018-09-10T15:00:00Z,351.935,134.503
2018-09-10T16:00:00Z,127.774,133.967
2018-09-10T17:00:00Z,12.777,134.501
2018-09-10T18:00:00Z,0,133.032
2018-09-10T19:00:00Z,0,124.743
2018-09-10T20:00:00Z,0,116.614
2018-09-10T21:00:00Z,0,105.695
2018-09-10T22:00:00Z,0,99.107
2018-09-10T23:00:00Z,0,96.149
2018-09-11T00:00:00Z,0,94.811
2018-09-11T01:00:00Z,0,95.296
2018-09-11T02:00:00Z,0,97.947
2018-09-11T03:00:00Z,0,107.004
2018-09-11T04:00:00Z,0.786,125.611
2018-09-11T05:00:00Z,72.062,135.839
2018-09-11T06:00:00Z,335.808,141.296
2018-09-11T07:00:00Z,703.389,142.389
2018-09-11T08:00:00Z,1039.328,145.328
2018-09-11T09:00:00Z,1317.094,150.206
2018-09-11T10:00:00Z,1460.235,149.62
2018-09-11T11:00:00Z,1468.293,148.861
2018-09-11T12:00:00Z,1371.926,146.356
2018-09-11T13:00:00Z,1186.728,143.808
2018-09-11T14:00:00Z,897.235,139.454
2018-09-11T15:00:00Z,536.206,138.695
2018-09-11T16:00:00Z,189.523,138.297
2018-09-11T17:00:00Z,16.705,137.848
2018-09-11T18:00:00Z,0,136.166
2018-09-11T19:00:00Z,0,127.462
2018-09-11T20:00:00Z,0,117.215
2018-09-11T21:00:00Z,0,107.799
2018-09-11T22:00:00Z,0,101.292
2018-09-11T23:00:00Z,0,98.231
2018-09-12T00:00:00Z,0,96.331
2018-09-12T01:00:00Z,0,97.333
2018-09-12T02:00:00Z,0,100.001
2018-09-12T03:00:00Z,0,107.307
2018-09-12T04:00:00Z,1.113,124.452
2018-09-12T05:00:00Z,91.368,134.375
2018-09-12T06:00:00Z,390.228,140.775
2018-09-12T07:00:00Z,768.535,142.418
2018-09-12T08:00:00Z,1082.853,145.306
2018-09-12T09:00:00Z,1273.972,148.848
2018-09-12T10:00:00Z,1350.275,146.924
2018-09-12T11:00:00Z,1336.062,145.832
2018-09-12T12:00:00Z,1248.756,143.13
2018-09-12T13:00:00Z,1070.933,141.055
2018-09-12T14:00:00Z,795.651,137.305
2018-09-12T15:00:00Z,457.558,136.527
2018-09-12T16:00:00Z,149.921,136.42
2018-09-12T17:00:00Z,9.955,136.493
2018-09-12T18:00:00Z,0,135.454
2018-09-12T19:00:00Z,0,125.771
2018-09-12T20:00:00Z,0,115.605
2018-09-12T21:00:00Z,0,106.285
2018-09-12T22:00:00Z,0,100.505
2018-09-12T23:00:00Z,0,97.092
2018-09-13T00:00:00Z,0,94.693
2018-09-13T01:00:00Z,0,94.738
2018-09-13T02:00:00Z,0,96.566
2018-09-13T03:00:00Z,0,104.686
2018-09-13T04:00:00Z,0.524,123.638
2018-09-13T05:00:00Z,47.604,134.866
2018-09-13T06:00:00Z,206.002,140.027
2018-09-13T07:00:00Z,418.422,140.21
2018-09-13T08:00:00Z,618.007,143.066
2018-09-13T09:00:00Z,739.67,145.172
2018-09-13T10:00:00Z,791.007,144.426
2018-09-13T11:00:00Z,815.89,142.713
2018-09-13T12:00:00Z,758.856,141.482
2018-09-13T13:00:00Z,629.925,139.868
2018-09-13T14:00:00Z,438.655,135.813
2018-09-13T15:00:00Z,246.928,135.525
2018-09-13T16:00:00Z,83.161,135.033
2018-09-13T17:00:00Z,7.334,136.179
2018-09-13T18:00:00Z,0,134.274
2018-09-13T19:00:00Z,0,124.942
2018-09-13T20:00:00Z,0,114.699
2018-09-13T21:00:00Z,0,106.287
2018-09-13T22:00:00Z,0,100.959
2018-09-13T23:00:00Z,0,97.147
2018-09-14T00:00:00Z,0,94.736
2018-09-14T01:00:00Z,0,94.638
2018-09-14T02:00:00Z,0,96.649
2018-09-14T03:00:00Z,0,105.05
2018-09-14T04:00:00Z,0.524,123.337
2018-09-14T05:00:00Z,38.1,133.864
2018-09-14T06:00:00Z,185.196,139.657
2018-09-14T07:00:00Z,404.958,141.401
2018-09-14T08:00:00Z,640.954,143.241
2018-09-14T09:00:00Z,849.456,144.65
2018-09-14T10:00:00Z,962.773,143.539
2018-09-14T11:00:00Z,1003.033,139.21
2018-09-14T12:00:00Z,966.243,135.54
2018-09-14T13:00:00Z,841.273,132.417
2018-09-14T14:00:00Z,643.311,129.82
2018-09-14T15:00:00Z,384.599,129.668
2018-09-14T16:00:00Z,127.392,130.016
2018-09-14T17:00:00Z,7.987,130.478
2018-09-14T18:00:00Z,0,128.432
2018-09-14T19:00:00Z,0,120.017
2018-09-14T20:00:00Z,0,111.407
2018-09-14T21:00:00Z,0,103.406
2018-09-14T22:00:00Z,0,97.765
2018-09-14T23:00:00Z,0,93.208
2018-09-15T00:00:00Z,0,90.164
2018-09-15T01:00:00Z,0,89.55
2018-09-15T02:00:00Z,0,89.67
2018-09-15T03:00:00Z,0,91.149
2018-09-15T04:00:00Z,0.589,96.145
2018-09-15T05:00:00Z,64.805,102.587
2018-09-15T06:00:00Z,310.604,110.815
2018-09-15T07:00:00Z,662.71,114.938
2018-09-15T08:00:00Z,1015.798,118.209
2018-09-15T09:00:00Z,1221.405,121.46
2018-09-15T10:00:00Z,1230.242,120.697
2018-09-15T11:00:00Z,1122.693,116.58
2018-09-15T12:00:00Z,998.974,111.858
2018-09-15T13:00:00Z,836.963,108.799
2018-09-15T14:00:00Z,631.617,108.179
2018-09-15T15:00:00Z,377.373,108.848
2018-09-15T16:00:00Z,134.453,111.035
2018-09-15T17:00:00Z,8.444,111.388
2018-09-15T18:00:00Z,0,109.906
2018-09-15T19:00:00Z,0,102.622
2018-09-15T20:00:00Z,0,96.63
2018-09-15T21:00:00Z,0,90.696
2018-09-15T22:00:00Z,0,85.089
2018-09-15T23:00:00Z,0,81.02
2018-09-16T00:00:00Z,0,78.196
2018-09-16T01:00:00Z,0,77.202
2018-09-16T02:00:00Z,0,77.879
2018-09-16T03:00:00Z,0,79.126
2018-09-16T04:00:00Z,0.458,81.037
2018-09-16T05:00:00Z,82.084,84.281
2018-09-16T06:00:00Z,406.297,92.173
2018-09-16T07:00:00Z,834.522,98.866
2018-09-16T08:00:00Z,1208.483,101.935
2018-09-16T09:00:00Z,1463.507,106.059
2018-09-16T10:00:00Z,1566.342,106.882
2018-09-16T11:00:00Z,1534.856,102.662
2018-09-16T12:00:00Z,1421.025,99.507
2018-09-16T13:00:00Z,1184.722,98.468
2018-09-16T14:00:00Z,831.511,98.761
2018-09-16T15:00:00Z,440.008,101.66
2018-09-16T16:00:00Z,133.6,105.588
2018-09-16T17:00:00Z,7.462,108.803
2018-09-16T18:00:00Z,0,110.325
2018-09-16T19:00:00Z,0,104.793
2018-09-16T20:00:00Z,0,100.918
2018-09-16T21:00:00Z,0,95.375
2018-09-16T22:00:00Z,0,90.196
2018-09-16T23:00:00Z,0,86.28
2018-09-17T00:00:00Z,0,84.788
2018-09-17T01:00:00Z,0,85.654
2018-09-17T02:00:00Z,0,88.497
2018-09-17T03:00:00Z,0,98.714
2018-09-17T04:00:00Z,0.393,119.641
2018-09-17T05:00:00Z,77.421,131.233
2018-09-17T06:00:00Z,394.437,137.32
2018-09-17T07:00:00Z,823.495,138.742
2018-09-17T08:00:00Z,1164.529,141.687
2018-09-17T09:00:00Z,1398.953,143.434
2018-09-17T10:00:00Z,1523.56,142.515
2018-09-17T11:00:00Z,1528.01,141.581
2018-09-17T12:00:00Z,1425.982,139.881
2018-09-17T13:00:00Z,1207.788,138.158
2018-09-17T14:00:00Z,874.738,134.477
2018-09-17T15:00:00Z,486.911,133.15
2018-09-17T16:00:00Z,146.859,133.349
2018-09-17T17:00:00Z,8.312,135.042
2018-09-17T18:00:00Z,0,133.426
2018-09-17T19:00:00Z,0,123.912
2018-09-17T20:00:00Z,0,113.585
2018-09-17T21:00:00Z,0,105.287
2018-09-17T22:00:00Z,0,99.313
2018-09-17T23:00:00Z,0,96.589
2018-09-18T00:00:00Z,0,95.805
2018-09-18T01:00:00Z,0,96.074
2018-09-18T02:00:00Z,0,98.644
2018-09-18T03:00:00Z,0,108.429
2018-09-18T04:00:00Z,0.327,127.462
2018-09-18T05:00:00Z,74.328,137.912
2018-09-18T06:00:00Z,392.969,142.288
2018-09-18T07:00:00Z,828.139,143.511
2018-09-18T08:00:00Z,1195.197,146.7
2018-09-18T09:00:00Z,1445.857,148.735
2018-09-18T10:00:00Z,1565.855,147.786
2018-09-18T11:00:00Z,1556.171,147.692
2018-09-18T12:00:00Z,1432.902,146.625
2018-09-18T13:00:00Z,1195.721,144.639
2018-09-18T14:00:00Z,860.461,142.553
2018-09-18T15:00:00Z,462.062,144.821
2018-09-18T16:00:00Z,125.035,146.749
2018-09-18T17:00:00Z,5.3,148.277
2018-09-18T18:00:00Z,0,138.126
2018-09-18T19:00:00Z,0,127.911
2018-09-18T20:00:00Z,0,118.833
2018-09-18T21:00:00Z,0,109.479
2018-09-18T22:00:00Z,0,103.293
2018-09-18T23:00:00Z,0,99.445
2018-09-19T00:00:00Z,0,97.981
2018-09-19T01:00:00Z,0,98.028
2018-09-19T02:00:00Z,0,99.875
2018-09-19T03:00:00Z,0,107.856
2018-09-19T04:00:00Z,0.196,126.079
2018-09-19T05:00:00Z,51.475,137.141
2018-09-19T06:00:00Z,287.396,142.818
2018-09-19T07:00:00Z,638.891,144.582
2018-09-19T08:00:00Z,984.106,146.228
2018-09-19T09:00:00Z,1259.991,147.993
2018-09-19T10:00:00Z,1410.818,147.745
2018-09-19T11:00:00Z,1431.29,147.925
2018-09-19T12:00:00Z,1367.585,146.215
2018-09-19T13:00:00Z,1171.757,144.994
2018-09-19T14:00:00Z,847.537,141.191
2018-09-19T15:00:00Z,462.555,139.907
2018-09-19T16:00:00Z,125.646,140.208
2018-09-19T17:00:00Z,3.99,141.651
2018-09-19T18:00:00Z,0,138.267
2018-09-19T19:00:00Z,0,128.552
2018-09-19T20:00:00Z,0,118.974
2018-09-19T21:00:00Z,0,110.866
2018-09-19T22:00:00Z,0,103.936
2018-09-19T23:00:00Z,0,101.104
2018-09-20T00:00:00Z,0,98.419
2018-09-20T01:00:00Z,0,98.736
2018-09-20T02:00:00Z,0,100.225
2018-09-20T03:00:00Z,0,108.301
2018-09-20T04:00:00Z,0.131,127.958
2018-09-20T05:00:00Z,59.706,136.318
2018-09-20T06:00:00Z,333.188,141.281
2018-09-20T07:00:00Z,715.684,142.707
2018-09-20T08:00:00Z,1070.91,145.672
2018-09-20T09:00:00Z,1307.183,148.641
2018-09-20T10:00:00Z,1404.556,148.318
2018-09-20T11:00:00Z,1404.621,148.348
2018-09-20T12:00:00Z,1315.03,146.488
2018-09-20T13:00:00Z,1127.215,143.823
2018-09-20T14:00:00Z,821.493,140.946
2018-09-20T15:00:00Z,448.937,139.826
2018-09-20T16:00:00Z,116.534,138.765
2018-09-20T17:00:00Z,3.074,139.719
2018-09-20T18:00:00Z,0,137.002
2018-09-20T19:00:00Z,0,127.751
2018-09-20T20:00:00Z,0,118.653
2018-09-20T21:00:00Z,0,110.922
2018-09-20T22:00:00Z,0,104.212
2018-09-20T23:00:00Z,0,101.204
2018-09-21T00:00:00Z,0,99.208
2018-09-21T01:00:00Z,0,99.967
2018-09-21T02:00:00Z,0,102.767
2018-09-21T03:00:00Z,0,111.176
2018-09-21T04:00:00Z,0.131,130.869
2018-09-21T05:00:00Z,57.725,141.715
2018-09-21T06:00:00Z,308.368,148.124
2018-09-21T07:00:00Z,599.935,150.327
2018-09-21T08:00:00Z,813.837,153.16
2018-09-21T09:00:00Z,886.272,155.69
2018-09-21T10:00:00Z,887.383,153.288
2018-09-21T11:00:00Z,812.922,150.708
2018-09-21T12:00:00Z,684.92,146.745
2018-09-21T13:00:00Z,499.847,144.066
2018-09-21T14:00:00Z,335.04,140.623
2018-09-21T15:00:00Z,172.194,139.172
2018-09-21T16:00:00Z,50.076,137.908
2018-09-21T17:00:00Z,1.83,137.979
2018-09-21T18:00:00Z,0,132.325
2018-09-21T19:00:00Z,0,122.864
2018-09-21T20:00:00Z,0,114.355
2018-09-21T21:00:00Z,0,105.606
2018-09-21T22:00:00Z,0,101.705
2018-09-21T23:00:00Z,0,97.372
2018-09-22T00:00:00Z,0,94.73
2018-09-22T01:00:00Z,0,93.479
2018-09-22T02:00:00Z,0,93.071
2018-09-22T03:00:00Z,0,94.952
2018-09-22T04:00:00Z,0.065,100.92
2018-09-22T05:00:00Z,45.757,105.973
2018-09-22T06:00:00Z,261.466,113.878
2018-09-22T07:00:00Z,561.172,119.207
2018-09-22T08:00:00Z,845.582,123.764
2018-09-22T09:00:00Z,1006.45,126.402
2018-09-22T10:00:00Z,1049.069,124.497
2018-09-22T11:00:00Z,1029.72,118.328
2018-09-22T12:00:00Z,953.764,113.933
2018-09-22T13:00:00Z,764.528,114.154
2018-09-22T14:00:00Z,473.646,112.634
2018-09-22T15:00:00Z,226.757,114.692
2018-09-22T16:00:00Z,45.495,116.806
2018-09-22T17:00:00Z,0.392,118.286
2018-09-22T18:00:00Z,0,112.574
2018-09-22T19:00:00Z,0,105.255
2018-09-22T20:00:00Z,0,99.334
2018-09-22T21:00:00Z,0,93.129
2018-09-22T22:00:00Z,0,87.353
2018-09-22T23:00:00Z,0,83.157
2018-09-23T00:00:00Z,0,80.389
2018-09-23T01:00:00Z,0,79.654
2018-09-23T02:00:00Z,0,79.5
2018-09-23T03:00:00Z,0,80.079
2018-09-23T04:00:00Z,0,82.114
2018-09-23T05:00:00Z,13.988,86.043
2018-09-23T06:00:00Z,87.395,93.319
2018-09-23T07:00:00Z,192.57,99.537
2018-09-23T08:00:00Z,318.793,104.787
2018-09-23T09:00:00Z,411.744,111.076
2018-09-23T10:00:00Z,455.148,110.325
2018-09-23T11:00:00Z,486.916,107.337
2018-09-23T12:00:00Z,480.575,107.042
2018-09-23T13:00:00Z,395.206,106.666
2018-09-23T14:00:00Z,282.449,106.892
2018-09-23T15:00:00Z,138.316,110.137
2018-09-23T16:00:00Z,32.945,114.015
2018-09-23T17:00:00Z,0.327,116.422
2018-09-23T18:00:00Z,0,113.429
2018-09-23T19:00:00Z,0,107.474
2018-09-23T20:00:00Z,0,104.054
2018-09-23T21:00:00Z,0,98.282
2018-09-23T22:00:00Z,0,93.112
2018-09-23T23:00:00Z,0,90.897
2018-09-24T00:00:00Z,0,89.942
2018-09-24T01:00:00Z,0,90.647
2018-09-24T02:00:00Z,0,93.851
2018-09-24T03:00:00Z,0,103.231
2018-09-24T04:00:00Z,0,124.294
2018-09-24T05:00:00Z,42.6,135.715
2018-09-24T06:00:00Z,292.382,141.908
2018-09-24T07:00:00Z,645.592,144.409
2018-09-24T08:00:00Z,949.016,148.083
2018-09-24T09:00:00Z,1108.372,149.911
2018-09-24T10:00:00Z,1182.464,149.28
2018-09-24T11:00:00Z,1172.14,146.283
2018-09-24T12:00:00Z,1091.711,143.615
2018-09-24T13:00:00Z,948.166,141.183
2018-09-24T14:00:00Z,673.164,136.805
2018-09-24T15:00:00Z,364.317,136.395
2018-09-24T16:00:00Z,92.059,137.254
2018-09-24T17:00:00Z,1.307,140.681
2018-09-24T18:00:00Z,0,137.235
2018-09-24T19:00:00Z,0,127.46
2018-09-24T20:00:00Z,0,118.401
2018-09-24T21:00:00Z,0,107.604
2018-09-24T22:00:00Z,0,101.437
2018-09-24T23:00:00Z,0,97.874
2018-09-25T00:00:00Z,0,96.688
2018-09-25T01:00:00Z,0,96.923
2018-09-25T02:00:00Z,0,99.903
2018-09-25T03:00:00Z,0,108.399
2018-09-25T04:00:00Z,0,125.994
2018-09-25T05:00:00Z,52.839,136.382
2018-09-25T06:00:00Z,366.672,140.954
2018-09-25T07:00:00Z,813.355,140.572
2018-09-25T08:00:00Z,1194.788,141.91
2018-09-25T09:00:00Z,1404.968,144.062
2018-09-25T10:00:00Z,1445.855,143.267
2018-09-25T11:00:00Z,1403.597,141.2
2018-09-25T12:00:00Z,1303.666,138.445
2018-09-25T13:00:00Z,1121.702,136.143
2018-09-25T14:00:00Z,827.985,131.972
2018-09-25T15:00:00Z,434.468,130.916
2018-09-25T16:00:00Z,96.403,133.133
2018-09-25T17:00:00Z,1.241,138.047
2018-09-25T18:00:00Z,0,134.386
2018-09-25T19:00:00Z,0,124.735
2018-09-25T20:00:00Z,0,116.007
2018-09-25T21:00:00Z,0,108.421
2018-09-25T22:00:00Z,0,101.23
2018-09-25T23:00:00Z,0,98.069
2018-09-26T00:00:00Z,0,96.728
2018-09-26T01:00:00Z,0,98.037
2018-09-26T02:00:00Z,0,101.061
2018-09-26T03:00:00Z,0,109.945
2018-09-26T04:00:00Z,0,129.484
2018-09-26T05:00:00Z,42.567,139.967
2018-09-26T06:00:00Z,300.907,144.751
2018-09-26T07:00:00Z,668.147,144.701
2018-09-26T08:00:00Z,1016.452,145.238
2018-09-26T09:00:00Z,1276.621,147.739
2018-09-26T10:00:00Z,1422.472,147.611
2018-09-26T11:00:00Z,1421.623,147.307
2018-09-26T12:00:00Z,1286.936,144.017
2018-09-26T13:00:00Z,1046.158,142.572
2018-09-26T14:00:00Z,718.94,139.043
2018-09-26T15:00:00Z,361.428,137.508
2018-09-26T16:00:00Z,77.104,138.299
2018-09-26T17:00:00Z,0.849,141.632
2018-09-26T18:00:00Z,0,139.199
2018-09-26T19:00:00Z,0,131.35
2018-09-26T20:00:00Z,0,121.404
2018-09-26T21:00:00Z,0,111.715
2018-09-26T22:00:00Z,0,103.874
2018-09-26T23:00:00Z,0,100.45
2018-09-27T00:00:00Z,0,98.244
2018-09-27T01:00:00Z,0,98.113
2018-09-27T02:00:00Z,0,100.749
2018-09-27T03:00:00Z,0,109.673
2018-09-27T04:00:00Z,0,127.282
2018-09-27T05:00:00Z,35.232,137.532
2018-09-27T06:00:00Z,276.766,141.937
2018-09-27T07:00:00Z,648.203,141.102
2018-09-27T08:00:00Z,1018.856,142.04
2018-09-27T09:00:00Z,1321.459,144.808
2018-09-27T10:00:00Z,1484.831,143.836
2018-09-27T11:00:00Z,1513.016,141.946
2018-09-27T12:00:00Z,1413.91,140.377
2018-09-27T13:00:00Z,1194.885,138.868
2018-09-27T14:00:00Z,839.238,135.57
2018-09-27T15:00:00Z,413.323,135.358
2018-09-27T16:00:00Z,79.794,136.517
2018-09-27T17:00:00Z,0.457,140.587
2018-09-27T18:00:00Z,0,137.075
2018-09-27T19:00:00Z,0,127.526
2018-09-27T20:00:00Z,0,118.403
2018-09-27T21:00:00Z,0,109.257
2018-09-27T22:00:00Z,0,102.72
2018-09-27T23:00:00Z,0,99.484
2018-09-28T00:00:00Z,0,98.385
2018-09-28T01:00:00Z,0,99.417
2018-09-28T02:00:00Z,0,102.329
2018-09-28T03:00:00Z,0,109.985
2018-09-28T04:00:00Z,0,128.533
2018-09-28T05:00:00Z,34.083,139.755
2018-09-28T06:00:00Z,264.06,143.895
2018-09-28T07:00:00Z,583.447,145.77
2018-09-28T08:00:00Z,842.685,147.782
2018-09-28T09:00:00Z,1034.474,147.944
2018-09-28T10:00:00Z,1156.338,144.941
2018-09-28T11:00:00Z,1148.452,141.873
2018-09-28T12:00:00Z,1057.022,138.84
2018-09-28T13:00:00Z,878.006,137.94
2018-09-28T14:00:00Z,602.672,134.852
2018-09-28T15:00:00Z,286.282,135.121
2018-09-28T16:00:00Z,50.505,135.848
2018-09-28T17:00:00Z,0.326,137.699
2018-09-28T18:00:00Z,0,132.15
2018-09-28T19:00:00Z,0,122.67
2018-09-28T20:00:00Z,0,114.186
2018-09-28T21:00:00Z,0,105.556
2018-09-28T22:00:00Z,0,100.076
2018-09-28T23:00:00Z,0,95.217
2018-09-29T00:00:00Z,0,93.441
2018-09-29T01:00:00Z,0,93.49
2018-09-29T02:00:00Z,0,93.761
2018-09-29T03:00:00Z,0,95.183
2018-09-29T04:00:00Z,0,100.358
2018-09-29T05:00:00Z,38.685,105.963
2018-09-29T06:00:00Z,306.161,113.106
2018-09-29T07:00:00Z,722.256,118.638
2018-09-29T08:00:00Z,1120.246,120.795
2018-09-29T09:00:00Z,1392.606,119.919
2018-09-29T10:00:00Z,1510.681,116.979
2018-09-29T11:00:00Z,1489.515,112.865
2018-09-29T12:00:00Z,1361.801,109.224
2018-09-29T13:00:00Z,1163.75,108.649
2018-09-29T14:00:00Z,825.417,108.393
2018-09-29T15:00:00Z,399.423,111.163
2018-09-29T16:00:00Z,67.927,114.703
2018-09-29T17:00:00Z,0.13,119.049
2018-09-29T18:00:00Z,0,114.376
2018-09-29T19:00:00Z,0,107.698
2018-09-29T20:00:00Z,0,102.684
2018-09-29T21:00:00Z,0,95.963
2018-09-29T22:00:00Z,0,89.766
2018-09-29T23:00:00Z,0,86.737
2018-09-30T00:00:00Z,0,84.512
2018-09-30T01:00:00Z,0,84.324
2018-09-30T02:00:00Z,0,84.758
2018-09-30T03:00:00Z,0,86.321
2018-09-30T04:00:00Z,0,86.996
2018-09-30T05:00:00Z,39.117,90.613
2018-09-30T06:00:00Z,335.655,97.04
2018-09-30T07:00:00Z,785.538,103.237
2018-09-30T08:00:00Z,1174.564,105.721
2018-09-30T09:00:00Z,1434.978,108.414
2018-09-30T10:00:00Z,1557.602,106.499
2018-09-30T11:00:00Z,1538.727,102.224
2018-09-30T12:00:00Z,1383.494,99.048
2018-09-30T13:00:00Z,1124.251,97.613
2018-09-30T14:00:00Z,760.023,97.483
2018-09-30T15:00:00Z,343.4,102.22
2018-09-30T16:00:00Z,50.573,107.856
2018-09-30T17:00:00Z,0.065,112.974
2018-09-30T18:00:00Z,0,110.439
2018-09-30T19:00:00Z,0,105.659
2018-09-30T20:00:00Z,0,103.173
2018-09-30T21:00:00Z,0,97.637
2018-09-30T22:00:00Z,0,92.237
2018-09-30T23:00:00Z,0,90.046
2018-10-01T00:00:00Z,0,88.708
2018-10-01T01:00:00Z,0,90.532
2018-10-01T02:00:00Z,0,93.629
2018-10-01T03:00:00Z,0,102.741
2018-10-01T04:00:00Z,0,121.718
2018-10-01T05:00:00Z,13.536,133.734
2018-10-01T06:00:00Z,130.675,140.3
2018-10-01T07:00:00Z,333.977,141.598
2018-10-01T08:00:00Z,543.005,143.479
2018-10-01T09:00:00Z,664.374,146.39
2018-10-01T10:00:00Z,721.122,145.039
2018-10-01T11:00:00Z,732.51,143.596
2018-10-01T12:00:00Z,691.967,142.733
2018-10-01T13:00:00Z,555.37,140.42
2018-10-01T14:00:00Z,377.123,138.122
2018-10-01T15:00:00Z,184.494,137.111
2018-10-01T16:00:00Z,34.035,138.951
2018-10-01T17:00:00Z,0.065,142.444
2018-10-01T18:00:00Z,0,136.906
2018-10-01T19:00:00Z,0,127.922
2018-10-01T20:00:00Z,0,119.876
2018-10-01T21:00:00Z,0,110.291
2018-10-01T22:00:00Z,0,102.036
2018-10-01T23:00:00Z,0,98.962
2018-10-02T00:00:00Z,0,95.974
2018-10-02T01:00:00Z,0,97.365
2018-10-02T02:00:00Z,0,100.785
2018-10-02T03:00:00Z,0,110.712
2018-10-02T04:00:00Z,0,127.25
2018-10-02T05:00:00Z,16.332,138.413
2018-10-02T06:00:00Z,157.206,143.13
2018-10-02T07:00:00Z,348.183,144.573
2018-10-02T08:00:00Z,489.123,146.101
2018-10-02T09:00:00Z,572.151,150.109
2018-10-02T10:00:00Z,551.784,150.257
2018-10-02T11:00:00Z,461.078,148.771
2018-10-02T12:00:00Z,401.215,147.514
2018-10-02T13:00:00Z,292.745,144.699
2018-10-02T14:00:00Z,189.09,141.375
2018-10-02T15:00:00Z,88.754,138.879
2018-10-02T16:00:00Z,14.706,139.721
2018-10-02T17:00:00Z,0,143.085
2018-10-02T18:00:00Z,0,136.14
2018-10-02T19:00:00Z,0,127.109
2018-10-02T20:00:00Z,0,118.794
2018-10-02T21:00:00Z,0,111.061
2018-10-02T22:00:00Z,0,104.793
2018-10-02T23:00:00Z,0,101.068
2018-10-03T00:00:00Z,0,98.825
2018-10-03T01:00:00Z,0,97.481
2018-10-03T02:00:00Z,0,96.991
2018-10-03T03:00:00Z,0,96.485
2018-10-03T04:00:00Z,0,95.506
2018-10-03T05:00:00Z,10.151,99.02
2018-10-03T06:00:00Z,115.367,105.787
2018-10-03T07:00:00Z,309.858,112.514
2018-10-03T08:00:00Z,544.691,116.693
2018-10-03T09:00:00Z,712.569,119.701
2018-10-03T10:00:00Z,792.344,118.446
2018-10-03T11:00:00Z,831.32,113.196
2018-10-03T12:00:00Z,836.005,110.522
2018-10-03T13:00:00Z,714.196,108.29
2018-10-03T14:00:00Z,489.513,106.905
2018-10-03T15:00:00Z,221.104,109.195
2018-10-03T16:00:00Z,35.332,114.147
2018-10-03T17:00:00Z,0.065,119.643
2018-10-03T18:00:00Z,0,116.084
2018-10-03T19:00:00Z,0,111.163
2018-10-03T20:00:00Z,0,108.226
2018-10-03T21:00:00Z,0,100.708
2018-10-03T22:00:00Z,0,95.104
2018-10-03T23:00:00Z,0,91.84
2018-10-04T00:00:00Z,0,90.01
2018-10-04T01:00:00Z,0,91.733
2018-10-04T02:00:00Z,0,95.677
2018-10-04T03:00:00Z,0,105.157
2018-10-04T04:00:00Z,0,123.001
2018-10-04T05:00:00Z,16.331,134.112
2018-10-04T06:00:00Z,189.859,137.91
2018-10-04T07:00:00Z,477.574,140.048
2018-10-04T08:00:00Z,738.288,142.057
2018-10-04T09:00:00Z,922.942,143.573
2018-10-04T10:00:00Z,1044.613,141.747
2018-10-04T11:00:00Z,1088.011,139.648
2018-10-04T12:00:00Z,1039.212,134.802
2018-10-04T13:00:00Z,869.068,132.537
2018-10-04T14:00:00Z,592.674,130.75
2018-10-04T15:00:00Z,265.854,131.305
2018-10-04T16:00:00Z,35.525,133.067
2018-10-04T17:00:00Z,0,138.406
2018-10-04T18:00:00Z,0,133.46
2018-10-04T19:00:00Z,0,124.621
2018-10-04T20:00:00Z,0,116.381
2018-10-04T21:00:00Z,0,108.158
2018-10-04T22:00:00Z,0,102.072
2018-10-04T23:00:00Z,0,97.735
2018-10-05T00:00:00Z,0,96.598
2018-10-05T01:00:00Z,0,97.583
2018-10-05T02:00:00Z,0,100.589
2018-10-05T03:00:00Z,0,108.173
2018-10-05T04:00:00Z,0,124.072
2018-10-05T05:00:00Z,20.688,135.189
2018-10-05T06:00:00Z,267.966,139.62
2018-10-05T07:00:00Z,694.41,139.947
2018-10-05T08:00:00Z,1096.261,140.616
2018-10-05T09:00:00Z,1376.133,141.442
2018-10-05T10:00:00Z,1515.158,138.652
2018-10-05T11:00:00Z,1518.281,137.878
2018-10-05T12:00:00Z,1391.161,132.746
2018-10-05T13:00:00Z,1138.873,131.829
2018-10-05T14:00:00Z,763.174,128.623
2018-10-05T15:00:00Z,326.842,127.71
2018-10-05T16:00:00Z,38.448,129.042
2018-10-05T17:00:00Z,0,133.832
2018-10-05T18:00:00Z,0,128.42
2018-10-05T19:00:00Z,0,121.135
2018-10-05T20:00:00Z,0,113.591
2018-10-05T21:00:00Z,0,105.854
2018-10-05T22:00:00Z,0,98.562
2018-10-05T23:00:00Z,0,94.505
2018-10-06T00:00:00Z,0,91.874
2018-10-06T01:00:00Z,0,90.955
2018-10-06T02:00:00Z,0,91.874
2018-10-06T03:00:00Z,0,93.556
2018-10-06T04:00:00Z,0,98.603
2018-10-06T05:00:00Z,16.978,104.167
2018-10-06T06:00:00Z,221.757,111.612
2018-10-06T07:00:00Z,596.904,115.763
2018-10-06T08:00:00Z,939.98,118.835
2018-10-06T09:00:00Z,1171.495,120.504
2018-10-06T10:00:00Z,1273.884,118.444
2018-10-06T11:00:00Z,1246.368,113.837
2018-10-06T12:00:00Z,1099.614,110.131
2018-10-06T13:00:00Z,851.316,109.079
2018-10-06T14:00:00Z,523.852,109.128
2018-10-06T15:00:00Z,191.964,111.182
2018-10-06T16:00:00Z,22.377,113.557
2018-10-06T17:00:00Z,0,118.397
2018-10-06T18:00:00Z,0,112.683
2018-10-06T19:00:00Z,0,106.963
2018-10-06T20:00:00Z,0,102.156
2018-10-06T21:00:00Z,0,94.937
2018-10-06T22:00:00Z,0,87.853
2018-10-06T23:00:00Z,0,84.324
2018-10-07T00:00:00Z,0,81.979
2018-10-07T01:00:00Z,0,80.12
2018-10-07T02:00:00Z,0,79.972
2018-10-07T03:00:00Z,0,81.883
2018-10-07T04:00:00Z,0,83.651
2018-10-07T05:00:00Z,8.326,89.281
2018-10-07T06:00:00Z,135.76,96.523
2018-10-07T07:00:00Z,378.139,102.404
2018-10-07T08:00:00Z,641.593,106.362
2018-10-07T09:00:00Z,824.711,111.881
2018-10-07T10:00:00Z,913.049,110.302
2018-10-07T11:00:00Z,921.376,105.514
2018-10-07T12:00:00Z,840.973,102.113
2018-10-07T13:00:00Z,687.454,100.27
2018-10-07T14:00:00Z,446.702,100.059
2018-10-07T15:00:00Z,194.696,103.182
2018-10-07T16:00:00Z,22.442,108.667
2018-10-07T17:00:00Z,0,113.17
2018-10-07T18:00:00Z,0,108.979
2018-10-07T19:00:00Z,0,104.197
2018-10-07T20:00:00Z,0,102.414
2018-10-07T21:00:00Z,0,96.615
2018-10-07T22:00:00Z,0,93.097
2018-10-07T23:00:00Z,0,90.311
2018-10-08T00:00:00Z,0,89.435
2018-10-08T01:00:00Z,0,90.453
2018-10-08T02:00:00Z,0,95.288
2018-10-08T03:00:00Z,0,104.398
2018-10-08T04:00:00Z,0,123.418
2018-10-08T05:00:00Z,10.472,137.032
2018-10-08T06:00:00Z,164.82,142.01
2018-10-08T07:00:00Z,435.596,143.727
2018-10-08T08:00:00Z,717.429,145.257
2018-10-08T09:00:00Z,948.464,146.129
2018-10-08T10:00:00Z,1118.227,143.226
2018-10-08T11:00:00Z,1199.662,139.926
2018-10-08T12:00:00Z,1139.236,138.284
2018-10-08T13:00:00Z,940.919,136.412
2018-10-08T14:00:00Z,595.603,133.077
2018-10-08T15:00:00Z,228.238,133.545
2018-10-08T16:00:00Z,20.684,136.435
2018-10-08T17:00:00Z,0,141.717
2018-10-08T18:00:00Z,0,133.845
2018-10-08T19:00:00Z,0,125.748
2018-10-08T20:00:00Z,0,116.806
2018-10-08T21:00:00Z,0,107.572
2018-10-08T22:00:00Z,0,101.724
2018-10-08T23:00:00Z,0,97.942
2018-10-09T00:00:00Z,0,96.046
2018-10-09T01:00:00Z,0,97.175
2018-10-09T02:00:00Z,0,100.02
2018-10-09T03:00:00Z,0,109.242
2018-10-09T04:00:00Z,0,126.562
2018-10-09T05:00:00Z,7.999,137.194
2018-10-09T06:00:00Z,146.004,141.826
2018-10-09T07:00:00Z,387.609,142.739
2018-10-09T08:00:00Z,665.828,144.015
2018-10-09T09:00:00Z,901.645,145.969
2018-10-09T10:00:00Z,1054.087,144.071
2018-10-09T11:00:00Z,1101.043,142.944
2018-10-09T12:00:00Z,1038.804,140.099
2018-10-09T13:00:00Z,852.089,138.049
2018-10-09T14:00:00Z,549.221,134.879
2018-10-09T15:00:00Z,211.949,135.326
2018-10-09T16:00:00Z,17.559,137.083
2018-10-09T17:00:00Z,0,142.352
2018-10-09T18:00:00Z,0,135.341
2018-10-09T19:00:00Z,0,126.746
2018-10-09T20:00:00Z,0,117.758
2018-10-09T21:00:00Z,0,108.889
2018-10-09T22:00:00Z,0,101.613
2018-10-09T23:00:00Z,0,97.827
2018-10-10T00:00:00Z,0,96.126
2018-10-10T01:00:00Z,0,96.944
2018-10-10T02:00:00Z,0,99.875
2018-10-10T03:00:00Z,0,107.279
2018-10-10T04:00:00Z,0,124.429
2018-10-10T05:00:00Z,8.063,136.6
2018-10-10T06:00:00Z,162.884,140.262
2018-10-10T07:00:00Z,478.12,140.373
2018-10-10T08:00:00Z,816.958,142.408
2018-10-10T09:00:00Z,1124.846,142.966
2018-10-10T10:00:00Z,1323.363,141.585
2018-10-10T11:00:00Z,1371.025,140.574
2018-10-10T12:00:00Z,1270.304,137.541
2018-10-10T13:00:00Z,1029.976,136.158
2018-10-10T14:00:00Z,662.917,133.509
2018-10-10T15:00:00Z,253.853,134.251
2018-10-10T16:00:00Z,17.751,136.771
2018-10-10T17:00:00Z,0,143.504
2018-10-10T18:00:00Z,0,138.094
2018-10-10T19:00:00Z,0,129.335
2018-10-10T20:00:00Z,0,120.173
2018-10-10T21:00:00Z,0,110.362
2018-10-10T22:00:00Z,0,103.13
2018-10-10T23:00:00Z,0,99.526
2018-10-11T00:00:00Z,0,97.686
2018-10-11T01:00:00Z,0,97.833
2018-10-11T02:00:00Z,0,101.662
2018-10-11T03:00:00Z,0,110.62
2018-10-11T04:00:00Z,0,129.482
2018-10-11T05:00:00Z,11.182,141.305
2018-10-11T06:00:00Z,227.084,145.62
2018-10-11T07:00:00Z,631.322,145.02
2018-10-11T08:00:00Z,997.53,145.539
2018-10-11T09:00:00Z,1251.138,145.67
2018-10-11T10:00:00Z,1356.131,144.488
2018-10-11T11:00:00Z,1318.879,142.615
2018-10-11T12:00:00Z,1157.522,141.89
2018-10-11T13:00:00Z,890.716,140.007
2018-10-11T14:00:00Z,533.741,136.79
2018-10-11T15:00:00Z,176.83,136.737
2018-10-11T16:00:00Z,9.817,139.858
2018-10-11T17:00:00Z,0,144.351
2018-10-11T18:00:00Z,0,137.491
2018-10-11T19:00:00Z,0,129.493
2018-10-11T20:00:00Z,0,120.731
2018-10-11T21:00:00Z,0,111.163
2018-10-11T22:00:00Z,0,105.708
2018-10-11T23:00:00Z,0,101.307
2018-10-12T00:00:00Z,0,98.971
2018-10-12T01:00:00Z,0,99.638
2018-10-12T02:00:00Z,0,102.348
2018-10-12T03:00:00Z,0,111.229
2018-10-12T04:00:00Z,0,128.099
2018-10-12T05:00:00Z,7.02,139.744
2018-10-12T06:00:00Z,192.854,142.763
2018-10-12T07:00:00Z,592.733,142.068
2018-10-12T08:00:00Z,965.312,143.902
2018-10-12T09:00:00Z,1237.986,143.904
2018-10-12T10:00:00Z,1376.825,141.69
2018-10-12T11:00:00Z,1373.25,138.131
2018-10-12T12:00:00Z,1230.381,134.394
2018-10-12T13:00:00Z,969.407,132.041
2018-10-12T14:00:00Z,600.858,129.625
2018-10-12T15:00:00Z,203.709,130.279
2018-10-12T16:00:00Z,10.66,134.029
2018-10-12T17:00:00Z,0,138.624
2018-10-12T18:00:00Z,0,131.446
2018-10-12T19:00:00Z,0,123.142
2018-10-12T20:00:00Z,0,115.819
2018-10-12T21:00:00Z,0,106.454
2018-10-12T22:00:00Z,0,98.789
2018-10-12T23:00:00Z,0,93.969
2018-10-13T00:00:00Z,0,90.957
2018-10-13T01:00:00Z,0,89.997
2018-10-13T02:00:00Z,0,91.335
2018-10-13T03:00:00Z,0,92.629
2018-10-13T04:00:00Z,0,97.6
2018-10-13T05:00:00Z,7.085,104.689
2018-10-13T06:00:00Z,205.975,111.884
2018-10-13T07:00:00Z,604.342,116.883
2018-10-13T08:00:00Z,989.514,119.696
2018-10-13T09:00:00Z,1255.806,120.63
2018-10-13T10:00:00Z,1386.45,118.803
2018-10-13T11:00:00Z,1384.435,114.438
2018-10-13T12:00:00Z,1256.261,111.217
2018-10-13T13:00:00Z,999.263,109.053
2018-10-13T14:00:00Z,621.891,107.833
2018-10-13T15:00:00Z,207.925,109.951
2018-10-13T16:00:00Z,10.465,114.081
2018-10-13T17:00:00Z,0,118.446
2018-10-13T18:00:00Z,0,112.583
2018-10-13T19:00:00Z,0,106.142
2018-10-13T20:00:00Z,0,101.824
2018-10-13T21:00:00Z,0,94.811
2018-10-13T22:00:00Z,0,88.83
2018-10-13T23:00:00Z,0,84.51
2018-10-14T00:00:00Z,0,81.704
2018-10-14T01:00:00Z,0,82.321
2018-10-14T02:00:00Z,0,82.287
2018-10-14T03:00:00Z,0,83.247
2018-10-14T04:00:00Z,0,85.115
2018-10-14T05:00:00Z,6.565,89.852
2018-10-14T06:00:00Z,200.126,96.055
2018-10-14T07:00:00Z,605.057,100.642
2018-10-14T08:00:00Z,995.754,103.949
2018-10-14T09:00:00Z,1267.766,108.391
2018-10-14T10:00:00Z,1398.995,108.374
2018-10-14T11:00:00Z,1391,104.451
2018-10-14T12:00:00Z,1254.116,101.638
2018-10-14T13:00:00Z,990.424,100.416
2018-10-14T14:00:00Z,604.147,100.672
2018-10-14T15:00:00Z,190.766,102.844
2018-10-14T16:00:00Z,7.865,109.496
2018-10-14T17:00:00Z,0,114.776
2018-10-14T18:00:00Z,0,111.217
2018-10-14T19:00:00Z,0,106.089
2018-10-14T20:00:00Z,0,102.688
2018-10-14T21:00:00Z,0,96.931
2018-10-14T22:00:00Z,0,91.671
2018-10-14T23:00:00Z,0,89.052
2018-10-15T00:00:00Z,0,87.537
2018-10-15T01:00:00Z,0,88.505
2018-10-15T02:00:00Z,0,91.63
2018-10-15T03:00:00Z,0,101.369
2018-10-15T04:00:00Z,0,120.235
2018-10-15T05:00:00Z,4.224,134.131
2018-10-15T06:00:00Z,174.277,139.888
2018-10-15T07:00:00Z,546.677,139.503
2018-10-15T08:00:00Z,918.428,140.304
2018-10-15T09:00:00Z,1168.407,142.421
2018-10-15T10:00:00Z,1281.862,140.097
2018-10-15T11:00:00Z,1261.848,138.156
2018-10-15T12:00:00Z,1138.841,135.929
2018-10-15T13:00:00Z,892.826,134.227
2018-10-15T14:00:00Z,531.342,132.539
2018-10-15T15:00:00Z,165.764,132.402
2018-10-15T16:00:00Z,7.408,136.711
2018-10-15T17:00:00Z,0,140.875
2018-10-15T18:00:00Z,0,132.383
2018-10-15T19:00:00Z,0,123.279
2018-10-15T20:00:00Z,0,115.353
2018-10-15T21:00:00Z,0,107.459
2018-10-15T22:00:00Z,0,101.164
2018-10-15T23:00:00Z,0,97.573
2018-10-16T00:00:00Z,0,95.724
2018-10-16T01:00:00Z,0,96.128
2018-10-16T02:00:00Z,0,98.808
2018-10-16T03:00:00Z,0,106.689
2018-10-16T04:00:00Z,0,123.482
2018-10-16T05:00:00Z,3.183,136.968
2018-10-16T06:00:00Z,141.23,140.322
2018-10-16T07:00:00Z,464.097,140.161
2018-10-16T08:00:00Z,792.486,141.087
2018-10-16T09:00:00Z,1026.288,143.517
2018-10-16T10:00:00Z,1135.362,140.507
2018-10-16T11:00:00Z,1128.54,139.216
2018-10-16T12:00:00Z,986.271,137.427
2018-10-16T13:00:00Z,759.225,135.431
2018-10-16T14:00:00Z,445.647,133.007
2018-10-16T15:00:00Z,131.291,133.924
2018-10-16T16:00:00Z,5.197,138.291
2018-10-16T17:00:00Z,0,141.292
2018-10-16T18:00:00Z,0,133.924
2018-10-16T19:00:00Z,0,124.687
2018-10-16T20:00:00Z,0,116.332
2018-10-16T21:00:00Z,0,107.865
2018-10-16T22:00:00Z,0,101.882
2018-10-16T23:00:00Z,0,98.024
2018-10-17T00:00:00Z,0,95.895
2018-10-17T01:00:00Z,0,96.974
2018-10-17T02:00:00Z,0,100.052
2018-10-17T03:00:00Z,0,107.517
2018-10-17T04:00:00Z,0,122.706
2018-10-17T05:00:00Z,2.533,136.384
2018-10-17T06:00:00Z,141.914,140.069
2018-10-17T07:00:00Z,480.688,140.059
2018-10-17T08:00:00Z,827.192,140.569
2018-10-17T09:00:00Z,1104.914,144.18
2018-10-17T10:00:00Z,1246.958,142.459
2018-10-17T11:00:00Z,1238.125,140.743
2018-10-17T12:00:00Z,1086.664,138.24
2018-10-17T13:00:00Z,824.334,136.01
2018-10-17T14:00:00Z,474.194,132.635
2018-10-17T15:00:00Z,133.016,132.776
2018-10-17T16:00:00Z,3.962,138.058
2018-10-17T17:00:00Z,0,141.063
2018-10-17T18:00:00Z,0,133.169
2018-10-17T19:00:00Z,0,124.202
2018-10-17T20:00:00Z,0,115.547
2018-10-17T21:00:00Z,0,107.574
2018-10-17T22:00:00Z,0,101.559
2018-10-17T23:00:00Z,0,99.18
2018-10-18T00:00:00Z,0,97.087
2018-10-18T01:00:00Z,0,98.047
2018-10-18T02:00:00Z,0,100.991
2018-10-18T03:00:00Z,0,109.068
2018-10-18T04:00:00Z,0,125.015
2018-10-18T05:00:00Z,1.883,137.543
2018-10-18T06:00:00Z,104.42,141.837
2018-10-18T07:00:00Z,341.833,142.581
2018-10-18T08:00:00Z,609.442,144.746
2018-10-18T09:00:00Z,836.075,147.36
2018-10-18T10:00:00Z,932.118,146.185
2018-10-18T11:00:00Z,906.533,144.015
2018-10-18T12:00:00Z,786.463,140.471
2018-10-18T13:00:00Z,593.013,138.193
2018-10-18T14:00:00Z,340.924,135.01
2018-10-18T15:00:00Z,92.796,135.591
2018-10-18T16:00:00Z,2.792,140.283
2018-10-18T17:00:00Z,0,142.2
2018-10-18T18:00:00Z,0,134.612
2018-10-18T19:00:00Z,0,125.438
2018-10-18T20:00:00Z,0,117.484
2018-10-18T21:00:00Z,0,109.327
2018-10-18T22:00:00Z,0,102.675
2018-10-18T23:00:00Z,0,99.697
2018-10-19T00:00:00Z,0,97.748
2018-10-19T01:00:00Z,0,98.663
2018-10-19T02:00:00Z,0,101.638
2018-10-19T03:00:00Z,0,108.996
2018-10-19T04:00:00Z,0,124.995
2018-10-19T05:00:00Z,0.844,138.246
2018-10-19T06:00:00Z,77.71,141.999
2018-10-19T07:00:00Z,303.7,141.636
2018-10-19T08:00:00Z,568.708,142.271
2018-10-19T09:00:00Z,786.583,143.438
2018-10-19T10:00:00Z,907.206,140.73
2018-10-19T11:00:00Z,950.119,135.991
2018-10-19T12:00:00Z,872.279,132.355
2018-10-19T13:00:00Z,667.972,130.636
2018-10-19T14:00:00Z,368.881,129.514
2018-10-19T15:00:00Z,102.316,130.266
2018-10-19T16:00:00Z,3.311,134.247
2018-10-19T17:00:00Z,0,135.625
2018-10-19T18:00:00Z,0,127.825
2018-10-19T19:00:00Z,0,118.873
2018-10-19T20:00:00Z,0,113.083
2018-10-19T21:00:00Z,0,106.153
2018-10-19T22:00:00Z,0,100.21
2018-10-19T23:00:00Z,0,96.433
2018-10-20T00:00:00Z,0,95.087
2018-10-20T01:00:00Z,0,94.668
2018-10-20T02:00:00Z,0,94.685
2018-10-20T03:00:00Z,0,96.074
2018-10-20T04:00:00Z,0,99.721
2018-10-20T05:00:00Z,0.779,107.128
2018-10-20T06:00:00Z,66.283,113.547
2018-10-20T07:00:00Z,274.48,118.967
2018-10-20T08:00:00Z,537.145,120.436
2018-10-20T09:00:00Z,833.698,121.043
2018-10-20T10:00:00Z,992.426,121.477
2018-10-20T11:00:00Z,969.185,117.839
2018-10-20T12:00:00Z,849.213,113.072
2018-10-20T13:00:00Z,655.948,112.277
2018-10-20T14:00:00Z,362.706,111.501
2018-10-20T15:00:00Z,99.262,113.906
2018-10-20T16:00:00Z,3.051,119.339
2018-10-20T17:00:00Z,0,120.267
2018-10-20T18:00:00Z,0,113.243
2018-10-20T19:00:00Z,0,107.121
2018-10-20T20:00:00Z,0,103.569
2018-10-20T21:00:00Z,0,96.869
2018-10-20T22:00:00Z,0,91.406
2018-10-20T23:00:00Z,0,87.43
2018-10-21T00:00:00Z,0,85.57
2018-10-21T01:00:00Z,0,85.6
2018-10-21T02:00:00Z,0,85.912
2018-10-21T03:00:00Z,0,86.498
2018-10-21T04:00:00Z,0,87.949
2018-10-21T05:00:00Z,0.779,92.068
2018-10-21T06:00:00Z,83.16,98.825
2018-10-21T07:00:00Z,359.192,104.06
2018-10-21T08:00:00Z,712.347,108.585
2018-10-21T09:00:00Z,997.988,113.837
2018-10-21T10:00:00Z,1127.37,112.2
2018-10-21T11:00:00Z,1091.859,106.337
2018-10-21T12:00:00Z,979.486,103.556
2018-10-21T13:00:00Z,785.64,102.047
2018-10-21T14:00:00Z,458.517,102.919
2018-10-21T15:00:00Z,122.111,107.662
2018-10-21T16:00:00Z,2.337,115.289
2018-10-21T17:00:00Z,0,118.604
2018-10-21T18:00:00Z,0,113.942
2018-10-21T19:00:00Z,0,110.024
2018-10-21T20:00:00Z,0,107.824
2018-10-21T21:00:00Z,0,102.036
2018-10-21T22:00:00Z,0,95.893
2018-10-21T23:00:00Z,0,93.712
2018-10-22T00:00:00Z,0,92.346
2018-10-22T01:00:00Z,0,93.575
2018-10-22T02:00:00Z,0,97.818
2018-10-22T03:00:00Z,0,107.427
2018-10-22T04:00:00Z,0,127.537
2018-10-22T05:00:00Z,0.649,142.237
2018-10-22T06:00:00Z,98.269,146.174
2018-10-22T07:00:00Z,365.751,147.153
2018-10-22T08:00:00Z,622.782,148.754
2018-10-22T09:00:00Z,804.717,150.909
2018-10-22T10:00:00Z,892.341,149.318
2018-10-22T11:00:00Z,858.719,147.968
2018-10-22T12:00:00Z,734.487,144.483
2018-10-22T13:00:00Z,548.918,143.558
2018-10-22T14:00:00Z,304.024,140.133
2018-10-22T15:00:00Z,71.657,141.097
2018-10-22T16:00:00Z,0.714,145.644
2018-10-22T17:00:00Z,0,145.834
2018-10-22T18:00:00Z,0,138.261
2018-10-22T19:00:00Z,0,130.598
2018-10-22T20:00:00Z,0,122.907
2018-10-22T21:00:00Z,0,114.152
2018-10-22T22:00:00Z,0,107.993
2018-10-22T23:00:00Z,0,104.355
2018-10-23T00:00:00Z,0,102.654
2018-10-23T01:00:00Z,0,104.285
2018-10-23T02:00:00Z,0,107.925
2018-10-23T03:00:00Z,0,115.532
2018-10-23T04:00:00Z,0,133.492
2018-10-23T05:00:00Z,0.259,148.611
2018-10-23T06:00:00Z,40.415,151.834
2018-10-23T07:00:00Z,135.388,153.175
2018-10-23T08:00:00Z,210.509,154.942
2018-10-23T09:00:00Z,286.799,157.43
2018-10-23T10:00:00Z,322.738,156.447
2018-10-23T11:00:00Z,303.406,153.446
2018-10-23T12:00:00Z,244.956,152.044
2018-10-23T13:00:00Z,166.396,149.244
2018-10-23T14:00:00Z,90.172,146.375
2018-10-23T15:00:00Z,27.181,147.814
2018-10-23T16:00:00Z,0.649,153.363
2018-10-23T17:00:00Z,0,152.322
2018-10-23T18:00:00Z,0,141.918
2018-10-23T19:00:00Z,0,134.435
2018-10-23T20:00:00Z,0,127.875
2018-10-23T21:00:00Z,0,118.283
2018-10-23T22:00:00Z,0,108.776
2018-10-23T23:00:00Z,0,105.516
2018-10-24T00:00:00Z,0,102.878
2018-10-24T01:00:00Z,0,103.733
2018-10-24T02:00:00Z,0,107.835
2018-10-24T03:00:00Z,0,115.785
2018-10-24T04:00:00Z,0,133.18
2018-10-24T05:00:00Z,0.259,146.805
2018-10-24T06:00:00Z,26.719,151.319
2018-10-24T07:00:00Z,116.669,150.573
2018-10-24T08:00:00Z,241.38,151.92
2018-10-24T09:00:00Z,379.645,155.464
2018-10-24T10:00:00Z,454.874,154.735
2018-10-24T11:00:00Z,449.167,152.313
2018-10-24T12:00:00Z,379.515,149.669
2018-10-24T13:00:00Z,283.858,145.928
2018-10-24T14:00:00Z,141.118,143.128
2018-10-24T15:00:00Z,26.006,142.438
2018-10-24T16:00:00Z,0.065,147.418
2018-10-24T17:00:00Z,0,146.426
2018-10-24T18:00:00Z,0,138.466
2018-10-24T19:00:00Z,0,131.278
2018-10-24T20:00:00Z,0,123.467
2018-10-24T21:00:00Z,0,114.825
2018-10-24T22:00:00Z,0,107.647
2018-10-24T23:00:00Z,0,103.41
2018-10-25T00:00:00Z,0,101.57
2018-10-25T01:00:00Z,0,103.389
2018-10-25T02:00:00Z,0,105.832
2018-10-25T03:00:00Z,0,113.874
2018-10-25T04:00:00Z,0,131.038
2018-10-25T05:00:00Z,0.13,144.887
2018-10-25T06:00:00Z,27.101,149.808
2018-10-25T07:00:00Z,139.396,150.462
2018-10-25T08:00:00Z,273.541,152.093
2018-10-25T09:00:00Z,351.603,154.741
2018-10-25T10:00:00Z,375.462,152.411
2018-10-25T11:00:00Z,379.741,151.249
2018-10-25T12:00:00Z,359.577,148.472
2018-10-25T13:00:00Z,273.605,145.601
2018-10-25T14:00:00Z,163.191,142.132
2018-10-25T15:00:00Z,42.208,142.968
2018-10-25T16:00:00Z,0.324,146.367
2018-10-25T17:00:00Z,0,147.16
2018-10-25T18:00:00Z,0,138.267
2018-10-25T19:00:00Z,0,128.64
2018-10-25T20:00:00Z,0,121.103
2018-10-25T21:00:00Z,0,112.42
2018-10-25T22:00:00Z,0,105.266
2018-10-25T23:00:00Z,0,101.207
2018-10-26T00:00:00Z,0,99.016
2018-10-26T01:00:00Z,0,100.433
2018-10-26T02:00:00Z,0,103.261
2018-10-26T03:00:00Z,0,111.567
2018-10-26T04:00:00Z,0,128.003
2018-10-26T05:00:00Z,0.13,140.993
2018-10-26T06:00:00Z,29.351,145.8
2018-10-26T07:00:00Z,144.23,146.931
2018-10-26T08:00:00Z,285.026,148.036
2018-10-26T09:00:00Z,436.06,148.722
2018-10-26T10:00:00Z,566.035,148.074
2018-10-26T11:00:00Z,620.267,146.097
2018-10-26T12:00:00Z,562.86,142.083
2018-10-26T13:00:00Z,428.09,139.71
2018-10-26T14:00:00Z,229.498,137.085
2018-10-26T15:00:00Z,45.744,138.359
2018-10-26T16:00:00Z,0.065,143.115
2018-10-26T17:00:00Z,0,142.061
2018-10-26T18:00:00Z,0,133.945
2018-10-26T19:00:00Z,0,125.976
2018-10-26T20:00:00Z,0,117.548
2018-10-26T21:00:00Z,0,108.985
2018-10-26T22:00:00Z,0,102.929
2018-10-26T23:00:00Z,0,98.847
2018-10-27T00:00:00Z,0,95.617
2018-10-27T01:00:00Z,0,96.25
2018-10-27T02:00:00Z,0,98.071
2018-10-27T03:00:00Z,0,97.085
2018-10-27T04:00:00Z,0,102.265
2018-10-27T05:00:00Z,0.065,109.451
2018-10-27T06:00:00Z,23.389,117.646
2018-10-27T07:00:00Z,133.145,123.296
2018-10-27T08:00:00Z,288.383,125.585
2018-10-27T09:00:00Z,413.623,126.829
2018-10-27T10:00:00Z,452.174,126.019
2018-10-27T11:00:00Z,407.468,122.02
2018-10-27T12:00:00Z,322.139,117.64
2018-10-27T13:00:00Z,226.249,115
2018-10-27T14:00:00Z,117.012,114.122
2018-10-27T15:00:00Z,22.871,116.836
2018-10-27T16:00:00Z,0.13,123.454
2018-10-27T17:00:00Z,0,121.838
2018-10-27T18:00:00Z,0,115.323
2018-10-27T19:00:00Z,0,110.454
2018-10-27T20:00:00Z,0,106.909
2018-10-27T21:00:00Z,0,100.439
2018-10-27T22:00:00Z,0,92.425
2018-10-27T23:00:00Z,0,88.191
2018-10-28T00:00:00Z,0,84.185
2018-10-28T01:00:00Z,0,83.516
2018-10-28T02:00:00Z,0,83.768
2018-10-28T03:00:00Z,0,84.286
2018-10-28T04:00:00Z,0,85.803
2018-10-28T05:00:00Z,0.065,87.776
2018-10-28T06:00:00Z,12.44,93.55
2018-10-28T07:00:00Z,93.039,101.536
2018-10-28T08:00:00Z,220.742,107.416
2018-10-28T09:00:00Z,318.187,110.864
2018-10-28T10:00:00Z,336.717,115.977
2018-10-28T11:00:00Z,288.318,114.936
2018-10-28T12:00:00Z,245.103,111.524
2018-10-28T13:00:00Z,168.196,109.556
2018-10-28T14:00:00Z,77.814,109.342
2018-10-28T15:00:00Z,14.189,111.509
2018-10-28T16:00:00Z,0.065,121.618
2018-10-28T17:00:00Z,0,124.726
2018-10-28T18:00:00Z,0,120.462
2018-10-28T19:00:00Z,0,113.585
2018-10-28T20:00:00Z,0,109.4
2018-10-28T21:00:00Z,0,109.032
2018-10-28T22:00:00Z,0,102.72
2018-10-28T23:00:00Z,0,97.164
2018-10-29T00:00:00Z,0,96.485
2018-10-29T01:00:00Z,0,94.153
2018-10-29T02:00:00Z,0,95.525
2018-10-29T03:00:00Z,0,98.804
2018-10-29T04:00:00Z,0,109.186
2018-10-29T05:00:00Z,0,130.19
2018-10-29T06:00:00Z,9.713,143.246
2018-10-29T07:00:00Z,54.392,149.07
2018-10-29T08:00:00Z,109.303,150.276
2018-10-29T09:00:00Z,169.976,151.661
2018-10-29T10:00:00Z,187.719,155.03
2018-10-29T11:00:00Z,175.739,153.497
2018-10-29T12:00:00Z,146.665,152.097
2018-10-29T13:00:00Z,112.476,150.007
2018-10-29T14:00:00Z,60.285,148.81
2018-10-29T15:00:00Z,9.26,147.273
2018-10-29T16:00:00Z,0,152.578
2018-10-29T17:00:00Z,0,153.183
2018-10-29T18:00:00Z,0,149.686
2018-10-29T19:00:00Z,0,140.933
2018-10-29T20:00:00Z,0,130.467
2018-10-29T21:00:00Z,0,123.664
2018-10-29T22:00:00Z,0,114.134
2018-10-29T23:00:00Z,0,109.752
2018-10-30T00:00:00Z,0,106.275
2018-10-30T01:00:00Z,0,104.024
2018-10-30T02:00:00Z,0,105.911
2018-10-30T03:00:00Z,0,109.992
2018-10-30T04:00:00Z,0,116.323
2018-10-30T05:00:00Z,0,131.735
2018-10-30T06:00:00Z,48.9,143.308
2018-10-30T07:00:00Z,198.318,147.94
2018-10-30T08:00:00Z,379.431,147.974
2018-10-30T09:00:00Z,518.37,149.789
2018-10-30T10:00:00Z,555.175,152.05
2018-10-30T11:00:00Z,474.321,150.89
2018-10-30T12:00:00Z,338.098,149.449
2018-10-30T13:00:00Z,196.054,146.181
2018-10-30T14:00:00Z,85.446,146.136
2018-10-30T15:00:00Z,12.16,146.283
2018-10-30T16:00:00Z,0.065,152.997
2018-10-30T17:00:00Z,0,152.73
2018-10-30T18:00:00Z,0,147.893
2018-10-30T19:00:00Z,0,138.193
2018-10-30T20:00:00Z,0,129.608
2018-10-30T21:00:00Z,0,122.276
2018-10-30T22:00:00Z,0,114.857
2018-10-30T23:00:00Z,0,110.967
2018-10-31T00:00:00Z,0,106.713
2018-10-31T01:00:00Z,0,104.4
2018-10-31T02:00:00Z,0,104.152
2018-10-31T03:00:00Z,0,106.623
2018-10-31T04:00:00Z,0,111.7
2018-10-31T05:00:00Z,0,123.585
2018-10-31T06:00:00Z,57.605,132.436
2018-10-31T07:00:00Z,318.444,137.688
2018-10-31T08:00:00Z,647.027,137.718
2018-10-31T09:00:00Z,889.008,138.364
2018-10-31T10:00:00Z,963.146,140.839
2018-10-31T11:00:00Z,888.556,139.026
2018-10-31T12:00:00Z,693.266,136.096
2018-10-31T13:00:00Z,424.614,133.082
2018-10-31T14:00:00Z,174.495,131.483
2018-10-31T15:00:00Z,19.245,132.212
2018-10-31T16:00:00Z,0,138.411
2018-10-31T17:00:00Z,0,138.227
2018-10-31T18:00:00Z,0,134.815
2018-10-31T19:00:00Z,0,127.552
2018-10-31T20:00:00Z,0,121.06
2018-10-31T21:00:00Z,0,113.955
2018-10-31T22:00:00Z,0,106.375
2018-10-31T23:00:00Z,0,99.526
2018-11-01T00:00:00Z,0,95.264
2018-11-01T01:00:00Z,0,93.377
2018-11-01T02:00:00Z,0,94.065
2018-11-01T03:00:00Z,0,95.999
2018-11-01T04:00:00Z,0,99.225
2018-11-01T05:00:00Z,0,105.886
2018-11-01T06:00:00Z,30.994,112.236
2018-11-01T07:00:00Z,160.913,115.834
2018-11-01T08:00:00Z,315.497,120.868
2018-11-01T09:00:00Z,414.356,122.146
2018-11-01T10:00:00Z,467.241,125.508
2018-11-01T11:00:00Z,493.005,126.321
2018-11-01T12:00:00Z,438.765,122.539
2018-11-01T13:00:00Z,339.776,119.56
2018-11-01T14:00:00Z,191.197,120.393
2018-11-01T15:00:00Z,36.031,121.678
2018-11-01T16:00:00Z,0,128.907
2018-11-01T17:00:00Z,0,132.46
2018-11-01T18:00:00Z,0,129.623
2018-11-01T19:00:00Z,0,122.033
2018-11-01T20:00:00Z,0,116.291
2018-11-01T21:00:00Z,0,110.881
2018-11-01T22:00:00Z,0,102.891
2018-11-01T23:00:00Z,0,96.17
2018-11-02T00:00:00Z,0,92.879
2018-11-02T01:00:00Z,0,91.085
2018-11-02T02:00:00Z,0,92.661
2018-11-02T03:00:00Z,0,96.846
2018-11-02T04:00:00Z,0,104.55
2018-11-02T05:00:00Z,0,119.666
2018-11-02T06:00:00Z,27.311,129.999
2018-11-02T07:00:00Z,182.395,134.685
2018-11-02T08:00:00Z,418.057,136.527
2018-11-02T09:00:00Z,586.441,138.092
2018-11-02T10:00:00Z,682.901,138.086
2018-11-02T11:00:00Z,674.895,137.827
2018-11-02T12:00:00Z,532.207,134.433
2018-11-02T13:00:00Z,344.776,131.235
2018-11-02T14:00:00Z,145.852,128.999
2018-11-02T15:00:00Z,19.951,129.347
2018-11-02T16:00:00Z,0,137.333
2018-11-02T17:00:00Z,0,137.348
2018-11-02T18:00:00Z,0,133.208
2018-11-02T19:00:00Z,0,125.104
2018-11-02T20:00:00Z,0,117.907
2018-11-02T21:00:00Z,0,112.651
2018-11-02T22:00:00Z,0,104.753
2018-11-02T23:00:00Z,0,99.608
2018-11-03T00:00:00Z,0,95.816
2018-11-03T01:00:00Z,0,93.573
2018-11-03T02:00:00Z,0,93.575
2018-11-03T03:00:00Z,0,94.909
2018-11-03T04:00:00Z,0,96.267
2018-11-03T05:00:00Z,0,99.332
2018-11-03T06:00:00Z,17.174,104.676
2018-11-03T07:00:00Z,155.727,111.531
2018-11-03T08:00:00Z,362.2,116.9
2018-11-03T09:00:00Z,555.245,119.615
2018-11-03T10:00:00Z,668.424,121.131
2018-11-03T11:00:00Z,677.786,119.564
2018-11-03T12:00:00Z,592.239,115.513
2018-11-03T13:00:00Z,425.537,113.457
2018-11-03T14:00:00Z,187.492,112.382
2018-11-03T15:00:00Z,22.339,114.81
2018-11-03T16:00:00Z,0,123.473
2018-11-03T17:00:00Z,0,125.342
2018-11-03T18:00:00Z,0,121.032
2018-11-03T19:00:00Z,0,113.356
2018-11-03T20:00:00Z,0,108.237
2018-11-03T21:00:00Z,0,104.806
2018-11-03T22:00:00Z,0,98.148
2018-11-03T23:00:00Z,0,91.092
2018-11-04T00:00:00Z,0,87.206
2018-11-04T01:00:00Z,0,84.882
2018-11-04T02:00:00Z,0,84.76
2018-11-04T03:00:00Z,0,85.374
2018-11-04T04:00:00Z,0,85.823
2018-11-04T05:00:00Z,0,85.754
2018-11-04T06:00:00Z,7.489,90.904
2018-11-04T07:00:00Z,60.56,97.669
2018-11-04T08:00:00Z,147.011,104.419
2018-11-04T09:00:00Z,213.253,109.344
2018-11-04T10:00:00Z,256.123,113.267
2018-11-04T11:00:00Z,268.519,111.689
2018-11-04T12:00:00Z,237.851,107.26
2018-11-04T13:00:00Z,163.474,104.216
2018-11-04T14:00:00Z,71.278,103.252
2018-11-04T15:00:00Z,9.426,105.809
2018-11-04T16:00:00Z,0,114.635
2018-11-04T17:00:00Z,0,117.076
2018-11-04T18:00:00Z,0,114.446
2018-11-04T19:00:00Z,0,109.081
2018-11-04T20:00:00Z,0,105.148
2018-11-04T21:00:00Z,0,104.528
2018-11-04T22:00:00Z,0,97.938
2018-11-04T23:00:00Z,0,92.945
2018-11-05T00:00:00Z,0,89.933
2018-11-05T01:00:00Z,0,89.268
2018-11-05T02:00:00Z,0,90.671
2018-11-05T03:00:00Z,0,94.702
2018-11-05T04:00:00Z,0,104.909
2018-11-05T05:00:00Z,0,125.156
2018-11-05T06:00:00Z,13.748,136.876
2018-11-05T07:00:00Z,98.109,142.921
2018-11-05T08:00:00Z,222.488,145.14
2018-11-05T09:00:00Z,343.381,146.647
2018-11-05T10:00:00Z,459.498,146.918
2018-11-05T11:00:00Z,549.539,144.584
2018-11-05T12:00:00Z,561.867,144.616
2018-11-05T13:00:00Z,450.139,141.989
2018-11-05T14:00:00Z,209.966,140.27
2018-11-05T15:00:00Z,25.56,140.016
2018-11-05T16:00:00Z,0,147.831
2018-11-05T17:00:00Z,0,147.54
2018-11-05T18:00:00Z,0,144.804
2018-11-05T19:00:00Z,0,137.175
2018-11-05T20:00:00Z,0,129.7
2018-11-05T21:00:00Z,0,121.334
2018-11-05T22:00:00Z,0,111.826
2018-11-05T23:00:00Z,0,107.224
2018-11-06T00:00:00Z,0,102.404
2018-11-06T01:00:00Z,0,101.493
2018-11-06T02:00:00Z,0,102.395
2018-11-06T03:00:00Z,0,106.101
2018-11-06T04:00:00Z,0,113.754
2018-11-06T05:00:00Z,0,130.113
2018-11-06T06:00:00Z,30.591,139.407
2018-11-06T07:00:00Z,249.312,143.259
2018-11-06T08:00:00Z,535.926,143.776
2018-11-06T09:00:00Z,763.166,144.366
2018-11-06T10:00:00Z,864.168,146.14
2018-11-06T11:00:00Z,831.318,143.502
2018-11-06T12:00:00Z,677.201,142.534
2018-11-06T13:00:00Z,431.31,141.711
2018-11-06T14:00:00Z,171.93,140.307
2018-11-06T15:00:00Z,16.845,139.764
2018-11-06T16:00:00Z,0,147.797
2018-11-06T17:00:00Z,0,148.91
2018-11-06T18:00:00Z,0,145.725
2018-11-06T19:00:00Z,0,138.785
2018-11-06T20:00:00Z,0,130.98
2018-11-06T21:00:00Z,0,123.745
2018-11-06T22:00:00Z,0,114.432
2018-11-06T23:00:00Z,0,107.75
2018-11-07T00:00:00Z,0,103.182
2018-11-07T01:00:00Z,0,99.712
2018-11-07T02:00:00Z,0,100.76
2018-11-07T03:00:00Z,0,104.958
2018-11-07T04:00:00Z,0,114.752
2018-11-07T05:00:00Z,0,133.9
2018-11-07T06:00:00Z,21.037,144.586
2018-11-07T07:00:00Z,235.276,148.094
2018-11-07T08:00:00Z,556.765,146.862
2018-11-07T09:00:00Z,833.405,146.563
2018-11-07T10:00:00Z,968.66,146.95
2018-11-07T11:00:00Z,973.693,145.96
2018-11-07T12:00:00Z,821.596,144.199
2018-11-07T13:00:00Z,548.763,142.799
2018-11-07T14:00:00Z,223.08,142.44
2018-11-07T15:00:00Z,19.23,144.071
2018-11-07T16:00:00Z,0,151.881
2018-11-07T17:00:00Z,0,152.226
2018-11-07T18:00:00Z,0,148.391
2018-11-07T19:00:00Z,0,140.174
2018-11-07T20:00:00Z,0,132.383
2018-11-07T21:00:00Z,0,123.875
2018-11-07T22:00:00Z,0,114.331
2018-11-07T23:00:00Z,0,107.149
2018-11-08T00:00:00Z,0,103.182
2018-11-08T01:00:00Z,0,101.134
2018-11-08T02:00:00Z,0,102.301
2018-11-08T03:00:00Z,0,106.185
2018-11-08T04:00:00Z,0,114.156
2018-11-08T05:00:00Z,0,131.731
2018-11-08T06:00:00Z,7.484,141.931
2018-11-08T07:00:00Z,86.258,145.723
2018-11-08T08:00:00Z,255.806,145.606
2018-11-08T09:00:00Z,428.452,146.431
2018-11-08T10:00:00Z,553.419,148
2018-11-08T11:00:00Z,577.935,146.638
2018-11-08T12:00:00Z,483.613,145.725
2018-11-08T13:00:00Z,319.419,143.524
2018-11-08T14:00:00Z,132.774,142.198
2018-11-08T15:00:00Z,14,141.989
2018-11-08T16:00:00Z,0,147.961
2018-11-08T17:00:00Z,0,148.147
2018-11-08T18:00:00Z,0,145.302
2018-11-08T19:00:00Z,0,137.04
2018-11-08T20:00:00Z,0,129.6
2018-11-08T21:00:00Z,0,122.013
2018-11-08T22:00:00Z,0,113.23
2018-11-08T23:00:00Z,0,106.379
2018-11-09T00:00:00Z,0,102.508
2018-11-09T01:00:00Z,0,100.762
2018-11-09T02:00:00Z,0,102.433
2018-11-09T03:00:00Z,0,106.185
2018-11-09T04:00:00Z,0,114.855
2018-11-09T05:00:00Z,0,130.478
2018-11-09T06:00:00Z,4.838,141.653
2018-11-09T07:00:00Z,70.825,146.142
2018-11-09T08:00:00Z,202.219,147.365
2018-11-09T09:00:00Z,325.679,148.724
2018-11-09T10:00:00Z,420.112,148.607
2018-11-09T11:00:00Z,459.072,146.089
2018-11-09T12:00:00Z,390.505,143.667
2018-11-09T13:00:00Z,250.984,140.713
2018-11-09T14:00:00Z,100.239,139.05
2018-11-09T15:00:00Z,10.901,139.764
2018-11-09T16:00:00Z,0,145.411
2018-11-09T17:00:00Z,0,144.78
2018-11-09T18:00:00Z,0,140.755
2018-11-09T19:00:00Z,0,132.979
2018-11-09T20:00:00Z,0,127.176
2018-11-09T21:00:00Z,0,121.218
2018-11-09T22:00:00Z,0,111.869
2018-11-09T23:00:00Z,0,104.486
2018-11-10T00:00:00Z,0,99.009
2018-11-10T01:00:00Z,0,96.269
2018-11-10T02:00:00Z,0,95.811
2018-11-10T03:00:00Z,0,96.213
2018-11-10T04:00:00Z,0,98.186
2018-11-10T05:00:00Z,0,102.478
2018-11-10T06:00:00Z,8.192,109.195
2018-11-10T07:00:00Z,92.496,118.121
2018-11-10T08:00:00Z,215.244,125.399
2018-11-10T09:00:00Z,330.058,129.476
2018-11-10T10:00:00Z,419.136,129.899
2018-11-10T11:00:00Z,458.289,127.545
2018-11-10T12:00:00Z,410.815,123.995
2018-11-10T13:00:00Z,271.49,119.748
2018-11-10T14:00:00Z,99.204,118.871
2018-11-10T15:00:00Z,6.644,121.977
2018-11-10T16:00:00Z,0,130.94
2018-11-10T17:00:00Z,0,130.871
2018-11-10T18:00:00Z,0,126.034
2018-11-10T19:00:00Z,0,117.672
2018-11-10T20:00:00Z,0,110.757
2018-11-10T21:00:00Z,0,107.207
2018-11-10T22:00:00Z,0,98.968
2018-11-10T23:00:00Z,0,91.592
2018-11-11T00:00:00Z,0,86.184
2018-11-11T01:00:00Z,0,83.805
2018-11-11T02:00:00Z,0,83.965
2018-11-11T03:00:00Z,0,84.953
2018-11-11T04:00:00Z,0,85.617
2018-11-11T05:00:00Z,0,87.015
2018-11-11T06:00:00Z,6.386,90.995
2018-11-11T07:00:00Z,75.532,97.695
2018-11-11T08:00:00Z,206.343,104.778
2018-11-11T09:00:00Z,383.724,111.191
2018-11-11T10:00:00Z,509.374,116.834
2018-11-11T11:00:00Z,532.724,115.148
2018-11-11T12:00:00Z,498.86,109.866
2018-11-11T13:00:00Z,373.726,107.021
2018-11-11T14:00:00Z,155.966,107.192
2018-11-11T15:00:00Z,14.19,110.996
2018-11-11T16:00:00Z,0,122.336
2018-11-11T17:00:00Z,0,123.954
2018-11-11T18:00:00Z,0,120.876
2018-11-11T19:00:00Z,0,115.002
2018-11-11T20:00:00Z,0,111.223
2018-11-11T21:00:00Z,0,110.505
2018-11-11T22:00:00Z,0,102.564
2018-11-11T23:00:00Z,0,95.846
2018-11-12T00:00:00Z,0,93.06
2018-11-12T01:00:00Z,0,91.265
2018-11-12T02:00:00Z,0,92.143
2018-11-12T03:00:00Z,0,95.333
2018-11-12T04:00:00Z,0,105.559
2018-11-12T05:00:00Z,0,125.485
2018-11-12T06:00:00Z,7.738,138.034
2018-11-12T07:00:00Z,106.917,143.028
2018-11-12T08:00:00Z,266.261,143.868
2018-11-12T09:00:00Z,399.553,145.691
2018-11-12T10:00:00Z,496.475,147.266
2018-11-12T11:00:00Z,522.462,147.172
2018-11-12T12:00:00Z,459.976,145.864
2018-11-12T13:00:00Z,308.564,144.096
2018-11-12T14:00:00Z,125.296,143.598
2018-11-12T15:00:00Z,10.64,144.066
2018-11-12T16:00:00Z,0,150.188
2018-11-12T17:00:00Z,0,149.536
2018-11-12T18:00:00Z,0,146.559
2018-11-12T19:00:00Z,0,139.357
2018-11-12T20:00:00Z,0,131.5
2018-11-12T21:00:00Z,0,123.775
2018-11-12T22:00:00Z,0,113.617
2018-11-12T23:00:00Z,0,105.809
2018-11-13T00:00:00Z,0,101.145
2018-11-13T01:00:00Z,0,98.806
2018-11-13T02:00:00Z,0,99.96
2018-11-13T03:00:00Z,0,103.686
2018-11-13T04:00:00Z,0,112.531
2018-11-13T05:00:00Z,0,130.732
2018-11-13T06:00:00Z,3.74,142.485
2018-11-13T07:00:00Z,50.936,147.523
2018-11-13T08:00:00Z,123.471,148.639
2018-11-13T09:00:00Z,199.037,151.315
2018-11-13T10:00:00Z,240.818,153.514
2018-11-13T11:00:00Z,279.89,150.43
2018-11-13T12:00:00Z,286.595,149.817
2018-11-13T13:00:00Z,216.51,148.457
2018-11-13T14:00:00Z,97.101,147.412
2018-11-13T15:00:00Z,10.252,147.153
2018-11-13T16:00:00Z,0,154.378
2018-11-13T17:00:00Z,0,154.305
2018-11-13T18:00:00Z,0,149.898
2018-11-13T19:00:00Z,0,141.621
2018-11-13T20:00:00Z,0,132.847
2018-11-13T21:00:00Z,0,125.656
2018-11-13T22:00:00Z,0,116.058
2018-11-13T23:00:00Z,0,107.675
2018-11-14T00:00:00Z,0,104.851
2018-11-14T01:00:00Z,0,104.067
2018-11-14T02:00:00Z,0,104.492
2018-11-14T03:00:00Z,0,108.489
2018-11-14T04:00:00Z,0,115.626
2018-11-14T05:00:00Z,0,132.701
2018-11-14T06:00:00Z,6.059,145.031
2018-11-14T07:00:00Z,109.903,148.525
2018-11-14T08:00:00Z,316.689,148.066
2018-11-14T09:00:00Z,508.713,148.177
2018-11-14T10:00:00Z,618.422,149.363
2018-11-14T11:00:00Z,616.037,148.265
2018-11-14T12:00:00Z,527.793,146.95
2018-11-14T13:00:00Z,344.922,145.11
2018-11-14T14:00:00Z,126.018,145.088
2018-11-14T15:00:00Z,9.282,146.217
2018-11-14T16:00:00Z,0,152.732
2018-11-14T17:00:00Z,0,152.521
2018-11-14T18:00:00Z,0,148.478
2018-11-14T19:00:00Z,0,140.146
2018-11-14T20:00:00Z,0,132.25
2018-11-14T21:00:00Z,0,125.288
2018-11-14T22:00:00Z,0,116.366
2018-11-14T23:00:00Z,0,108.917
2018-11-15T00:00:00Z,0,105.411
2018-11-15T01:00:00Z,0,103.449
2018-11-15T02:00:00Z,0,104.387
2018-11-15T03:00:00Z,0,107.809
2018-11-15T04:00:00Z,0,115.413
2018-11-15T05:00:00Z,0,131.977
2018-11-15T06:00:00Z,3.802,144.25
2018-11-15T07:00:00Z,81.976,147.829
2018-11-15T08:00:00Z,242.062,148.6
2018-11-15T09:00:00Z,403.824,150.52
2018-11-15T10:00:00Z,535.295,151.629
2018-11-15T11:00:00Z,588.98,150.676
2018-11-15T12:00:00Z,518.217,148.372
2018-11-15T13:00:00Z,343.115,145.591
2018-11-15T14:00:00Z,119.613,145.435
2018-11-15T15:00:00Z,6.96,146.967
2018-11-15T16:00:00Z,0,153.47
2018-11-15T17:00:00Z,0,153.35
2018-11-15T18:00:00Z,0,149.62
2018-11-15T19:00:00Z,0,142.35
2018-11-15T20:00:00Z,0,134.64
2018-11-15T21:00:00Z,0,128.028
2018-11-15T22:00:00Z,0,118.365
2018-11-15T23:00:00Z,0,111.869
2018-11-16T00:00:00Z,0,108.286
2018-11-16T01:00:00Z,0,106.798
2018-11-16T02:00:00Z,0,108.451
2018-11-16T03:00:00Z,0,112.074
2018-11-16T04:00:00Z,0,119.374
2018-11-16T05:00:00Z,0,134.655
2018-11-16T06:00:00Z,8.054,146.984
2018-11-16T07:00:00Z,157.078,150.787
2018-11-16T08:00:00Z,445.719,151.014
2018-11-16T09:00:00Z,737.968,151.037
2018-11-16T10:00:00Z,932.479,150.834
2018-11-16T11:00:00Z,973.906,148.224
2018-11-16T12:00:00Z,852.394,146.093
2018-11-16T13:00:00Z,566.909,142.835
2018-11-16T14:00:00Z,201.469,141.771
2018-11-16T15:00:00Z,13.015,143.69
2018-11-16T16:00:00Z,0,151.326
2018-11-16T17:00:00Z,0,151.09
2018-11-16T18:00:00Z,0,147.083
2018-11-16T19:00:00Z,0,139.8
2018-11-16T20:00:00Z,0,131.506
2018-11-16T21:00:00Z,0,125.19
2018-11-16T22:00:00Z,0,116.204
2018-11-16T23:00:00Z,0,107.745
2018-11-17T00:00:00Z,0,102.489
2018-11-17T01:00:00Z,0,101.709
2018-11-17T02:00:00Z,0,100.882
2018-11-17T03:00:00Z,0,101.247
2018-11-17T04:00:00Z,0,100.623
2018-11-17T05:00:00Z,0,104.323
2018-11-17T06:00:00Z,7.731,114.455
2018-11-17T07:00:00Z,170.539,127.883
2018-11-17T08:00:00Z,490.293,130.901
2018-11-17T09:00:00Z,813.654,131.579
2018-11-17T10:00:00Z,1007.839,133.475
2018-11-17T11:00:00Z,1035.091,129.997
2018-11-17T12:00:00Z,883.751,126.697
2018-11-17T13:00:00Z,581.909,124.546
2018-11-17T14:00:00Z,208.745,125.448
2018-11-17T15:00:00Z,12.821,128.3
2018-11-17T16:00:00Z,0,137.464
2018-11-17T17:00:00Z,0,137.094
2018-11-17T18:00:00Z,0,132.534
2018-11-17T19:00:00Z,0,125.029
2018-11-17T20:00:00Z,0,119.897
2018-11-17T21:00:00Z,0,116
2018-11-17T22:00:00Z,0,108.496
2018-11-17T23:00:00Z,0,99.125
2018-11-18T00:00:00Z,0,93.676
2018-11-18T01:00:00Z,0,90.733
2018-11-18T02:00:00Z,0,91.647
2018-11-18T03:00:00Z,0,91.248
2018-11-18T04:00:00Z,0,91.453
2018-11-18T05:00:00Z,0,91.838
2018-11-18T06:00:00Z,6.636,94.939
2018-11-18T07:00:00Z,161.326,101.953
2018-11-18T08:00:00Z,470.578,109.092
2018-11-18T09:00:00Z,741.109,113.42
2018-11-18T10:00:00Z,873.701,117.911
2018-11-18T11:00:00Z,859.205,117.056
2018-11-18T12:00:00Z,711.086,111.693
2018-11-18T13:00:00Z,457.435,109.423
2018-11-18T14:00:00Z,164.483,109.41
2018-11-18T15:00:00Z,11.146,114.821
2018-11-18T16:00:00Z,0,123.614
2018-11-18T17:00:00Z,0,125.186
2018-11-18T18:00:00Z,0,122.405
2018-11-18T19:00:00Z,0,115.616
2018-11-18T20:00:00Z,0,111.326
2018-11-18T21:00:00Z,0,111.569
2018-11-18T22:00:00Z,0,104.753
2018-11-18T23:00:00Z,0,99.892
2018-11-19T00:00:00Z,0,97.013
2018-11-19T01:00:00Z,0,96.361
2018-11-19T02:00:00Z,0,98.464
2018-11-19T03:00:00Z,0,102.775
2018-11-19T04:00:00Z,0,112.014
2018-11-19T05:00:00Z,0,132.278
2018-11-19T06:00:00Z,1.61,147.918
2018-11-19T07:00:00Z,40.647,152.578
2018-11-19T08:00:00Z,136.498,151.157
2018-11-19T09:00:00Z,224.556,153.301
2018-11-19T10:00:00Z,243.88,155.977
2018-11-19T11:00:00Z,222.365,157.418
2018-11-19T12:00:00Z,181.01,157.775
2018-11-19T13:00:00Z,111.634,156.56
2018-11-19T14:00:00Z,44.576,156.458
2018-11-19T15:00:00Z,6.635,156.873
2018-11-19T16:00:00Z,0,160.917
2018-11-19T17:00:00Z,0,158.504
2018-11-19T18:00:00Z,0,155.789
2018-11-19T19:00:00Z,0,146.119
2018-11-19T20:00:00Z,0,137.374
2018-11-19T21:00:00Z,0,130.444
2018-11-19T22:00:00Z,0,121.163
2018-11-19T23:00:00Z,0,113.615
2018-11-20T00:00:00Z,0,109.791
2018-11-20T01:00:00Z,0,108.63
2018-11-20T02:00:00Z,0,110.013
2018-11-20T03:00:00Z,0,113.63
2018-11-20T04:00:00Z,0,120.885
2018-11-20T05:00:00Z,0,137.337
2018-11-20T06:00:00Z,1.674,153.258
2018-11-20T07:00:00Z,31.75,157.901
2018-11-20T08:00:00Z,97.055,158.249
2018-11-20T09:00:00Z,197.394,159.816
2018-11-20T10:00:00Z,276.351,161.428
2018-11-20T11:00:00Z,295.221,159.359
2018-11-20T12:00:00Z,258.834,157.918
2018-11-20T13:00:00Z,179.361,156.319
2018-11-20T14:00:00Z,75.222,155.603
2018-11-20T15:00:00Z,6.955,156.353
2018-11-20T16:00:00Z,0,160.205
2018-11-20T17:00:00Z,0,157.131
2018-11-20T18:00:00Z,0,154.07
2018-11-20T19:00:00Z,0,144.49
2018-11-20T20:00:00Z,0,137.675
2018-11-20T21:00:00Z,0,130.7
2018-11-20T22:00:00Z,0,119.94
2018-11-20T23:00:00Z,0,113.848
2018-11-21T00:00:00Z,0,110.496
2018-11-21T01:00:00Z,0,108.782
2018-11-21T02:00:00Z,0,109.244
2018-11-21T03:00:00Z,0,112.112
2018-11-21T04:00:00Z,0,118.484
2018-11-21T05:00:00Z,0,134.514
2018-11-21T06:00:00Z,1.223,147.593
2018-11-21T07:00:00Z,32.258,151.195
2018-11-21T08:00:00Z,90.464,151.648
2018-11-21T09:00:00Z,153.564,154.254
2018-11-21T10:00:00Z,203.142,157.39
2018-11-21T11:00:00Z,209.645,157.787
2018-11-21T12:00:00Z,172.751,156.821
2018-11-21T13:00:00Z,128.968,154.974
2018-11-21T14:00:00Z,64.452,154.06
2018-11-21T15:00:00Z,10.817,154.927
2018-11-21T16:00:00Z,0,159.245
2018-11-21T17:00:00Z,0,157.292
2018-11-21T18:00:00Z,0,153.666
2018-11-21T19:00:00Z,0,145.473
2018-11-21T20:00:00Z,0,138.297
2018-11-21T21:00:00Z,0,132.269
2018-11-21T22:00:00Z,0,123.512
2018-11-21T23:00:00Z,0,117.027
2018-11-22T00:00:00Z,0,113.393
2018-11-22T01:00:00Z,0,111.229
2018-11-22T02:00:00Z,0,112.572
2018-11-22T03:00:00Z,0,115.049
2018-11-22T04:00:00Z,0,121.733
2018-11-22T05:00:00Z,0,137.844
2018-11-22T06:00:00Z,1.287,150.766
2018-11-22T07:00:00Z,28.71,154.305
2018-11-22T08:00:00Z,77.826,154.248
2018-11-22T09:00:00Z,154.171,155.432
2018-11-22T10:00:00Z,222.663,156.556
2018-11-22T11:00:00Z,264.698,154.846
2018-11-22T12:00:00Z,266.372,153.899
2018-11-22T13:00:00Z,208.115,153.303
2018-11-22T14:00:00Z,90.185,152.317
2018-11-22T15:00:00Z,13.389,151.105
2018-11-22T16:00:00Z,0,155.881
2018-11-22T17:00:00Z,0,154.615
2018-11-22T18:00:00Z,0,151.306
2018-11-22T19:00:00Z,0,143.444
2018-11-22T20:00:00Z,0,136.194
2018-11-22T21:00:00Z,0,130.059
2018-11-22T22:00:00Z,0,121.793
2018-11-22T23:00:00Z,0,115.586
2018-11-23T00:00:00Z,0,112.232
2018-11-23T01:00:00Z,0,110.674
2018-11-23T02:00:00Z,0,111.334
2018-11-23T03:00:00Z,0,114.122
2018-11-23T04:00:00Z,0,120.459
2018-11-23T05:00:00Z,0,135.521
2018-11-23T06:00:00Z,0.965,147.752
2018-11-23T07:00:00Z,42.086,151.296
2018-11-23T08:00:00Z,148.137,153.275
2018-11-23T09:00:00Z,282.825,157.805
2018-11-23T10:00:00Z,388.811,153.205
2018-11-23T11:00:00Z,424.591,149.015
2018-11-23T12:00:00Z,361.719,146.702
2018-11-23T13:00:00Z,218.023,144.857
2018-11-23T14:00:00Z,60.812,143.44
2018-11-23T15:00:00Z,1.609,145.056
2018-11-23T16:00:00Z,0,149.105
2018-11-23T17:00:00Z,0,147.098
2018-11-23T18:00:00Z,0,143.325
2018-11-23T19:00:00Z,0,135.495
2018-11-23T20:00:00Z,0,128.323
2018-11-23T21:00:00Z,0,123.85
2018-11-23T22:00:00Z,0,117.55
2018-11-23T23:00:00Z,0,111.467
2018-11-24T00:00:00Z,0,106.952
2018-11-24T01:00:00Z,0,103.451
2018-11-24T02:00:00Z,0,103.737
2018-11-24T03:00:00Z,0,103.863
2018-11-24T04:00:00Z,0,104.323
2018-11-24T05:00:00Z,0,105.873
2018-11-24T06:00:00Z,0.708,112.779
2018-11-24T07:00:00Z,22.715,120.068
2018-11-24T08:00:00Z,84.747,125.786
2018-11-24T09:00:00Z,145.814,128.097
2018-11-24T10:00:00Z,203.277,129.345
2018-11-24T11:00:00Z,223.097,128.118
2018-11-24T12:00:00Z,191.116,125.25
2018-11-24T13:00:00Z,128.955,122.693
2018-11-24T14:00:00Z,48.133,122.868
2018-11-24T15:00:00Z,2.703,126.186
2018-11-24T16:00:00Z,0,131.639
2018-11-24T17:00:00Z,0,130.47
2018-11-24T18:00:00Z,0,126.323
2018-11-24T19:00:00Z,0,118.749
2018-11-24T20:00:00Z,0,113.901
2018-11-24T21:00:00Z,0,112.288
2018-11-24T22:00:00Z,0,105.691
2018-11-24T23:00:00Z,0,100.441
2018-11-25T00:00:00Z,0,95.557
2018-11-25T01:00:00Z,0,93.597
2018-11-25T02:00:00Z,0,93.37
2018-11-25T03:00:00Z,0,93.531
2018-11-25T04:00:00Z,0,93.313
2018-11-25T05:00:00Z,0,92.404
2018-11-25T06:00:00Z,0.708,95.444
2018-11-25T07:00:00Z,36.357,102.444
2018-11-25T08:00:00Z,139.701,108.019
2018-11-25T09:00:00Z,240.149,114.134
2018-11-25T10:00:00Z,283.199,120.092
2018-11-25T11:00:00Z,284.55,120.637
2018-11-25T12:00:00Z,234.036,117.059
2018-11-25T13:00:00Z,133.845,114.179
2018-11-25T14:00:00Z,39.253,114.104
2018-11-25T15:00:00Z,1.158,118.709
2018-11-25T16:00:00Z,0,125.562
2018-11-25T17:00:00Z,0,126.554
2018-11-25T18:00:00Z,0,123.903
2018-11-25T19:00:00Z,0,117.954
2018-11-25T20:00:00Z,0,113.946
2018-11-25T21:00:00Z,0,114.273
2018-11-25T22:00:00Z,0,108.525
2018-11-25T23:00:00Z,0,103.224
2018-11-26T00:00:00Z,0,100.52
2018-11-26T01:00:00Z,0,98.787
2018-11-26T02:00:00Z,0,97.983
2018-11-26T03:00:00Z,0,102.478
2018-11-26T04:00:00Z,0,112.869
2018-11-26T05:00:00Z,0,131.543
2018-11-26T06:00:00Z,0.515,144.742
2018-11-26T07:00:00Z,16.915,149.575
2018-11-26T08:00:00Z,66.758,152.29
2018-11-26T09:00:00Z,120.075,154.002
2018-11-26T10:00:00Z,156.219,155.398
2018-11-26T11:00:00Z,153.84,154.327
2018-11-26T12:00:00Z,118.145,153.371
2018-11-26T13:00:00Z,64.443,151.864
2018-11-26T14:00:00Z,16.593,151.353
2018-11-26T15:00:00Z,0.579,151.941
2018-11-26T16:00:00Z,0,155.244
2018-11-26T17:00:00Z,0,153.974
2018-11-26T18:00:00Z,0,150.21
2018-11-26T19:00:00Z,0,141.997
2018-11-26T20:00:00Z,0,134.191
2018-11-26T21:00:00Z,0,128.787
2018-11-26T22:00:00Z,0,120.085
2018-11-26T23:00:00Z,0,113.713
2018-11-27T00:00:00Z,0,110.058
2018-11-27T01:00:00Z,0,108.414
2018-11-27T02:00:00Z,0,109.97
2018-11-27T03:00:00Z,0,112.45
2018-11-27T04:00:00Z,0,119.19
2018-11-27T05:00:00Z,0,133.789
2018-11-27T06:00:00Z,0.45,145.516
2018-11-27T07:00:00Z,17.667,150.026
2018-11-27T08:00:00Z,74.782,150.704
2018-11-27T09:00:00Z,143.074,151.693
2018-11-27T10:00:00Z,206.035,152.884
2018-11-27T11:00:00Z,233.403,152.758
2018-11-27T12:00:00Z,199.032,152.525
2018-11-27T13:00:00Z,116.091,151.206
2018-11-27T14:00:00Z,34.564,150.27
2018-11-27T15:00:00Z,1.156,152.897
2018-11-27T16:00:00Z,0,156.778
2018-11-27T17:00:00Z,0,154.496
2018-11-27T18:00:00Z,0,152.076
2018-11-27T19:00:00Z,0,145.653
2018-11-27T20:00:00Z,0,138.84
2018-11-27T21:00:00Z,0,133.321
2018-11-27T22:00:00Z,0,125.239
2018-11-27T23:00:00Z,0,117.319
2018-11-28T00:00:00Z,0,113.944
2018-11-28T01:00:00Z,0,113.222
2018-11-28T02:00:00Z,0,113.998
2018-11-28T03:00:00Z,0,115.596
2018-11-28T04:00:00Z,0,124.296
2018-11-28T05:00:00Z,0,141.749
2018-11-28T06:00:00Z,0.449,153.78
2018-11-28T07:00:00Z,42.825,157.807
2018-11-28T08:00:00Z,193.13,158.57
2018-11-28T09:00:00Z,367.127,160.079
2018-11-28T10:00:00Z,483.724,160.423
2018-11-28T11:00:00Z,497.271,158.948
2018-11-28T12:00:00Z,390.433,159.517
2018-11-28T13:00:00Z,221.124,158.32
2018-11-28T14:00:00Z,54.446,157.935
2018-11-28T15:00:00Z,1.091,159.919
2018-11-28T16:00:00Z,0,164.431
2018-11-28T17:00:00Z,0,163.634
2018-11-28T18:00:00Z,0,160.848
2018-11-28T19:00:00Z,0,150.005
2018-11-28T20:00:00Z,0,141.234
2018-11-28T21:00:00Z,0,135.36
2018-11-28T22:00:00Z,0,125.974
2018-11-28T23:00:00Z,0,119.126
2018-11-29T00:00:00Z,0,115.098
2018-11-29T01:00:00Z,0,113.671
2018-11-29T02:00:00Z,0,114.485
2018-11-29T03:00:00Z,0,117.531
2018-11-29T04:00:00Z,0,123.065
2018-11-29T05:00:00Z,0,139.83
2018-11-29T06:00:00Z,0.449,153.782
2018-11-29T07:00:00Z,47.791,157.779
2018-11-29T08:00:00Z,198.734,157.204
2018-11-29T09:00:00Z,360.198,158.196
2018-11-29T10:00:00Z,455.267,159.683
2018-11-29T11:00:00Z,442.501,159.108
2018-11-29T12:00:00Z,318.821,158.745
2018-11-29T13:00:00Z,152.739,157.704
2018-11-29T14:00:00Z,37.271,157.259
2018-11-29T15:00:00Z,0.898,159.692
2018-11-29T16:00:00Z,0,162.943
2018-11-29T17:00:00Z,0,160.998
2018-11-29T18:00:00Z,0,158.448
2018-11-29T19:00:00Z,0,149.671
2018-11-29T20:00:00Z,0,141.326
2018-11-29T21:00:00Z,0,134.106
2018-11-29T22:00:00Z,0,124.615
2018-11-29T23:00:00Z,0,118.741
2018-11-30T00:00:00Z,0,115.261
2018-11-30T01:00:00Z,0,113.461
2018-11-30T02:00:00Z,0,113.993
2018-11-30T03:00:00Z,0,117.136
2018-11-30T04:00:00Z,0,122.52
2018-11-30T05:00:00Z,0,139.223
2018-11-30T06:00:00Z,0.32,151.749
2018-11-30T07:00:00Z,14.084,156.909
2018-11-30T08:00:00Z,73.876,156.984
2018-11-30T09:00:00Z,142.183,157.943
2018-11-30T10:00:00Z,181.682,158.657
2018-11-30T11:00:00Z,166.126,157.339
2018-11-30T12:00:00Z,124.386,154.01
2018-11-30T13:00:00Z,69.203,150.909
2018-11-30T14:00:00Z,21.574,149.902
2018-11-30T15:00:00Z,0.768,152.302
2018-11-30T16:00:00Z,0,154.72
2018-11-30T17:00:00Z,0,151.804
2018-11-30T18:00:00Z,0,147.737
2018-11-30T19:00:00Z,0,140.198
2018-11-30T20:00:00Z,0,132.962
2018-11-30T21:00:00Z,0,127.958
2018-11-30T22:00:00Z,0,119.953
2018-11-30T23:00:00Z,0,112.078
2018-12-01T00:00:00Z,0,107.715
2018-12-01T01:00:00Z,0,104.924
2018-12-01T02:00:00Z,0,104.757
2018-12-01T03:00:00Z,0,105.377
2018-12-01T04:00:00Z,0,106.116
2018-12-01T05:00:00Z,0,109.049
2018-12-01T06:00:00Z,0.256,116.661
2018-12-01T07:00:00Z,22.661,122.738
2018-12-01T08:00:00Z,116.571,128.056
2018-12-01T09:00:00Z,256.188,130.41
2018-12-01T10:00:00Z,373.592,131.389
2018-12-01T11:00:00Z,397.405,129.429
2018-12-01T12:00:00Z,323.596,126.851
2018-12-01T13:00:00Z,196.334,124.782
2018-12-01T14:00:00Z,58.894,124.516
2018-12-01T15:00:00Z,1.856,128.745
2018-12-01T16:00:00Z,0,134.734
2018-12-01T17:00:00Z,0,134.785
2018-12-01T18:00:00Z,0,130.929
2018-12-01T19:00:00Z,0,123.593
2018-12-01T20:00:00Z,0,117.976
2018-12-01T21:00:00Z,0,116.261
2018-12-01T22:00:00Z,0,108.919
2018-12-01T23:00:00Z,0,101.831
2018-12-02T00:00:00Z,0,96.944
2018-12-02T01:00:00Z,0,94.42
2018-12-02T02:00:00Z,0,93.499
2018-12-02T03:00:00Z,0,93.357
2018-12-02T04:00:00Z,0,93.962
2018-12-02T05:00:00Z,0,93.971
2018-12-02T06:00:00Z,0.192,99.05
2018-12-02T07:00:00Z,9.666,106.02
2018-12-02T08:00:00Z,39.689,113.777
2018-12-02T09:00:00Z,76.178,119.121
2018-12-02T10:00:00Z,107.225,123.914
2018-12-02T11:00:00Z,108.569,124.014
2018-12-02T12:00:00Z,96.215,120.102
2018-12-02T13:00:00Z,59.214,117.388
2018-12-02T14:00:00Z,16.644,117.131
2018-12-02T15:00:00Z,0.576,120.868
2018-12-02T16:00:00Z,0,125.504
2018-12-02T17:00:00Z,0,127.3
2018-12-02T18:00:00Z,0,123.903
2018-12-02T19:00:00Z,0,119.388
2018-12-02T20:00:00Z,0,115.562
2018-12-02T21:00:00Z,0,114.908
2018-12-02T22:00:00Z,0,107.594
2018-12-02T23:00:00Z,0,101.207
2018-12-03T00:00:00Z,0,98.099
2018-12-03T01:00:00Z,0,96.119
2018-12-03T02:00:00Z,0,97.75
2018-12-03T03:00:00Z,0,101.493
2018-12-03T04:00:00Z,0,111.621
2018-12-03T05:00:00Z,0,133.436
2018-12-03T06:00:00Z,0.192,149.312
2018-12-03T07:00:00Z,15.041,154.122
2018-12-03T08:00:00Z,85.959,154.434
2018-12-03T09:00:00Z,181.712,157.317
2018-12-03T10:00:00Z,251.285,158.559
2018-12-03T11:00:00Z,259.99,157.535
2018-12-03T12:00:00Z,207.442,158.136
2018-12-03T13:00:00Z,105.993,155.646
2018-12-03T14:00:00Z,26.882,154.083
2018-12-03T15:00:00Z,0.704,155.205
2018-12-03T16:00:00Z,0,157.554
2018-12-03T17:00:00Z,0,155.509
2018-12-03T18:00:00Z,0,152.136
2018-12-03T19:00:00Z,0,145.009
2018-12-03T20:00:00Z,0,136.16
2018-12-03T21:00:00Z,0,128.396
2018-12-03T22:00:00Z,0,117.452
2018-12-03T23:00:00Z,0,109.408
2018-12-04T00:00:00Z,0,105.734
2018-12-04T01:00:00Z,0,104.646
2018-12-04T02:00:00Z,0,105.796
2018-12-04T03:00:00Z,0,108.408
2018-12-04T04:00:00Z,0,118.489
2018-12-04T05:00:00Z,0,136.388
2018-12-04T06:00:00Z,0.128,149.539
2018-12-04T07:00:00Z,29.82,153.638
2018-12-04T08:00:00Z,141.806,153.623
2018-12-04T09:00:00Z,308.888,154.923
2018-12-04T10:00:00Z,423.05,155.936
2018-12-04T11:00:00Z,441.735,154.457
2018-12-04T12:00:00Z,361.81,153.889
2018-12-04T13:00:00Z,218.596,152.463
2018-12-04T14:00:00Z,57.017,151.52
2018-12-04T15:00:00Z,1.472,153.906
2018-12-04T16:00:00Z,0,159.487
2018-12-04T17:00:00Z,0,158.469
2018-12-04T18:00:00Z,0,154.81
2018-12-04T19:00:00Z,0,146.565
2018-12-04T20:00:00Z,0,138.577
2018-12-04T21:00:00Z,0,132.368
2018-12-04T22:00:00Z,0,123.952
2018-12-04T23:00:00Z,0,116.146
2018-12-05T00:00:00Z,0,113.1
2018-12-05T01:00:00Z,0,111.762
2018-12-05T02:00:00Z,0,113.211
2018-12-05T03:00:00Z,0,116.058
2018-12-05T04:00:00Z,0,121.733
2018-12-05T05:00:00Z,0,138.554
2018-12-05T06:00:00Z,0.128,150.588
2018-12-05T07:00:00Z,42.61,154.079
2018-12-05T08:00:00Z,193.282,153.906
2018-12-05T09:00:00Z,360.397,152.856
2018-12-05T10:00:00Z,456.302,154.54
2018-12-05T11:00:00Z,444.722,153.228
2018-12-05T12:00:00Z,346.193,152.625
2018-12-05T13:00:00Z,193.026,151.099
2018-12-05T14:00:00Z,52.335,151.343
2018-12-05T15:00:00Z,1.088,154.263
2018-12-05T16:00:00Z,0,157.644
2018-12-05T17:00:00Z,0,156.71
2018-12-05T18:00:00Z,0,154.889
2018-12-05T19:00:00Z,0,147.649
2018-12-05T20:00:00Z,0,140.356
2018-12-05T21:00:00Z,0,134.636
2018-12-05T22:00:00Z,0,124.367
2018-12-05T23:00:00Z,0,115.746
2018-12-06T00:00:00Z,0,111.215
2018-12-06T01:00:00Z,0,108.707
2018-12-06T02:00:00Z,0,110.039
2018-12-06T03:00:00Z,0,112.925
2018-12-06T04:00:00Z,0,120.853
2018-12-06T05:00:00Z,0,137.496
2018-12-06T06:00:00Z,0.128,150.588
2018-12-06T07:00:00Z,12.782,154.9
2018-12-06T08:00:00Z,56.431,155.449
2018-12-06T09:00:00Z,108.197,156.272
2018-12-06T10:00:00Z,141.046,158.347
2018-12-06T11:00:00Z,148.715,156.937
2018-12-06T12:00:00Z,132.674,156.622
2018-12-06T13:00:00Z,73.495,154.953
2018-12-06T14:00:00Z,20.706,154.331
2018-12-06T15:00:00Z,0.767,157.586
2018-12-06T16:00:00Z,0,159.301
2018-12-06T17:00:00Z,0,158.125
2018-12-06T18:00:00Z,0,155.105
2018-12-06T19:00:00Z,0,148.645
2018-12-06T20:00:00Z,0,138.274
2018-12-06T21:00:00Z,0,130.153
2018-12-06T22:00:00Z,0,120.498
2018-12-06T23:00:00Z,0,112.724
2018-12-07T00:00:00Z,0,108.068
2018-12-07T01:00:00Z,0,106.221
2018-12-07T02:00:00Z,0,106.262
2018-12-07T03:00:00Z,0,110.105
2018-12-07T04:00:00Z,0,117.86
2018-12-07T05:00:00Z,0,135.516
2018-12-07T06:00:00Z,0.128,149.474
2018-12-07T07:00:00Z,13.67,156.094
2018-12-07T08:00:00Z,59.853,156.971
2018-12-07T09:00:00Z,114.149,159.269
2018-12-07T10:00:00Z,150.367,160.145
2018-12-07T11:00:00Z,157.266,158.268
2018-12-07T12:00:00Z,143.149,156.422
2018-12-07T13:00:00Z,84.19,152.734
2018-12-07T14:00:00Z,23.124,151.274
2018-12-07T15:00:00Z,1.341,154.577
2018-12-07T16:00:00Z,0,157.888
2018-12-07T17:00:00Z,0,154.865
2018-12-07T18:00:00Z,0,149.988
2018-12-07T19:00:00Z,0,141.249
2018-12-07T20:00:00Z,0,133.058
2018-12-07T21:00:00Z,0,127.193
2018-12-07T22:00:00Z,0,118.861
2018-12-07T23:00:00Z,0,112.711
2018-12-08T00:00:00Z,0,108.074
2018-12-08T01:00:00Z,0,105.834
2018-12-08T02:00:00Z,0,105.749
2018-12-08T03:00:00Z,0,106.623
2018-12-08T04:00:00Z,0,106.518
2018-12-08T05:00:00Z,0,109.066
2018-12-08T06:00:00Z,0.064,116.167
2018-12-08T07:00:00Z,22.802,124.758
2018-12-08T08:00:00Z,133.173,131.359
2018-12-08T09:00:00Z,244.31,136.151
2018-12-08T10:00:00Z,271.839,137.784
2018-12-08T11:00:00Z,219.4,136.876
2018-12-08T12:00:00Z,157.828,133.992
2018-12-08T13:00:00Z,86.099,131.256
2018-12-08T14:00:00Z,22.483,130.942
2018-12-08T15:00:00Z,0.447,134.048
2018-12-08T16:00:00Z,0,138.118
2018-12-08T17:00:00Z,0,137.062
2018-12-08T18:00:00Z,0,132.113
2018-12-08T19:00:00Z,0,124.792
2018-12-08T20:00:00Z,0,120.66
2018-12-08T21:00:00Z,0,117.317
2018-12-08T22:00:00Z,0,109.534
2018-12-08T23:00:00Z,0,103.162
2018-12-09T00:00:00Z,0,98.81
2018-12-09T01:00:00Z,0,96.019
2018-12-09T02:00:00Z,0,95.653
2018-12-09T03:00:00Z,0,95.698
2018-12-09T04:00:00Z,0,96.117
2018-12-09T05:00:00Z,0,95.813
2018-12-09T06:00:00Z,0.064,100.054
2018-12-09T07:00:00Z,9.964,106.892
2018-12-09T08:00:00Z,57.101,113.621
2018-12-09T09:00:00Z,127.297,119.908
2018-12-09T10:00:00Z,160.382,125.029
2018-12-09T11:00:00Z,155.592,125.119
2018-12-09T12:00:00Z,124.167,121.225
2018-12-09T13:00:00Z,77.093,119.26
2018-12-09T14:00:00Z,23.122,118.972
2018-12-09T15:00:00Z,0.575,122.937
2018-12-09T16:00:00Z,0,128.61
2018-12-09T17:00:00Z,0,129.382
2018-12-09T18:00:00Z,0,127.539
2018-12-09T19:00:00Z,0,122.999
2018-12-09T20:00:00Z,0,119.906
2018-12-09T21:00:00Z,0,117.954
2018-12-09T22:00:00Z,0,110.858
2018-12-09T23:00:00Z,0,105.975
2018-12-10T00:00:00Z,0,103.171
2018-12-10T01:00:00Z,0,102.611
2018-12-10T02:00:00Z,0,105.071
2018-12-10T03:00:00Z,0,109.675
2018-12-10T04:00:00Z,0,117.336
2018-12-10T05:00:00Z,0,135.67
2018-12-10T06:00:00Z,0.064,150.917
2018-12-10T07:00:00Z,18.326,157.014
2018-12-10T08:00:00Z,116.023,158.85
2018-12-10T09:00:00Z,248.393,159.872
2018-12-10T10:00:00Z,330.063,163.14
2018-12-10T11:00:00Z,328.147,162.832
2018-12-10T12:00:00Z,263.016,161.323
2018-12-10T13:00:00Z,161.551,158.335
2018-12-10T14:00:00Z,47.891,157.999
2018-12-10T15:00:00Z,1.596,160.329
2018-12-10T16:00:00Z,0,163.416
2018-12-10T17:00:00Z,0,161.319
2018-12-10T18:00:00Z,0,157.903
2018-12-10T19:00:00Z,0,148.758
2018-12-10T20:00:00Z,0,141.621
2018-12-10T21:00:00Z,0,134.963
2018-12-10T22:00:00Z,0,126.284
2018-12-10T23:00:00Z,0,117.674
2018-12-11T00:00:00Z,0,114.188
2018-12-11T01:00:00Z,0,112.602
2018-12-11T02:00:00Z,0,113.181
2018-12-11T03:00:00Z,0,116.402
2018-12-11T04:00:00Z,0,122.744
2018-12-11T05:00:00Z,0,140.037
2018-12-11T06:00:00Z,0.064,152.535
2018-12-11T07:00:00Z,10.339,157.454
2018-12-11T08:00:00Z,83.667,158.097
2018-12-11T09:00:00Z,186.989,158.833
2018-12-11T10:00:00Z,258.594,159.534
2018-12-11T11:00:00Z,262.806,158.636
2018-12-11T12:00:00Z,214.304,158.089
2018-12-11T13:00:00Z,128.787,156.092
2018-12-11T14:00:00Z,38.1,154.799
2018-12-11T15:00:00Z,1.532,156.233
2018-12-11T16:00:00Z,0,159.654
2018-12-11T17:00:00Z,0,156.815
2018-12-11T18:00:00Z,0,152.991
2018-12-11T19:00:00Z,0,144.951
2018-12-11T20:00:00Z,0,137.889
2018-12-11T21:00:00Z,0,131.363
2018-12-11T22:00:00Z,0,122.125
2018-12-11T23:00:00Z,0,116.659
2018-12-12T00:00:00Z,0,113.305
2018-12-12T01:00:00Z,0,111.501
2018-12-12T02:00:00Z,0,112.736
2018-12-12T03:00:00Z,0,115.964
2018-12-12T04:00:00Z,0,122.462
2018-12-12T05:00:00Z,0,136.694
2018-12-12T06:00:00Z,0.064,149.558
2018-12-12T07:00:00Z,10.712,154.365
2018-12-12T08:00:00Z,71.412,154.763
2018-12-12T09:00:00Z,160.294,155.733
2018-12-12T10:00:00Z,221.951,156.161
2018-12-12T11:00:00Z,243.374,154.752
2018-12-12T12:00:00Z,216.34,153.149
2018-12-12T13:00:00Z,135.555,150.996
2018-12-12T14:00:00Z,42.337,150.731
2018-12-12T15:00:00Z,1.403,153.19
2018-12-12T16:00:00Z,0,156.997
2018-12-12T17:00:00Z,0,154.468
2018-12-12T18:00:00Z,0,151.717
2018-12-12T19:00:00Z,0,145.535
2018-12-12T20:00:00Z,0,138.092
2018-12-12T21:00:00Z,0,132.943
2018-12-12T22:00:00Z,0,123.567
2018-12-12T23:00:00Z,0,118.32
2018-12-13T00:00:00Z,0,114.378
2018-12-13T01:00:00Z,0,112.694
2018-12-13T02:00:00Z,0,113.2
2018-12-13T03:00:00Z,0,116.135
2018-12-13T04:00:00Z,0,123.131
2018-12-13T05:00:00Z,0,137.538
2018-12-13T06:00:00Z,0.064,150.368
2018-12-13T07:00:00Z,14.522,154.209
2018-12-13T08:00:00Z,104.777,154.53
2018-12-13T09:00:00Z,216.306,156.022
2018-12-13T10:00:00Z,277.325,156.597
2018-12-13T11:00:00Z,277.134,155.748
2018-12-13T12:00:00Z,216.688,154.893
2018-12-13T13:00:00Z,117.389,153.472
2018-12-13T14:00:00Z,32.038,152.73
2018-12-13T15:00:00Z,0.892,155.348
2018-12-13T16:00:00Z,0,159.26
2018-12-13T17:00:00Z,0,158.211
2018-12-13T18:00:00Z,0,155.472
2018-12-13T19:00:00Z,0,148.034
2018-12-13T20:00:00Z,0,140.535
2018-12-13T21:00:00Z,0,135.435
2018-12-13T22:00:00Z,0,127.652
2018-12-13T23:00:00Z,0,120.447
2018-12-14T00:00:00Z,0,115.464
2018-12-14T01:00:00Z,0,112.929
2018-12-14T02:00:00Z,0,115.207
2018-12-14T03:00:00Z,0,116.398
2018-12-14T04:00:00Z,0,123.33
2018-12-14T05:00:00Z,0,137.987
2018-12-14T06:00:00Z,0.064,151.499
2018-12-14T07:00:00Z,10.118,157.281
2018-12-14T08:00:00Z,54.474,158.429
2018-12-14T09:00:00Z,107.547,158.196
2018-12-14T10:00:00Z,138.221,158.636
2018-12-14T11:00:00Z,134.53,156.295
2018-12-14T12:00:00Z,104.302,154.408
2018-12-14T13:00:00Z,53.901,151.418
2018-12-14T14:00:00Z,12.537,151.108
2018-12-14T15:00:00Z,0.127,153.679
2018-12-14T16:00:00Z,0,155.633
2018-12-14T17:00:00Z,0,151.971
2018-12-14T18:00:00Z,0,147.805
2018-12-14T19:00:00Z,0,140.304
2018-12-14T20:00:00Z,0,133.24
2018-12-14T21:00:00Z,0,128.328
2018-12-14T22:00:00Z,0,121.663
2018-12-14T23:00:00Z,0,115.62
2018-12-15T00:00:00Z,0,111.636
2018-12-15T01:00:00Z,0,109.113
2018-12-15T02:00:00Z,0,107.489
2018-12-15T03:00:00Z,0,107.202
2018-12-15T04:00:00Z,0,107.361
2018-12-15T05:00:00Z,0,108.703
2018-12-15T06:00:00Z,0.064,115.906
2018-12-15T07:00:00Z,7.827,125.611
2018-12-15T08:00:00Z,42.191,132.876
2018-12-15T09:00:00Z,86.927,136.286
2018-12-15T10:00:00Z,113.909,137.515
2018-12-15T11:00:00Z,123.136,136.078
2018-12-15T12:00:00Z,112.254,132.817
2018-12-15T13:00:00Z,75.982,130.378
2018-12-15T14:00:00Z,25.073,130.382
2018-12-15T15:00:00Z,1.145,133.131
2018-12-15T16:00:00Z,0,137.716
2018-12-15T17:00:00Z,0,136.786
2018-12-15T18:00:00Z,0,133.43
2018-12-15T19:00:00Z,0,126.675
2018-12-15T20:00:00Z,0,122.736
2018-12-15T21:00:00Z,0,121.456
2018-12-15T22:00:00Z,0,113.14
2018-12-15T23:00:00Z,0,105.174
2018-12-16T00:00:00Z,0,102.162
2018-12-16T01:00:00Z,0,99.772
2018-12-16T02:00:00Z,0,99.317
2018-12-16T03:00:00Z,0,98.161
2018-12-16T04:00:00Z,0,98.515
2018-12-16T05:00:00Z,0,97.218
2018-12-16T06:00:00Z,0,102.985
2018-12-16T07:00:00Z,9.163,109.701
2018-12-16T08:00:00Z,45.117,119.111
2018-12-16T09:00:00Z,84.634,125.329
2018-12-16T10:00:00Z,107.67,130.985
2018-12-16T11:00:00Z,105.697,130.863
2018-12-16T12:00:00Z,85.843,126.455
2018-12-16T13:00:00Z,46.772,122.328
2018-12-16T14:00:00Z,12.791,121.024
2018-12-16T15:00:00Z,0.509,124.166
2018-12-16T16:00:00Z,0,130.316
2018-12-16T17:00:00Z,0,131.384
2018-12-16T18:00:00Z,0,128.922
2018-12-16T19:00:00Z,0,123.57
2018-12-16T20:00:00Z,0,119.985
2018-12-16T21:00:00Z,0,119.232
2018-12-16T22:00:00Z,0,112.944
2018-12-16T23:00:00Z,0,108.664
2018-12-17T00:00:00Z,0,105.155
2018-12-17T01:00:00Z,0,103.515
2018-12-17T02:00:00Z,0,103.147
2018-12-17T03:00:00Z,0,105.815
2018-12-17T04:00:00Z,0,113.688
2018-12-17T05:00:00Z,0,131.705
2018-12-17T06:00:00Z,0,144.889
2018-12-17T07:00:00Z,6.996,150.503
2018-12-17T08:00:00Z,49.034,151.11
2018-12-17T09:00:00Z,113.332,152.48
2018-12-17T10:00:00Z,176.295,154.256
2018-12-17T11:00:00Z,194.865,153.938
2018-12-17T12:00:00Z,154.735,152.696
2018-12-17T13:00:00Z,88.529,150.278
2018-12-17T14:00:00Z,26.648,150.043
2018-12-17T15:00:00Z,0.954,150.885
2018-12-17T16:00:00Z,0,153.343
2018-12-17T17:00:00Z,0,151.695
2018-12-17T18:00:00Z,0,149.398
2018-12-17T19:00:00Z,0,142.181
2018-12-17T20:00:00Z,0,135.578
2018-12-17T21:00:00Z,0,130.239
2018-12-17T22:00:00Z,0,120.99
2018-12-17T23:00:00Z,0,112.991
2018-12-18T00:00:00Z,0,109.99
2018-12-18T01:00:00Z,0,107.26
2018-12-18T02:00:00Z,0,107.2
2018-12-18T03:00:00Z,0,110.159
2018-12-18T04:00:00Z,0,117.292
2018-12-18T05:00:00Z,0,133.887
2018-12-18T06:00:00Z,0,147.688
2018-12-18T07:00:00Z,17.223,152.268
2018-12-18T08:00:00Z,129.335,151.849
2018-12-18T09:00:00Z,279.325,152.037
2018-12-18T10:00:00Z,405.864,155.487
2018-12-18T11:00:00Z,446.984,155.988
2018-12-18T12:00:00Z,386.162,155.079
2018-12-18T13:00:00Z,245.006,150.101
2018-12-18T14:00:00Z,68.258,148.421
2018-12-18T15:00:00Z,2.097,151.993
2018-12-18T16:00:00Z,0,156.958
2018-12-18T17:00:00Z,0,156.167
2018-12-18T18:00:00Z,0,154.243
2018-12-18T19:00:00Z,0,146.104
2018-12-18T20:00:00Z,0,137.622
2018-12-18T21:00:00Z,0,131.177
2018-12-18T22:00:00Z,0,123.206
2018-12-18T23:00:00Z,0,115.094
2018-12-19T00:00:00Z,0,110.819
2018-12-19T01:00:00Z,0,109.395
2018-12-19T02:00:00Z,0,110.659
2018-12-19T03:00:00Z,0,113.318
2018-12-19T04:00:00Z,0,119.818
2018-12-19T05:00:00Z,0,135.651
2018-12-19T06:00:00Z,0,150.603
2018-12-19T07:00:00Z,7.305,157.281
2018-12-19T08:00:00Z,47.708,157.813
2018-12-19T09:00:00Z,101.006,158.012
2018-12-19T10:00:00Z,133.658,158.055
2018-12-19T11:00:00Z,140.646,156.503
2018-12-19T12:00:00Z,109.264,155.026
2018-12-19T13:00:00Z,66.257,153.068
2018-12-19T14:00:00Z,21.535,151.975
2018-12-19T15:00:00Z,0.826,154.399
2018-12-19T16:00:00Z,0,156.757
2018-12-19T17:00:00Z,0,154.54
2018-12-19T18:00:00Z,0,151.118
2018-12-19T19:00:00Z,0,142.622
2018-12-19T20:00:00Z,0,136.527
2018-12-19T21:00:00Z,0,130.16
2018-12-19T22:00:00Z,0,119.641
2018-12-19T23:00:00Z,0,110.503
2018-12-20T00:00:00Z,0,107.544
2018-12-20T01:00:00Z,0,105.403
2018-12-20T02:00:00Z,0,105.64
2018-12-20T03:00:00Z,0,108.292
2018-12-20T04:00:00Z,0,113.927
2018-12-20T05:00:00Z,0,128.92
2018-12-20T06:00:00Z,0,143.387
2018-12-20T07:00:00Z,10.535,149.714
2018-12-20T08:00:00Z,77.17,150.197
2018-12-20T09:00:00Z,170.27,151.033
2018-12-20T10:00:00Z,243.442,152.033
2018-12-20T11:00:00Z,268.256,151.469
2018-12-20T12:00:00Z,224.975,150.002
2018-12-20T13:00:00Z,131.748,148.342
2018-12-20T14:00:00Z,40.679,147.531
2018-12-20T15:00:00Z,1.904,149.932
2018-12-20T16:00:00Z,0,152.713
2018-12-20T17:00:00Z,0,150.575
2018-12-20T18:00:00Z,0,146.935
2018-12-20T19:00:00Z,0,137.799
2018-12-20T20:00:00Z,0,130.79
2018-12-20T21:00:00Z,0,124.805
2018-12-20T22:00:00Z,0,115.765
2018-12-20T23:00:00Z,0,108.295
2018-12-21T00:00:00Z,0,103.778
2018-12-21T01:00:00Z,0,100.533
2018-12-21T02:00:00Z,0,100.341
2018-12-21T03:00:00Z,0,102.675
2018-12-21T04:00:00Z,0,108.258
2018-12-21T05:00:00Z,0,120.868
2018-12-21T06:00:00Z,0,134.514
2018-12-21T07:00:00Z,7.095,142.884
2018-12-21T08:00:00Z,36.364,145.653
2018-12-21T09:00:00Z,67.026,147.281
2018-12-21T10:00:00Z,85.651,147.196
2018-12-21T11:00:00Z,87.615,146.255
2018-12-21T12:00:00Z,76.212,143.586
2018-12-21T13:00:00Z,44.979,138.434
2018-12-21T14:00:00Z,11.277,137.432
2018-12-21T15:00:00Z,0.19,142.151
2018-12-21T16:00:00Z,0,143.9
2018-12-21T17:00:00Z,0,142.179
2018-12-21T18:00:00Z,0,137.889
2018-12-21T19:00:00Z,0,128.593
2018-12-21T20:00:00Z,0,122.92
2018-12-21T21:00:00Z,0,117.336
2018-12-21T22:00:00Z,0,109.237
2018-12-21T23:00:00Z,0,101.814
2018-12-22T00:00:00Z,0,96.442
2018-12-22T01:00:00Z,0,92.643
2018-12-22T02:00:00Z,0,91.577
2018-12-22T03:00:00Z,0,93.097
2018-12-22T04:00:00Z,0,93.86
2018-12-22T05:00:00Z,0,95.895
2018-12-22T06:00:00Z,0,102.583
2018-12-22T07:00:00Z,5.828,110.834
2018-12-22T08:00:00Z,46.244,117.768
2018-12-22T09:00:00Z,105.982,120.767
2018-12-22T10:00:00Z,144.878,124.078
2018-12-22T11:00:00Z,150.2,122.629
2018-12-22T12:00:00Z,147.286,119.515
2018-12-22T13:00:00Z,100.091,117.911
2018-12-22T14:00:00Z,29.837,118.031
2018-12-22T15:00:00Z,1.394,121.896
2018-12-22T16:00:00Z,0,126.705
2018-12-22T17:00:00Z,0,128.135
2018-12-22T18:00:00Z,0,123.986
2018-12-22T19:00:00Z,0,116.221
2018-12-22T20:00:00Z,0,110.982
2018-12-22T21:00:00Z,0,109.043
2018-12-22T22:00:00Z,0,100.129
2018-12-22T23:00:00Z,0,93.242
2018-12-23T00:00:00Z,0,88.678
2018-12-23T01:00:00Z,0,86.053
2018-12-23T02:00:00Z,0,84.792
2018-12-23T03:00:00Z,0,85.16
2018-12-23T04:00:00Z,0,84.756
2018-12-23T05:00:00Z,0,84.546
2018-12-23T06:00:00Z,0,89.277
2018-12-23T07:00:00Z,5.764,96.607
2018-12-23T08:00:00Z,47.89,103.598
2018-12-23T09:00:00Z,109.652,109.404
2018-12-23T10:00:00Z,147.723,114.949
2018-12-23T11:00:00Z,140.375,115.596
2018-12-23T12:00:00Z,95.209,113.239
2018-12-23T13:00:00Z,44.912,110.537
2018-12-23T14:00:00Z,9.945,109.934
2018-12-23T15:00:00Z,0.19,113.598
2018-12-23T16:00:00Z,0,116.954
2018-12-23T17:00:00Z,0,117.285
2018-12-23T18:00:00Z,0,114.423
2018-12-23T19:00:00Z,0,109.032
2018-12-23T20:00:00Z,0,103.671
2018-12-23T21:00:00Z,0,103.017
2018-12-23T22:00:00Z,0,94.696
2018-12-23T23:00:00Z,0,87.526
2018-12-24T00:00:00Z,0,82.648
2018-12-24T01:00:00Z,0,81.449
2018-12-24T02:00:00Z,0,81.723
2018-12-24T03:00:00Z,0,84.26
2018-12-24T04:00:00Z,0,86.515
2018-12-24T05:00:00Z,0,88.606
2018-12-24T06:00:00Z,0,95.82
2018-12-24T07:00:00Z,5.827,105.227
2018-12-24T08:00:00Z,57.952,113.192
2018-12-24T09:00:00Z,155.171,113.442
2018-12-24T10:00:00Z,244.981,114.015
2018-12-24T11:00:00Z,283.108,112.516
2018-12-24T12:00:00Z,251.251,110.417
2018-12-24T13:00:00Z,167.902,106.944
2018-12-24T14:00:00Z,54.785,106.114
2018-12-24T15:00:00Z,2.153,109.479
2018-12-24T16:00:00Z,0,115.509
2018-12-24T17:00:00Z,0,112.649
2018-12-24T18:00:00Z,0,108.002
2018-12-24T19:00:00Z,0,102.59
2018-12-24T20:00:00Z,0,99.561
2018-12-24T21:00:00Z,0,100.315
2018-12-24T22:00:00Z,0,95.337
2018-12-24T23:00:00Z,0,90.709
2018-12-25T00:00:00Z,0,86.449
2018-12-25T01:00:00Z,0,84.249
2018-12-25T02:00:00Z,0,83.535
2018-12-25T03:00:00Z,0,83.617
2018-12-25T04:00:00Z,0,84.036
2018-12-25T05:00:00Z,0,82.813
2018-12-25T06:00:00Z,0,86.073
2018-12-25T07:00:00Z,12.54,92.423
2018-12-25T08:00:00Z,94.876,101.074
2018-12-25T09:00:00Z,183.799,107.771
2018-12-25T10:00:00Z,249.984,111.839
2018-12-25T11:00:00Z,260.878,109.239
2018-12-25T12:00:00Z,214.833,104.315
2018-12-25T13:00:00Z,129.774,101.021
2018-12-25T14:00:00Z,43.955,99.035
2018-12-25T15:00:00Z,2.66,102.961
2018-12-25T16:00:00Z,0,108.609
2018-12-25T17:00:00Z,0,110.295
2018-12-25T18:00:00Z,0,108.384
2018-12-25T19:00:00Z,0,105.45
2018-12-25T20:00:00Z,0,102.474
2018-12-25T21:00:00Z,0,102.483
2018-12-25T22:00:00Z,0,95.931
2018-12-25T23:00:00Z,0,91.994
2018-12-26T00:00:00Z,0,89.067
2018-12-26T01:00:00Z,0,86.432
2018-12-26T02:00:00Z,0,85.692
2018-12-26T03:00:00Z,0,85.41
2018-12-26T04:00:00Z,0,84.39
2018-12-26T05:00:00Z,0,83.92
2018-12-26T06:00:00Z,0,87.584
2018-12-26T07:00:00Z,13.807,94.116
2018-12-26T08:00:00Z,119.577,102.508
2018-12-26T09:00:00Z,245.107,107.51
2018-12-26T10:00:00Z,317.246,111.533
2018-12-26T11:00:00Z,327.063,110.65
2018-12-26T12:00:00Z,275.635,105.918
2018-12-26T13:00:00Z,172.462,104.71
2018-12-26T14:00:00Z,60.105,104.067
2018-12-26T15:00:00Z,3.293,107.581
2018-12-26T16:00:00Z,0,113.792
2018-12-26T17:00:00Z,0,115.21
2018-12-26T18:00:00Z,0,113.393
2018-12-26T19:00:00Z,0,109.026
2018-12-26T20:00:00Z,0,107.181
2018-12-26T21:00:00Z,0,105.473
2018-12-26T22:00:00Z,0,99.511
2018-12-26T23:00:00Z,0,94.749
2018-12-27T00:00:00Z,0,90.645
2018-12-27T01:00:00Z,0,89.027
2018-12-27T02:00:00Z,0,89.108
2018-12-27T03:00:00Z,0,91.464
2018-12-27T04:00:00Z,0,94.852
2018-12-27T05:00:00Z,0,101.177
2018-12-27T06:00:00Z,0,109.28
2018-12-27T07:00:00Z,15.449,117.388
2018-12-27T08:00:00Z,123.842,122.116
2018-12-27T09:00:00Z,255.535,124.799
2018-12-27T10:00:00Z,363.675,126.37
2018-12-27T11:00:00Z,390.963,126.387
2018-12-27T12:00:00Z,332.271,123.717
2018-12-27T13:00:00Z,204.947,121.402
2018-12-27T14:00:00Z,62.238,120.838
2018-12-27T15:00:00Z,2.533,125.029
2018-12-27T16:00:00Z,0,130.976
2018-12-27T17:00:00Z,0,130.429
2018-12-27T18:00:00Z,0,126.579
2018-12-27T19:00:00Z,0,119.26
2018-12-27T20:00:00Z,0,113.367
2018-12-27T21:00:00Z,0,110.355
2018-12-27T22:00:00Z,0,104.049
2018-12-27T23:00:00Z,0,98.646
2018-12-28T00:00:00Z,0,93.83
2018-12-28T01:00:00Z,0,91.718
2018-12-28T02:00:00Z,0,91.263
2018-12-28T03:00:00Z,0,92.12
2018-12-28T04:00:00Z,0,95.416
2018-12-28T05:00:00Z,0,101.782
2018-12-28T06:00:00Z,0,108.624
2018-12-28T07:00:00Z,12.089,115.349
2018-12-28T08:00:00Z,119.557,120.028
2018-12-28T09:00:00Z,261.962,122.563
2018-12-28T10:00:00Z,353.544,123.813
2018-12-28T11:00:00Z,383.418,124.717
2018-12-28T12:00:00Z,329.494,122.725
2018-12-28T13:00:00Z,210.633,120.122
2018-12-28T14:00:00Z,69.937,120.077
2018-12-28T15:00:00Z,3.418,124.189
2018-12-28T16:00:00Z,0,129.822
2018-12-28T17:00:00Z,0,129.294
2018-12-28T18:00:00Z,0,125.245
2018-12-28T19:00:00Z,0,118.356
2018-12-28T20:00:00Z,0,114.111
2018-12-28T21:00:00Z,0,111.584
2018-12-28T22:00:00Z,0,104.9
2018-12-28T23:00:00Z,0,99.49
2018-12-29T00:00:00Z,0,94.086
2018-12-29T01:00:00Z,0,92.402
2018-12-29T02:00:00Z,0,91.701
2018-12-29T03:00:00Z,0,91.716
2018-12-29T04:00:00Z,0,91.801
2018-12-29T05:00:00Z,0,93.154
2018-12-29T06:00:00Z,0,99.541
2018-12-29T07:00:00Z,5.189,107.732
2018-12-29T08:00:00Z,38.538,114.549
2018-12-29T09:00:00Z,90.175,118.219
2018-12-29T10:00:00Z,130.991,120.776
2018-12-29T11:00:00Z,152.886,119.914
2018-12-29T12:00:00Z,131.813,118.014
2018-12-29T13:00:00Z,81.569,116.345
2018-12-29T14:00:00Z,24.996,117.362
2018-12-29T15:00:00Z,1.329,121.793
2018-12-29T16:00:00Z,0,127.577
2018-12-29T17:00:00Z,0,127.727
2018-12-29T18:00:00Z,0,123.715
2018-12-29T19:00:00Z,0,116.37
2018-12-29T20:00:00Z,0,111.723
2018-12-29T21:00:00Z,0,109.12
2018-12-29T22:00:00Z,0,102.671
2018-12-29T23:00:00Z,0,95.732
2018-12-30T00:00:00Z,0,91.647
2018-12-30T01:00:00Z,0,88.296
2018-12-30T02:00:00Z,0,86.829
2018-12-30T03:00:00Z,0,87.315
2018-12-30T04:00:00Z,0,87.221
2018-12-30T05:00:00Z,0,86.389
2018-12-30T06:00:00Z,0,89.636
2018-12-30T07:00:00Z,4.683,94.544
2018-12-30T08:00:00Z,45.687,101.023
2018-12-30T09:00:00Z,118.836,107.185
2018-12-30T10:00:00Z,171.862,113.14
2018-12-30T11:00:00Z,186.416,111.704
2018-12-30T12:00:00Z,152.563,107.467
2018-12-30T13:00:00Z,85.109,104.334
2018-12-30T14:00:00Z,22.021,105.332
2018-12-30T15:00:00Z,0.696,108.968
2018-12-30T16:00:00Z,0,115.596
2018-12-30T17:00:00Z,0,116.041
2018-12-30T18:00:00Z,0,112.839
2018-12-30T19:00:00Z,0,107.536
2018-12-30T20:00:00Z,0,103.985
2018-12-30T21:00:00Z,0,102.763
2018-12-30T22:00:00Z,0,97.284
2018-12-30T23:00:00Z,0,91.701
2018-12-31T00:00:00Z,0,87.116
2018-12-31T01:00:00Z,0,84.467
2018-12-31T02:00:00Z,0,83.978
2018-12-31T03:00:00Z,0,85.519
2018-12-31T04:00:00Z,0,87.462
2018-12-31T05:00:00Z,0,89.478
2018-12-31T06:00:00Z,0,94.595
2018-12-31T07:00:00Z,3.666,101.232
2018-12-31T08:00:00Z,33.184,106.929
2018-12-31T09:00:00Z,78.44,109.932
2018-12-31T10:00:00Z,117.945,112.283
2018-12-31T11:00:00Z,135.895,113.113
2018-12-31T12:00:00Z,118.071,111.445
2018-12-31T13:00:00Z,76.797,109.761
2018-12-31T14:00:00Z,24.082,109.917
2018-12-31T15:00:00Z,1.454,113.897
2018-12-31T16:00:00Z,0,119.337
2018-12-31T17:00:00Z,0,118.61
2018-12-31T18:00:00Z,0,114.483
2018-12-31T19:00:00Z,0,107.078
2018-12-31T20:00:00Z,0,102.587
2018-12-31T21:00:00Z,0,101.482
2018-12-31T22:00:00Z,0,97.549
2018-12-31T23:00:00Z,0,91.863
2019-01-01T00:00:00Z,0,88.841
2019-01-01T01:00:00Z,0,85.716
2019-01-01T02:00:00Z,0,83.114
2019-01-01T03:00:00Z,0,82.95
2019-01-01T04:00:00Z,0,82.494
2019-01-01T05:00:00Z,0,81.526
2019-01-01T06:00:00Z,0,82.813
2019-01-01T07:00:00Z,5.307,83.912
2019-01-01T08:00:00Z,36.837,89.816
2019-01-01T09:00:00Z,86.5,95.191
2019-01-01T10:00:00Z,129.718,101.51
2019-01-01T11:00:00Z,141.028,105.298
2019-01-01T12:00:00Z,126.748,104.381
2019-01-01T13:00:00Z,81.95,103.874
2019-01-01T14:00:00Z,28.117,104.368
2019-01-01T15:00:00Z,1.39,108.216
2019-01-01T16:00:00Z,0,114.985
2019-01-01T17:00:00Z,0,116.221
2019-01-01T18:00:00Z,0,115.032
2019-01-01T19:00:00Z,0,110.317
2019-01-01T20:00:00Z,0,106.232
2019-01-01T21:00:00Z,0,104.438
2019-01-01T22:00:00Z,0,98.526
2019-01-01T23:00:00Z,0,94.732
2019-01-02T00:00:00Z,0,91.515
2019-01-02T01:00:00Z,0,90.457
2019-01-02T02:00:00Z,0,89.636
2019-01-02T03:00:00Z,0,93.212
2019-01-02T04:00:00Z,0,99.317
2019-01-02T05:00:00Z,0,111.856
2019-01-02T06:00:00Z,0,123.414
2019-01-02T07:00:00Z,6.815,130.296
2019-01-02T08:00:00Z,93.387,134.309
2019-01-02T09:00:00Z,261.736,137.357
2019-01-02T10:00:00Z,399.735,139.868
2019-01-02T11:00:00Z,437.216,140.448
2019-01-02T12:00:00Z,395.697,138.618
2019-01-02T13:00:00Z,269.056,135.26
2019-01-02T14:00:00Z,94.649,135.422
2019-01-02T15:00:00Z,5.237,137.423
2019-01-02T16:00:00Z,0,145.913
2019-01-02T17:00:00Z,0,145.693
2019-01-02T18:00:00Z,0,141.209
2019-01-02T19:00:00Z,0,133.689
2019-01-02T20:00:00Z,0,127.357
2019-01-02T21:00:00Z,0,123.121
2019-01-02T22:00:00Z,0,113.889
2019-01-02T23:00:00Z,0,106.702
2019-01-03T00:00:00Z,0,103.966
2019-01-03T01:00:00Z,0,102.778
2019-01-03T02:00:00Z,0,102.305
2019-01-03T03:00:00Z,0,103.481
2019-01-03T04:00:00Z,0,108.985
2019-01-03T05:00:00Z,0,119.397
2019-01-03T06:00:00Z,0,130.279
2019-01-03T07:00:00Z,11.416,137.149
2019-01-03T08:00:00Z,101.356,141.006
2019-01-03T09:00:00Z,221.129,141.888
2019-01-03T10:00:00Z,299.022,144.552
2019-01-03T11:00:00Z,301.23,144.913
2019-01-03T12:00:00Z,260.486,142.256
2019-01-03T13:00:00Z,170.419,140.022
2019-01-03T14:00:00Z,53.106,138.626
2019-01-03T15:00:00Z,2.775,141.046
2019-01-03T16:00:00Z,0,147.94
2019-01-03T17:00:00Z,0,147.831
2019-01-03T18:00:00Z,0,143.382
2019-01-03T19:00:00Z,0,135.687
2019-01-03T20:00:00Z,0,129.67
2019-01-03T21:00:00Z,0,124.726
2019-01-03T22:00:00Z,0,117.751
2019-01-03T23:00:00Z,0,110.55
2019-01-04T00:00:00Z,0,105.075
2019-01-04T01:00:00Z,0,103.872
2019-01-04T02:00:00Z,0,103.977
2019-01-04T03:00:00Z,0,105.614
2019-01-04T04:00:00Z,0,109.981
2019-01-04T05:00:00Z,0,121.077
2019-01-04T06:00:00Z,0,133.385
2019-01-04T07:00:00Z,5.549,140.189
2019-01-04T08:00:00Z,44.075,144.079
2019-01-04T09:00:00Z,97.608,145.723
2019-01-04T10:00:00Z,135.125,147.484
2019-01-04T11:00:00Z,132.351,148.493
2019-01-04T12:00:00Z,105.742,146.608
2019-01-04T13:00:00Z,62.487,143.477
2019-01-04T14:00:00Z,19.862,142.827
2019-01-04T15:00:00Z,1.324,145.576
2019-01-04T16:00:00Z,0,149.203
2019-01-04T17:00:00Z,0,147.715
2019-01-04T18:00:00Z,0,142.391
2019-01-04T19:00:00Z,0,132.737
2019-01-04T20:00:00Z,0,126.767
2019-01-04T21:00:00Z,0,123.537
2019-01-04T22:00:00Z,0,114.709
2019-01-04T23:00:00Z,0,108.545
2019-01-05T00:00:00Z,0,104.282
2019-01-05T01:00:00Z,0,101.852
2019-01-05T02:00:00Z,0,100.758
2019-01-05T03:00:00Z,0,102.433
2019-01-05T04:00:00Z,0,102.104
2019-01-05T05:00:00Z,0,103.5
2019-01-05T06:00:00Z,0,107.222
2019-01-05T07:00:00Z,4.161,114.617
2019-01-05T08:00:00Z,23.582,120.842
2019-01-05T09:00:00Z,56.559,126.365
2019-01-05T10:00:00Z,90.986,129.811
2019-01-05T11:00:00Z,103.47,130.019
2019-01-05T12:00:00Z,83.861,127.09
2019-01-05T13:00:00Z,50.001,124.258
2019-01-05T14:00:00Z,15.763,123.807
2019-01-05T15:00:00Z,0.757,125.788
2019-01-05T16:00:00Z,0,131.662
2019-01-05T17:00:00Z,0,131.316
2019-01-05T18:00:00Z,0,127.806
2019-01-05T19:00:00Z,0,119.844
2019-01-05T20:00:00Z,0,114.412
2019-01-05T21:00:00Z,0,111.879
2019-01-05T22:00:00Z,0,104.105
2019-01-05T23:00:00Z,0,97.451
2019-01-06T00:00:00Z,0,93.058
2019-01-06T01:00:00Z,0,90.164
2019-01-06T02:00:00Z,0,89.736
2019-01-06T03:00:00Z,0,89.57
2019-01-06T04:00:00Z,0,88.281
2019-01-06T05:00:00Z,0,87.462
2019-01-06T06:00:00Z,0,89.863
2019-01-06T07:00:00Z,5.044,96.164
2019-01-06T08:00:00Z,46.155,104.338
2019-01-06T09:00:00Z,109.649,111.009
2019-01-06T10:00:00Z,154.48,116.49
2019-01-06T11:00:00Z,166.523,117.636
2019-01-06T12:00:00Z,142.689,114.729
2019-01-06T13:00:00Z,90.418,113.758
2019-01-06T14:00:00Z,30.076,111.666
2019-01-06T15:00:00Z,1.702,114.868
2019-01-06T16:00:00Z,0,122.27
2019-01-06T17:00:00Z,0,124.207
2019-01-06T18:00:00Z,0,121.12
2019-01-06T19:00:00Z,0,116.221
2019-01-06T20:00:00Z,0,112.099
2019-01-06T21:00:00Z,0,111.685
2019-01-06T22:00:00Z,0,105.802
2019-01-06T23:00:00Z,0,98.883
2019-01-07T00:00:00Z,0,94.702
2019-01-07T01:00:00Z,0,93.392
2019-01-07T02:00:00Z,0,94.666
2019-01-07T03:00:00Z,0,98.755
2019-01-07T04:00:00Z,0,108.265
2019-01-07T05:00:00Z,0,127.274
2019-01-07T06:00:00Z,0,141.636
2019-01-07T07:00:00Z,4.471,147.405
2019-01-07T08:00:00Z,41.307,148.019
2019-01-07T09:00:00Z,96.467,150.631
2019-01-07T10:00:00Z,135.382,152.535
2019-01-07T11:00:00Z,144.512,151.469
2019-01-07T12:00:00Z,125.37,151.396
2019-01-07T13:00:00Z,79.718,150.383
2019-01-07T14:00:00Z,27.517,149.154
2019-01-07T15:00:00Z,2.078,150.872
2019-01-07T16:00:00Z,0,156.005
2019-01-07T17:00:00Z,0,154.483
2019-01-07T18:00:00Z,0,149.256
2019-01-07T19:00:00Z,0,142.731
2019-01-07T20:00:00Z,0,136.568
2019-01-07T21:00:00Z,0,130.656
2019-01-07T22:00:00Z,0,122.789
2019-01-07T23:00:00Z,0,114.904
2019-01-08T00:00:00Z,0,110.704
2019-01-08T01:00:00Z,0,109.479
2019-01-08T02:00:00Z,0,110.708
2019-01-08T03:00:00Z,0,114.323
2019-01-08T04:00:00Z,0,120.846
2019-01-08T05:00:00Z,0,137.201
2019-01-08T06:00:00Z,0,150.456
2019-01-08T07:00:00Z,5.538,155.855
2019-01-08T08:00:00Z,47.45,156.537
2019-01-08T09:00:00Z,114.283,157.356
2019-01-08T10:00:00Z,163.433,158.104
2019-01-08T11:00:00Z,189.612,158.311
2019-01-08T12:00:00Z,173.061,157.366
2019-01-08T13:00:00Z,112.395,155.175
2019-01-08T14:00:00Z,40.402,154.818
2019-01-08T15:00:00Z,3.084,156.768
2019-01-08T16:00:00Z,0,160.436
2019-01-08T17:00:00Z,0,159.369
2019-01-08T18:00:00Z,0,155.814
2019-01-08T19:00:00Z,0,148.243
2019-01-08T20:00:00Z,0,140.354
2019-01-08T21:00:00Z,0,133.112
2019-01-08T22:00:00Z,0,125.929
2019-01-08T23:00:00Z,0,116.616
2019-01-09T00:00:00Z,0,113.534
2019-01-09T01:00:00Z,0,112.027
2019-01-09T02:00:00Z,0,113.397
2019-01-09T03:00:00Z,0,116.588
2019-01-09T04:00:00Z,0,122.77
2019-01-09T05:00:00Z,0,137.737
2019-01-09T06:00:00Z,0,150.892
2019-01-09T07:00:00Z,4.78,156.528
2019-01-09T08:00:00Z,48.746,157.02
2019-01-09T09:00:00Z,122.4,159.733
2019-01-09T10:00:00Z,176.241,162.21
2019-01-09T11:00:00Z,176.933,160.023
2019-01-09T12:00:00Z,149.321,160.263
2019-01-09T13:00:00Z,97.618,158.91
2019-01-09T14:00:00Z,38.431,156.935
2019-01-09T15:00:00Z,3.334,157.133
2019-01-09T16:00:00Z,0,161.787
2019-01-09T17:00:00Z,0,159.938
2019-01-09T18:00:00Z,0,156.15
2019-01-09T19:00:00Z,0,146.414
2019-01-09T20:00:00Z,0,138.881
2019-01-09T21:00:00Z,0,133.169
2019-01-09T22:00:00Z,0,122.721
2019-01-09T23:00:00Z,0,117.163
2019-01-10T00:00:00Z,0,112.516
2019-01-10T01:00:00Z,0,110.449
2019-01-10T02:00:00Z,0,110.434
2019-01-10T03:00:00Z,0,112.362
2019-01-10T04:00:00Z,0,118.348
2019-01-10T05:00:00Z,0,133.434
2019-01-10T06:00:00Z,0,145.631
2019-01-10T07:00:00Z,5.532,151.618
2019-01-10T08:00:00Z,45.576,151.244
2019-01-10T09:00:00Z,101.461,153.521
2019-01-10T10:00:00Z,139.052,154.515
2019-01-10T11:00:00Z,152.316,153.993
2019-01-10T12:00:00Z,130.377,152.98
2019-01-10T13:00:00Z,83.482,150.556
2019-01-10T14:00:00Z,29.86,149.618
2019-01-10T15:00:00Z,2.389,149.716
2019-01-10T16:00:00Z,0,154.141
2019-01-10T17:00:00Z,0,152.668
2019-01-10T18:00:00Z,0,149.864
2019-01-10T19:00:00Z,0,142.814
2019-01-10T20:00:00Z,0,135.399
2019-01-10T21:00:00Z,0,131.6
2019-01-10T22:00:00Z,0,123.788
2019-01-10T23:00:00Z,0,119.211
2019-01-11T00:00:00Z,0,114.57
2019-01-11T01:00:00Z,0,113.113
2019-01-11T02:00:00Z,0,113.688
2019-01-11T03:00:00Z,0,115.684
2019-01-11T04:00:00Z,0,121.364
2019-01-11T05:00:00Z,0,138.259
2019-01-11T06:00:00Z,0,151.866
2019-01-11T07:00:00Z,5.089,157.854
2019-01-11T08:00:00Z,22.742,158.786
2019-01-11T09:00:00Z,47.997,160.323
2019-01-11T10:00:00Z,63.891,161.93
2019-01-11T11:00:00Z,71.242,160.898
2019-01-11T12:00:00Z,63.137,158.134
2019-01-11T13:00:00Z,42.469,153.57
2019-01-11T14:00:00Z,17.402,151.751
2019-01-11T15:00:00Z,1.508,151.924
2019-01-11T16:00:00Z,0,156.939
2019-01-11T17:00:00Z,0,155.158
2019-01-11T18:00:00Z,0,152.138
2019-01-11T19:00:00Z,0,142.359
2019-01-11T20:00:00Z,0,134.914
2019-01-11T21:00:00Z,0,129.602
2019-01-11T22:00:00Z,0,122.112
2019-01-11T23:00:00Z,0,114.632
2019-01-12T00:00:00Z,0,109.421
2019-01-12T01:00:00Z,0,106.099
2019-01-12T02:00:00Z,0,103.545
2019-01-12T03:00:00Z,0,102.549
2019-01-12T04:00:00Z,0,103.109
2019-01-12T05:00:00Z,0,105.499
2019-01-12T06:00:00Z,0,111.828
2019-01-12T07:00:00Z,3.832,120.194
2019-01-12T08:00:00Z,31.41,126.56
2019-01-12T09:00:00Z,70.987,131.912
2019-01-12T10:00:00Z,87.321,135.749
2019-01-12T11:00:00Z,92.598,135.527
2019-01-12T12:00:00Z,78.149,132.381
2019-01-12T13:00:00Z,49,130.006
2019-01-12T14:00:00Z,17.024,128.86
2019-01-12T15:00:00Z,1.382,131.476
2019-01-12T16:00:00Z,0,137.237
2019-01-12T17:00:00Z,0,137.156
2019-01-12T18:00:00Z,0,132.485
2019-01-12T19:00:00Z,0,124.589
2019-01-12T20:00:00Z,0,118.414
2019-01-12T21:00:00Z,0,116.281
2019-01-12T22:00:00Z,0,110.967
2019-01-12T23:00:00Z,0,103.733
2019-01-13T00:00:00Z,0,98.753
2019-01-13T01:00:00Z,0,96.23
2019-01-13T02:00:00Z,0,95.615
2019-01-13T03:00:00Z,0,95.39
2019-01-13T04:00:00Z,0,93.684
2019-01-13T05:00:00Z,0,92.094
2019-01-13T06:00:00Z,0,96.388
2019-01-13T07:00:00Z,5.34,103.831
2019-01-13T08:00:00Z,25.065,113.143
2019-01-13T09:00:00Z,54.466,120.013
2019-01-13T10:00:00Z,76.516,126.575
2019-01-13T11:00:00Z,83.74,127.225
2019-01-13T12:00:00Z,71.992,124.963
2019-01-13T13:00:00Z,45.231,122.896
2019-01-13T14:00:00Z,17.841,122.257
2019-01-13T15:00:00Z,1.382,124.1
2019-01-13T16:00:00Z,0,130.001
2019-01-13T17:00:00Z,0,132.65
2019-01-13T18:00:00Z,0,129.597
2019-01-13T19:00:00Z,0,124.089
2019-01-13T20:00:00Z,0,121.004
2019-01-13T21:00:00Z,0,120.81
2019-01-13T22:00:00Z,0,115.774
2019-01-13T23:00:00Z,0,109.975
2019-01-14T00:00:00Z,0,105.967
2019-01-14T01:00:00Z,0,104.746
2019-01-14T02:00:00Z,0,105.672
2019-01-14T03:00:00Z,0,108.513
2019-01-14T04:00:00Z,0,117.212
2019-01-14T05:00:00Z,0,135.925
2019-01-14T06:00:00Z,0,150.577
2019-01-14T07:00:00Z,14.69,156.116
2019-01-14T08:00:00Z,99.625,157.364
2019-01-14T09:00:00Z,219.779,156.067
2019-01-14T10:00:00Z,308.544,158.332
2019-01-14T11:00:00Z,329.574,157.653
2019-01-14T12:00:00Z,285.317,157.644
2019-01-14T13:00:00Z,217.77,155.449
2019-01-14T14:00:00Z,100.818,154.669
2019-01-14T15:00:00Z,10.86,155.492
2019-01-14T16:00:00Z,0,162.518
2019-01-14T17:00:00Z,0,160.59
2019-01-14T18:00:00Z,0,156.167
2019-01-14T19:00:00Z,0,147.927
2019-01-14T20:00:00Z,0,139.616
2019-01-14T21:00:00Z,0,133.595
2019-01-14T22:00:00Z,0,123.377
2019-01-14T23:00:00Z,0,118.018
2019-01-15T00:00:00Z,0,114.143
2019-01-15T01:00:00Z,0,112.568
2019-01-15T02:00:00Z,0,112.843
2019-01-15T03:00:00Z,0,114.942
2019-01-15T04:00:00Z,0,122.003
2019-01-15T05:00:00Z,0,136.386
2019-01-15T06:00:00Z,0,150.374
2019-01-15T07:00:00Z,7.901,157.202
2019-01-15T08:00:00Z,60.322,156.535
2019-01-15T09:00:00Z,126.163,158.835
2019-01-15T10:00:00Z,167.673,161.329
2019-01-15T11:00:00Z,197.835,159.587
2019-01-15T12:00:00Z,189.307,158.572
2019-01-15T13:00:00Z,138.829,156.18
2019-01-15T14:00:00Z,54.114,155.466
2019-01-15T15:00:00Z,5.016,155.171
2019-01-15T16:00:00Z,0,159.339
2019-01-15T17:00:00Z,0,157.815
2019-01-15T18:00:00Z,0,154.322
2019-01-15T19:00:00Z,0,146.745
2019-01-15T20:00:00Z,0,139.443
2019-01-15T21:00:00Z,0,132.998
2019-01-15T22:00:00Z,0,124.074
2019-01-15T23:00:00Z,0,117.245
2019-01-16T00:00:00Z,0,112.484
2019-01-16T01:00:00Z,0,110.364
2019-01-16T02:00:00Z,0,110.548
2019-01-16T03:00:00Z,0,114.549
2019-01-16T04:00:00Z,0,121.323
2019-01-16T05:00:00Z,0,136.814
2019-01-16T06:00:00Z,0,151.343
2019-01-16T07:00:00Z,18.801,155.915
2019-01-16T08:00:00Z,111.366,156.003
2019-01-16T09:00:00Z,243.79,157.101
2019-01-16T10:00:00Z,354.969,158.138
2019-01-16T11:00:00Z,401.533,157.77
2019-01-16T12:00:00Z,381.792,157.396
2019-01-16T13:00:00Z,285.341,154.511
2019-01-16T14:00:00Z,130.293,153.136
2019-01-16T15:00:00Z,17.673,154.051
2019-01-16T16:00:00Z,0,160.716
2019-01-16T17:00:00Z,0,158.925
2019-01-16T18:00:00Z,0,155.047
2019-01-16T19:00:00Z,0,145.163
2019-01-16T20:00:00Z,0,138.062
2019-01-16T21:00:00Z,0,131.987
2019-01-16T22:00:00Z,0,123.894
2019-01-16T23:00:00Z,0,117.685
2019-01-17T00:00:00Z,0,114.166
2019-01-17T01:00:00Z,0,111.606
2019-01-17T02:00:00Z,0,111.787
2019-01-17T03:00:00Z,0,115.449
2019-01-17T04:00:00Z,0,121.665
2019-01-17T05:00:00Z,0,137.32
2019-01-17T06:00:00Z,0,151.792
2019-01-17T07:00:00Z,21.172,157.114
2019-01-17T08:00:00Z,99.284,156.317
2019-01-17T09:00:00Z,176.581,157.362
2019-01-17T10:00:00Z,232.769,159.412
2019-01-17T11:00:00Z,240.411,158.794
2019-01-17T12:00:00Z,223.373,158.429
2019-01-17T13:00:00Z,170.129,156.531
2019-01-17T14:00:00Z,86.881,153.933
2019-01-17T15:00:00Z,12.277,153.309
2019-01-17T16:00:00Z,0,159.459
2019-01-17T17:00:00Z,0,159.651
2019-01-17T18:00:00Z,0,155.975
2019-01-17T19:00:00Z,0,148.374
2019-01-17T20:00:00Z,0,140.781
2019-01-17T21:00:00Z,0,134.037
2019-01-17T22:00:00Z,0,124.405
2019-01-17T23:00:00Z,0,119.711
2019-01-18T00:00:00Z,0,114.774
2019-01-18T01:00:00Z,0,111.952
2019-01-18T02:00:00Z,0,111.685
2019-01-18T03:00:00Z,0,114.038
2019-01-18T04:00:00Z,0,119.555
2019-01-18T05:00:00Z,0,134.971
2019-01-18T06:00:00Z,0,148.833
2019-01-18T07:00:00Z,22.912,153.478
2019-01-18T08:00:00Z,142.291,154.564
2019-01-18T09:00:00Z,317.885,153.641
2019-01-18T10:00:00Z,514.2,153.656
2019-01-18T11:00:00Z,624.752,151.439
2019-01-18T12:00:00Z,616.239,148.446
2019-01-18T13:00:00Z,477.078,146.21
2019-01-18T14:00:00Z,224.047,145.486
2019-01-18T15:00:00Z,28.608,144.932
2019-01-18T16:00:00Z,0,151.195
2019-01-18T17:00:00Z,0,151.052
2019-01-18T18:00:00Z,0,147.303
2019-01-18T19:00:00Z,0,138.964
2019-01-18T20:00:00Z,0,133.028
2019-01-18T21:00:00Z,0,127.71
2019-01-18T22:00:00Z,0,120.686
2019-01-18T23:00:00Z,0,113.929
2019-01-19T00:00:00Z,0,110.184
2019-01-19T01:00:00Z,0,108.053
2019-01-19T02:00:00Z,0,105.428
2019-01-19T03:00:00Z,0,104.674
2019-01-19T04:00:00Z,0,104.182
2019-01-19T05:00:00Z,0,105.561
2019-01-19T06:00:00Z,0,111.644
2019-01-19T07:00:00Z,38.182,120.387
2019-01-19T08:00:00Z,252.692,127.896
2019-01-19T09:00:00Z,528.418,130.991
2019-01-19T10:00:00Z,743.177,132.233
2019-01-19T11:00:00Z,814.722,129.444
2019-01-19T12:00:00Z,745.931,124.228
2019-01-19T13:00:00Z,539.747,120.13
2019-01-19T14:00:00Z,249.124,120.639
2019-01-19T15:00:00Z,37.619,123.894
2019-01-19T16:00:00Z,0,132.996
2019-01-19T17:00:00Z,0,134.527
2019-01-19T18:00:00Z,0,130.626
2019-01-19T19:00:00Z,0,122.069
2019-01-19T20:00:00Z,0,116.238
2019-01-19T21:00:00Z,0,114.712
2019-01-19T22:00:00Z,0,110.607
2019-01-19T23:00:00Z,0,105.388
2019-01-20T00:00:00Z,0,101.134
2019-01-20T01:00:00Z,0,98.755
2019-01-20T02:00:00Z,0,97.376
2019-01-20T03:00:00Z,0,96.523
2019-01-20T04:00:00Z,0,95.367
2019-01-20T05:00:00Z,0,93.817
2019-01-20T06:00:00Z,0,97.37
2019-01-20T07:00:00Z,35.611,104.592
2019-01-20T08:00:00Z,230.63,112.783
2019-01-20T09:00:00Z,468.519,116.74
2019-01-20T10:00:00Z,635.499,120.154
2019-01-20T11:00:00Z,683.627,119.934
2019-01-20T12:00:00Z,622.231,116.603
2019-01-20T13:00:00Z,446.051,112.54
2019-01-20T14:00:00Z,199.399,111.353
2019-01-20T15:00:00Z,27.6,114.853
2019-01-20T16:00:00Z,0,125.615
2019-01-20T17:00:00Z,0,129.591
2019-01-20T18:00:00Z,0,127.026
2019-01-20T19:00:00Z,0,121.496
2019-01-20T20:00:00Z,0,117.369
2019-01-20T21:00:00Z,0,119.117
2019-01-20T22:00:00Z,0,113.711
2019-01-20T23:00:00Z,0,111.082
2019-01-21T00:00:00Z,0,106.576
2019-01-21T01:00:00Z,0,104.686
2019-01-21T02:00:00Z,0,105.041
2019-01-21T03:00:00Z,0,107.942
2019-01-21T04:00:00Z,0,116.505
2019-01-21T05:00:00Z,0,135.132
2019-01-21T06:00:00Z,0,149.983
2019-01-21T07:00:00Z,25.267,153.423
2019-01-21T08:00:00Z,181.062,154.744
2019-01-21T09:00:00Z,403.277,155.857
2019-01-21T10:00:00Z,590.906,156.56
2019-01-21T11:00:00Z,670.711,154.151
2019-01-21T12:00:00Z,627.994,153.63
2019-01-21T13:00:00Z,471.887,150.892
2019-01-21T14:00:00Z,228.032,148.656
2019-01-21T15:00:00Z,35.337,149.053
2019-01-21T16:00:00Z,0,155.729
2019-01-21T17:00:00Z,0,157.244
2019-01-21T18:00:00Z,0,154.842
2019-01-21T19:00:00Z,0,147.946
2019-01-21T20:00:00Z,0,141.053
2019-01-21T21:00:00Z,0,136.271
2019-01-21T22:00:00Z,0,128.721
2019-01-21T23:00:00Z,0,122.21
2019-01-22T00:00:00Z,0,119.265
2019-01-22T01:00:00Z,0,116.366
2019-01-22T02:00:00Z,0,114.949
2019-01-22T03:00:00Z,0,116.528
2019-01-22T04:00:00Z,0,123.234
2019-01-22T05:00:00Z,0,139.505
2019-01-22T06:00:00Z,0.062,152.82
2019-01-22T07:00:00Z,23.183,157.696
2019-01-22T08:00:00Z,158.654,159.273
2019-01-22T09:00:00Z,315.622,159.837
2019-01-22T10:00:00Z,437.346,160.838
2019-01-22T11:00:00Z,488.961,160.504
2019-01-22T12:00:00Z,450.531,159.609
2019-01-22T13:00:00Z,314.434,158.625
2019-01-22T14:00:00Z,137.596,157.101
2019-01-22T15:00:00Z,19.246,155.579
2019-01-22T16:00:00Z,0,161.753
2019-01-22T17:00:00Z,0,162.34
2019-01-22T18:00:00Z,0,159.624
2019-01-22T19:00:00Z,0,151.046
2019-01-22T20:00:00Z,0,143.31
2019-01-22T21:00:00Z,0,137.688
2019-01-22T22:00:00Z,0,130.134
2019-01-22T23:00:00Z,0,124.995
2019-01-23T00:00:00Z,0,120.707
2019-01-23T01:00:00Z,0,118.925
2019-01-23T02:00:00Z,0,118.067
2019-01-23T03:00:00Z,0,118.683
2019-01-23T04:00:00Z,0,125.763
2019-01-23T05:00:00Z,0,141.439
2019-01-23T06:00:00Z,0.062,155.419
2019-01-23T07:00:00Z,21.853,159.307
2019-01-23T08:00:00Z,121.189,160.821
2019-01-23T09:00:00Z,242.253,162.214
2019-01-23T10:00:00Z,329.976,162.413
2019-01-23T11:00:00Z,350.704,161.55
2019-01-23T12:00:00Z,300.943,159.705
2019-01-23T13:00:00Z,211.534,157.824
2019-01-23T14:00:00Z,95.59,155.919
2019-01-23T15:00:00Z,13.986,155.231
2019-01-23T16:00:00Z,0,161.225
2019-01-23T17:00:00Z,0,160.483
2019-01-23T18:00:00Z,0,157.366
2019-01-23T19:00:00Z,0,149.667
2019-01-23T20:00:00Z,0,142.624
2019-01-23T21:00:00Z,0,138.169
2019-01-23T22:00:00Z,0,129.86
2019-01-23T23:00:00Z,0,124.516
2019-01-24T00:00:00Z,0,120.237
2019-01-24T01:00:00Z,0,117.309
2019-01-24T02:00:00Z,0,117.274
2019-01-24T03:00:00Z,0,118.514
2019-01-24T04:00:00Z,0,124.095
2019-01-24T05:00:00Z,0,139.095
2019-01-24T06:00:00Z,0.062,152.326
2019-01-24T07:00:00Z,10.229,156.772
2019-01-24T08:00:00Z,56.199,158.001
2019-01-24T09:00:00Z,123.313,159.609
2019-01-24T10:00:00Z,178.015,160.015
2019-01-24T11:00:00Z,198.723,158.681
2019-01-24T12:00:00Z,169.72,157.995
2019-01-24T13:00:00Z,112.523,156.233
2019-01-24T14:00:00Z,47.716,155.374
2019-01-24T15:00:00Z,8.545,154.628
2019-01-24T16:00:00Z,0.125,158.3
2019-01-24T17:00:00Z,0,158.474
2019-01-24T18:00:00Z,0,155.25
2019-01-24T19:00:00Z,0,147.177
2019-01-24T20:00:00Z,0,140.597
2019-01-24T21:00:00Z,0,135.232
2019-01-24T22:00:00Z,0,127.494
2019-01-24T23:00:00Z,0,122.396
2019-01-25T00:00:00Z,0,118.878
2019-01-25T01:00:00Z,0,116.58
2019-01-25T02:00:00Z,0,114.955
2019-01-25T03:00:00Z,0,116.599
2019-01-25T04:00:00Z,0,123.048
2019-01-25T05:00:00Z,0,138.434
2019-01-25T06:00:00Z,0.062,150.607
2019-01-25T07:00:00Z,11.09,155.661
2019-01-25T08:00:00Z,52.272,157.89
2019-01-25T09:00:00Z,116.444,159.998
2019-01-25T10:00:00Z,180.802,159.564
2019-01-25T11:00:00Z,211.705,158.64
2019-01-25T12:00:00Z,197.437,155.528
2019-01-25T13:00:00Z,146.972,152.989
2019-01-25T14:00:00Z,76.57,150.635
2019-01-25T15:00:00Z,17.819,149.812
2019-01-25T16:00:00Z,0.374,156.206
2019-01-25T17:00:00Z,0,156.941
2019-01-25T18:00:00Z,0,153.705
2019-01-25T19:00:00Z,0,144.385
2019-01-25T20:00:00Z,0,137.771
2019-01-25T21:00:00Z,0,134.484
2019-01-25T22:00:00Z,0,127.727
2019-01-25T23:00:00Z,0,121.464
2019-01-26T00:00:00Z,0,116.554
2019-01-26T01:00:00Z,0,113.134
2019-01-26T02:00:00Z,0,111.736
2019-01-26T03:00:00Z,0,111.182
2019-01-26T04:00:00Z,0,110.633
2019-01-26T05:00:00Z,0,111.92
2019-01-26T06:00:00Z,0.125,118.628
2019-01-26T07:00:00Z,7.725,126.19
2019-01-26T08:00:00Z,33.764,133.464
2019-01-26T09:00:00Z,69.21,137.258
2019-01-26T10:00:00Z,107.521,138.257
2019-01-26T11:00:00Z,137.672,136.726
2019-01-26T12:00:00Z,150.006,131.953
2019-01-26T13:00:00Z,126.77,129.414
2019-01-26T14:00:00Z,68.649,128.033
2019-01-26T15:00:00Z,16.695,128.328
2019-01-26T16:00:00Z,0.311,135.055
2019-01-26T17:00:00Z,0,136.459
2019-01-26T18:00:00Z,0,131.795
2019-01-26T19:00:00Z,0,124.072
2019-01-26T20:00:00Z,0,120.167
2019-01-26T21:00:00Z,0,117.999
2019-01-26T22:00:00Z,0,111.247
2019-01-26T23:00:00Z,0,106.193
2019-01-27T00:00:00Z,0,101.963
2019-01-27T01:00:00Z,0,98.547
2019-01-27T02:00:00Z,0,97.727
2019-01-27T03:00:00Z,0,98.203
2019-01-27T04:00:00Z,0,97.188
2019-01-27T05:00:00Z,0,95.553
2019-01-27T06:00:00Z,0.125,100.161
2019-01-27T07:00:00Z,17.068,105.36
2019-01-27T08:00:00Z,83.659,112.897
2019-01-27T09:00:00Z,157.475,117.285
2019-01-27T10:00:00Z,230.233,122.593
2019-01-27T11:00:00Z,283.368,122.578
2019-01-27T12:00:00Z,301.62,117.73
2019-01-27T13:00:00Z,251.91,115.141
2019-01-27T14:00:00Z,133.742,113.782
2019-01-27T15:00:00Z,32.89,115.054
2019-01-27T16:00:00Z,0.498,122.92
2019-01-27T17:00:00Z,0,126.449
2019-01-27T18:00:00Z,0,124.655
2019-01-27T19:00:00Z,0,120.128
2019-01-27T20:00:00Z,0,116.674
2019-01-27T21:00:00Z,0,117.347
2019-01-27T22:00:00Z,0,111.157
2019-01-27T23:00:00Z,0,106.187
2019-01-28T00:00:00Z,0,102.799
2019-01-28T01:00:00Z,0,101.826
2019-01-28T02:00:00Z,0,103.158
2019-01-28T03:00:00Z,0,106.826
2019-01-28T04:00:00Z,0,114.265
2019-01-28T05:00:00Z,0,132.605
2019-01-28T06:00:00Z,0.124,148.342
2019-01-28T07:00:00Z,24.754,153.42
2019-01-28T08:00:00Z,110.897,155.447
2019-01-28T09:00:00Z,211.656,157.069
2019-01-28T10:00:00Z,294.066,158.1
2019-01-28T11:00:00Z,318.51,158.792
2019-01-28T12:00:00Z,260.542,158.846
2019-01-28T13:00:00Z,181.739,156.982
2019-01-28T14:00:00Z,90.87,155.222
2019-01-28T15:00:00Z,22.329,153.816
2019-01-28T16:00:00Z,0.746,158.016
2019-01-28T17:00:00Z,0,157.591
2019-01-28T18:00:00Z,0,153.745
2019-01-28T19:00:00Z,0,145.253
2019-01-28T20:00:00Z,0,137.735
2019-01-28T21:00:00Z,0,132.767
2019-01-28T22:00:00Z,0,124.014
2019-01-28T23:00:00Z,0,117.612
2019-01-29T00:00:00Z,0,113.762
2019-01-29T01:00:00Z,0,111.73
2019-01-29T02:00:00Z,0,112.055
2019-01-29T03:00:00Z,0,114.617
2019-01-29T04:00:00Z,0,121.526
2019-01-29T05:00:00Z,0,138.101
2019-01-29T06:00:00Z,0.186,150.937
2019-01-29T07:00:00Z,22.853,154.895
2019-01-29T08:00:00Z,102.776,156.676
2019-01-29T09:00:00Z,225.921,156.37
2019-01-29T10:00:00Z,366.702,157.356
2019-01-29T11:00:00Z,441.16,155.22
2019-01-29T12:00:00Z,444.576,153.931
2019-01-29T13:00:00Z,356.828,151.875
2019-01-29T14:00:00Z,209.65,150.404
2019-01-29T15:00:00Z,60.734,147.583
2019-01-29T16:00:00Z,1.428,152.95
2019-01-29T17:00:00Z,0,155.374
2019-01-29T18:00:00Z,0,152.946
2019-01-29T19:00:00Z,0,145.791
2019-01-29T20:00:00Z,0,136.912
2019-01-29T21:00:00Z,0,131.391
2019-01-29T22:00:00Z,0,123.112
2019-01-29T23:00:00Z,0,118.112
2019-01-30T00:00:00Z,0,114.827
2019-01-30T01:00:00Z,0,113.074
2019-01-30T02:00:00Z,0,113.19
2019-01-30T03:00:00Z,0,115.293
2019-01-30T04:00:00Z,0,122.58
2019-01-30T05:00:00Z,0,138.139
2019-01-30T06:00:00Z,0.31,149.605
2019-01-30T07:00:00Z,41.054,153.125
2019-01-30T08:00:00Z,153.938,152.931
2019-01-30T09:00:00Z,272.086,155.526
2019-01-30T10:00:00Z,395.31,157.317
2019-01-30T11:00:00Z,463.177,157.026
2019-01-30T12:00:00Z,382.493,157.95
2019-01-30T13:00:00Z,247.998,155.225
2019-01-30T14:00:00Z,120.315,152.315
2019-01-30T15:00:00Z,23.654,150.466
2019-01-30T16:00:00Z,0.186,155.237
2019-01-30T17:00:00Z,0,156.34
2019-01-30T18:00:00Z,0,153.395
2019-01-30T19:00:00Z,0,144.652
2019-01-30T20:00:00Z,0,137.799
2019-01-30T21:00:00Z,0,132.656
2019-01-30T22:00:00Z,0,124.13
2019-01-30T23:00:00Z,0,118.604
2019-01-31T00:00:00Z,0,114.671
2019-01-31T01:00:00Z,0,112.324
2019-01-31T02:00:00Z,0,111.879
2019-01-31T03:00:00Z,0,114.237
2019-01-31T04:00:00Z,0,120.429
2019-01-31T05:00:00Z,0,135.578
2019-01-31T06:00:00Z,0.432,148.769
2019-01-31T07:00:00Z,61.282,152.747
2019-01-31T08:00:00Z,240.439,153.262
2019-01-31T09:00:00Z,432.248,154.47
2019-01-31T10:00:00Z,572.093,154.393
2019-01-31T11:00:00Z,636.029,153.506
2019-01-31T12:00:00Z,616.897,152.448
2019-01-31T13:00:00Z,483.594,150.037
2019-01-31T14:00:00Z,259.818,148.342
2019-01-31T15:00:00Z,57.58,147.715
2019-01-31T16:00:00Z,0.494,154.235
2019-01-31T17:00:00Z,0,155.953
2019-01-31T18:00:00Z,0,153.258
2019-01-31T19:00:00Z,0,145.8
2019-01-31T20:00:00Z,0,138.246
2019-01-31T21:00:00Z,0,133.866
2019-01-31T22:00:00Z,0,126.22
2019-01-31T23:00:00Z,0,120.712
2019-02-01T00:00:00Z,0,117.336
2019-02-01T01:00:00Z,0,116.189
2019-02-01T02:00:00Z,0,116.184
2019-02-01T03:00:00Z,0,117.845
2019-02-01T04:00:00Z,0,124.258
2019-02-01T05:00:00Z,0,138.158
2019-02-01T06:00:00Z,0.37,151.041
2019-02-01T07:00:00Z,29.806,156.135
2019-02-01T08:00:00Z,88.37,158.318
2019-02-01T09:00:00Z,149.833,160.211
2019-02-01T10:00:00Z,194.697,160.218
2019-02-01T11:00:00Z,220.554,157.52
2019-02-01T12:00:00Z,230.181,153.886
2019-02-01T13:00:00Z,201.485,149.464
2019-02-01T14:00:00Z,114.35,147.132
2019-02-01T15:00:00Z,27.091,145.945
2019-02-01T16:00:00Z,0.247,150.8
2019-02-01T17:00:00Z,0,151.901
2019-02-01T18:00:00Z,0,148.895
2019-02-01T19:00:00Z,0,140.512
2019-02-01T20:00:00Z,0,131.97
2019-02-01T21:00:00Z,0,127.451
2019-02-01T22:00:00Z,0,118.151
2019-02-01T23:00:00Z,0,111.569
2019-02-02T00:00:00Z,0,107.476
2019-02-02T01:00:00Z,0,104.242
2019-02-02T02:00:00Z,0,103.633
2019-02-02T03:00:00Z,0,103.618
2019-02-02T04:00:00Z,0,103.483
2019-02-02T05:00:00Z,0,105.176
2019-02-02T06:00:00Z,0.555,111.787
2019-02-02T07:00:00Z,14.811,120.186
2019-02-02T08:00:00Z,60.538,128.176
2019-02-02T09:00:00Z,115.522,131.635
2019-02-02T10:00:00Z,187.353,133.49
2019-02-02T11:00:00Z,229.255,131.25
2019-02-02T12:00:00Z,262.764,125.996
2019-02-02T13:00:00Z,220.122,123.052
2019-02-02T14:00:00Z,116.88,121.338
2019-02-02T15:00:00Z,28.202,122.319
2019-02-02T16:00:00Z,0.247,129.895
2019-02-02T17:00:00Z,0,133.531
2019-02-02T18:00:00Z,0,128.783
2019-02-02T19:00:00Z,0,121.338
2019-02-02T20:00:00Z,0,115.081
2019-02-02T21:00:00Z,0,113.273
2019-02-02T22:00:00Z,0,108.357
2019-02-02T23:00:00Z,0,103.754
2019-02-03T00:00:00Z,0,99.687
2019-02-03T01:00:00Z,0,96.81
2019-02-03T02:00:00Z,0,95.476
2019-02-03T03:00:00Z,0,95.89
2019-02-03T04:00:00Z,0,95.067
2019-02-03T05:00:00Z,0,94.255
2019-02-03T06:00:00Z,0.432,97.233
2019-02-03T07:00:00Z,13.7,104.877
2019-02-03T08:00:00Z,71.955,113.478
2019-02-03T09:00:00Z,154.091,118.448
2019-02-03T10:00:00Z,226.972,122.689
2019-02-03T11:00:00Z,236.228,122.161
2019-02-03T12:00:00Z,211.976,118.065
2019-02-03T13:00:00Z,166.495,115.135
2019-02-03T14:00:00Z,97.503,113.626
2019-02-03T15:00:00Z,28.51,113.927
2019-02-03T16:00:00Z,0.864,121.977
2019-02-03T17:00:00Z,0,129.369
2019-02-03T18:00:00Z,0,127.483
2019-02-03T19:00:00Z,0,121.977
2019-02-03T20:00:00Z,0,117.127
2019-02-03T21:00:00Z,0,117.106
2019-02-03T22:00:00Z,0,112.55
2019-02-03T23:00:00Z,0,107.837
2019-02-04T00:00:00Z,0,105.187
2019-02-04T01:00:00Z,0,104.483
2019-02-04T02:00:00Z,0,104.646
2019-02-04T03:00:00Z,0,108.079
2019-02-04T04:00:00Z,0,116.509
2019-02-04T05:00:00Z,0,133.413
2019-02-04T06:00:00Z,0.74,148.84
2019-02-04T07:00:00Z,62.071,152.435
2019-02-04T08:00:00Z,243.47,153.519
2019-02-04T09:00:00Z,436.161,153.715
2019-02-04T10:00:00Z,593.373,154.256
2019-02-04T11:00:00Z,680.803,153.113
2019-02-04T12:00:00Z,642.734,151.978
2019-02-04T13:00:00Z,484.781,149.485
2019-02-04T14:00:00Z,270.557,148.611
2019-02-04T15:00:00Z,75.089,149.135
2019-02-04T16:00:00Z,1.666,155.19
2019-02-04T17:00:00Z,0,159.754
2019-02-04T18:00:00Z,0,155.622
2019-02-04T19:00:00Z,0,146.738
2019-02-04T20:00:00Z,0,138.145
2019-02-04T21:00:00Z,0,133.265
2019-02-04T22:00:00Z,0,126.34
2019-02-04T23:00:00Z,0,120.235
2019-02-05T00:00:00Z,0,115.795
2019-02-05T01:00:00Z,0,113.429
2019-02-05T02:00:00Z,0,114.036
2019-02-05T03:00:00Z,0,115.834
2019-02-05T04:00:00Z,0,121.293
2019-02-05T05:00:00Z,0,137.942
2019-02-05T06:00:00Z,0.925,152.305
2019-02-05T07:00:00Z,41.646,156.607
2019-02-05T08:00:00Z,158.934,157.894
2019-02-05T09:00:00Z,272.89,159.53
2019-02-05T10:00:00Z,352.665,159.215
2019-02-05T11:00:00Z,393.263,158.1
2019-02-05T12:00:00Z,383.638,155.776
2019-02-05T13:00:00Z,318.361,153.294
2019-02-05T14:00:00Z,188.549,151.005
2019-02-05T15:00:00Z,61.266,148.669
2019-02-05T16:00:00Z,2.591,154.688
2019-02-05T17:00:00Z,0,158.14
2019-02-05T18:00:00Z,0,154.765
2019-02-05T19:00:00Z,0,146.811
2019-02-05T20:00:00Z,0,139.992
2019-02-05T21:00:00Z,0,133.439
2019-02-05T22:00:00Z,0,124.305
2019-02-05T23:00:00Z,0,117.649
2019-02-06T00:00:00Z,0,113.431
2019-02-06T01:00:00Z,0,111.608
2019-02-06T02:00:00Z,0,113.217
2019-02-06T03:00:00Z,0,116.285
2019-02-06T04:00:00Z,0,123.785
2019-02-06T05:00:00Z,0,138.727
2019-02-06T06:00:00Z,1.234,150.528
2019-02-06T07:00:00Z,67.802,153.906
2019-02-06T08:00:00Z,242.273,154.166
2019-02-06T09:00:00Z,424.27,154.816
2019-02-06T10:00:00Z,561.91,155.804
2019-02-06T11:00:00Z,622.247,154.992
2019-02-06T12:00:00Z,594.608,153.243
2019-02-06T13:00:00Z,476.896,149.945
2019-02-06T14:00:00Z,289.345,147.647
2019-02-06T15:00:00Z,86.495,146.516
2019-02-06T16:00:00Z,3.887,153.222
2019-02-06T17:00:00Z,0,157.854
2019-02-06T18:00:00Z,0,155.509
2019-02-06T19:00:00Z,0,147.797
2019-02-06T20:00:00Z,0,138.847
2019-02-06T21:00:00Z,0,131.726
2019-02-06T22:00:00Z,0,124.335
2019-02-06T23:00:00Z,0,115.883
2019-02-07T00:00:00Z,0,111.764
2019-02-07T01:00:00Z,0,109.391
2019-02-07T02:00:00Z,0,111.315
2019-02-07T03:00:00Z,0,114.744
2019-02-07T04:00:00Z,0,122.221
2019-02-07T05:00:00Z,0,137.761
2019-02-07T06:00:00Z,1.296,152.018
2019-02-07T07:00:00Z,37.879,158.134
2019-02-07T08:00:00Z,120.916,159.961
2019-02-07T09:00:00Z,209.505,161.52
2019-02-07T10:00:00Z,288.655,163.118
2019-02-07T11:00:00Z,326.41,162.125
2019-02-07T12:00:00Z,300.932,159.78
2019-02-07T13:00:00Z,231.158,156.21
2019-02-07T14:00:00Z,141.952,152.803
2019-02-07T15:00:00Z,46.207,150.853
2019-02-07T16:00:00Z,2.159,155.673
2019-02-07T17:00:00Z,0,160.438
2019-02-07T18:00:00Z,0,155.346
2019-02-07T19:00:00Z,0,146.542
2019-02-07T20:00:00Z,0,138.637
2019-02-07T21:00:00Z,0,134.403
2019-02-07T22:00:00Z,0,126.092
2019-02-07T23:00:00Z,0,120.256
2019-02-08T00:00:00Z,0,115.962
2019-02-08T01:00:00Z,0,114.062
2019-02-08T02:00:00Z,0,114.22
2019-02-08T03:00:00Z,0,115.682
2019-02-08T04:00:00Z,0,121.714
2019-02-08T05:00:00Z,0,136.938
2019-02-08T06:00:00Z,2.036,152.125
2019-02-08T07:00:00Z,76.98,155.34
2019-02-08T08:00:00Z,274.365,154.91
2019-02-08T09:00:00Z,471.503,155.043
2019-02-08T10:00:00Z,617.012,155.366
2019-02-08T11:00:00Z,645.941,154.485
2019-02-08T12:00:00Z,588.823,151.315
2019-02-08T13:00:00Z,447.693,147.891
2019-02-08T14:00:00Z,243.092,146.531
2019-02-08T15:00:00Z,59.647,145.304
2019-02-08T16:00:00Z,1.172,150.229
2019-02-08T17:00:00Z,0,152.986
2019-02-08T18:00:00Z,0,149.209
2019-02-08T19:00:00Z,0,141.745
2019-02-08T20:00:00Z,0,133.911
2019-02-08T21:00:00Z,0,130.544
2019-02-08T22:00:00Z,0,123.552
2019-02-08T23:00:00Z,0,115.99
2019-02-09T00:00:00Z,0,111.251
2019-02-09T01:00:00Z,0,108.374
2019-02-09T02:00:00Z,0,107.957
2019-02-09T03:00:00Z,0,108.53
2019-02-09T04:00:00Z,0,108.183
2019-02-09T05:00:00Z,0,109.879
2019-02-09T06:00:00Z,1.727,115.84
2019-02-09T07:00:00Z,69.143,123.751
2019-02-09T08:00:00Z,265.163,129.619
2019-02-09T09:00:00Z,513.117,132.928
2019-02-09T10:00:00Z,658.744,136.933
2019-02-09T11:00:00Z,657.079,135.106
2019-02-09T12:00:00Z,591.204,131.045
2019-02-09T13:00:00Z,461.861,128.084
2019-02-09T14:00:00Z,248.509,126.31
2019-02-09T15:00:00Z,68.465,124.617
2019-02-09T16:00:00Z,2.097,130.38
2019-02-09T17:00:00Z,0,135.843
2019-02-09T18:00:00Z,0,130.444
2019-02-09T19:00:00Z,0,123.533
2019-02-09T20:00:00Z,0,117.681
2019-02-09T21:00:00Z,0,115.904
2019-02-09T22:00:00Z,0,108.709
2019-02-09T23:00:00Z,0,99.541
2019-02-10T00:00:00Z,0,94.505
2019-02-10T01:00:00Z,0,94.268
2019-02-10T02:00:00Z,0,94.23
2019-02-10T03:00:00Z,0,94.281
2019-02-10T04:00:00Z,0,93.317
2019-02-10T05:00:00Z,0,92.368
2019-02-10T06:00:00Z,2.344,96.491
2019-02-10T07:00:00Z,52.243,103.801
2019-02-10T08:00:00Z,134.586,111.088
2019-02-10T09:00:00Z,209.342,116.366
2019-02-10T10:00:00Z,287.306,122.24
2019-02-10T11:00:00Z,299.21,123.334
2019-02-10T12:00:00Z,260.907,118.241
2019-02-10T13:00:00Z,198.302,115.825
2019-02-10T14:00:00Z,93.384,114.575
2019-02-10T15:00:00Z,24.672,115.126
2019-02-10T16:00:00Z,0.864,121.742
2019-02-10T17:00:00Z,0,127.872
2019-02-10T18:00:00Z,0,126.111
2019-02-10T19:00:00Z,0,120.346
2019-02-10T20:00:00Z,0,117.296
2019-02-10T21:00:00Z,0,117.569
2019-02-10T22:00:00Z,0,111.584
2019-02-10T23:00:00Z,0,107.647
2019-02-11T00:00:00Z,0,103.761
2019-02-11T01:00:00Z,0,103.006
2019-02-11T02:00:00Z,0,104.556
2019-02-11T03:00:00Z,0,108.154
2019-02-11T04:00:00Z,0,116.815
2019-02-11T05:00:00Z,0,134.366
2019-02-11T06:00:00Z,1.542,149.716
2019-02-11T07:00:00Z,40.336,155.391
2019-02-11T08:00:00Z,156.103,156.975
2019-02-11T09:00:00Z,282.539,158.98
2019-02-11T10:00:00Z,368.146,162.971
2019-02-11T11:00:00Z,432.228,161.701
2019-02-11T12:00:00Z,444.81,159.309
2019-02-11T13:00:00Z,390.411,156.781
2019-02-11T14:00:00Z,264.53,154.299
2019-02-11T15:00:00Z,87.827,150.99
2019-02-11T16:00:00Z,4.564,154.558
2019-02-11T17:00:00Z,0,158.846
2019-02-11T18:00:00Z,0,156.77
2019-02-11T19:00:00Z,0,146.798
2019-02-11T20:00:00Z,0,140.413
2019-02-11T21:00:00Z,0,133.911
2019-02-11T22:00:00Z,0,123.924
2019-02-11T23:00:00Z,0,117.725
2019-02-12T00:00:00Z,0,114.455
2019-02-12T01:00:00Z,0,110.84
2019-02-12T02:00:00Z,0,111.768
2019-02-12T03:00:00Z,0,114.308
2019-02-12T04:00:00Z,0,120.65
2019-02-12T05:00:00Z,0,136.091
2019-02-12T06:00:00Z,2.467,148.739
2019-02-12T07:00:00Z,57.718,153.136
2019-02-12T08:00:00Z,198.129,153.117
2019-02-12T09:00:00Z,370.976,154.547
2019-02-12T10:00:00Z,473.895,158.818
2019-02-12T11:00:00Z,507.626,158.271
2019-02-12T12:00:00Z,475.56,155.425
2019-02-12T13:00:00Z,403.227,152.29
2019-02-12T14:00:00Z,274.656,149.502
2019-02-12T15:00:00Z,101.562,147.393
2019-02-12T16:00:00Z,7.4,150.347
2019-02-12T17:00:00Z,0,155.346
2019-02-12T18:00:00Z,0,152.052
2019-02-12T19:00:00Z,0,144.832
2019-02-12T20:00:00Z,0,136.134
2019-02-12T21:00:00Z,0,131.329
2019-02-12T22:00:00Z,0,124.256
2019-02-12T23:00:00Z,0,117.311
2019-02-13T00:00:00Z,0,113.805
2019-02-13T01:00:00Z,0,112.801
2019-02-13T02:00:00Z,0,113.871
2019-02-13T03:00:00Z,0,115.793
2019-02-13T04:00:00Z,0,121.836
2019-02-13T05:00:00Z,0,139.757
2019-02-13T06:00:00Z,5.487,152.354
2019-02-13T07:00:00Z,118.002,155.402
2019-02-13T08:00:00Z,352.219,154.932
2019-02-13T09:00:00Z,590.999,157.082
2019-02-13T10:00:00Z,737.916,156.926
2019-02-13T11:00:00Z,785.882,153.739
2019-02-13T12:00:00Z,736.991,151.27
2019-02-13T13:00:00Z,599.075,149.088
2019-02-13T14:00:00Z,373.366,148.581
2019-02-13T15:00:00Z,133.354,146.674
2019-02-13T16:00:00Z,11.652,150.654
2019-02-13T17:00:00Z,0,156.742
2019-02-13T18:00:00Z,0,154.107
2019-02-13T19:00:00Z,0,145.824
2019-02-13T20:00:00Z,0,139.001
2019-02-13T21:00:00Z,0,132.733
2019-02-13T22:00:00Z,0,123.23
2019-02-13T23:00:00Z,0,115.686
2019-02-14T00:00:00Z,0,111.189
2019-02-14T01:00:00Z,0,109.624
2019-02-14T02:00:00Z,0,109.793
2019-02-14T03:00:00Z,0,112.681
2019-02-14T04:00:00Z,0,121.387
2019-02-14T05:00:00Z,0,138.222
2019-02-14T06:00:00Z,7.398,149.977
2019-02-14T07:00:00Z,147.087,152.815
2019-02-14T08:00:00Z,433.803,151.839
2019-02-14T09:00:00Z,731.614,150.934
2019-02-14T10:00:00Z,1009.083,150.729
2019-02-14T11:00:00Z,1129.415,149.045
2019-02-14T12:00:00Z,1102.538,146.989
2019-02-14T13:00:00Z,920.99,144.74
2019-02-14T14:00:00Z,611.405,143.38
2019-02-14T15:00:00Z,235.426,141.784
2019-02-14T16:00:00Z,18.124,145.672
2019-02-14T17:00:00Z,0,153.1
2019-02-14T18:00:00Z,0,150.274
2019-02-14T19:00:00Z,0,142.282
2019-02-14T20:00:00Z,0,135.999
2019-02-14T21:00:00Z,0,130.694
2019-02-14T22:00:00Z,0,122.783
2019-02-14T23:00:00Z,0,116.05
2019-02-15T00:00:00Z,0,112.339
2019-02-15T01:00:00Z,0,110.362
2019-02-15T02:00:00Z,0,111.289
2019-02-15T03:00:00Z,0,113.666
2019-02-15T04:00:00Z,0,121.447
2019-02-15T05:00:00Z,0,137.034
2019-02-15T06:00:00Z,15.285,148.767
2019-02-15T07:00:00Z,255.968,150.89
2019-02-15T08:00:00Z,682.171,150.402
2019-02-15T09:00:00Z,1037.864,151.501
2019-02-15T10:00:00Z,1254.694,150.663
2019-02-15T11:00:00Z,1317.623,146.617
2019-02-15T12:00:00Z,1241.628,142.728
2019-02-15T13:00:00Z,1022.209,138.415
2019-02-15T14:00:00Z,678.103,137.126
2019-02-15T15:00:00Z,266.878,136.767
2019-02-15T16:00:00Z,22.065,141.826
2019-02-15T17:00:00Z,0,149.864
2019-02-15T18:00:00Z,0,147.645
2019-02-15T19:00:00Z,0,139.432
2019-02-15T20:00:00Z,0,131.6
2019-02-15T21:00:00Z,0,126.513
2019-02-15T22:00:00Z,0,117.495
2019-02-15T23:00:00Z,0,109.289
2019-02-16T00:00:00Z,0,104.712
2019-02-16T01:00:00Z,0,102.553
2019-02-16T02:00:00Z,0,102.669
2019-02-16T03:00:00Z,0,101.967
2019-02-16T04:00:00Z,0,101.775
2019-02-16T05:00:00Z,0,104.941
2019-02-16T06:00:00Z,17.565,111.648
2019-02-16T07:00:00Z,277.411,119.76
2019-02-16T08:00:00Z,704.777,123.54
2019-02-16T09:00:00Z,1059.291,124.961
2019-02-16T10:00:00Z,1273.898,125.074
2019-02-16T11:00:00Z,1327.951,123.681
2019-02-16T12:00:00Z,1240.555,119.166
2019-02-16T13:00:00Z,1019.168,115.428
2019-02-16T14:00:00Z,669.584,112.245
2019-02-16T15:00:00Z,262.619,112.858
2019-02-16T16:00:00Z,21.079,121
2019-02-16T17:00:00Z,0,130.814
2019-02-16T18:00:00Z,0,127.793
2019-02-16T19:00:00Z,0,121.27
2019-02-16T20:00:00Z,0,115.225
2019-02-16T21:00:00Z,0,111.018
2019-02-16T22:00:00Z,0,105.024
2019-02-16T23:00:00Z,0,97.861
2019-02-17T00:00:00Z,0,92.507
2019-02-17T01:00:00Z,0,91.228
2019-02-17T02:00:00Z,0,91.004
2019-02-17T03:00:00Z,0,91.042
2019-02-17T04:00:00Z,0,90.47
2019-02-17T05:00:00Z,0,89.561
2019-02-17T06:00:00Z,22.003,92.404
2019-02-17T07:00:00Z,269.831,99.977
2019-02-17T08:00:00Z,650.663,106.619
2019-02-17T09:00:00Z,984.9,111.17
2019-02-17T10:00:00Z,1196.055,114.927
2019-02-17T11:00:00Z,1264.715,112.764
2019-02-17T12:00:00Z,1186.626,107.722
2019-02-17T13:00:00Z,983.79,104.321
2019-02-17T14:00:00Z,655.47,102.115
2019-02-17T15:00:00Z,269.892,102.85
2019-02-17T16:00:00Z,28.29,111.858
2019-02-17T17:00:00Z,0,124.025
2019-02-17T18:00:00Z,0,122.67
2019-02-17T19:00:00Z,0,116.379
2019-02-17T20:00:00Z,0,111.64
2019-02-17T21:00:00Z,0,112.781
2019-02-17T22:00:00Z,0,105.742
2019-02-17T23:00:00Z,0,101.442
2019-02-18T00:00:00Z,0,98.066
2019-02-18T01:00:00Z,0,97.63
2019-02-18T02:00:00Z,0,99.14
2019-02-18T03:00:00Z,0,103.545
2019-02-18T04:00:00Z,0,113.529
2019-02-18T05:00:00Z,0,133.334
2019-02-18T06:00:00Z,24.281,145.197
2019-02-18T07:00:00Z,308.196,148.575
2019-02-18T08:00:00Z,731.882,148.47
2019-02-18T09:00:00Z,1069.104,148.938
2019-02-18T10:00:00Z,1275.555,149.068
2019-02-18T11:00:00Z,1335.086,145.524
2019-02-18T12:00:00Z,1258.176,143.19
2019-02-18T13:00:00Z,1045.316,141.198
2019-02-18T14:00:00Z,699.343,140.202
2019-02-18T15:00:00Z,282.251,138.015
2019-02-18T16:00:00Z,27.732,142.705
2019-02-18T17:00:00Z,0,151.088
2019-02-18T18:00:00Z,0,148.782
2019-02-18T19:00:00Z,0,140.941
2019-02-18T20:00:00Z,0,133.058
2019-02-18T21:00:00Z,0,126.412
2019-02-18T22:00:00Z,0,116.317
2019-02-18T23:00:00Z,0,110.045
2019-02-19T00:00:00Z,0,107.418
2019-02-19T01:00:00Z,0,105.907
2019-02-19T02:00:00Z,0,107.538
2019-02-19T03:00:00Z,0,109.65
2019-02-19T04:00:00Z,0,117.755
2019-02-19T05:00:00Z,0,136.566
2019-02-19T06:00:00Z,21.999,149.175
2019-02-19T07:00:00Z,198.611,154.35
2019-02-19T08:00:00Z,424.091,153.638
2019-02-19T09:00:00Z,583.325,153.147
2019-02-19T10:00:00Z,650.494,153.814
2019-02-19T11:00:00Z,634.287,152.736
2019-02-19T12:00:00Z,597.991,150.776
2019-02-19T13:00:00Z,509.993,148.038
2019-02-19T14:00:00Z,332.519,146.409
2019-02-19T15:00:00Z,137.481,145.208
2019-02-19T16:00:00Z,14.297,149.203
2019-02-19T17:00:00Z,0,156.601
2019-02-19T18:00:00Z,0,153.638
2019-02-19T19:00:00Z,0,144.545
2019-02-19T20:00:00Z,0,136.861
2019-02-19T21:00:00Z,0,129.952
2019-02-19T22:00:00Z,0,121.15
2019-02-19T23:00:00Z,0,114.102
2019-02-20T00:00:00Z,0,111.129
2019-02-20T01:00:00Z,0,108.444
2019-02-20T02:00:00Z,0,109.436
2019-02-20T03:00:00Z,0,112.211
2019-02-20T04:00:00Z,0,119.331
2019-02-20T05:00:00Z,0,136.457
2019-02-20T06:00:00Z,13.37,147.474
2019-02-20T07:00:00Z,139.988,150.661
2019-02-20T08:00:00Z,357.486,149.667
2019-02-20T09:00:00Z,587.554,148.628
2019-02-20T10:00:00Z,774.615,150.344
2019-02-20T11:00:00Z,824.831,149.509
2019-02-20T12:00:00Z,758.472,147.876
2019-02-20T13:00:00Z,608.133,145.503
2019-02-20T14:00:00Z,385.767,143.983
2019-02-20T15:00:00Z,160.32,141.424
2019-02-20T16:00:00Z,20.394,143.966
2019-02-20T17:00:00Z,0,150.962
2019-02-20T18:00:00Z,0,148.84
2019-02-20T19:00:00Z,0,140.837
2019-02-20T20:00:00Z,0,133.533
2019-02-20T21:00:00Z,0,127.355
2019-02-20T22:00:00Z,0,117.802
2019-02-20T23:00:00Z,0,109.898
2019-02-21T00:00:00Z,0,106.924
2019-02-21T01:00:00Z,0,105.294
2019-02-21T02:00:00Z,0,106.512
2019-02-21T03:00:00Z,0,109.716
2019-02-21T04:00:00Z,0,116.898
2019-02-21T05:00:00Z,0,134.524
2019-02-21T06:00:00Z,15.217,145.231
2019-02-21T07:00:00Z,164.613,149.049
2019-02-21T08:00:00Z,376.602,149.983
2019-02-21T09:00:00Z,567.398,150.755
2019-02-21T10:00:00Z,683.896,151.039
2019-02-21T11:00:00Z,689.009,147.367
2019-02-21T12:00:00Z,596.291,147.065
2019-02-21T13:00:00Z,439.009,146.168
2019-02-21T14:00:00Z,271.254,144.86
2019-02-21T15:00:00Z,101.774,142.51
2019-02-21T16:00:00Z,13.492,146.039
2019-02-21T17:00:00Z,0,151.858
2019-02-21T18:00:00Z,0,150.424
2019-02-21T19:00:00Z,0,142.126
2019-02-21T20:00:00Z,0,133.092
2019-02-21T21:00:00Z,0,126.201
2019-02-21T22:00:00Z,0,117.42
2019-02-21T23:00:00Z,0,109.203
2019-02-22T00:00:00Z,0,104.815
2019-02-22T01:00:00Z,0,102.374
2019-02-22T02:00:00Z,0,103.996
2019-02-22T03:00:00Z,0,107.41
2019-02-22T04:00:00Z,0,116.124
2019-02-22T05:00:00Z,0,133.513
2019-02-22T06:00:00Z,8.069,144.535
2019-02-22T07:00:00Z,64.864,149.635
2019-02-22T08:00:00Z,172.354,151.375
2019-02-22T09:00:00Z,294.567,152.771
2019-02-22T10:00:00Z,423.679,153.75
2019-02-22T11:00:00Z,493.039,150.227
2019-02-22T12:00:00Z,511.088,145.216
2019-02-22T13:00:00Z,466.552,141.57
2019-02-22T14:00:00Z,328.138,140.274
2019-02-22T15:00:00Z,147.838,138.656
2019-02-22T16:00:00Z,20.02,140.792
2019-02-22T17:00:00Z,0,147.076
2019-02-22T18:00:00Z,0,145.039
2019-02-22T19:00:00Z,0,136.846
2019-02-22T20:00:00Z,0,130.226
2019-02-22T21:00:00Z,0,125.487
2019-02-22T22:00:00Z,0,117.747
2019-02-22T23:00:00Z,0,108.865
2019-02-23T00:00:00Z,0,104.374
2019-02-23T01:00:00Z,0,101.356
2019-02-23T02:00:00Z,0,102.047
2019-02-23T03:00:00Z,0,101.76
2019-02-23T04:00:00Z,0,101.754
2019-02-23T05:00:00Z,0,104.665
2019-02-23T06:00:00Z,40.039,111.114
2019-02-23T07:00:00Z,326.592,120.299
2019-02-23T08:00:00Z,728.826,123.726
2019-02-23T09:00:00Z,1074.39,124.985
2019-02-23T10:00:00Z,1280.866,125.188
2019-02-23T11:00:00Z,1326.448,123.172
2019-02-23T12:00:00Z,1219.021,120.058
2019-02-23T13:00:00Z,978.975,115.56
2019-02-23T14:00:00Z,641.665,113.275
2019-02-23T15:00:00Z,262.284,113.927
2019-02-23T16:00:00Z,32.524,119.066
2019-02-23T17:00:00Z,0,128.4
2019-02-23T18:00:00Z,0,126.487
2019-02-23T19:00:00Z,0,119.698
2019-02-23T20:00:00Z,0,114.996
2019-02-23T21:00:00Z,0,112.824
2019-02-23T22:00:00Z,0,105.832
2019-02-23T23:00:00Z,0,98.699
2019-02-24T00:00:00Z,0,94.552
2019-02-24T01:00:00Z,0,93.328
2019-02-24T02:00:00Z,0,92.229
2019-02-24T03:00:00Z,0,92.733
2019-02-24T04:00:00Z,0,91.915
2019-02-24T05:00:00Z,0,91.113
2019-02-24T06:00:00Z,47.246,94.091
2019-02-24T07:00:00Z,350.184,101.931
2019-02-24T08:00:00Z,737.634,107.292
2019-02-24T09:00:00Z,1002.69,109.261
2019-02-24T10:00:00Z,1151.387,112.142
2019-02-24T11:00:00Z,1228.877,111.266
2019-02-24T12:00:00Z,1192.904,106.798
2019-02-24T13:00:00Z,1019.444,102.669
2019-02-24T14:00:00Z,751.001,100.416
2019-02-24T15:00:00Z,337.803,100.882
2019-02-24T16:00:00Z,47.43,108.632
2019-02-24T17:00:00Z,0,120.979
2019-02-24T18:00:00Z,0,120.329
2019-02-24T19:00:00Z,0,115.509
2019-02-24T20:00:00Z,0,111.644
2019-02-24T21:00:00Z,0,111.422
2019-02-24T22:00:00Z,0,105.264
2019-02-24T23:00:00Z,0,100.617
2019-02-25T00:00:00Z,0,97.464
2019-02-25T01:00:00Z,0,95.893
2019-02-25T02:00:00Z,0,97.423
2019-02-25T03:00:00Z,0,100.912
2019-02-25T04:00:00Z,0,110.913
2019-02-25T05:00:00Z,0,130.658
2019-02-25T06:00:00Z,49.634,140.77
2019-02-25T07:00:00Z,369.111,142.545
2019-02-25T08:00:00Z,782.622,143.051
2019-02-25T09:00:00Z,1123.961,144.896
2019-02-25T10:00:00Z,1328.838,145.009
2019-02-25T11:00:00Z,1385.738,142.634
2019-02-25T12:00:00Z,1304.452,141.333
2019-02-25T13:00:00Z,1086.705,138.812
2019-02-25T14:00:00Z,744.935,136.951
2019-02-25T15:00:00Z,326.375,135.773
2019-02-25T16:00:00Z,50.311,138.462
2019-02-25T17:00:00Z,0.062,148.147
2019-02-25T18:00:00Z,0,147.655
2019-02-25T19:00:00Z,0,139.12
2019-02-25T20:00:00Z,0,131.959
2019-02-25T21:00:00Z,0,125.147
2019-02-25T22:00:00Z,0,116.877
2019-02-25T23:00:00Z,0,108.652
2019-02-26T00:00:00Z,0,105.09
2019-02-26T01:00:00Z,0,103.31
2019-02-26T02:00:00Z,0,103.748
2019-02-26T03:00:00Z,0,106.64
2019-02-26T04:00:00Z,0,115.295
2019-02-26T05:00:00Z,0,133.61
2019-02-26T06:00:00Z,50.724,144.052
2019-02-26T07:00:00Z,363.135,147.08
2019-02-26T08:00:00Z,765.051,146.292
2019-02-26T09:00:00Z,1081.832,147.863
2019-02-26T10:00:00Z,1258.936,148.906
2019-02-26T11:00:00Z,1288.608,145.813
2019-02-26T12:00:00Z,1191.653,143.551
2019-02-26T13:00:00Z,995.588,141.003
2019-02-26T14:00:00Z,699.676,139.759
2019-02-26T15:00:00Z,330.693,137.1
2019-02-26T16:00:00Z,55.587,139.462
2019-02-26T17:00:00Z,0.062,148.072
2019-02-26T18:00:00Z,0,147.482
2019-02-26T19:00:00Z,0,139.398
2019-02-26T20:00:00Z,0,131.286
2019-02-26T21:00:00Z,0,124.69
2019-02-26T22:00:00Z,0,115.806
2019-02-26T23:00:00Z,0,109.252
2019-02-27T00:00:00Z,0,106.061
2019-02-27T01:00:00Z,0,105.095
2019-02-27T02:00:00Z,0,107.128
2019-02-27T03:00:00Z,0,110.883
2019-02-27T04:00:00Z,0,118.025
2019-02-27T05:00:00Z,0,133.806
2019-02-27T06:00:00Z,71.729,143.712
2019-02-27T07:00:00Z,428.158,146.858
2019-02-27T08:00:00Z,868.128,146.574
2019-02-27T09:00:00Z,1195.522,148.756
2019-02-27T10:00:00Z,1386.47,148.318
2019-02-27T11:00:00Z,1439.375,143.938
2019-02-27T12:00:00Z,1361.433,141.918
2019-02-27T13:00:00Z,1158.611,139.118
2019-02-27T14:00:00Z,824.266,137.171
2019-02-27T15:00:00Z,395.124,136.412
2019-02-27T16:00:00Z,65.023,139.781
2019-02-27T17:00:00Z,0.062,148.998
2019-02-27T18:00:00Z,0,148.641
2019-02-27T19:00:00Z,0,141.675
2019-02-27T20:00:00Z,0,133.46
2019-02-27T21:00:00Z,0,126.479
2019-02-27T22:00:00Z,0,119.166
2019-02-27T23:00:00Z,0,110.855
2019-02-28T00:00:00Z,0,106.221
2019-02-28T01:00:00Z,0,105.05
2019-02-28T02:00:00Z,0,105.755
2019-02-28T03:00:00Z,0,108.374
2019-02-28T04:00:00Z,0,115.113
2019-02-28T05:00:00Z,0.061,132.188
2019-02-28T06:00:00Z,72.006,143.904
2019-02-28T07:00:00Z,411.594,148.487
2019-02-28T08:00:00Z,789.118,147.134
2019-02-28T09:00:00Z,1051.728,146.446
2019-02-28T10:00:00Z,1174.316,148.421
2019-02-28T11:00:00Z,1186.962,145.516
2019-02-28T12:00:00Z,1080.334,142.857
2019-02-28T13:00:00Z,847.988,140.422
2019-02-28T14:00:00Z,559.964,140.379
2019-02-28T15:00:00Z,248.245,138.795
2019-02-28T16:00:00Z,39.103,143.07
2019-02-28T17:00:00Z,0.061,149.573
2019-02-28T18:00:00Z,0,147.006
2019-02-28T19:00:00Z,0,138.248
2019-02-28T20:00:00Z,0,129.882
2019-02-28T21:00:00Z,0,122.798
2019-02-28T22:00:00Z,0,112.897
2019-02-28T23:00:00Z,0,105.89
2019-03-01T00:00:00Z,0,102.846
2019-03-01T01:00:00Z,0,101.063
2019-03-01T02:00:00Z,0,101.602
2019-03-01T03:00:00Z,0,105.071
2019-03-01T04:00:00Z,0,112.538
2019-03-01T05:00:00Z,0,129.234
2019-03-01T06:00:00Z,15.284,139.685
2019-03-01T07:00:00Z,71.879,145.216
2019-03-01T08:00:00Z,165.978,149.103
2019-03-01T09:00:00Z,250.256,152.627
2019-03-01T10:00:00Z,301.817,154.491
2019-03-01T11:00:00Z,309.244,152.687
2019-03-01T12:00:00Z,287.331,148.583
2019-03-01T13:00:00Z,256.701,144.609
2019-03-01T14:00:00Z,190.469,142.521
2019-03-01T15:00:00Z,91.889,140.54
2019-03-01T16:00:00Z,15.53,141.538
2019-03-01T17:00:00Z,0,145.214
2019-03-01T18:00:00Z,0,142.555
2019-03-01T19:00:00Z,0,133.667
2019-03-01T20:00:00Z,0,126.207
2019-03-01T21:00:00Z,0,120.581
2019-03-01T22:00:00Z,0,112.409
2019-03-01T23:00:00Z,0,106.619
2019-03-02T00:00:00Z,0,101.221
2019-03-02T01:00:00Z,0,98.902
2019-03-02T02:00:00Z,0,98.342
2019-03-02T03:00:00Z,0,97.996
2019-03-02T04:00:00Z,0,98.137
2019-03-02T05:00:00Z,0.061,101.269
2019-03-02T06:00:00Z,18.599,108.511
2019-03-02T07:00:00Z,77.096,118.414
2019-03-02T08:00:00Z,162.97,124.935
2019-03-02T09:00:00Z,237.795,128.155
2019-03-02T10:00:00Z,293.285,128.802
2019-03-02T11:00:00Z,335.086,126.109
2019-03-02T12:00:00Z,342.145,120.778
2019-03-02T13:00:00Z,310.226,115.43
2019-03-02T14:00:00Z,237.488,114.429
2019-03-02T15:00:00Z,122.458,115.389
2019-03-02T16:00:00Z,24.062,120.568
2019-03-02T17:00:00Z,0.123,127.8
2019-03-02T18:00:00Z,0,127.586
2019-03-02T19:00:00Z,0,117.875
2019-03-02T20:00:00Z,0,111.048
2019-03-02T21:00:00Z,0,108.483
2019-03-02T22:00:00Z,0,101.993
2019-03-02T23:00:00Z,0,96.153
2019-03-03T00:00:00Z,0,91.791
2019-03-03T01:00:00Z,0,89.091
2019-03-03T02:00:00Z,0,89.403
2019-03-03T03:00:00Z,0,90.651
2019-03-03T04:00:00Z,0,90.974
2019-03-03T05:00:00Z,0.123,90.995
2019-03-03T06:00:00Z,39.776,94.232
2019-03-03T07:00:00Z,171.011,102.44
2019-03-03T08:00:00Z,309.674,109.049
2019-03-03T09:00:00Z,427.712,113.296
2019-03-03T10:00:00Z,465.278,118.45
2019-03-03T11:00:00Z,454.352,116.932
2019-03-03T12:00:00Z,418.75,112.102
2019-03-03T13:00:00Z,339.935,108.679
2019-03-03T14:00:00Z,231.657,107.553
2019-03-03T15:00:00Z,109.076,108.404
2019-03-03T16:00:00Z,19.397,112.084
2019-03-03T17:00:00Z,0.061,120.429
2019-03-03T18:00:00Z,0,120.258
2019-03-03T19:00:00Z,0,114.59
2019-03-03T20:00:00Z,0,112.134
2019-03-03T21:00:00Z,0,111.044
2019-03-03T22:00:00Z,0,104.714
2019-03-03T23:00:00Z,0,99.601
2019-03-04T00:00:00Z,0,96.254
2019-03-04T01:00:00Z,0,94.952
2019-03-04T02:00:00Z,0,97.541
2019-03-04T03:00:00Z,0,100.982
2019-03-04T04:00:00Z,0,108.585
2019-03-04T05:00:00Z,0.307,125.01
2019-03-04T06:00:00Z,48.429,136.512
2019-03-04T07:00:00Z,213.909,143.855
2019-03-04T08:00:00Z,417.69,146.356
2019-03-04T09:00:00Z,549.656,148.667
2019-03-04T10:00:00Z,587.282,153.912
2019-03-04T11:00:00Z,528.787,149.767
2019-03-04T12:00:00Z,459.98,146.856
2019-03-04T13:00:00Z,385.956,143.716
2019-03-04T14:00:00Z,296.771,143.821
2019-03-04T15:00:00Z,171.741,141.14
2019-03-04T16:00:00Z,42.598,143.13
2019-03-04T17:00:00Z,0.246,149.201
2019-03-04T18:00:00Z,0,148.115
2019-03-04T19:00:00Z,0,138.983
2019-03-04T20:00:00Z,0,131.861
2019-03-04T21:00:00Z,0,126.376
2019-03-04T22:00:00Z,0,117.251
2019-03-04T23:00:00Z,0,111.574
2019-03-05T00:00:00Z,0,108.677
2019-03-05T01:00:00Z,0,106.644
2019-03-05T02:00:00Z,0,107.826
2019-03-05T03:00:00Z,0,110.838
2019-03-05T04:00:00Z,0,118.463
2019-03-05T05:00:00Z,0.368,130.925
2019-03-05T06:00:00Z,55.485,140.629
2019-03-05T07:00:00Z,246,146.959
2019-03-05T08:00:00Z,446.765,149.549
2019-03-05T09:00:00Z,570.748,152.86
2019-03-05T10:00:00Z,651.459,153.936
2019-03-05T11:00:00Z,652.257,151.55
2019-03-05T12:00:00Z,571.791,148.192
2019-03-05T13:00:00Z,494.149,144.693
2019-03-05T14:00:00Z,370.167,142.705
2019-03-05T15:00:00Z,194.566,140.561
2019-03-05T16:00:00Z,43.885,141.512
2019-03-05T17:00:00Z,0.246,146.976
2019-03-05T18:00:00Z,0,146.612
2019-03-05T19:00:00Z,0,138.267
2019-03-05T20:00:00Z,0,129.527
2019-03-05T21:00:00Z,0,123.809
2019-03-05T22:00:00Z,0,115.413
2019-03-05T23:00:00Z,0,108.94
2019-03-06T00:00:00Z,0,104.595
2019-03-06T01:00:00Z,0,103.128
2019-03-06T02:00:00Z,0,104.533
2019-03-06T03:00:00Z,0,108.474
2019-03-06T04:00:00Z,0,115.71
2019-03-06T05:00:00Z,0.675,129.512
2019-03-06T06:00:00Z,91.197,139.95
2019-03-06T07:00:00Z,374.302,144.58
2019-03-06T08:00:00Z,662.807,146.272
2019-03-06T09:00:00Z,890.923,146.022
2019-03-06T10:00:00Z,1006.546,148.51
2019-03-06T11:00:00Z,976.72,148.577
2019-03-06T12:00:00Z,850.48,147.619
2019-03-06T13:00:00Z,660.843,145.905
2019-03-06T14:00:00Z,419.716,144.986
2019-03-06T15:00:00Z,176.073,141.412
2019-03-06T16:00:00Z,30.256,143.273
2019-03-06T17:00:00Z,0.061,150.984
2019-03-06T18:00:00Z,0,151.193
2019-03-06T19:00:00Z,0,142.215
2019-03-06T20:00:00Z,0,132.43
2019-03-06T21:00:00Z,0,125.658
2019-03-06T22:00:00Z,0,116.648
2019-03-06T23:00:00Z,0,109.99
2019-03-07T00:00:00Z,0,105.507
2019-03-07T01:00:00Z,0,102.192
2019-03-07T02:00:00Z,0,102.168
2019-03-07T03:00:00Z,0,104.659
2019-03-07T04:00:00Z,0,112.619
2019-03-07T05:00:00Z,0.614,129.405
2019-03-07T06:00:00Z,46.638,140.734
2019-03-07T07:00:00Z,198.642,146.995
2019-03-07T08:00:00Z,369.178,149.648
2019-03-07T09:00:00Z,492.217,152.491
2019-03-07T10:00:00Z,570.029,153.487
2019-03-07T11:00:00Z,605.56,153.288
2019-03-07T12:00:00Z,613.353,151.381
2019-03-07T13:00:00Z,567.636,148.429
2019-03-07T14:00:00Z,454.661,145.813
2019-03-07T15:00:00Z,290.814,143.353
2019-03-07T16:00:00Z,77.26,144.695
2019-03-07T17:00:00Z,0.982,150.851
2019-03-07T18:00:00Z,0,151.477
2019-03-07T19:00:00Z,0,142.111
2019-03-07T20:00:00Z,0,134.672
2019-03-07T21:00:00Z,0,127.838
2019-03-07T22:00:00Z,0,119.852
2019-03-07T23:00:00Z,0,114.263
2019-03-08T00:00:00Z,0,108.632
2019-03-08T01:00:00Z,0,106.92
2019-03-08T02:00:00Z,0,109.421
2019-03-08T03:00:00Z,0,112.414
2019-03-08T04:00:00Z,0,119.143
2019-03-08T05:00:00Z,0.982,133.161
2019-03-08T06:00:00Z,61.301,141.369
2019-03-08T07:00:00Z,240.724,147.461
2019-03-08T08:00:00Z,399.53,149.383
2019-03-08T09:00:00Z,547.413,150.225
2019-03-08T10:00:00Z,681.55,151.332
2019-03-08T11:00:00Z,762.058,149.139
2019-03-08T12:00:00Z,774.821,146.512
2019-03-08T13:00:00Z,713.029,142.215
2019-03-08T14:00:00Z,563.305,138.889
2019-03-08T15:00:00Z,307.425,137.057
2019-03-08T16:00:00Z,69.462,138.567
2019-03-08T17:00:00Z,0.552,143.759
2019-03-08T18:00:00Z,0,143.256
2019-03-08T19:00:00Z,0,134.396
2019-03-08T20:00:00Z,0,125.502
2019-03-08T21:00:00Z,0,119.042
2019-03-08T22:00:00Z,0,111.443
2019-03-08T23:00:00Z,0,105.349
2019-03-09T00:00:00Z,0,101.412
2019-03-09T01:00:00Z,0,98.571
2019-03-09T02:00:00Z,0,99.46
2019-03-09T03:00:00Z,0,100.533
2019-03-09T04:00:00Z,0,101.632
2019-03-09T05:00:00Z,0.736,104.297
2019-03-09T06:00:00Z,36.081,110.736
2019-03-09T07:00:00Z,144.201,117.693
2019-03-09T08:00:00Z,316.322,123.659
2019-03-09T09:00:00Z,503.845,128.009
2019-03-09T10:00:00Z,601.657,131.263
2019-03-09T11:00:00Z,601.657,128.479
2019-03-09T12:00:00Z,539.497,124.925
2019-03-09T13:00:00Z,421.252,120.541
2019-03-09T14:00:00Z,285.948,118.407
2019-03-09T15:00:00Z,146.594,118.927
2019-03-09T16:00:00Z,39.517,121.261
2019-03-09T17:00:00Z,0.675,126.9
2019-03-09T18:00:00Z,0,125.938
2019-03-09T19:00:00Z,0,118.339
2019-03-09T20:00:00Z,0,113.901
2019-03-09T21:00:00Z,0,109.607
2019-03-09T22:00:00Z,0,102.981
2019-03-09T23:00:00Z,0,97.494
2019-03-10T00:00:00Z,0,91.65
2019-03-10T01:00:00Z,0,90.108
2019-03-10T02:00:00Z,0,89.215
2019-03-10T03:00:00Z,0,88.319
2019-03-10T04:00:00Z,0,87.614
2019-03-10T05:00:00Z,1.289,86.716
2019-03-10T06:00:00Z,33.933,88.571
2019-03-10T07:00:00Z,121.004,96.07
2019-03-10T08:00:00Z,211.634,103.902
2019-03-10T09:00:00Z,281.463,110.464
2019-03-10T10:00:00Z,353.317,114.75
2019-03-10T11:00:00Z,433.515,112.837
2019-03-10T12:00:00Z,511.812,109.69
2019-03-10T13:00:00Z,511.26,108.966
2019-03-10T14:00:00Z,402.16,109.735
2019-03-10T15:00:00Z,231.515,108.553
2019-03-10T16:00:00Z,57.311,111.392
2019-03-10T17:00:00Z,0.614,120.132
2019-03-10T18:00:00Z,0,121.609
2019-03-10T19:00:00Z,0,117.131
2019-03-10T20:00:00Z,0,113.585
2019-03-10T21:00:00Z,0,112.878
2019-03-10T22:00:00Z,0,106.771
2019-03-10T23:00:00Z,0,103.338
2019-03-11T00:00:00Z,0,99.533
2019-03-11T01:00:00Z,0,99.007
2019-03-11T02:00:00Z,0,100.362
2019-03-11T03:00:00Z,0,104.515
2019-03-11T04:00:00Z,0,111.794
2019-03-11T05:00:00Z,1.902,129.335
2019-03-11T06:00:00Z,53.503,141.093
2019-03-11T07:00:00Z,173.825,147.337
2019-03-11T08:00:00Z,305.927,148.686
2019-03-11T09:00:00Z,455.271,152.131
2019-03-11T10:00:00Z,576.451,154.88
2019-03-11T11:00:00Z,620.874,153.168
2019-03-11T12:00:00Z,616.763,151.86
2019-03-11T13:00:00Z,549.024,148.404
2019-03-11T14:00:00Z,424.776,145.766
2019-03-11T15:00:00Z,238.618,143.368
2019-03-11T16:00:00Z,71.604,144.998
2019-03-11T17:00:00Z,1.963,148.419
2019-03-11T18:00:00Z,0,151.005
2019-03-11T19:00:00Z,0,140.696
2019-03-11T20:00:00Z,0,132.519
2019-03-11T21:00:00Z,0,126.494
2019-03-11T22:00:00Z,0,116.665
2019-03-11T23:00:00Z,0,109.605
2019-03-12T00:00:00Z,0,104.915
2019-03-12T01:00:00Z,0,102.673
2019-03-12T02:00:00Z,0,104.862
2019-03-12T03:00:00Z,0,108.722
2019-03-12T04:00:00Z,0,115.481
2019-03-12T05:00:00Z,2.638,130.42
2019-03-12T06:00:00Z,93.501,140.755
2019-03-12T07:00:00Z,346.395,144.793
2019-03-12T08:00:00Z,665.058,146.272
2019-03-12T09:00:00Z,886.294,147.324
2019-03-12T10:00:00Z,1017.526,148.639
2019-03-12T11:00:00Z,1056.853,148.485
2019-03-12T12:00:00Z,1018.14,149.363
2019-03-12T13:00:00Z,851.078,147.262
2019-03-12T14:00:00Z,559.9,145.843
2019-03-12T15:00:00Z,253.753,142.837
2019-03-12T16:00:00Z,54.358,144.141
2019-03-12T17:00:00Z,0.859,150.067
2019-03-12T18:00:00Z,0,151.809
2019-03-12T19:00:00Z,0,143.528
2019-03-12T20:00:00Z,0,135.416
2019-03-12T21:00:00Z,0,128.665
2019-03-12T22:00:00Z,0,120.284
2019-03-12T23:00:00Z,0,112.397
2019-03-13T00:00:00Z,0,108.26
2019-03-13T01:00:00Z,0,106.486
2019-03-13T02:00:00Z,0,109.338
2019-03-13T03:00:00Z,0,112.651
2019-03-13T04:00:00Z,0,119.835
2019-03-13T05:00:00Z,4.233,135.518
2019-03-13T06:00:00Z,95.888,145.475
2019-03-13T07:00:00Z,339.993,149.857
2019-03-13T08:00:00Z,560.97,153.656
2019-03-13T09:00:00Z,647.349,156.593
2019-03-13T10:00:00Z,700.538,155.558
2019-03-13T11:00:00Z,688.207,154.25
2019-03-13T12:00:00Z,629.374,153.645
2019-03-13T13:00:00Z,542.075,151.428
2019-03-13T14:00:00Z,417.476,149.009
2019-03-13T15:00:00Z,215.578,146.482
2019-03-13T16:00:00Z,55.091,147.465
2019-03-13T17:00:00Z,1.411,151.978
2019-03-13T18:00:00Z,0,152.745
2019-03-13T19:00:00Z,0,144.368
2019-03-13T20:00:00Z,0,135.984
2019-03-13T21:00:00Z,0,129.307
2019-03-13T22:00:00Z,0,121.201
2019-03-13T23:00:00Z,0,115.834
2019-03-14T00:00:00Z,0,110.206
2019-03-14T01:00:00Z,0,107.566
2019-03-14T02:00:00Z,0,108.44
2019-03-14T03:00:00Z,0,111.172
2019-03-14T04:00:00Z,0,118.433
2019-03-14T05:00:00Z,3.006,133.567
2019-03-14T06:00:00Z,56.008,143.799
2019-03-14T07:00:00Z,172.256,149.635
2019-03-14T08:00:00Z,267.524,153.202
2019-03-14T09:00:00Z,287.952,156.06
2019-03-14T10:00:00Z,311.263,157.723
2019-03-14T11:00:00Z,291.019,158.031
2019-03-14T12:00:00Z,236.79,156.729
2019-03-14T13:00:00Z,185.69,153.294
2019-03-14T14:00:00Z,153.3,151.014
2019-03-14T15:00:00Z,95.575,148.493
2019-03-14T16:00:00Z,31.347,149.729
2019-03-14T17:00:00Z,1.472,152.506
2019-03-14T18:00:00Z,0,152.176
2019-03-14T19:00:00Z,0,143.573
2019-03-14T20:00:00Z,0,135.377
2019-03-14T21:00:00Z,0,129.623
2019-03-14T22:00:00Z,0,121.329
2019-03-14T23:00:00Z,0,114.211
2019-03-15T00:00:00Z,0,109.686
2019-03-15T01:00:00Z,0,107.183
2019-03-15T02:00:00Z,0,107.388
2019-03-15T03:00:00Z,0,110.398
2019-03-15T04:00:00Z,0,116.907
2019-03-15T05:00:00Z,3.68,131.496
2019-03-15T06:00:00Z,53.61,142.406
2019-03-15T07:00:00Z,149.114,147.39
2019-03-15T08:00:00Z,234.558,151.031
2019-03-15T09:00:00Z,284.181,153.363
2019-03-15T10:00:00Z,308.778,156.64
2019-03-15T11:00:00Z,308.103,155.738
2019-03-15T12:00:00Z,297.307,152.724
2019-03-15T13:00:00Z,250.813,150.022
2019-03-15T14:00:00Z,185.426,147.632
2019-03-15T15:00:00Z,107.097,146.168
2019-03-15T16:00:00Z,32.264,146.253
2019-03-15T17:00:00Z,1.227,148.121
2019-03-15T18:00:00Z,0,149.472
2019-03-15T19:00:00Z,0,139.565
2019-03-15T20:00:00Z,0,130.848
2019-03-15T21:00:00Z,0,124.758
2019-03-15T22:00:00Z,0,117.001
2019-03-15T23:00:00Z,0,109.992
2019-03-16T00:00:00Z,0,104.945
2019-03-16T01:00:00Z,0,101.959
2019-03-16T02:00:00Z,0,101.418
2019-03-16T03:00:00Z,0,101.512
2019-03-16T04:00:00Z,0,101.801
2019-03-16T05:00:00Z,3.864,102.113
2019-03-16T06:00:00Z,56.983,107.333
2019-03-16T07:00:00Z,155.8,113.987
2019-03-16T08:00:00Z,262.774,120.763
2019-03-16T09:00:00Z,341.226,123.183
2019-03-16T10:00:00Z,414.893,126
2019-03-16T11:00:00Z,453.045,124.679
2019-03-16T12:00:00Z,452.248,121.958
2019-03-16T13:00:00Z,441.759,119.745
2019-03-16T14:00:00Z,365.209,118.63
2019-03-16T15:00:00Z,225.173,117.516
2019-03-16T16:00:00Z,79.679,120.214
2019-03-16T17:00:00Z,3.926,125.239
2019-03-16T18:00:00Z,0,126.784
2019-03-16T19:00:00Z,0,119.149
2019-03-16T20:00:00Z,0,112.922
2019-03-16T21:00:00Z,0,109.979
2019-03-16T22:00:00Z,0,102.587
2019-03-16T23:00:00Z,0,97.724
2019-03-17T00:00:00Z,0,92.641
2019-03-17T01:00:00Z,0,91.474
2019-03-17T02:00:00Z,0,90.944
2019-03-17T03:00:00Z,0,91.63
2019-03-17T04:00:00Z,0,91.087
2019-03-17T05:00:00Z,14.046,90.989
2019-03-17T06:00:00Z,177.759,95.792
2019-03-17T07:00:00Z,446.666,101.863
2019-03-17T08:00:00Z,741.765,109.019
2019-03-17T09:00:00Z,932.221,114.679
2019-03-17T10:00:00Z,954.18,120.575
2019-03-17T11:00:00Z,882.537,117.17
2019-03-17T12:00:00Z,791.204,114.788
2019-03-17T13:00:00Z,622.769,112.313
2019-03-17T14:00:00Z,449.733,110.477
2019-03-17T15:00:00Z,242.593,111.435
2019-03-17T16:00:00Z,71.03,111.644
2019-03-17T17:00:00Z,3.803,118.05
2019-03-17T18:00:00Z,0,121.103
2019-03-17T19:00:00Z,0,115.804
2019-03-17T20:00:00Z,0,112.538
2019-03-17T21:00:00Z,0,113.371
2019-03-17T22:00:00Z,0,108.434
2019-03-17T23:00:00Z,0,103.28
2019-03-18T00:00:00Z,0,100.997
2019-03-18T01:00:00Z,0,100.608
2019-03-18T02:00:00Z,0,102.521
2019-03-18T03:00:00Z,0,106.136
2019-03-18T04:00:00Z,0,114.389
2019-03-18T05:00:00Z,7.665,130.863
2019-03-18T06:00:00Z,111.302,143.669
2019-03-18T07:00:00Z,315.693,149.233
2019-03-18T08:00:00Z,526.584,149.389
2019-03-18T09:00:00Z,690.194,151.845
2019-03-18T10:00:00Z,794.076,153.164
2019-03-18T11:00:00Z,865.824,152.939
2019-03-18T12:00:00Z,881.891,149.079
2019-03-18T13:00:00Z,822.101,144.768
2019-03-18T14:00:00Z,675.354,144.473
2019-03-18T15:00:00Z,413.687,140.078
2019-03-18T16:00:00Z,140.43,140.959
2019-03-18T17:00:00Z,7.236,145.841
2019-03-18T18:00:00Z,0,150.253
2019-03-18T19:00:00Z,0,140.897
2019-03-18T20:00:00Z,0,132.727
2019-03-18T21:00:00Z,0,125.128
2019-03-18T22:00:00Z,0,114.808
2019-03-18T23:00:00Z,0,109.389
2019-03-19T00:00:00Z,0,107.04
2019-03-19T01:00:00Z,0,105.093
2019-03-19T02:00:00Z,0,106.634
2019-03-19T03:00:00Z,0,110.383
2019-03-19T04:00:00Z,0,118.258
2019-03-19T05:00:00Z,14.716,134.552
2019-03-19T06:00:00Z,197.196,144.376
2019-03-19T07:00:00Z,549.156,146.091
2019-03-19T08:00:00Z,907.125,146.505
2019-03-19T09:00:00Z,1116.707,149.543
2019-03-19T10:00:00Z,1130.81,150.986
2019-03-19T11:00:00Z,1095.062,147.352
2019-03-19T12:00:00Z,1047.419,145.71
2019-03-19T13:00:00Z,925.52,143.724
2019-03-19T14:00:00Z,720.844,141.018
2019-03-19T15:00:00Z,436.578,138.695
2019-03-19T16:00:00Z,151.147,140.101
2019-03-19T17:00:00Z,9.504,144.099
2019-03-19T18:00:00Z,0,149.62
2019-03-19T19:00:00Z,0,141.617
2019-03-19T20:00:00Z,0,133.439
2019-03-19T21:00:00Z,0,127.61
2019-03-19T22:00:00Z,0,118.587
2019-03-19T23:00:00Z,0,110.819
2019-03-20T00:00:00Z,0,107.26
2019-03-20T01:00:00Z,0,106.309
2019-03-20T02:00:00Z,0,107.437
2019-03-20T03:00:00Z,0,109.958
2019-03-20T04:00:00Z,0,118.711
2019-03-20T05:00:00Z,24.524,133.124
2019-03-20T06:00:00Z,275.899,143.423
2019-03-20T07:00:00Z,679.385,146.719
2019-03-20T08:00:00Z,1047.802,146.072
2019-03-20T09:00:00Z,1263.003,145.791
2019-03-20T10:00:00Z,1362.817,145.505
2019-03-20T11:00:00Z,1375.386,144.949
2019-03-20T12:00:00Z,1265.455,145.078
2019-03-20T13:00:00Z,1078.948,141.854
2019-03-20T14:00:00Z,832.233,138.691
2019-03-20T15:00:00Z,486.011,137.132
2019-03-20T16:00:00Z,155.668,138.46
2019-03-20T17:00:00Z,8.338,142.884
2019-03-20T18:00:00Z,0,147.859
2019-03-20T19:00:00Z,0,139.477
2019-03-20T20:00:00Z,0,131.654
2019-03-20T21:00:00Z,0,125.271
2019-03-20T22:00:00Z,0,115.763
2019-03-20T23:00:00Z,0,107.85
2019-03-21T00:00:00Z,0,102.987
2019-03-21T01:00:00Z,0,100.929
2019-03-21T02:00:00Z,0,102.874
2019-03-21T03:00:00Z,0,105.657
2019-03-21T04:00:00Z,0,114.453
2019-03-21T05:00:00Z,22.56,130.095
2019-03-21T06:00:00Z,242.271,141.501
2019-03-21T07:00:00Z,600.343,145.614
2019-03-21T08:00:00Z,969.083,144.68
2019-03-21T09:00:00Z,1233.852,144.689
2019-03-21T10:00:00Z,1379.508,147.839
2019-03-21T11:00:00Z,1416.658,147.324
2019-03-21T12:00:00Z,1364.428,144.398
2019-03-21T13:00:00Z,1209.514,140.815
2019-03-21T14:00:00Z,936.96,138.066
2019-03-21T15:00:00Z,551.239,134.86
2019-03-21T16:00:00Z,180.17,137.327
2019-03-21T17:00:00Z,11.096,141.79
2019-03-21T18:00:00Z,0,146.971
2019-03-21T19:00:00Z,0,138.535
2019-03-21T20:00:00Z,0,129.995
2019-03-21T21:00:00Z,0,121.864
2019-03-21T22:00:00Z,0,113.579
2019-03-21T23:00:00Z,0,105.734
2019-03-22T00:00:00Z,0,102.126
2019-03-22T01:00:00Z,0,100.548
2019-03-22T02:00:00Z,0,101.254
2019-03-22T03:00:00Z,0,104.028
2019-03-22T04:00:00Z,0,112.499
2019-03-22T05:00:00Z,26.662,128.065
2019-03-22T06:00:00Z,245.781,138.928
2019-03-22T07:00:00Z,583.991,143.359
2019-03-22T08:00:00Z,930.045,143.998
2019-03-22T09:00:00Z,1209.721,144.071
2019-03-22T10:00:00Z,1370.49,144.24
2019-03-22T11:00:00Z,1423.017,141.799
2019-03-22T12:00:00Z,1369.08,138.658
2019-03-22T13:00:00Z,1220.692,135.164
2019-03-22T14:00:00Z,942.855,132.802
2019-03-22T15:00:00Z,559.351,129.328
2019-03-22T16:00:00Z,184.244,131.357
2019-03-22T17:00:00Z,12.442,134.922
2019-03-22T18:00:00Z,0,140.544
2019-03-22T19:00:00Z,0,133.124
2019-03-22T20:00:00Z,0,125.094
2019-03-22T21:00:00Z,0,118.253
2019-03-22T22:00:00Z,0,110.396
2019-03-22T23:00:00Z,0,103.186
2019-03-23T00:00:00Z,0,98.272
2019-03-23T01:00:00Z,0,95.388
2019-03-23T02:00:00Z,0,96.179
2019-03-23T03:00:00Z,0,96.215
2019-03-23T04:00:00Z,0,97.346
2019-03-23T05:00:00Z,32.974,99.343
2019-03-23T06:00:00Z,269.802,106.788
2019-03-23T07:00:00Z,618.669,114.675
2019-03-23T08:00:00Z,928.984,119.303
2019-03-23T09:00:00Z,1148.712,119.76
2019-03-23T10:00:00Z,1284.532,119.681
2019-03-23T11:00:00Z,1334.362,118.722
2019-03-23T12:00:00Z,1277.545,115.295
2019-03-23T13:00:00Z,1112.06,112.012
2019-03-23T14:00:00Z,842.258,110.274
2019-03-23T15:00:00Z,489.346,109.133
2019-03-23T16:00:00Z,158.988,112.322
2019-03-23T17:00:00Z,11.032,117.388
2019-03-23T18:00:00Z,0,121.864
2019-03-23T19:00:00Z,0,113.73
2019-03-23T20:00:00Z,0,106.781
2019-03-23T21:00:00Z,0,103.66
2019-03-23T22:00:00Z,0,96.837
2019-03-23T23:00:00Z,0,90.929
2019-03-24T00:00:00Z,0,87.503
2019-03-24T01:00:00Z,0,85.297
2019-03-24T02:00:00Z,0,85.536
2019-03-24T03:00:00Z,0,86.804
2019-03-24T04:00:00Z,0,86.466
2019-03-24T05:00:00Z,27.213,84.794
2019-03-24T06:00:00Z,215.376,89.555
2019-03-24T07:00:00Z,507.12,95.544
2019-03-24T08:00:00Z,807.69,101.489
2019-03-24T09:00:00Z,1044.211,104.851
2019-03-24T10:00:00Z,1182.667,108.75
2019-03-24T11:00:00Z,1194.312,108.141
2019-03-24T12:00:00Z,1110.528,104.447
2019-03-24T13:00:00Z,967.352,100.561
2019-03-24T14:00:00Z,747.931,98.924
2019-03-24T15:00:00Z,451.774,99.313
2019-03-24T16:00:00Z,156.782,102.972
2019-03-24T17:00:00Z,13.545,111.398
2019-03-24T18:00:00Z,0,118.786
2019-03-24T19:00:00Z,0,113.226
2019-03-24T20:00:00Z,0,107.895
2019-03-24T21:00:00Z,0,107.281
2019-03-24T22:00:00Z,0,101.371
2019-03-24T23:00:00Z,0,96.008
2019-03-25T00:00:00Z,0,93.877
2019-03-25T01:00:00Z,0,93.627
2019-03-25T02:00:00Z,0,95.063
2019-03-25T03:00:00Z,0,100.206
2019-03-25T04:00:00Z,0,108.233
2019-03-25T05:00:00Z,21.816,123.352
2019-03-25T06:00:00Z,178.752,135.384
2019-03-25T07:00:00Z,405.119,144.047
2019-03-25T08:00:00Z,613.653,144.464
2019-03-25T09:00:00Z,792.283,147.628
2019-03-25T10:00:00Z,877.829,150.315
2019-03-25T11:00:00Z,920.541,148.66
2019-03-25T12:00:00Z,888.921,147.965
2019-03-25T13:00:00Z,791.486,146.217
2019-03-25T14:00:00Z,635.714,145.225
2019-03-25T15:00:00Z,398.93,141.645
2019-03-25T16:00:00Z,146.335,140.007
2019-03-25T17:00:00Z,12.869,142.359
2019-03-25T18:00:00Z,0,146.997
2019-03-25T19:00:00Z,0,139.526
2019-03-25T20:00:00Z,0,129.734
2019-03-25T21:00:00Z,0,123.803
2019-03-25T22:00:00Z,0,112.867
2019-03-25T23:00:00Z,0,108.457
2019-03-26T00:00:00Z,0,105.349
2019-03-26T01:00:00Z,0,105.184
2019-03-26T02:00:00Z,0,105.394
2019-03-26T03:00:00Z,0,108.102
2019-03-26T04:00:00Z,0,114.688
2019-03-26T05:00:00Z,19.911,128.86
2019-03-26T06:00:00Z,146.422,140.971
2019-03-26T07:00:00Z,331.318,146.215
2019-03-26T08:00:00Z,529.141,145.221
2019-03-26T09:00:00Z,665.945,147.968
2019-03-26T10:00:00Z,700.069,150.599
2019-03-26T11:00:00Z,691.676,147.181
2019-03-26T12:00:00Z,674.093,145.772
2019-03-26T13:00:00Z,621.222,144.137
2019-03-26T14:00:00Z,483.99,142.277
2019-03-26T15:00:00Z,291.864,140.616
2019-03-26T16:00:00Z,104.517,140.356
2019-03-26T17:00:00Z,8.332,142.577
2019-03-26T18:00:00Z,0,145.633
2019-03-26T19:00:00Z,0,138.417
2019-03-26T20:00:00Z,0,130.26
2019-03-26T21:00:00Z,0,122.648
2019-03-26T22:00:00Z,0,113.653
2019-03-26T23:00:00Z,0,106.567
2019-03-27T00:00:00Z,0,102.972
2019-03-27T01:00:00Z,0,101.628
2019-03-27T02:00:00Z,0,102.56
2019-03-27T03:00:00Z,0,104.951
2019-03-27T04:00:00Z,0,113.502
2019-03-27T05:00:00Z,20.332,128.888
2019-03-27T06:00:00Z,155.861,140.272
2019-03-27T07:00:00Z,373.821,145.43
2019-03-27T08:00:00Z,603.54,145.875
2019-03-27T09:00:00Z,761.483,147.557
2019-03-27T10:00:00Z,786.96,149.757
2019-03-27T11:00:00Z,761.299,146.354
2019-03-27T12:00:00Z,706.488,144.539
2019-03-27T13:00:00Z,590.556,141.687
2019-03-27T14:00:00Z,454.722,139.787
2019-03-27T15:00:00Z,291.634,137.44
2019-03-27T16:00:00Z,114.155,139.362
2019-03-27T17:00:00Z,12.126,142.008
2019-03-27T18:00:00Z,0,146.403
2019-03-27T19:00:00Z,0,138.915
2019-03-27T20:00:00Z,0,129.444
2019-03-27T21:00:00Z,0,122.629
2019-03-27T22:00:00Z,0,112.679
2019-03-27T23:00:00Z,0,105.937
2019-03-28T00:00:00Z,0,103.451
2019-03-28T01:00:00Z,0,101.085
2019-03-28T02:00:00Z,0,102.303
2019-03-28T03:00:00Z,0,104.808
2019-03-28T04:00:00Z,0.061,113.551
2019-03-28T05:00:00Z,22.155,127.088
2019-03-28T06:00:00Z,169.958,137.034
2019-03-28T07:00:00Z,433.249,141.807
2019-03-28T08:00:00Z,719.001,142.117
2019-03-28T09:00:00Z,920.233,143.883
2019-03-28T10:00:00Z,968.889,146.48
2019-03-28T11:00:00Z,897.711,144.62
2019-03-28T12:00:00Z,761.965,143.84
2019-03-28T13:00:00Z,584.602,141.538
2019-03-28T14:00:00Z,425.109,139.127
2019-03-28T15:00:00Z,259.864,136.585
2019-03-28T16:00:00Z,98.658,136.348
2019-03-28T17:00:00Z,10.772,138.797
2019-03-28T18:00:00Z,0,142.138
2019-03-28T19:00:00Z,0,135.441
2019-03-28T20:00:00Z,0,128.001
2019-03-28T21:00:00Z,0,120.814
2019-03-28T22:00:00Z,0,110.924
2019-03-28T23:00:00Z,0,103.361
2019-03-29T00:00:00Z,0,99.345
2019-03-29T01:00:00Z,0,97.19
2019-03-29T02:00:00Z,0,98.913
2019-03-29T03:00:00Z,0,103.075
2019-03-29T04:00:00Z,0.122,111.281
2019-03-29T05:00:00Z,43.457,125.324
2019-03-29T06:00:00Z,279.445,136.14
2019-03-29T07:00:00Z,634.374,141.268
2019-03-29T08:00:00Z,982.336,141.826
2019-03-29T09:00:00Z,1236.599,143.675
2019-03-29T10:00:00Z,1371.982,144.355
2019-03-29T11:00:00Z,1426.624,141.36
2019-03-29T12:00:00Z,1415.011,136.694
2019-03-29T13:00:00Z,1302.06,133.203
2019-03-29T14:00:00Z,1052.503,130.771
2019-03-29T15:00:00Z,661.818,128.439
2019-03-29T16:00:00Z,253.407,128.674
2019-03-29T17:00:00Z,27.871,131.69
2019-03-29T18:00:00Z,0,136.536
2019-03-29T19:00:00Z,0,130.074
2019-03-29T20:00:00Z,0,122.311
2019-03-29T21:00:00Z,0,115.421
2019-03-29T22:00:00Z,0,107.181
2019-03-29T23:00:00Z,0,100.454
2019-03-30T00:00:00Z,0,96.741
2019-03-30T01:00:00Z,0,94.525
2019-03-30T02:00:00Z,0,94.629
2019-03-30T03:00:00Z,0,95.878
2019-03-30T04:00:00Z,0.244,97.145
2019-03-30T05:00:00Z,71.913,97.806
2019-03-30T06:00:00Z,404.045,104.447
2019-03-30T07:00:00Z,859.229,112.749
2019-03-30T08:00:00Z,1268.1,116.34
2019-03-30T09:00:00Z,1542.555,116.522
2019-03-30T10:00:00Z,1694.874,116.33
2019-03-30T11:00:00Z,1718.336,115.263
2019-03-30T12:00:00Z,1602.737,111.646
2019-03-30T13:00:00Z,1375.695,107.963
2019-03-30T14:00:00Z,1045.03,106.326
2019-03-30T15:00:00Z,637.624,105.407
2019-03-30T16:00:00Z,239.14,108.198
2019-03-30T17:00:00Z,26.883,112.672
2019-03-30T18:00:00Z,0,117.383
2019-03-30T19:00:00Z,0,111.48
2019-03-30T20:00:00Z,0,104.678
2019-03-30T21:00:00Z,0,101.271
2019-03-30T22:00:00Z,0,95.587
2019-03-30T23:00:00Z,0,91.387
2019-03-31T00:00:00Z,0,81.368
2019-03-31T01:00:00Z,0,86.051
2019-03-31T02:00:00Z,0,85.914
2019-03-31T03:00:00Z,0,86.366
2019-03-31T04:00:00Z,0.244,87.599
2019-03-31T05:00:00Z,63.404,88.817
2019-03-31T06:00:00Z,338.946,94.114
2019-03-31T07:00:00Z,693.163,100.625
2019-03-31T08:00:00Z,1002.301,107.666
2019-03-31T09:00:00Z,1224.946,111.728
2019-03-31T10:00:00Z,1356.64,112.245
2019-03-31T11:00:00Z,1378.751,107.386
2019-03-31T12:00:00Z,1316.509,103.124
2019-03-31T13:00:00Z,1164.291,100.016
2019-03-31T14:00:00Z,921.55,99.221
2019-03-31T15:00:00Z,591.094,101.095
2019-03-31T16:00:00Z,233.884,104.458
2019-03-31T17:00:00Z,29.258,108.404
2019-03-31T18:00:00Z,1.832,113.386
2019-03-31T19:00:00Z,0,109.859
2019-03-31T20:00:00Z,0,108.607
2019-03-31T21:00:00Z,0,101.871
2019-03-31T22:00:00Z,0,95.014
2019-03-31T23:00:00Z,0,90.585
2019-04-01T00:00:00Z,0,89.112
2019-04-01T01:00:00Z,0,90.341
2019-04-01T02:00:00Z,0,95.033
2019-04-01T03:00:00Z,0,104.259
2019-04-01T04:00:00Z,0.672,124.542
2019-04-01T05:00:00Z,85.081,135.318
2019-04-01T06:00:00Z,422.472,139.823
2019-04-01T07:00:00Z,875.789,140.379
2019-04-01T08:00:00Z,1277.8,141.102
2019-04-01T09:00:00Z,1571.033,142.818
2019-04-01T10:00:00Z,1740.156,141.472
2019-04-01T11:00:00Z,1788.896,140.503
2019-04-01T12:00:00Z,1704.854,138.092
2019-04-01T13:00:00Z,1484.12,135.427
2019-04-01T14:00:00Z,1137.933,131.436
2019-04-01T15:00:00Z,695.855,130.269
2019-04-01T16:00:00Z,266.664,132.605
2019-04-01T17:00:00Z,32.86,136.023
2019-04-01T18:00:00Z,0,136.416
2019-04-01T19:00:00Z,0,131.098
2019-04-01T20:00:00Z,0,122.606
2019-04-01T21:00:00Z,0,111.873
2019-04-01T22:00:00Z,0,106.037
2019-04-01T23:00:00Z,0,102.401
2019-04-02T00:00:00Z,0,100.416
2019-04-02T01:00:00Z,0,101.841
2019-04-02T02:00:00Z,0,105.054
2019-04-02T03:00:00Z,0,112.89
2019-04-02T04:00:00Z,0.916,130.175
2019-04-02T05:00:00Z,91.916,140.629
2019-04-02T06:00:00Z,413.957,145.229
2019-04-02T07:00:00Z,824.495,144.041
2019-04-02T08:00:00Z,1178.111,144.002
2019-04-02T09:00:00Z,1409.336,145.584
2019-04-02T10:00:00Z,1505.222,145.304
2019-04-02T11:00:00Z,1489.098,145.573
2019-04-02T12:00:00Z,1344.537,143.432
2019-04-02T13:00:00Z,1101.158,141.534
2019-04-02T14:00:00Z,782.537,138.314
2019-04-02T15:00:00Z,440.219,137.175
2019-04-02T16:00:00Z,161.173,137.53
2019-04-02T17:00:00Z,20.154,138.193
2019-04-02T18:00:00Z,0,138.879
2019-04-02T19:00:00Z,0,132.77
2019-04-02T20:00:00Z,0,124.427
2019-04-02T21:00:00Z,0,114.079
2019-04-02T22:00:00Z,0,107.346
2019-04-02T23:00:00Z,0,102.97
2019-04-03T00:00:00Z,0,100.478
2019-04-03T01:00:00Z,0,100.783
2019-04-03T02:00:00Z,0,103.231
2019-04-03T03:00:00Z,0,111.698
2019-04-03T04:00:00Z,0.916,129.104
2019-04-03T05:00:00Z,47.696,138.331
2019-04-03T06:00:00Z,188.279,141.279
2019-04-03T07:00:00Z,403.611,141.741
2019-04-03T08:00:00Z,672.014,144.409
2019-04-03T09:00:00Z,895.591,147.606
2019-04-03T10:00:00Z,1016.937,145.625
2019-04-03T11:00:00Z,1047.96,144.836
2019-04-03T12:00:00Z,1004.967,142.162
2019-04-03T13:00:00Z,861.88,139.727
2019-04-03T14:00:00Z,640.257,137.085
2019-04-03T15:00:00Z,368.74,136.882
2019-04-03T16:00:00Z,126.781,136.267
2019-04-03T17:00:00Z,12.458,137.714
2019-04-03T18:00:00Z,0,136.066
2019-04-03T19:00:00Z,0,129.482
2019-04-03T20:00:00Z,0,122.304
2019-04-03T21:00:00Z,0,112.514
2019-04-03T22:00:00Z,0,107.194
2019-04-03T23:00:00Z,0,102.743
2019-04-04T00:00:00Z,0,100.794
2019-04-04T01:00:00Z,0,102.051
2019-04-04T02:00:00Z,0,104.904
2019-04-04T03:00:00Z,0,111.683
2019-04-04T04:00:00Z,1.343,127.644
2019-04-04T05:00:00Z,58.011,138.199
2019-04-04T06:00:00Z,218.425,143.37
2019-04-04T07:00:00Z,427.141,142.987
2019-04-04T08:00:00Z,626.27,145.52
2019-04-04T09:00:00Z,782.837,147.799
2019-04-04T10:00:00Z,878.646,147.739
2019-04-04T11:00:00Z,899.591,146.24
2019-04-04T12:00:00Z,861.548,144.686
2019-04-04T13:00:00Z,739.299,143.199
2019-04-04T14:00:00Z,544.017,138.994
2019-04-04T15:00:00Z,328.156,138.06
2019-04-04T16:00:00Z,127.074,137.684
2019-04-04T17:00:00Z,15.938,137.47
2019-04-04T18:00:00Z,0,136.711
2019-04-04T19:00:00Z,0,131.01
2019-04-04T20:00:00Z,0,123.723
2019-04-04T21:00:00Z,0,113.927
2019-04-04T22:00:00Z,0,107.328
2019-04-04T23:00:00Z,0,102.936
2019-04-05T00:00:00Z,0,100.527
2019-04-05T01:00:00Z,0,100.674
2019-04-05T02:00:00Z,0,104.774
2019-04-05T03:00:00Z,0,112.437
2019-04-05T04:00:00Z,0.916,128.172
2019-04-05T05:00:00Z,35.781,139.06
2019-04-05T06:00:00Z,143.247,145.467
2019-04-05T07:00:00Z,293.821,147.215
2019-04-05T08:00:00Z,437.067,147.961
2019-04-05T09:00:00Z,547.403,149.056
2019-04-05T10:00:00Z,615.912,147.014
2019-04-05T11:00:00Z,652.548,145.06
2019-04-05T12:00:00Z,636.612,140.899
2019-04-05T13:00:00Z,579.887,138.077
2019-04-05T14:00:00Z,470.773,135.563
2019-04-05T15:00:00Z,303.163,135.322
2019-04-05T16:00:00Z,119.617,134.144
2019-04-05T17:00:00Z,15.998,133.699
2019-04-05T18:00:00Z,0.061,131.598
2019-04-05T19:00:00Z,0,125.175
2019-04-05T20:00:00Z,0,117.535
2019-04-05T21:00:00Z,0,109.663
2019-04-05T22:00:00Z,0,102.451
2019-04-05T23:00:00Z,0,97.325
2019-04-06T00:00:00Z,0,95.085
2019-04-06T01:00:00Z,0,94.905
2019-04-06T02:00:00Z,0,95.412
2019-04-06T03:00:00Z,0,95.805
2019-04-06T04:00:00Z,1.588,97.75
2019-04-06T05:00:00Z,75.653,103.808
2019-04-06T06:00:00Z,300.843,113.17
2019-04-06T07:00:00Z,608.402,118.779
2019-04-06T08:00:00Z,969.266,119.904
2019-04-06T09:00:00Z,1273.773,118.563
2019-04-06T10:00:00Z,1434.299,117.157
2019-04-06T11:00:00Z,1483.27,114.34
2019-04-06T12:00:00Z,1399.495,111.61
2019-04-06T13:00:00Z,1196.959,109.923
2019-04-06T14:00:00Z,932.447,107.204
2019-04-06T15:00:00Z,607.547,107.371
2019-04-06T16:00:00Z,253.643,109.891
2019-04-06T17:00:00Z,37.124,110.334
2019-04-06T18:00:00Z,0.061,111.503
2019-04-06T19:00:00Z,0,109.184
2019-04-06T20:00:00Z,0,104.821
2019-04-06T21:00:00Z,0,96.724
2019-04-06T22:00:00Z,0,89.399
2019-04-06T23:00:00Z,0,84.983
2019-04-07T00:00:00Z,0,82.544
2019-04-07T01:00:00Z,0,81.977
2019-04-07T02:00:00Z,0,82.864
2019-04-07T03:00:00Z,0,83.33
2019-04-07T04:00:00Z,2.565,83.52
2019-04-07T05:00:00Z,114.06,87.321
2019-04-07T06:00:00Z,440.12,96.668
2019-04-07T07:00:00Z,840.002,101.764
2019-04-07T08:00:00Z,1189.021,104.699
2019-04-07T09:00:00Z,1431.613,108.594
2019-04-07T10:00:00Z,1544.452,108.352
2019-04-07T11:00:00Z,1537.491,103.667
2019-04-07T12:00:00Z,1423.187,100.597
2019-04-07T13:00:00Z,1195.555,99.169
2019-04-07T14:00:00Z,895.628,98.349
2019-04-07T15:00:00Z,546.304,100.407
2019-04-07T16:00:00Z,222.564,104.214
2019-04-07T17:00:00Z,35.415,107.435
2019-04-07T18:00:00Z,0.122,110.062
2019-04-07T19:00:00Z,0,107.331
2019-04-07T20:00:00Z,0,105.467
2019-04-07T21:00:00Z,0,99.013
2019-04-07T22:00:00Z,0,92.225
2019-04-07T23:00:00Z,0,89.506
2019-04-08T00:00:00Z,0,88.43
2019-04-08T01:00:00Z,0,89.702
2019-04-08T02:00:00Z,0,94.146
2019-04-08T03:00:00Z,0,103.851
2019-04-08T04:00:00Z,2.564,122.101
2019-04-08T05:00:00Z,81.507,133.509
2019-04-08T06:00:00Z,301.361,139.556
2019-04-08T07:00:00Z,588.742,140.313
2019-04-08T08:00:00Z,874.657,142.143
2019-04-08T09:00:00Z,1083.338,143.1
2019-04-08T10:00:00Z,1197.326,142.786
2019-04-08T11:00:00Z,1219.305,142.014
2019-04-08T12:00:00Z,1136.516,140.018
2019-04-08T13:00:00Z,974.174,138.054
2019-04-08T14:00:00Z,735.271,134.234
2019-04-08T15:00:00Z,461.445,132.387
2019-04-08T16:00:00Z,197.509,133.372
2019-04-08T17:00:00Z,34.068,134.048
2019-04-08T18:00:00Z,0.183,133.791
2019-04-08T19:00:00Z,0,128.629
2019-04-08T20:00:00Z,0,120.13
2019-04-08T21:00:00Z,0,109.731
2019-04-08T22:00:00Z,0,104.65
2019-04-08T23:00:00Z,0,100.3
2019-04-09T00:00:00Z,0,98.485
2019-04-09T01:00:00Z,0,99.413
2019-04-09T02:00:00Z,0,102.669
2019-04-09T03:00:00Z,0,110.714
2019-04-09T04:00:00Z,2.686,127.391
2019-04-09T05:00:00Z,79.73,137.517
2019-04-09T06:00:00Z,302.619,143.211
2019-04-09T07:00:00Z,567.144,144.5
2019-04-09T08:00:00Z,832.034,146.456
2019-04-09T09:00:00Z,1037.769,147.348
2019-04-09T10:00:00Z,1185.202,146.27
2019-04-09T11:00:00Z,1225.555,145.112
2019-04-09T12:00:00Z,1165.727,142.538
2019-04-09T13:00:00Z,1012.128,139.672
2019-04-09T14:00:00Z,774.648,137.444
2019-04-09T15:00:00Z,482.041,137.126
2019-04-09T16:00:00Z,203.659,137.286
2019-04-09T17:00:00Z,36.446,138.039
2019-04-09T18:00:00Z,0.244,137.1
2019-04-09T19:00:00Z,0,130.382
2019-04-09T20:00:00Z,0,122.304
2019-04-09T21:00:00Z,0,112.373
2019-04-09T22:00:00Z,0,105.992
2019-04-09T23:00:00Z,0,102.307
2019-04-10T00:00:00Z,0,100.21
2019-04-10T01:00:00Z,0,102.235
2019-04-10T02:00:00Z,0,105.608
2019-04-10T03:00:00Z,0,113.476
2019-04-10T04:00:00Z,3.602,128.319
2019-04-10T05:00:00Z,98.952,137.985
2019-04-10T06:00:00Z,349.415,143.4
2019-04-10T07:00:00Z,654.817,143.594
2019-04-10T08:00:00Z,942.517,146.052
2019-04-10T09:00:00Z,1139.811,147.677
2019-04-10T10:00:00Z,1227.287,146.612
2019-04-10T11:00:00Z,1243.463,144.721
2019-04-10T12:00:00Z,1176.498,142.602
2019-04-10T13:00:00Z,1014.854,139.954
2019-04-10T14:00:00Z,784.719,136.889
2019-04-10T15:00:00Z,505.443,136.22
2019-04-10T16:00:00Z,228.853,135.76
2019-04-10T17:00:00Z,45.966,135.741
2019-04-10T18:00:00Z,0.488,134.561
2019-04-10T19:00:00Z,0,129.399
2019-04-10T20:00:00Z,0,122.088
2019-04-10T21:00:00Z,0,113.82
2019-04-10T22:00:00Z,0,106.764
2019-04-10T23:00:00Z,0,103.504
2019-04-11T00:00:00Z,0,101.448
2019-04-11T01:00:00Z,0,102.457
2019-04-11T02:00:00Z,0,105.969
2019-04-11T03:00:00Z,0,112.281
2019-04-11T04:00:00Z,4.334,127.27
2019-04-11T05:00:00Z,115.542,137.724
2019-04-11T06:00:00Z,404.854,142.027
2019-04-11T07:00:00Z,761.246,140.952
2019-04-11T08:00:00Z,1072.837,143.626
2019-04-11T09:00:00Z,1189.477,148.248
2019-04-11T10:00:00Z,1155.48,145.922
2019-04-11T11:00:00Z,1120.689,143.117
2019-04-11T12:00:00Z,1055.563,139.55
2019-04-11T13:00:00Z,901.141,138.473
2019-04-11T14:00:00Z,688.368,135.608
2019-04-11T15:00:00Z,450.021,135.465
2019-04-11T16:00:00Z,206.73,135.236
2019-04-11T17:00:00Z,41.505,135.052
2019-04-11T18:00:00Z,0.305,134.646
2019-04-11T19:00:00Z,0,129.533
2019-04-11T20:00:00Z,0,122.204
2019-04-11T21:00:00Z,0,112.7
2019-04-11T22:00:00Z,0,106.377
2019-04-11T23:00:00Z,0,103.457
2019-04-12T00:00:00Z,0,101.995
2019-04-12T01:00:00Z,0,103.028
2019-04-12T02:00:00Z,0,106.121
2019-04-12T03:00:00Z,0,112.583
2019-04-12T04:00:00Z,4.272,126.915
2019-04-12T05:00:00Z,89.226,137.718
2019-04-12T06:00:00Z,295.63,144.161
2019-04-12T07:00:00Z,560.318,144.176
2019-04-12T08:00:00Z,783.322,146.069
2019-04-12T09:00:00Z,908.556,146.984
2019-04-12T10:00:00Z,975.812,144.094
2019-04-12T11:00:00Z,934.738,141.463
2019-04-12T12:00:00Z,813.044,138.742
2019-04-12T13:00:00Z,655.708,136.239
2019-04-12T14:00:00Z,405.79,134.191
2019-04-12T15:00:00Z,261.82,133.31
2019-04-12T16:00:00Z,121.816,132.872
2019-04-12T17:00:00Z,26.365,131.844
2019-04-12T18:00:00Z,0.366,130.369
2019-04-12T19:00:00Z,0,125.192
2019-04-12T20:00:00Z,0,118.995
2019-04-12T21:00:00Z,0,111.593
2019-04-12T22:00:00Z,0,104.372
2019-04-12T23:00:00Z,0,99.678
2019-04-13T00:00:00Z,0,96.912
2019-04-13T01:00:00Z,0,96.634
2019-04-13T02:00:00Z,0,96.568
2019-04-13T03:00:00Z,0,97.105
2019-04-13T04:00:00Z,3.906,100.153
2019-04-13T05:00:00Z,78.3,106.606
2019-04-13T06:00:00Z,286.531,114.464
2019-04-13T07:00:00Z,559.88,120.925
2019-04-13T08:00:00Z,812.723,123.238
2019-04-13T09:00:00Z,980.491,123.148
2019-04-13T10:00:00Z,1011.982,122.905
2019-04-13T11:00:00Z,943.752,119.098
2019-04-13T12:00:00Z,858.006,114.483
2019-04-13T13:00:00Z,747.36,113.589
2019-04-13T14:00:00Z,582.033,112.754
2019-04-13T15:00:00Z,391.623,113.886
2019-04-13T16:00:00Z,193.523,117.294
2019-04-13T17:00:00Z,41.988,117.341
2019-04-13T18:00:00Z,0.61,116.535
2019-04-13T19:00:00Z,0,112.991
2019-04-13T20:00:00Z,0,109.44
2019-04-13T21:00:00Z,0,101.074
2019-04-13T22:00:00Z,0,94.785
2019-04-13T23:00:00Z,0,90.827
2019-04-14T00:00:00Z,0,88.274
2019-04-14T01:00:00Z,0,88.217
2019-04-14T02:00:00Z,0,88.911
2019-04-14T03:00:00Z,0,88.7
2019-04-14T04:00:00Z,3.357,87.999
2019-04-14T05:00:00Z,78.36,91.233
2019-04-14T06:00:00Z,275.113,98.515
2019-04-14T07:00:00Z,533.748,105.041
2019-04-14T08:00:00Z,788.661,109.77
2019-04-14T09:00:00Z,957.464,114.051
2019-04-14T10:00:00Z,992.311,113.016
2019-04-14T11:00:00Z,919.627,109.276
2019-04-14T12:00:00Z,803.491,105.065
2019-04-14T13:00:00Z,668.681,103.015
2019-04-14T14:00:00Z,504.089,102.902
2019-04-14T15:00:00Z,327.047,105.437
2019-04-14T16:00:00Z,152.996,108.885
2019-04-14T17:00:00Z,32.223,110.347
2019-04-14T18:00:00Z,0.427,111.471
2019-04-14T19:00:00Z,0,110.146
2019-04-14T20:00:00Z,0,108.872
2019-04-14T21:00:00Z,0,101.722
2019-04-14T22:00:00Z,0,96.089
2019-04-14T23:00:00Z,0,93.531
2019-04-15T00:00:00Z,0,91.908
2019-04-15T01:00:00Z,0,92.378
2019-04-15T02:00:00Z,0,96.557
2019-04-15T03:00:00Z,0,105.847
2019-04-15T04:00:00Z,9.029,122.488
2019-04-15T05:00:00Z,151.425,134.681
2019-04-15T06:00:00Z,478.616,140.136
2019-04-15T07:00:00Z,905.131,141.886
2019-04-15T08:00:00Z,1290.22,141.401
2019-04-15T09:00:00Z,1578.854,141.942
2019-04-15T10:00:00Z,1759.136,139.853
2019-04-15T11:00:00Z,1808.981,138.894
2019-04-15T12:00:00Z,1728.388,136.055
2019-04-15T13:00:00Z,1539.564,133.815
2019-04-15T14:00:00Z,1230.004,130.463
2019-04-15T15:00:00Z,813.19,130.559
2019-04-15T16:00:00Z,374.779,132.09
2019-04-15T17:00:00Z,80.593,134.18
2019-04-15T18:00:00Z,1.403,133.646
2019-04-15T19:00:00Z,0,128.802
2019-04-15T20:00:00Z,0,120.739
2019-04-15T21:00:00Z,0,112.719
2019-04-15T22:00:00Z,0,105.225
2019-04-15T23:00:00Z,0,102.177
2019-04-16T00:00:00Z,0,101.219
2019-04-16T01:00:00Z,0,102.568
2019-04-16T02:00:00Z,0,105.89
2019-04-16T03:00:00Z,0,114.154
2019-04-16T04:00:00Z,12.811,128.819
2019-04-16T05:00:00Z,196.307,140.022
2019-04-16T06:00:00Z,589.349,145.152
2019-04-16T07:00:00Z,1039.306,145.73
2019-04-16T08:00:00Z,1404.347,144.103
2019-04-16T09:00:00Z,1644.699,144.349
2019-04-16T10:00:00Z,1767.437,144.355
2019-04-16T11:00:00Z,1751.393,141.878
2019-04-16T12:00:00Z,1614.502,138.509
2019-04-16T13:00:00Z,1385.315,136.361
2019-04-16T14:00:00Z,1063.524,133.317
2019-04-16T15:00:00Z,672.008,133.941
2019-04-16T16:00:00Z,293.729,135.963
2019-04-16T17:00:00Z,60.149,135.591
2019-04-16T18:00:00Z,0.976,135.409
2019-04-16T19:00:00Z,0,131.156
2019-04-16T20:00:00Z,0,122.328
2019-04-16T21:00:00Z,0,112.557
2019-04-16T22:00:00Z,0,105.616
2019-04-16T23:00:00Z,0,101.429
2019-04-17T00:00:00Z,0,100.668
2019-04-17T01:00:00Z,0,100.785
2019-04-17T02:00:00Z,0,104.088
2019-04-17T03:00:00Z,0,112.409
2019-04-17T04:00:00Z,14.578,127.158
2019-04-17T05:00:00Z,171.523,138.261
2019-04-17T06:00:00Z,487.059,143.763
2019-04-17T07:00:00Z,837.241,144.325
2019-04-17T08:00:00Z,1129.354,146.561
2019-04-17T09:00:00Z,1375.719,146.717
2019-04-17T10:00:00Z,1535.165,143.622
2019-04-17T11:00:00Z,1581.461,140.954
2019-04-17T12:00:00Z,1534.433,138.122
2019-04-17T13:00:00Z,1376.207,134.824
2019-04-17T14:00:00Z,1085.314,131.699
2019-04-17T15:00:00Z,715.308,130.818
2019-04-17T16:00:00Z,338.166,131.207
2019-04-17T17:00:00Z,79.418,132.74
2019-04-17T18:00:00Z,1.647,132.447
2019-04-17T19:00:00Z,0,128.796
2019-04-17T20:00:00Z,0,120.385
2019-04-17T21:00:00Z,0,111.118
2019-04-17T22:00:00Z,0,103.808
2019-04-17T23:00:00Z,0,99.657
2019-04-18T00:00:00Z,0,98.079
2019-04-18T01:00:00Z,0,98.62
2019-04-18T02:00:00Z,0,101.991
2019-04-18T03:00:00Z,0,109.75
2019-04-18T04:00:00Z,16.894,122.898
2019-04-18T05:00:00Z,206.144,133.362
2019-04-18T06:00:00Z,593.608,139.672
2019-04-18T07:00:00Z,1042.123,140.381
2019-04-18T08:00:00Z,1416.048,140.232
2019-04-18T09:00:00Z,1665.677,138.928
2019-04-18T10:00:00Z,1799.793,137.972
2019-04-18T11:00:00Z,1820.468,138.329
2019-04-18T12:00:00Z,1725.508,134.817
2019-04-18T13:00:00Z,1525.524,131.758
2019-04-18T14:00:00Z,1217.955,128.424
2019-04-18T15:00:00Z,809.449,127.223
2019-04-18T16:00:00Z,383.439,126.342
2019-04-18T17:00:00Z,91.728,127.385
2019-04-18T18:00:00Z,2.866,125.917
2019-04-18T19:00:00Z,0,121.158
2019-04-18T20:00:00Z,0,112.683
2019-04-18T21:00:00Z,0,102.758
2019-04-18T22:00:00Z,0,94.634
2019-04-18T23:00:00Z,0,89.542
2019-04-19T00:00:00Z,0,87.062
2019-04-19T01:00:00Z,0,86.378
2019-04-19T02:00:00Z,0,85.853
2019-04-19T03:00:00Z,0,85.015
2019-04-19T04:00:00Z,19.028,83.426
2019-04-19T05:00:00Z,218.15,88.563
2019-04-19T06:00:00Z,620.479,95.884
2019-04-19T07:00:00Z,1068.488,100.706
2019-04-19T08:00:00Z,1436.604,104.229
2019-04-19T09:00:00Z,1682.686,107.66
2019-04-19T10:00:00Z,1811.795,106.119
2019-04-19T11:00:00Z,1831.311,102.835
2019-04-19T12:00:00Z,1740.074,99.704
2019-04-19T13:00:00Z,1539.062,96.47
2019-04-19T14:00:00Z,1230.408,94.264
2019-04-19T15:00:00Z,825.456,95.632
2019-04-19T16:00:00Z,393.914,98.532
2019-04-19T17:00:00Z,95.383,99.806
2019-04-19T18:00:00Z,2.988,100.183
2019-04-19T19:00:00Z,0,100.016
2019-04-19T20:00:00Z,0,96.418
2019-04-19T21:00:00Z,0,88.324
2019-04-19T22:00:00Z,0,82.291
2019-04-19T23:00:00Z,0,78.561
2019-04-20T00:00:00Z,0,76.293
2019-04-20T01:00:00Z,0,75.851
2019-04-20T02:00:00Z,0,77.617
2019-04-20T03:00:00Z,0,80.658
2019-04-20T04:00:00Z,20.796,83.14
2019-04-20T05:00:00Z,227.42,90.134
2019-04-20T06:00:00Z,630.481,98.09
2019-04-20T07:00:00Z,1074.221,104.336
2019-04-20T08:00:00Z,1433.555,105.766
2019-04-20T09:00:00Z,1673.294,106.713
2019-04-20T10:00:00Z,1799.415,106.119
2019-04-20T11:00:00Z,1818.198,103.5
2019-04-20T12:00:00Z,1729.524,100.574
2019-04-20T13:00:00Z,1535.83,98.045
2019-04-20T14:00:00Z,1238.519,96.166
2019-04-20T15:00:00Z,835.824,98.626
2019-04-20T16:00:00Z,405.013,100.516
2019-04-20T17:00:00Z,100.75,100.914
2019-04-20T18:00:00Z,3.781,99.407
2019-04-20T19:00:00Z,0,98.007
2019-04-20T20:00:00Z,0,92.74
2019-04-20T21:00:00Z,0,86.417
2019-04-20T22:00:00Z,0,79.408
2019-04-20T23:00:00Z,0,74.308
2019-04-21T00:00:00Z,0,72.268
2019-04-21T01:00:00Z,0,71.17
2019-04-21T02:00:00Z,0,72.499
2019-04-21T03:00:00Z,0,73.594
2019-04-21T04:00:00Z,23.785,73.801
2019-04-21T05:00:00Z,238.885,78.187
2019-04-21T06:00:00Z,646.765,86.006
2019-04-21T07:00:00Z,1087.821,91.594
2019-04-21T08:00:00Z,1439.776,93.612
2019-04-21T09:00:00Z,1682.259,95.476
2019-04-21T10:00:00Z,1810.392,93.772
2019-04-21T11:00:00Z,1824.297,89.954
2019-04-21T12:00:00Z,1735.317,86.393
2019-04-21T13:00:00Z,1541.075,83.858
2019-04-21T14:00:00Z,1240.471,83.219
2019-04-21T15:00:00Z,839.422,85.241
2019-04-21T16:00:00Z,406.538,88.174
2019-04-21T17:00:00Z,100.323,90.88
2019-04-21T18:00:00Z,4.147,93.026
2019-04-21T19:00:00Z,0,93.161
2019-04-21T20:00:00Z,0,88.441
2019-04-21T21:00:00Z,0,82.022
2019-04-21T22:00:00Z,0,76.407
2019-04-21T23:00:00Z,0,73.51
2019-04-22T00:00:00Z,0,72.106
2019-04-22T01:00:00Z,0,71.772
2019-04-22T02:00:00Z,0,73.155
2019-04-22T03:00:00Z,0.061,74.284
2019-04-22T04:00:00Z,27.566,75.564
2019-04-22T05:00:00Z,244.74,80.335
2019-04-22T06:00:00Z,649.082,87.421
2019-04-22T07:00:00Z,1085.259,93.33
2019-04-22T08:00:00Z,1440.263,98.193
2019-04-22T09:00:00Z,1670.915,103.075
2019-04-22T10:00:00Z,1793.743,102.457
2019-04-22T11:00:00Z,1793.743,99.167
2019-04-22T12:00:00Z,1694.029,96.495
2019-04-22T13:00:00Z,1509.239,95.613
2019-04-22T14:00:00Z,1211.258,95.976
2019-04-22T15:00:00Z,810.636,94.121
2019-04-22T16:00:00Z,395.194,95.561
2019-04-22T17:00:00Z,104.409,95.615
2019-04-22T18:00:00Z,4.635,100.086
2019-04-22T19:00:00Z,0,101.491
2019-04-22T20:00:00Z,0,98.15
2019-04-22T21:00:00Z,0,92.5
2019-04-22T22:00:00Z,0,86.261
2019-04-22T23:00:00Z,0,82.963
2019-04-23T00:00:00Z,0,81.462
2019-04-23T01:00:00Z,0,81.78
2019-04-23T02:00:00Z,0,85.515
2019-04-23T03:00:00Z,0.061,94.971
2019-04-23T04:00:00Z,29.026,113.187
2019-04-23T05:00:00Z,223.367,127.498
2019-04-23T06:00:00Z,560.217,135.674
2019-04-23T07:00:00Z,925.849,138.37
2019-04-23T08:00:00Z,1236.966,140.982
2019-04-23T09:00:00Z,1436.734,143.658
2019-04-23T10:00:00Z,1521.434,143.628
2019-04-23T11:00:00Z,1466.187,143.656
2019-04-23T12:00:00Z,1301.055,140.557
2019-04-23T13:00:00Z,1064.699,137.851
2019-04-23T14:00:00Z,781.084,135.948
2019-04-23T15:00:00Z,506.921,132.962
2019-04-23T16:00:00Z,261.053,134.14
2019-04-23T17:00:00Z,77.871,132.678
2019-04-23T18:00:00Z,3.476,129.508
2019-04-23T19:00:00Z,0,124.959
2019-04-23T20:00:00Z,0,115.949
2019-04-23T21:00:00Z,0,106.61
2019-04-23T22:00:00Z,0,100.067
2019-04-23T23:00:00Z,0,96.572
2019-04-24T00:00:00Z,0,94.512
2019-04-24T01:00:00Z,0,95.715
2019-04-24T02:00:00Z,0,98.069
2019-04-24T03:00:00Z,0.061,105.212
2019-04-24T04:00:00Z,25.12,118.463
2019-04-24T05:00:00Z,197.671,131.337
2019-04-24T06:00:00Z,513.749,136.54
2019-04-24T07:00:00Z,910.798,137.827
2019-04-24T08:00:00Z,1264.435,141.191
2019-04-24T09:00:00Z,1537.528,142.594
2019-04-24T10:00:00Z,1676.666,141.14
2019-04-24T11:00:00Z,1700.018,140.369
2019-04-24T12:00:00Z,1582.952,138.18
2019-04-24T13:00:00Z,1325.59,135.551
2019-04-24T14:00:00Z,980.672,132.009
2019-04-24T15:00:00Z,605.756,131.023
2019-04-24T16:00:00Z,280.105,132.295
2019-04-24T17:00:00Z,74.752,132.701
2019-04-24T18:00:00Z,3.292,130.019
2019-04-24T19:00:00Z,0,127.364
2019-04-24T20:00:00Z,0,117.67
2019-04-24T21:00:00Z,0,108.784
2019-04-24T22:00:00Z,0,101.901
2019-04-24T23:00:00Z,0,97.07
2019-04-25T00:00:00Z,0,93.511
2019-04-25T01:00:00Z,0,93.558
2019-04-25T02:00:00Z,0,97.374
2019-04-25T03:00:00Z,0.122,105.494
2019-04-25T04:00:00Z,32.181,119.976
2019-04-25T05:00:00Z,244.159,131.795
2019-04-25T06:00:00Z,632.217,138.827
2019-04-25T07:00:00Z,1036.183,140.693
2019-04-25T08:00:00Z,1348.178,142.029
2019-04-25T09:00:00Z,1537.849,144.385
2019-04-25T10:00:00Z,1606.416,143.724
2019-04-25T11:00:00Z,1583.073,140.129
2019-04-25T12:00:00Z,1499.695,137.417
2019-04-25T13:00:00Z,1298.809,135.655
2019-04-25T14:00:00Z,1008.939,133.905
2019-04-25T15:00:00Z,658.181,133.631
2019-04-25T16:00:00Z,327.232,131.56
2019-04-25T17:00:00Z,94.958,131.117
2019-04-25T18:00:00Z,4.998,128.407
2019-04-25T19:00:00Z,0,126.556
2019-04-25T20:00:00Z,0,119.07
2019-04-25T21:00:00Z,0,109.733
2019-04-25T22:00:00Z,0,104.218
2019-04-25T23:00:00Z,0,98.361
2019-04-26T00:00:00Z,0,95.369
2019-04-26T01:00:00Z,0,95.85
2019-04-26T02:00:00Z,0,99.024
2019-04-26T03:00:00Z,0.183,106.057
2019-04-26T04:00:00Z,28.213,120.491
2019-04-26T05:00:00Z,177.141,132.306
2019-04-26T06:00:00Z,397.424,139.691
2019-04-26T07:00:00Z,598.33,142.803
2019-04-26T08:00:00Z,731.049,145.695
2019-04-26T09:00:00Z,788.755,147.57
2019-04-26T10:00:00Z,792.655,144.481
2019-04-26T11:00:00Z,761.212,138.962
2019-04-26T12:00:00Z,669.93,135.779
2019-04-26T13:00:00Z,573.529,131.91
2019-04-26T14:00:00Z,454.887,129.178
2019-04-26T15:00:00Z,342.277,130.172
2019-04-26T16:00:00Z,198.286,129.751
2019-04-26T17:00:00Z,66.298,130.232
2019-04-26T18:00:00Z,5.484,125.899
2019-04-26T19:00:00Z,0,120.953
2019-04-26T20:00:00Z,0,113.959
2019-04-26T21:00:00Z,0,105.561
2019-04-26T22:00:00Z,0,96.97
2019-04-26T23:00:00Z,0,92.47
2019-04-27T00:00:00Z,0,90.023
2019-04-27T01:00:00Z,0,89.914
2019-04-27T02:00:00Z,0,90.685
2019-04-27T03:00:00Z,0.183,90.82
2019-04-27T04:00:00Z,23.703,91.731
2019-04-27T05:00:00Z,155.259,99.402
2019-04-27T06:00:00Z,376.447,107.194
2019-04-27T07:00:00Z,634.866,112.627
2019-04-27T08:00:00Z,814.925,117.379
2019-04-27T09:00:00Z,897.55,118.563
2019-04-27T10:00:00Z,926.616,117.454
2019-04-27T11:00:00Z,923.63,113.951
2019-04-27T12:00:00Z,874.335,109.654
2019-04-27T13:00:00Z,749.665,108.874
2019-04-27T14:00:00Z,593.736,108.062
2019-04-27T15:00:00Z,417.882,110.321
2019-04-27T16:00:00Z,214.791,112.602
2019-04-27T17:00:00Z,70.866,110.937
2019-04-27T18:00:00Z,5.179,108.878
2019-04-27T19:00:00Z,0,106.377
2019-04-27T20:00:00Z,0,101.888
2019-04-27T21:00:00Z,0,93.176
2019-04-27T22:00:00Z,0,88.048
2019-04-27T23:00:00Z,0,84.378
2019-04-28T00:00:00Z,0,81.59
2019-04-28T01:00:00Z,0,81.22
2019-04-28T02:00:00Z,0,81.744
2019-04-28T03:00:00Z,0.183,81.928
2019-04-28T04:00:00Z,23.338,82.768
2019-04-28T05:00:00Z,137.649,87.248
2019-04-28T06:00:00Z,318.987,93.375
2019-04-28T07:00:00Z,515.193,99.967
2019-04-28T08:00:00Z,689.036,103.87
2019-04-28T09:00:00Z,829.488,108.154
2019-04-28T10:00:00Z,942.946,108.831
2019-04-28T11:00:00Z,999.248,105.379
2019-04-28T12:00:00Z,978.226,102.987
2019-04-28T13:00:00Z,892.249,99.997
2019-04-28T14:00:00Z,775.135,98.066
2019-04-28T15:00:00Z,574.908,99.856
2019-04-28T16:00:00Z,333.733,103.562
2019-04-28T17:00:00Z,115.53,105.477
2019-04-28T18:00:00Z,9.14,105.922
2019-04-28T19:00:00Z,0,107.767
2019-04-28T20:00:00Z,0,105.563
2019-04-28T21:00:00Z,0,98.708
2019-04-28T22:00:00Z,0,93.558
2019-04-28T23:00:00Z,0,90.405
2019-04-29T00:00:00Z,0,90.198
2019-04-29T01:00:00Z,0,92.017
2019-04-29T02:00:00Z,0,95.217
2019-04-29T03:00:00Z,0.183,103.923
2019-04-29T04:00:00Z,23.205,120.391
2019-04-29T05:00:00Z,147.512,132.436
2019-04-29T06:00:00Z,333.455,138.026
2019-04-29T07:00:00Z,527.255,138.832
2019-04-29T08:00:00Z,685.365,141.164
2019-04-29T09:00:00Z,751.446,144.227
2019-04-29T10:00:00Z,751.629,145.11
2019-04-29T11:00:00Z,736.038,143.701
2019-04-29T12:00:00Z,689.567,140.971
2019-04-29T13:00:00Z,585.907,139.783
2019-04-29T14:00:00Z,451.55,136.416
2019-04-29T15:00:00Z,310.555,135.495
2019-04-29T16:00:00Z,160.668,135.895
2019-04-29T17:00:00Z,49.089,135.226
2019-04-29T18:00:00Z,3.898,131.145
2019-04-29T19:00:00Z,0,126.96
2019-04-29T20:00:00Z,0,119.861
2019-04-29T21:00:00Z,0,110.543
2019-04-29T22:00:00Z,0,103.265
2019-04-29T23:00:00Z,0,99.982
2019-04-30T00:00:00Z,0,98.261
2019-04-30T01:00:00Z,0,99.398
2019-04-30T02:00:00Z,0,103.011
2019-04-30T03:00:00Z,0.548,109.115
2019-04-30T04:00:00Z,30.669,122.663
2019-04-30T05:00:00Z,185.96,133.862
2019-04-30T06:00:00Z,444.332,139.302
2019-04-30T07:00:00Z,751.689,139.652
2019-04-30T08:00:00Z,1068.416,140.238
2019-04-30T09:00:00Z,1333.969,140.873
2019-04-30T10:00:00Z,1500.882,140.802
2019-04-30T11:00:00Z,1544.147,138.75
2019-04-30T12:00:00Z,1488.834,134.601
2019-04-30T13:00:00Z,1323.503,132.186
2019-04-30T14:00:00Z,1082.534,128.311
2019-04-30T15:00:00Z,753.027,126.814
2019-04-30T16:00:00Z,398.755,125.788
2019-04-30T17:00:00Z,129.064,125.645
2019-04-30T18:00:00Z,11.927,122.289
2019-04-30T19:00:00Z,0,119.444
2019-04-30T20:00:00Z,0,111.745
2019-04-30T21:00:00Z,0,103.733
2019-04-30T22:00:00Z,0,96.286
2019-04-30T23:00:00Z,0,91.429
2019-05-01T00:00:00Z,0,87.616
2019-05-01T01:00:00Z,0,87.015
2019-05-01T02:00:00Z,0,87.062
2019-05-01T03:00:00Z,0.487,85.572
2019-05-01T04:00:00Z,37.909,82.533
2019-05-01T05:00:00Z,205.002,86.34
2019-05-01T06:00:00Z,472.618,94.67
2019-05-01T07:00:00Z,783.193,100.959
2019-05-01T08:00:00Z,1069.429,105.439
2019-05-01T09:00:00Z,1258.975,108.679
2019-05-01T10:00:00Z,1355.057,105.655
2019-05-01T11:00:00Z,1380.127,100.939
2019-05-01T12:00:00Z,1349.519,97.643
2019-05-01T13:00:00Z,1229.828,97.511
2019-05-01T14:00:00Z,1003.408,96.215
2019-05-01T15:00:00Z,709.566,97.37
2019-05-01T16:00:00Z,385.664,99.935
2019-05-01T17:00:00Z,125.411,102.592
2019-05-01T18:00:00Z,10.71,102.57
2019-05-01T19:00:00Z,0,102.305
2019-05-01T20:00:00Z,0,101.07
2019-05-01T21:00:00Z,0,93.124
2019-05-01T22:00:00Z,0,87.654
2019-05-01T23:00:00Z,0,85.162
2019-05-02T00:00:00Z,0,85.081
2019-05-02T01:00:00Z,0,86.44
2019-05-02T02:00:00Z,0,91.032
2019-05-02T03:00:00Z,0.608,100.42
2019-05-02T04:00:00Z,40.523,118.2
2019-05-02T05:00:00Z,217.463,131.254
2019-05-02T06:00:00Z,486.158,136.959
2019-05-02T07:00:00Z,780.712,138.962
2019-05-02T08:00:00Z,1068.269,140.557
2019-05-02T09:00:00Z,1279.647,142.498
2019-05-02T10:00:00Z,1307.028,141.397
2019-05-02T11:00:00Z,1247.46,139.994
2019-05-02T12:00:00Z,1127.715,138.201
2019-05-02T13:00:00Z,947.733,137.744
2019-05-02T14:00:00Z,735.929,135.591
2019-05-02T15:00:00Z,494.676,135.471
2019-05-02T16:00:00Z,251.962,135.08
2019-05-02T17:00:00Z,79.465,133.268
2019-05-02T18:00:00Z,7.119,128.642
2019-05-02T19:00:00Z,0,125.711
2019-05-02T20:00:00Z,0,118.76
2019-05-02T21:00:00Z,0,110.18
2019-05-02T22:00:00Z,0,102.54
2019-05-02T23:00:00Z,0,98.851
2019-05-03T00:00:00Z,0,96.504
2019-05-03T01:00:00Z,0,96.805
2019-05-03T02:00:00Z,0,100.112
2019-05-03T03:00:00Z,0.791,107.021
2019-05-03T04:00:00Z,30.906,122.625
2019-05-03T05:00:00Z,154.955,132.906
2019-05-03T06:00:00Z,366.064,138.214
2019-05-03T07:00:00Z,589.889,142.252
2019-05-03T08:00:00Z,754.152,143.806
2019-05-03T09:00:00Z,851.068,144.466
2019-05-03T10:00:00Z,930.705,141.89
2019-05-03T11:00:00Z,951.999,139.321
2019-05-03T12:00:00Z,888.787,135.952
2019-05-03T13:00:00Z,761.94,134.373
2019-05-03T14:00:00Z,606.802,132.216
2019-05-03T15:00:00Z,431.405,132.218
2019-05-03T16:00:00Z,242.563,131.094
2019-05-03T17:00:00Z,88.459,129.572
2019-05-03T18:00:00Z,8.274,125.391
2019-05-03T19:00:00Z,0,121.436
2019-05-03T20:00:00Z,0,115.851
2019-05-03T21:00:00Z,0,107.393
2019-05-03T22:00:00Z,0,99.407
2019-05-03T23:00:00Z,0,94.492
2019-05-04T00:00:00Z,0,92.015
2019-05-04T01:00:00Z,0,91.03
2019-05-04T02:00:00Z,0,92.879
2019-05-04T03:00:00Z,0.669,92.748
2019-05-04T04:00:00Z,32.183,95.217
2019-05-04T05:00:00Z,151.305,101.309
2019-05-04T06:00:00Z,333.638,110.992
2019-05-04T07:00:00Z,522.297,117.486
2019-05-04T08:00:00Z,646.894,122.182
2019-05-04T09:00:00Z,737.178,122.943
2019-05-04T10:00:00Z,808.907,121.661
2019-05-04T11:00:00Z,804.77,119.074
2019-05-04T12:00:00Z,789.803,115.953
2019-05-04T13:00:00Z,735.536,113.756
2019-05-04T14:00:00Z,620.855,112.025
2019-05-04T15:00:00Z,478.007,112.982
2019-05-04T16:00:00Z,295.431,113.919
2019-05-04T17:00:00Z,114.315,112.266
2019-05-04T18:00:00Z,13.202,108.271
2019-05-04T19:00:00Z,0,106.839
2019-05-04T20:00:00Z,0,104.114
2019-05-04T21:00:00Z,0,97.87
2019-05-04T22:00:00Z,0,91.145
2019-05-04T23:00:00Z,0,86.979
2019-05-05T00:00:00Z,0,85.121
2019-05-05T01:00:00Z,0,84.688
2019-05-05T02:00:00Z,0,84.301
2019-05-05T03:00:00Z,1.217,83.724
2019-05-05T04:00:00Z,50.982,82.862
2019-05-05T05:00:00Z,238.542,87.257
2019-05-05T06:00:00Z,499.108,94.332
2019-05-05T07:00:00Z,778.533,100.811
2019-05-05T08:00:00Z,954.96,106.993
2019-05-05T09:00:00Z,1053.456,111.933
2019-05-05T10:00:00Z,1061.729,112.061
2019-05-05T11:00:00Z,1023.463,106.88
2019-05-05T12:00:00Z,992.862,102.419
2019-05-05T13:00:00Z,907.872,101.48
2019-05-05T14:00:00Z,750.669,102.076
2019-05-05T15:00:00Z,545.466,104.915
2019-05-05T16:00:00Z,321.159,107.142
2019-05-05T17:00:00Z,125.081,107.715
2019-05-05T18:00:00Z,15.027,107.51
2019-05-05T19:00:00Z,0,109.436
2019-05-05T20:00:00Z,0,109.073
2019-05-05T21:00:00Z,0,101.895
2019-05-05T22:00:00Z,0,95.675
2019-05-05T23:00:00Z,0,92.248
2019-05-06T00:00:00Z,0,92.148
2019-05-06T01:00:00Z,0,93.962
2019-05-06T02:00:00Z,0,98.248
2019-05-06T03:00:00Z,1.399,107.765
2019-05-06T04:00:00Z,54.75,123.099
2019-05-06T05:00:00Z,257.873,135.219
2019-05-06T06:00:00Z,584.609,141.296
2019-05-06T07:00:00Z,907.574,141.33
2019-05-06T08:00:00Z,1012.39,145.98
2019-05-06T09:00:00Z,962.263,150.315
2019-05-06T10:00:00Z,901.004,148.448
2019-05-06T11:00:00Z,881.659,145.685
2019-05-06T12:00:00Z,849.478,142.709
2019-05-06T13:00:00Z,751.962,141.11
2019-05-06T14:00:00Z,615.391,138.12
2019-05-06T15:00:00Z,433.195,138.573
2019-05-06T16:00:00Z,239.562,138.47
2019-05-06T17:00:00Z,88.026,137.34
2019-05-06T18:00:00Z,9.125,133.274
2019-05-06T19:00:00Z,0,128.418
2019-05-06T20:00:00Z,0,120.677
2019-05-06T21:00:00Z,0,112.621
2019-05-06T22:00:00Z,0,106.553
2019-05-06T23:00:00Z,0,102.979
2019-05-07T00:00:00Z,0,101.352
2019-05-07T01:00:00Z,0,103.383
2019-05-07T02:00:00Z,0,106.531
2019-05-07T03:00:00Z,1.46,113.14
2019-05-07T04:00:00Z,60.583,126.521
2019-05-07T05:00:00Z,266.6,136.559
2019-05-07T06:00:00Z,585.268,141.595
2019-05-07T07:00:00Z,914.762,142.344
2019-05-07T08:00:00Z,1101.012,142.799
2019-05-07T09:00:00Z,1151.437,146.426
2019-05-07T10:00:00Z,1158.067,145.537
2019-05-07T11:00:00Z,1170.414,144.139
2019-05-07T12:00:00Z,1144.442,141.305
2019-05-07T13:00:00Z,1043.957,138.971
2019-05-07T14:00:00Z,889.52,135.437
2019-05-07T15:00:00Z,637.7,134.424
2019-05-07T16:00:00Z,365.078,133.129
2019-05-07T17:00:00Z,136.859,132.447
2019-05-07T18:00:00Z,16.362,130.309
2019-05-07T19:00:00Z,0,126.757
2019-05-07T20:00:00Z,0,119.16
2019-05-07T21:00:00Z,0,110.783
2019-05-07T22:00:00Z,0,103.697
2019-05-07T23:00:00Z,0,99.409
2019-05-08T00:00:00Z,0,97.992
2019-05-08T01:00:00Z,0,99.535
2019-05-08T02:00:00Z,0,103.834
2019-05-08T03:00:00Z,1.885,110.321
2019-05-08T04:00:00Z,57.355,124.104
2019-05-08T05:00:00Z,226.077,135.751
2019-05-08T06:00:00Z,454.343,141.104
2019-05-08T07:00:00Z,695.868,141.236
2019-05-08T08:00:00Z,898.528,143.427
2019-05-08T09:00:00Z,985.991,147.324
2019-05-08T10:00:00Z,909.233,147.487
2019-05-08T11:00:00Z,771.47,146.127
2019-05-08T12:00:00Z,638.452,144.936
2019-05-08T13:00:00Z,516.321,144.537
2019-05-08T14:00:00Z,357.879,140.856
2019-05-08T15:00:00Z,228.266,140.392
2019-05-08T16:00:00Z,128.031,139.55
2019-05-08T17:00:00Z,52.307,139.02
2019-05-08T18:00:00Z,5.961,133.669
2019-05-08T19:00:00Z,0.061,128.428
2019-05-08T20:00:00Z,0,122.387
2019-05-08T21:00:00Z,0,112.273
2019-05-08T22:00:00Z,0,105.698
2019-05-08T23:00:00Z,0,100.086
2019-05-09T00:00:00Z,0,99.095
2019-05-09T01:00:00Z,0,99.058
2019-05-09T02:00:00Z,0,102.215
2019-05-09T03:00:00Z,1.338,109.87
2019-05-09T04:00:00Z,42.511,124.164
2019-05-09T05:00:00Z,204.651,135.309
2019-05-09T06:00:00Z,475.349,141.345
2019-05-09T07:00:00Z,765.144,142.341
2019-05-09T08:00:00Z,936.284,145.236
2019-05-09T09:00:00Z,981.593,147.063
2019-05-09T10:00:00Z,999.716,145.056
2019-05-09T11:00:00Z,985.546,144.507
2019-05-09T12:00:00Z,913.173,142.303
2019-05-09T13:00:00Z,816.899,140.787
2019-05-09T14:00:00Z,675.195,136.311
2019-05-09T15:00:00Z,479.971,135.476
2019-05-09T16:00:00Z,290.281,134.946
2019-05-09T17:00:00Z,118.898,134.018
2019-05-09T18:00:00Z,14.657,131.506
2019-05-09T19:00:00Z,0.061,127.733
2019-05-09T20:00:00Z,0,120.863
2019-05-09T21:00:00Z,0,111.678
2019-05-09T22:00:00Z,0,102.989
2019-05-09T23:00:00Z,0,99.246
2019-05-10T00:00:00Z,0,98.432
2019-05-10T01:00:00Z,0,98.462
2019-05-10T02:00:00Z,0,102.979
2019-05-10T03:00:00Z,2.128,109.757
2019-05-10T04:00:00Z,51.63,122.924
2019-05-10T05:00:00Z,205.424,136.639
2019-05-10T06:00:00Z,417.477,141.784
2019-05-10T07:00:00Z,653.308,142.044
2019-05-10T08:00:00Z,800.839,146.129
2019-05-10T09:00:00Z,878.558,147.538
2019-05-10T10:00:00Z,961.627,145.657
2019-05-10T11:00:00Z,985.952,142.196
2019-05-10T12:00:00Z,994.284,137.536
2019-05-10T13:00:00Z,942.35,133.804
2019-05-10T14:00:00Z,803.697,132.464
2019-05-10T15:00:00Z,574.982,131.491
2019-05-10T16:00:00Z,347.543,129.437
2019-05-10T17:00:00Z,145.585,129.255
2019-05-10T18:00:00Z,19.582,125.389
2019-05-10T19:00:00Z,0.061,121.986
2019-05-10T20:00:00Z,0,115.74
2019-05-10T21:00:00Z,0,107.822
2019-05-10T22:00:00Z,0,99.997
2019-05-10T23:00:00Z,0,94.106
2019-05-11T00:00:00Z,0,91.075
2019-05-11T01:00:00Z,0,90.386
2019-05-11T02:00:00Z,0,91.173
2019-05-11T03:00:00Z,2.554,91.906
2019-05-11T04:00:00Z,44.393,93.879
2019-05-11T05:00:00Z,161.761,101.504
2019-05-11T06:00:00Z,319.995,109.675
2019-05-11T07:00:00Z,495.865,114.647
2019-05-11T08:00:00Z,669.363,119.173
2019-05-11T09:00:00Z,765.142,121.146
2019-05-11T10:00:00Z,813.245,119.929
2019-05-11T11:00:00Z,774.811,116.178
2019-05-11T12:00:00Z,753.101,111.619
2019-05-11T13:00:00Z,653.673,111.653
2019-05-11T14:00:00Z,512.102,110.176
2019-05-11T15:00:00Z,360.557,111.123
2019-05-11T16:00:00Z,226.162,112.899
2019-05-11T17:00:00Z,96.692,112.7
2019-05-11T18:00:00Z,18.609,109.682
2019-05-11T19:00:00Z,0.122,107.692
2019-05-11T20:00:00Z,0,104.751
2019-05-11T21:00:00Z,0,98.47
2019-05-11T22:00:00Z,0,91.045
2019-05-11T23:00:00Z,0,87.092
2019-05-12T00:00:00Z,0,85.391
2019-05-12T01:00:00Z,0,84.775
2019-05-12T02:00:00Z,0,85.055
2019-05-12T03:00:00Z,2.615,84.519
2019-05-12T04:00:00Z,51.934,84.343
2019-05-12T05:00:00Z,211.81,88.465
2019-05-12T06:00:00Z,457.614,95.818
2019-05-12T07:00:00Z,716.736,101.88
2019-05-12T08:00:00Z,954.208,105.317
2019-05-12T09:00:00Z,1171.43,108.115
2019-05-12T10:00:00Z,1297.738,107.944
2019-05-12T11:00:00Z,1330.637,102.983
2019-05-12T12:00:00Z,1294.15,100.24
2019-05-12T13:00:00Z,1171.43,98.361
2019-05-12T14:00:00Z,976.405,97.647
2019-05-12T15:00:00Z,707.066,99.661
2019-05-12T16:00:00Z,410.545,103.237
2019-05-12T17:00:00Z,165.775,105.255
2019-05-12T18:00:00Z,28.217,104.257
2019-05-12T19:00:00Z,0.182,104.996
2019-05-12T20:00:00Z,0,104.505
2019-05-12T21:00:00Z,0,96.797
2019-05-12T22:00:00Z,0,92.475
2019-05-12T23:00:00Z,0,89.666
2019-05-13T00:00:00Z,0,88.189
2019-05-13T01:00:00Z,0,89.948
2019-05-13T02:00:00Z,0,94.614
2019-05-13T03:00:00Z,3.77,102.521
2019-05-13T04:00:00Z,86.951,119.175
2019-05-13T05:00:00Z,354.615,130.968
2019-05-13T06:00:00Z,766.387,137.402
2019-05-13T07:00:00Z,1180.895,138.282
2019-05-13T08:00:00Z,1501.034,140.762
2019-05-13T09:00:00Z,1645.081,143.972
2019-05-13T10:00:00Z,1652.925,142.367
2019-05-13T11:00:00Z,1614.557,139.903
2019-05-13T12:00:00Z,1545.725,136.989
2019-05-13T13:00:00Z,1394.746,134.826
2019-05-13T14:00:00Z,1179.679,132.321
2019-05-13T15:00:00Z,859.966,131.806
2019-05-13T16:00:00Z,491.913,131.47
2019-05-13T17:00:00Z,188.861,130.747
2019-05-13T18:00:00Z,28.7,128.165
2019-05-13T19:00:00Z,0.182,124.63
2019-05-13T20:00:00Z,0,118.384
2019-05-13T21:00:00Z,0,107.536
2019-05-13T22:00:00Z,0,101.711
2019-05-13T23:00:00Z,0,97.902
2019-05-14T00:00:00Z,0,96.258
2019-05-14T01:00:00Z,0,97.329
2019-05-14T02:00:00Z,0,101.888
2019-05-14T03:00:00Z,4.864,108.47
2019-05-14T04:00:00Z,88.221,122.913
2019-05-14T05:00:00Z,358.903,134.642
2019-05-14T06:00:00Z,766.507,139.962
2019-05-14T07:00:00Z,1125.289,141.506
2019-05-14T08:00:00Z,1325.686,144.231
2019-05-14T09:00:00Z,1359.248,147.157
2019-05-14T10:00:00Z,1346.844,144
2019-05-14T11:00:00Z,1322.585,141.82
2019-05-14T12:00:00Z,1271.635,139.146
2019-05-14T13:00:00Z,1172.105,137.827
2019-05-14T14:00:00Z,992.805,134.394
2019-05-14T15:00:00Z,740.181,133.434
2019-05-14T16:00:00Z,437.822,133.62
2019-05-14T17:00:00Z,177.719,133.396
2019-05-14T18:00:00Z,32.467,130.758
2019-05-14T19:00:00Z,0.304,126.479
2019-05-14T20:00:00Z,0,119.696
2019-05-14T21:00:00Z,0,110.567
2019-05-14T22:00:00Z,0,103.902
2019-05-14T23:00:00Z,0,99.503
2019-05-15T00:00:00Z,0,98.019
2019-05-15T01:00:00Z,0,99.296
2019-05-15T02:00:00Z,0,102.87
2019-05-15T03:00:00Z,4.073,109.333
2019-05-15T04:00:00Z,74.339,124.106
2019-05-15T05:00:00Z,284.652,135.324
2019-05-15T06:00:00Z,595.38,140.625
2019-05-15T07:00:00Z,920.94,141.508
2019-05-15T08:00:00Z,1175.808,143.162
2019-05-15T09:00:00Z,1328.862,146.77
2019-05-15T10:00:00Z,1347.827,146.007
2019-05-15T11:00:00Z,1280.661,143.203
2019-05-15T12:00:00Z,1150.218,141.651
2019-05-15T13:00:00Z,972.667,140.097
2019-05-15T14:00:00Z,762.476,136.797
2019-05-15T15:00:00Z,535.63,137.122
2019-05-15T16:00:00Z,313.524,137.196
2019-05-15T17:00:00Z,127.89,136.515
2019-05-15T18:00:00Z,22.429,132.045
2019-05-15T19:00:00Z,0.304,128.21
2019-05-15T20:00:00Z,0,120.575
2019-05-15T21:00:00Z,0,111.298
2019-05-15T22:00:00Z,0,104.751
2019-05-15T23:00:00Z,0,101.053
2019-05-16T00:00:00Z,0,99.738
2019-05-16T01:00:00Z,0,100.649
2019-05-16T02:00:00Z,0,104.193
2019-05-16T03:00:00Z,2.066,111.187
2019-05-16T04:00:00Z,43.943,125.812
2019-05-16T05:00:00Z,159.606,135.893
2019-05-16T06:00:00Z,322.069,142.361
2019-05-16T07:00:00Z,480.459,145.208
2019-05-16T08:00:00Z,595.879,147.204
2019-05-16T09:00:00Z,673.798,148.613
2019-05-16T10:00:00Z,720.598,146.063
2019-05-16T11:00:00Z,720.416,144.81
2019-05-16T12:00:00Z,655.078,143.026
2019-05-16T13:00:00Z,550.052,141.542
2019-05-16T14:00:00Z,416.459,140.711
2019-05-16T15:00:00Z,281.59,140.899
2019-05-16T16:00:00Z,163.496,139.12
2019-05-16T17:00:00Z,63.697,137.814
2019-05-16T18:00:00Z,9.725,133.535
2019-05-16T19:00:00Z,0.122,129.92
2019-05-16T20:00:00Z,0,122.734
2019-05-16T21:00:00Z,0,113.249
2019-05-16T22:00:00Z,0,105.828
2019-05-16T23:00:00Z,0,102.416
2019-05-17T00:00:00Z,0,100.272
2019-05-17T01:00:00Z,0,101.251
2019-05-17T02:00:00Z,0,104.18
2019-05-17T03:00:00Z,4.74,110.823
2019-05-17T04:00:00Z,64.961,126.16
2019-05-17T05:00:00Z,225.207,137.59
2019-05-17T06:00:00Z,473.505,142.874
2019-05-17T07:00:00Z,762.822,143.323
2019-05-17T08:00:00Z,998.602,144.351
2019-05-17T09:00:00Z,1141.043,146.337
2019-05-17T10:00:00Z,1194.215,145.101
2019-05-17T11:00:00Z,1200.656,142.354
2019-05-17T12:00:00Z,1148.882,137.536
2019-05-17T13:00:00Z,1054.995,135.157
2019-05-17T14:00:00Z,886.485,132.716
2019-05-17T15:00:00Z,650.462,131.357
2019-05-17T16:00:00Z,380.226,129.929
2019-05-17T17:00:00Z,155.566,129.044
2019-05-17T18:00:00Z,26.009,125.596
2019-05-17T19:00:00Z,0.182,121.445
2019-05-17T20:00:00Z,0,115.631
2019-05-17T21:00:00Z,0,106.488
2019-05-17T22:00:00Z,0,97.866
2019-05-17T23:00:00Z,0,93.813
2019-05-18T00:00:00Z,0,91.316
2019-05-18T01:00:00Z,0,90.534
2019-05-18T02:00:00Z,0,91.079
2019-05-18T03:00:00Z,7.171,90.405
2019-05-18T04:00:00Z,100.632,92.52
2019-05-18T05:00:00Z,346.864,100.039
2019-05-18T06:00:00Z,698.226,108.245
2019-05-18T07:00:00Z,1065.873,112.801
2019-05-18T08:00:00Z,1372.509,115.556
2019-05-18T09:00:00Z,1573.833,117.114
2019-05-18T10:00:00Z,1666.748,116.413
2019-05-18T11:00:00Z,1632.961,113.181
2019-05-18T12:00:00Z,1485.537,109.778
2019-05-18T13:00:00Z,1280.992,107.619
2019-05-18T14:00:00Z,1029.837,105.142
2019-05-18T15:00:00Z,757.049,105.785
2019-05-18T16:00:00Z,475.267,107.927
2019-05-18T17:00:00Z,244.166,107.444
2019-05-18T18:00:00Z,105.129,104.808
2019-05-18T19:00:00Z,92.732,103.383
2019-05-18T20:00:00Z,104.278,101.1
2019-05-18T21:00:00Z,104.278,93.853
2019-05-18T22:00:00Z,0,87.265
2019-05-18T23:00:00Z,0,81.096
2019-05-19T00:00:00Z,0,77.717
2019-05-19T01:00:00Z,0,76.92
2019-05-19T02:00:00Z,0,78.463
2019-05-19T03:00:00Z,7.414,77.815
2019-05-19T04:00:00Z,103.729,78.108
2019-05-19T05:00:00Z,332.03,83.822
2019-05-19T06:00:00Z,652.758,91.63
2019-05-19T07:00:00Z,973.425,96.968
2019-05-19T08:00:00Z,1258.361,101.029
2019-05-19T09:00:00Z,1480.585,105.943
2019-05-19T10:00:00Z,1560.007,106.653
2019-05-19T11:00:00Z,1533.634,102.69
2019-05-19T12:00:00Z,1396.97,98.842
2019-05-19T13:00:00Z,1197.107,98.263
2019-05-19T14:00:00Z,929.429,97.88
2019-05-19T15:00:00Z,635.925,100.741
2019-05-19T16:00:00Z,372.015,103.949
2019-05-19T17:00:00Z,153.558,106.003
2019-05-19T18:00:00Z,27.892,105.93
2019-05-19T19:00:00Z,0.243,104.866
2019-05-19T20:00:00Z,0,103.943
2019-05-19T21:00:00Z,0,96.25
2019-05-19T22:00:00Z,0,89.818
2019-05-19T23:00:00Z,0,86.124
2019-05-20T00:00:00Z,0,85.384
2019-05-20T01:00:00Z,0,86.549
2019-05-20T02:00:00Z,0,89.758
2019-05-20T03:00:00Z,5.651,97.462
2019-05-20T04:00:00Z,71.029,117.245
2019-05-20T05:00:00Z,202.637,130.085
2019-05-20T06:00:00Z,362.62,136.179
2019-05-20T07:00:00Z,528.618,138.244
2019-05-20T08:00:00Z,641.998,141.444
2019-05-20T09:00:00Z,723.66,144.733
2019-05-20T10:00:00Z,743.529,145.011
2019-05-20T11:00:00Z,719.832,145.026
2019-05-20T12:00:00Z,635.253,142.042
2019-05-20T13:00:00Z,543.505,140.052
2019-05-20T14:00:00Z,431.037,137.141
2019-05-20T15:00:00Z,297.424,137.119
2019-05-20T16:00:00Z,161.077,136.805
2019-05-20T17:00:00Z,63.373,134.779
2019-05-20T18:00:00Z,12.881,131.478
2019-05-20T19:00:00Z,0.668,125.632
2019-05-20T20:00:00Z,0,118.803
2019-05-20T21:00:00Z,0,108.75
2019-05-20T22:00:00Z,0,101.677
2019-05-20T23:00:00Z,0,97.577
2019-05-21T00:00:00Z,0,95.14
2019-05-21T01:00:00Z,0,96.196
2019-05-21T02:00:00Z,0,100.106
2019-05-21T03:00:00Z,5.832,107.142
2019-05-21T04:00:00Z,43.318,123.146
2019-05-21T05:00:00Z,136.09,135.095
2019-05-21T06:00:00Z,260.151,142.94
2019-05-21T07:00:00Z,384.09,144.71
2019-05-21T08:00:00Z,486.219,146.753
2019-05-21T09:00:00Z,572.43,150.171
2019-05-21T10:00:00Z,610.523,149.434
2019-05-21T11:00:00Z,607.667,146.8
2019-05-21T12:00:00Z,575.285,145.043
2019-05-21T13:00:00Z,499.16,142.872
2019-05-21T14:00:00Z,404.686,139.605
2019-05-21T15:00:00Z,286.519,139.736
2019-05-21T16:00:00Z,167.622,138.817
2019-05-21T17:00:00Z,69.929,137.199
2019-05-21T18:00:00Z,11.847,132.423
2019-05-21T19:00:00Z,0.304,128.287
2019-05-21T20:00:00Z,0,120.821
2019-05-21T21:00:00Z,0,109.827
2019-05-21T22:00:00Z,0,102.775
2019-05-21T23:00:00Z,0,99.276
2019-05-22T00:00:00Z,0,97.408
2019-05-22T01:00:00Z,0,97.684
2019-05-22T02:00:00Z,0,100.54
2019-05-22T03:00:00Z,2.916,107.318
2019-05-22T04:00:00Z,19.075,123.471
2019-05-22T05:00:00Z,70.164,137.487
2019-05-22T06:00:00Z,145.614,143.977
2019-05-22T07:00:00Z,241.779,145.216
2019-05-22T08:00:00Z,368.378,146.73
2019-05-22T09:00:00Z,509.861,149.152
2019-05-22T10:00:00Z,653.835,146.093
2019-05-22T11:00:00Z,760.327,143.539
2019-05-22T12:00:00Z,797.566,140.736
2019-05-22T13:00:00Z,763.122,137.731
2019-05-22T14:00:00Z,684.938,133.28
2019-05-22T15:00:00Z,555.119,134.221
2019-05-22T16:00:00Z,371.659,134.993
2019-05-22T17:00:00Z,173.862,134.73
2019-05-22T18:00:00Z,38.272,130.696
2019-05-22T19:00:00Z,0.79,126.346
2019-05-22T20:00:00Z,0,119.399
2019-05-22T21:00:00Z,0,109.628
2019-05-22T22:00:00Z,0,101.835
2019-05-22T23:00:00Z,0,99.212
2019-05-23T00:00:00Z,0,97.801
2019-05-23T01:00:00Z,0,97.945
2019-05-23T02:00:00Z,0,101.668
2019-05-23T03:00:00Z,9.232,107.416
2019-05-23T04:00:00Z,110.663,122.576
2019-05-23T05:00:00Z,368.797,133.87
2019-05-23T06:00:00Z,745.065,140.138
2019-05-23T07:00:00Z,1134.756,140.869
2019-05-23T08:00:00Z,1414.087,141.17
2019-05-23T09:00:00Z,1589.314,142.096
2019-05-23T10:00:00Z,1673.861,141.489
2019-05-23T11:00:00Z,1683.457,139.695
2019-05-23T12:00:00Z,1601.219,137.034
2019-05-23T13:00:00Z,1430.061,134.931
2019-05-23T14:00:00Z,1175.268,133.058
2019-05-23T15:00:00Z,863.199,133.163
2019-05-23T16:00:00Z,509.769,133.746
2019-05-23T17:00:00Z,216.711,132.667
2019-05-23T18:00:00Z,49.622,128.952
2019-05-23T19:00:00Z,1.215,125.468
2019-05-23T20:00:00Z,0,119.252
2019-05-23T21:00:00Z,0,109.327
2019-05-23T22:00:00Z,0,102.844
2019-05-23T23:00:00Z,0,98.25
2019-05-24T00:00:00Z,0,96.034
2019-05-24T01:00:00Z,0,96.713
2019-05-24T02:00:00Z,0,99.849
2019-05-24T03:00:00Z,11.538,106.382
2019-05-24T04:00:00Z,120.663,122.212
2019-05-24T05:00:00Z,384.276,133.154
2019-05-24T06:00:00Z,753.978,139.08
2019-05-24T07:00:00Z,1135.035,141.211
2019-05-24T08:00:00Z,1426.339,142.869
2019-05-24T09:00:00Z,1598.255,143.819
2019-05-24T10:00:00Z,1635.116,142.433
2019-05-24T11:00:00Z,1561.759,139.729
2019-05-24T12:00:00Z,1438.97,135.153
2019-05-24T13:00:00Z,1258.795,133.159
2019-05-24T14:00:00Z,1015.404,130.196
2019-05-24T15:00:00Z,741.711,129.3
2019-05-24T16:00:00Z,453.929,129.057
2019-05-24T17:00:00Z,204.526,129.437
2019-05-24T18:00:00Z,49.067,124.85
2019-05-24T19:00:00Z,1.64,119.942
2019-05-24T20:00:00Z,0,113.788
2019-05-24T21:00:00Z,0,103.84
2019-05-24T22:00:00Z,0,97.261
2019-05-24T23:00:00Z,0,92.259
2019-05-25T00:00:00Z,0,88.544
2019-05-25T01:00:00Z,0,87.383
2019-05-25T02:00:00Z,0,88.324
2019-05-25T03:00:00Z,10.384,87.753
2019-05-25T04:00:00Z,102.988,92.282
2019-05-25T05:00:00Z,302.465,100.257
2019-05-25T06:00:00Z,552.283,108.842
2019-05-25T07:00:00Z,793.478,113.91
2019-05-25T08:00:00Z,1000.121,115.458
2019-05-25T09:00:00Z,1154.664,115.744
2019-05-25T10:00:00Z,1204.032,115.069
2019-05-25T11:00:00Z,1224.739,110.625
2019-05-25T12:00:00Z,1152.052,106.794
2019-05-25T13:00:00Z,994.535,105.383
2019-05-25T14:00:00Z,826.998,103.192
2019-05-25T15:00:00Z,617.865,105.112
2019-05-25T16:00:00Z,376.488,107.822
2019-05-25T17:00:00Z,173.367,108.517
2019-05-25T18:00:00Z,43.539,104.984
2019-05-25T19:00:00Z,0.972,102.29
2019-05-25T20:00:00Z,0,100.084
2019-05-25T21:00:00Z,0,93.176
2019-05-25T22:00:00Z,0,86.378
2019-05-25T23:00:00Z,0,82.225
2019-05-26T00:00:00Z,0,80.25
2019-05-26T01:00:00Z,0,80.434
2019-05-26T02:00:00Z,0,81.167
2019-05-26T03:00:00Z,10.202,80.271
2019-05-26T04:00:00Z,104.02,79.681
2019-05-26T05:00:00Z,317.282,85.134
2019-05-26T06:00:00Z,613.979,91.252
2019-05-26T07:00:00Z,926.463,97.628
2019-05-26T08:00:00Z,1178.589,101.412
2019-05-26T09:00:00Z,1346.429,106.125
2019-05-26T10:00:00Z,1387.418,107.095
2019-05-26T11:00:00Z,1334.831,102.968
2019-05-26T12:00:00Z,1256.497,99.27
2019-05-26T13:00:00Z,1108.028,97.269
2019-05-26T14:00:00Z,908.307,97.288
2019-05-26T15:00:00Z,660.675,101.749
2019-05-26T16:00:00Z,408.003,103.712
2019-05-26T17:00:00Z,181.443,104.302
2019-05-26T18:00:00Z,39.288,102.444
2019-05-26T19:00:00Z,0.972,101.764
2019-05-26T20:00:00Z,0,101.482
2019-05-26T21:00:00Z,0,94.612
2019-05-26T22:00:00Z,0,92.368
2019-05-26T23:00:00Z,0,89.634
2019-05-27T00:00:00Z,0,88.046
2019-05-27T01:00:00Z,0,87.783
2019-05-27T02:00:00Z,0,90.262
2019-05-27T03:00:00Z,9.471,97.049
2019-05-27T04:00:00Z,91.065,115.351
2019-05-27T05:00:00Z,275.746,129.232
2019-05-27T06:00:00Z,538.015,135.23
2019-05-27T07:00:00Z,813.822,137.015
2019-05-27T08:00:00Z,1032.804,141.595
2019-05-27T09:00:00Z,1117.677,145.407
2019-05-27T10:00:00Z,1068.501,144.077
2019-05-27T11:00:00Z,1002.57,141.7
2019-05-27T12:00:00Z,964.869,138.891
2019-05-27T13:00:00Z,840.534,136.85
2019-05-27T14:00:00Z,639.158,135.698
2019-05-27T15:00:00Z,444.096,134.315
2019-05-27T16:00:00Z,276.839,133.699
2019-05-27T17:00:00Z,137.327,132.65
2019-05-27T18:00:00Z,38.126,127.186
2019-05-27T19:00:00Z,2.003,123.668
2019-05-27T20:00:00Z,0,117.589
2019-05-27T21:00:00Z,0,108.352
2019-05-27T22:00:00Z,0,101.001
2019-05-27T23:00:00Z,0,96.97
2019-05-28T00:00:00Z,0,94.612
2019-05-28T01:00:00Z,0,95.209
2019-05-28T02:00:00Z,0.061,98.528
2019-05-28T03:00:00Z,6.615,105.007
2019-05-28T04:00:00Z,54.925,120.656
2019-05-28T05:00:00Z,165.807,132.588
2019-05-28T06:00:00Z,306.731,138.327
2019-05-28T07:00:00Z,471.142,139.009
2019-05-28T08:00:00Z,650.604,140.95
2019-05-28T09:00:00Z,767.009,143.808
2019-05-28T10:00:00Z,841.476,143.045
2019-05-28T11:00:00Z,864.781,140.817
2019-05-28T12:00:00Z,838.684,137.816
2019-05-28T13:00:00Z,761.243,135.769
2019-05-28T14:00:00Z,637.191,134.559
2019-05-28T15:00:00Z,487.953,134.723
2019-05-28T16:00:00Z,317.958,134.262
2019-05-28T17:00:00Z,155.368,132.72
2019-05-28T18:00:00Z,42.059,128.646
2019-05-28T19:00:00Z,2.852,124.095
2019-05-28T20:00:00Z,2.852,117.443
2019-05-28T21:00:00Z,2.549,106.882
2019-05-28T22:00:00Z,0.121,100.497
2019-05-28T23:00:00Z,0,97.12
2019-05-29T00:00:00Z,0,95.008
2019-05-29T01:00:00Z,0,97.006
2019-05-29T02:00:00Z,0.061,99.674
2019-05-29T03:00:00Z,11.281,105.569
2019-05-29T04:00:00Z,90.433,119.857
2019-05-29T05:00:00Z,276.697,130.296
2019-05-29T06:00:00Z,530.65,135.662
2019-05-29T07:00:00Z,778.537,137.885
2019-05-29T08:00:00Z,985.544,140.366
2019-05-29T09:00:00Z,1153.674,142.378
2019-05-29T10:00:00Z,1226.517,140.991
2019-05-29T11:00:00Z,1249.019,138.558
2019-05-29T12:00:00Z,1222.999,135.14
2019-05-29T13:00:00Z,1131.899,132.135
2019-05-29T14:00:00Z,968.501,128.723
2019-05-29T15:00:00Z,739.295,128.099
2019-05-29T16:00:00Z,459.14,126.925
2019-05-29T17:00:00Z,214.043,126.162
2019-05-29T18:00:00Z,62.836,121.738
2019-05-29T19:00:00Z,2.79,117.416
2019-05-29T20:00:00Z,0,112.2
2019-05-29T21:00:00Z,0,103.56
2019-05-29T22:00:00Z,0,97.994
2019-05-29T23:00:00Z,0,92.932
2019-05-30T00:00:00Z,0,89.794
2019-05-30T01:00:00Z,0,89.557
2019-05-30T02:00:00Z,0.061,88.907
2019-05-30T03:00:00Z,13.1,87.297
2019-05-30T04:00:00Z,119.837,86.079
2019-05-30T05:00:00Z,361.15,91.788
2019-05-30T06:00:00Z,683.91,98.225
2019-05-30T07:00:00Z,988.72,102.376
2019-05-30T08:00:00Z,1180.181,105.249
2019-05-30T09:00:00Z,1289.162,108.414
2019-05-30T10:00:00Z,1323.306,108.647
2019-05-30T11:00:00Z,1264.843,104.87
2019-05-30T12:00:00Z,1166.171,100.903
2019-05-30T13:00:00Z,1038.511,100.136
2019-05-30T14:00:00Z,858.39,100.193
2019-05-30T15:00:00Z,637.395,102.778
2019-05-30T16:00:00Z,396.385,104.509
2019-05-30T17:00:00Z,179.877,105.069
2019-05-30T18:00:00Z,41.664,103.464
2019-05-30T19:00:00Z,1.334,102.579
2019-05-30T20:00:00Z,0,101.023
2019-05-30T21:00:00Z,0,93.357
2019-05-30T22:00:00Z,0,87.451
2019-05-30T23:00:00Z,0,84.859
2019-05-31T00:00:00Z,0,83.493
2019-05-31T01:00:00Z,0,83.048
2019-05-31T02:00:00Z,0.121,83.982
2019-05-31T03:00:00Z,9.092,88.691
2019-05-31T04:00:00Z,76.856,100.61
2019-05-31T05:00:00Z,230.448,111.687
2019-05-31T06:00:00Z,461.016,119.872
2019-05-31T07:00:00Z,732.316,121.227
2019-05-31T08:00:00Z,999.98,121.674
2019-05-31T09:00:00Z,1162.724,123.818
2019-05-31T10:00:00Z,1186.968,125.346
2019-05-31T11:00:00Z,1141.388,122.659
2019-05-31T12:00:00Z,1057.864,120.06
2019-05-31T13:00:00Z,949.975,117.183
2019-05-31T14:00:00Z,817.052,114.532
2019-05-31T15:00:00Z,643.823,115.902
2019-05-31T16:00:00Z,431.741,116.37
2019-05-31T17:00:00Z,218.507,114.613
2019-05-31T18:00:00Z,59.764,110.763
2019-05-31T19:00:00Z,2.485,107.888
2019-05-31T20:00:00Z,0,104.883
2019-05-31T21:00:00Z,0,97.169
2019-05-31T22:00:00Z,0,91.1
2019-05-31T23:00:00Z,0,86.175
2019-06-01T00:00:00Z,0,83.813
2019-06-01T01:00:00Z,0,82.717
2019-06-01T02:00:00Z,0.121,83.364
2019-06-01T03:00:00Z,15.152,83.337
2019-06-01T04:00:00Z,121.583,88.415
2019-06-01T05:00:00Z,370.629,95.707
2019-06-01T06:00:00Z,728.65,104.798
2019-06-01T07:00:00Z,1105.522,110.124
2019-06-01T08:00:00Z,1408.873,114.432
2019-06-01T09:00:00Z,1575.732,117.146
2019-06-01T10:00:00Z,1648.767,115.556
2019-06-01T11:00:00Z,1678.587,112.198
2019-06-01T12:00:00Z,1639.251,110.366
2019-06-01T13:00:00Z,1490.272,108.709
2019-06-01T14:00:00Z,1251.652,107.895
2019-06-01T15:00:00Z,922.177,107.711
2019-06-01T16:00:00Z,559.246,108.092
2019-06-01T17:00:00Z,241.651,106.841
2019-06-01T18:00:00Z,62.549,103.07
2019-06-01T19:00:00Z,2.606,100.313
2019-06-01T20:00:00Z,0,99.028
2019-06-01T21:00:00Z,0,92.718
2019-06-01T22:00:00Z,0,86.252
2019-06-01T23:00:00Z,0,82.27
2019-06-02T00:00:00Z,0,78.583
2019-06-02T01:00:00Z,0,78.155
2019-06-02T02:00:00Z,0.121,77.089
2019-06-02T03:00:00Z,16.546,75.761
2019-06-02T04:00:00Z,133.038,78.446
2019-06-02T05:00:00Z,404.206,83.048
2019-06-02T06:00:00Z,784.654,91.493
2019-06-02T07:00:00Z,1166.859,98.267
2019-06-02T08:00:00Z,1460.513,101.469
2019-06-02T09:00:00Z,1658.646,104.684
2019-06-02T10:00:00Z,1761.016,104.597
2019-06-02T11:00:00Z,1769.683,101.675
2019-06-02T12:00:00Z,1694.951,99.576
2019-06-02T13:00:00Z,1532.275,97.53
2019-06-02T14:00:00Z,1282.805,97.147
2019-06-02T15:00:00Z,946.179,99.815
2019-06-02T16:00:00Z,563.125,102.598
2019-06-02T17:00:00Z,240.56,104.894
2019-06-02T18:00:00Z,64.246,104.864
2019-06-02T19:00:00Z,3.091,102.991
2019-06-02T20:00:00Z,0,103.438
2019-06-02T21:00:00Z,0,97.68
2019-06-02T22:00:00Z,0,93.637
2019-06-02T23:00:00Z,0,89.854
2019-06-03T00:00:00Z,0,88.108
2019-06-03T01:00:00Z,0,87.383
2019-06-03T02:00:00Z,0.182,88.135
2019-06-03T03:00:00Z,17.394,95.94
2019-06-03T04:00:00Z,126.3,115.385
2019-06-03T05:00:00Z,375.689,129.715
2019-06-03T06:00:00Z,709.501,136.249
2019-06-03T07:00:00Z,1058.645,139.037
2019-06-03T08:00:00Z,1357.185,142.121
2019-06-03T09:00:00Z,1516.575,145.648
2019-06-03T10:00:00Z,1565.544,145.208
2019-06-03T11:00:00Z,1536.393,144.659
2019-06-03T12:00:00Z,1404.638,142.626
2019-06-03T13:00:00Z,1160.886,142.072
2019-06-03T14:00:00Z,869.195,139.439
2019-06-03T15:00:00Z,581.2,139.075
2019-06-03T16:00:00Z,327.812,136.153
2019-06-03T17:00:00Z,148.421,134.42
2019-06-03T18:00:00Z,41.817,130.688
2019-06-03T19:00:00Z,2.606,125.624
2019-06-03T20:00:00Z,0,118.14
2019-06-03T21:00:00Z,0,108.767
2019-06-03T22:00:00Z,0,101.151
2019-06-03T23:00:00Z,0,97.814
2019-06-04T00:00:00Z,0,95.884
2019-06-04T01:00:00Z,0,95.79
2019-06-04T02:00:00Z,0.182,97.695
2019-06-04T03:00:00Z,16.18,104.274
2019-06-04T04:00:00Z,121.622,121.806
2019-06-04T05:00:00Z,349.776,133.18
2019-06-04T06:00:00Z,681.857,138.611
2019-06-04T07:00:00Z,1034.905,140.711
2019-06-04T08:00:00Z,1328.445,143.167
2019-06-04T09:00:00Z,1540.783,145.43
2019-06-04T10:00:00Z,1651.497,145.067
2019-06-04T11:00:00Z,1655.133,144.468
2019-06-04T12:00:00Z,1580.354,142.339
2019-06-04T13:00:00Z,1430.917,139.823
2019-06-04T14:00:00Z,1197.855,136.801
2019-06-04T15:00:00Z,877.712,136.921
2019-06-04T16:00:00Z,524.906,135.339
2019-06-04T17:00:00Z,231.729,134.003
2019-06-04T18:00:00Z,65.568,130.854
2019-06-04T19:00:00Z,2.848,125.746
2019-06-04T20:00:00Z,0,120.953
2019-06-04T21:00:00Z,0,113.096
2019-06-04T22:00:00Z,0,106.213
2019-06-04T23:00:00Z,0,102.164
2019-06-05T00:00:00Z,0,99.417
2019-06-05T01:00:00Z,0,98.248
2019-06-05T02:00:00Z,0.242,100.366
2019-06-05T03:00:00Z,16.784,105.911
2019-06-05T04:00:00Z,127.547,121.926
2019-06-05T05:00:00Z,377.128,136.284
2019-06-05T06:00:00Z,708.691,142.649
2019-06-05T07:00:00Z,1061.885,143.378
2019-06-05T08:00:00Z,1351.639,147.576
2019-06-05T09:00:00Z,1534.932,150.043
2019-06-05T10:00:00Z,1634.485,148.904
2019-06-05T11:00:00Z,1641.514,148.186
2019-06-05T12:00:00Z,1573.226,144.834
2019-06-05T13:00:00Z,1397.629,142.153
2019-06-05T14:00:00Z,1153.865,140.283
2019-06-05T15:00:00Z,848.115,138.597
2019-06-05T16:00:00Z,513.28,136.683
2019-06-05T17:00:00Z,232.312,135.046
2019-06-05T18:00:00Z,66.894,130.254
2019-06-05T19:00:00Z,3.393,123.666
2019-06-05T20:00:00Z,0,119.046
2019-06-05T21:00:00Z,0,110.71
2019-06-05T22:00:00Z,0,105.294
2019-06-05T23:00:00Z,0,102.083
2019-06-06T00:00:00Z,0,99.847
2019-06-06T01:00:00Z,0,100.811
2019-06-06T02:00:00Z,0.182,101.294
2019-06-06T03:00:00Z,16.601,107.555
2019-06-06T04:00:00Z,109.298,121.8
2019-06-06T05:00:00Z,293.239,135.029
2019-06-06T06:00:00Z,510.138,142.604
2019-06-06T07:00:00Z,711.164,144.133
2019-06-06T08:00:00Z,839.547,146.986
2019-06-06T09:00:00Z,923.217,149.445
2019-06-06T10:00:00Z,917.158,149.017
2019-06-06T11:00:00Z,883.654,146.136
2019-06-06T12:00:00Z,835.427,143.188
2019-06-06T13:00:00Z,699.35,140.584
2019-06-06T14:00:00Z,565.938,137.652
2019-06-06T15:00:00Z,411.503,135.848
2019-06-06T16:00:00Z,262.582,132.671
2019-06-06T17:00:00Z,140.924,129.741
2019-06-06T18:00:00Z,45.44,124.974
2019-06-06T19:00:00Z,3.514,118.741
2019-06-06T20:00:00Z,0,114.181
2019-06-06T21:00:00Z,0,105.14
2019-06-06T22:00:00Z,0,99.08
2019-06-06T23:00:00Z,0,95.602
2019-06-07T00:00:00Z,0,93.381
2019-06-07T01:00:00Z,0,94.313
2019-06-07T02:00:00Z,0.182,95.937
2019-06-07T03:00:00Z,17.084,101.619
2019-06-07T04:00:00Z,123.831,115.691
2019-06-07T05:00:00Z,357.984,127.206
2019-06-07T06:00:00Z,693.491,133.778
2019-06-07T07:00:00Z,1069.044,135.672
2019-06-07T08:00:00Z,1347.362,138.434
2019-06-07T09:00:00Z,1571.579,140.952
2019-06-07T10:00:00Z,1696.44,140.681
2019-06-07T11:00:00Z,1717.098,138.017
2019-06-07T12:00:00Z,1670.389,134.462
2019-06-07T13:00:00Z,1514.57,133.075
2019-06-07T14:00:00Z,1229.467,131.675
2019-06-07T15:00:00Z,866.819,131.017
2019-06-07T16:00:00Z,484.844,127.759
2019-06-07T17:00:00Z,198.348,125.63
2019-06-07T18:00:00Z,51.435,121.742
2019-06-07T19:00:00Z,3.514,115.917
2019-06-07T20:00:00Z,0,112.008
2019-06-07T21:00:00Z,0,104.697
2019-06-07T22:00:00Z,0,97.624
2019-06-07T23:00:00Z,0,95.023
2019-06-08T00:00:00Z,0,92.596
2019-06-08T01:00:00Z,0,90.348
2019-06-08T02:00:00Z,0.182,91.042
2019-06-08T03:00:00Z,12.056,90.722
2019-06-08T04:00:00Z,74.031,95.617
2019-06-08T05:00:00Z,208.522,101.576
2019-06-08T06:00:00Z,401.777,108.498
2019-06-08T07:00:00Z,614.176,114.949
2019-06-08T08:00:00Z,833.845,118.482
2019-06-08T09:00:00Z,1030.614,122.268
2019-06-08T10:00:00Z,1211.147,118.174
2019-06-08T11:00:00Z,1366.054,113.769
2019-06-08T12:00:00Z,1422.637,108.714
2019-06-08T13:00:00Z,1361.026,106.157
2019-06-08T14:00:00Z,1172.314,105.798
2019-06-08T15:00:00Z,882.007,107.846
2019-06-08T16:00:00Z,536.147,107.41
2019-06-08T17:00:00Z,240.206,106.634
2019-06-08T18:00:00Z,70.214,102.624
2019-06-08T19:00:00Z,5.271,98.156
2019-06-08T20:00:00Z,0,96.089
2019-06-08T21:00:00Z,0,90.241
2019-06-08T22:00:00Z,0,84.702
2019-06-08T23:00:00Z,0,80.851
2019-06-09T00:00:00Z,0,78.775
2019-06-09T01:00:00Z,0,77.659
2019-06-09T02:00:00Z,0.303,76.55
2019-06-09T03:00:00Z,21.628,75.188
2019-06-09T04:00:00Z,145.699,76.627
2019-06-09T05:00:00Z,426.918,81.926
2019-06-09T06:00:00Z,809.188,89.241
2019-06-09T07:00:00Z,1179.947,95.273
2019-06-09T08:00:00Z,1470.376,98.866
2019-06-09T09:00:00Z,1622.254,102.848
2019-06-09T10:00:00Z,1654.059,102.401
2019-06-09T11:00:00Z,1564.216,98.126
2019-06-09T12:00:00Z,1404.16,94.51
2019-06-09T13:00:00Z,1158.441,93.067
2019-06-09T14:00:00Z,883.946,92.201
2019-06-09T15:00:00Z,584.188,93.112
2019-06-09T16:00:00Z,341.014,94.931
2019-06-09T17:00:00Z,163.207,95.211
2019-06-09T18:00:00Z,47.132,94.268
2019-06-09T19:00:00Z,3.332,93.218
2019-06-09T20:00:00Z,0,92.505
2019-06-09T21:00:00Z,0,86.844
2019-06-09T22:00:00Z,0,82.227
2019-06-09T23:00:00Z,0,78.876
2019-06-10T00:00:00Z,0,77.452
2019-06-10T01:00:00Z,0,75.712
2019-06-10T02:00:00Z,0.242,75.84
2019-06-10T03:00:00Z,13.328,76.139
2019-06-10T04:00:00Z,76.333,78.288
2019-06-10T05:00:00Z,206.826,82.61
2019-06-10T06:00:00Z,372.637,89.127
2019-06-10T07:00:00Z,571.527,94.745
2019-06-10T08:00:00Z,856.018,98.652
2019-06-10T09:00:00Z,1094.527,102.953
2019-06-10T10:00:00Z,1207.088,103.99
2019-06-10T11:00:00Z,1191.337,101.538
2019-06-10T12:00:00Z,1089.257,98.396
2019-06-10T13:00:00Z,903.211,98.537
2019-06-10T14:00:00Z,691.599,99.543
2019-06-10T15:00:00Z,460.359,102.357
2019-06-10T16:00:00Z,246.506,104.691
2019-06-10T17:00:00Z,112.379,103.69
2019-06-10T18:00:00Z,32.472,100.653
2019-06-10T19:00:00Z,2.968,100.332
2019-06-10T20:00:00Z,0,99.176
2019-06-10T21:00:00Z,0,91.479
2019-06-10T22:00:00Z,0,87.486
2019-06-10T23:00:00Z,0,84.508
2019-06-11T00:00:00Z,0,82.873
2019-06-11T01:00:00Z,0,82.898
2019-06-11T02:00:00Z,0.303,86.092
2019-06-11T03:00:00Z,13.993,95.486
2019-06-11T04:00:00Z,70.087,113.098
2019-06-11T05:00:00Z,224.073,126.695
2019-06-11T06:00:00Z,451.902,132.304
2019-06-11T07:00:00Z,679.065,135.728
2019-06-11T08:00:00Z,886.419,139.144
2019-06-11T09:00:00Z,1021.989,142.709
2019-06-11T10:00:00Z,1116.368,142.282
2019-06-11T11:00:00Z,1150.291,140.332
2019-06-11T12:00:00Z,1106.615,137.036
2019-06-11T13:00:00Z,1008.057,136.087
2019-06-11T14:00:00Z,857.1,133.377
2019-06-11T15:00:00Z,644.415,133.567
2019-06-11T16:00:00Z,388.781,132.99
2019-06-11T17:00:00Z,182.215,130.688
2019-06-11T18:00:00Z,53.974,125.416
2019-06-11T19:00:00Z,4.301,121.201
2019-06-11T20:00:00Z,0,116.518
2019-06-11T21:00:00Z,0,109.073
2019-06-11T22:00:00Z,0,102.376
2019-06-11T23:00:00Z,0,98.676
2019-06-12T00:00:00Z,0,97.406
2019-06-12T01:00:00Z,0,97.763
2019-06-12T02:00:00Z,0.303,99.09
2019-06-12T03:00:00Z,16.476,104.55
2019-06-12T04:00:00Z,102.851,120.325
2019-06-12T05:00:00Z,264.093,131.979
2019-06-12T06:00:00Z,444.779,138.259
2019-06-12T07:00:00Z,584.033,141.224
2019-06-12T08:00:00Z,677.072,145.697
2019-06-12T09:00:00Z,780.104,151.041
2019-06-12T10:00:00Z,876.898,149.147
2019-06-12T11:00:00Z,921.963,146.185
2019-06-12T12:00:00Z,926.022,144.128
2019-06-12T13:00:00Z,837.708,141.354
2019-06-12T14:00:00Z,732.919,138.257
2019-06-12T15:00:00Z,599.54,136.771
2019-06-12T16:00:00Z,418.793,134.98
2019-06-12T17:00:00Z,206.732,132.068
2019-06-12T18:00:00Z,63.419,127.701
2019-06-12T19:00:00Z,4.725,122.464
2019-06-12T20:00:00Z,0,116.977
2019-06-12T21:00:00Z,0,109.312
2019-06-12T22:00:00Z,0,101.51
2019-06-12T23:00:00Z,0,97.699
2019-06-13T00:00:00Z,0,95.548
2019-06-13T01:00:00Z,0,95.57
2019-06-13T02:00:00Z,0.242,98.199
2019-06-13T03:00:00Z,15.081,103.423
2019-06-13T04:00:00Z,110.712,117.805
2019-06-13T05:00:00Z,312.513,129.243
2019-06-13T06:00:00Z,632.777,135.685
2019-06-13T07:00:00Z,987.322,138.21
2019-06-13T08:00:00Z,1305.406,139.082
2019-06-13T09:00:00Z,1516.776,143.752
2019-06-13T10:00:00Z,1602.778,143.71
2019-06-13T11:00:00Z,1609.985,142.365
2019-06-13T12:00:00Z,1523.196,139.785
2019-06-13T13:00:00Z,1378.447,136.938
2019-06-13T14:00:00Z,1159.809,132.705
2019-06-13T15:00:00Z,870.008,131.818
2019-06-13T16:00:00Z,542.9,130.091
2019-06-13T17:00:00Z,247.103,128.118
2019-06-13T18:00:00Z,72.193,122.424
2019-06-13T19:00:00Z,4.906,117.054
2019-06-13T20:00:00Z,0,114.374
2019-06-13T21:00:00Z,0,107.371
2019-06-13T22:00:00Z,0,101.07
2019-06-13T23:00:00Z,0,97.547
2019-06-14T00:00:00Z,0,95.215
2019-06-14T01:00:00Z,0,95.668
2019-06-14T02:00:00Z,0.303,96.465
2019-06-14T03:00:00Z,20.65,101.722
2019-06-14T04:00:00Z,143.399,117.044
2019-06-14T05:00:00Z,413.908,128.832
2019-06-14T06:00:00Z,776.04,136.574
2019-06-14T07:00:00Z,1090.573,138.864
2019-06-14T08:00:00Z,1333.831,142.042
2019-06-14T09:00:00Z,1485.648,144.498
2019-06-14T10:00:00Z,1549.354,142.949
2019-06-14T11:00:00Z,1494.005,139.975
2019-06-14T12:00:00Z,1343.218,138.267
2019-06-14T13:00:00Z,1125.03,136.155
2019-06-14T14:00:00Z,883.71,132.746
2019-06-14T15:00:00Z,638.333,131.534
2019-06-14T16:00:00Z,410.88,129.736
2019-06-14T17:00:00Z,206.863,127.947
2019-06-14T18:00:00Z,61.708,122.606
2019-06-14T19:00:00Z,5.329,117.3
2019-06-14T20:00:00Z,0,113.425
2019-06-14T21:00:00Z,0,105.58
2019-06-14T22:00:00Z,0,98.537
2019-06-14T23:00:00Z,0,94.046
2019-06-15T00:00:00Z,0,90.918
2019-06-15T01:00:00Z,0,90.365
2019-06-15T02:00:00Z,0.606,89.352
2019-06-15T03:00:00Z,15.139,87.152
2019-06-15T04:00:00Z,97.253,93.342
2019-06-15T05:00:00Z,276.317,102.713
2019-06-15T06:00:00Z,542.399,108.573
2019-06-15T07:00:00Z,841.727,116.067
2019-06-15T08:00:00Z,1069.902,121.468
2019-06-15T09:00:00Z,1227.953,123.371
2019-06-15T10:00:00Z,1260.411,119.942
2019-06-15T11:00:00Z,1252.538,116.366
2019-06-15T12:00:00Z,1231.223,111.202
2019-06-15T13:00:00Z,1142.811,109.834
2019-06-15T14:00:00Z,982.822,110.68
2019-06-15T15:00:00Z,743.626,111.112
2019-06-15T16:00:00Z,476.636,110.088
2019-06-15T17:00:00Z,246.765,109.699
2019-06-15T18:00:00Z,79.692,104.315
2019-06-15T19:00:00Z,6.298,99.86
2019-06-15T20:00:00Z,0,98.302
2019-06-15T21:00:00Z,0,92.864
2019-06-15T22:00:00Z,0,87.287
2019-06-15T23:00:00Z,0,82.873
2019-06-16T00:00:00Z,0,80.774
2019-06-16T01:00:00Z,0,79.378
2019-06-16T02:00:00Z,0.363,79.647
2019-06-16T03:00:00Z,15.987,79.63
2019-06-16T04:00:00Z,90.531,81.347
2019-06-16T05:00:00Z,231.99,86.047
2019-06-16T06:00:00Z,417.291,92.539
2019-06-16T07:00:00Z,629.176,97.389
2019-06-16T08:00:00Z,822.652,101.04
2019-06-16T09:00:00Z,938.798,106.409
2019-06-16T10:00:00Z,986.153,105.787
2019-06-16T11:00:00Z,1015.099,102.352
2019-06-16T12:00:00Z,994.267,100.178
2019-06-16T13:00:00Z,913.304,99.576
2019-06-16T14:00:00Z,796.552,97.913
2019-06-16T15:00:00Z,639.107,99.653
2019-06-16T16:00:00Z,434.61,102.053
2019-06-16T17:00:00Z,228.114,102.245
2019-06-16T18:00:00Z,71.577,101.211
2019-06-16T19:00:00Z,5.45,99.394
2019-06-16T20:00:00Z,0,100.777
2019-06-16T21:00:00Z,0,94.907
2019-06-16T22:00:00Z,0,90.465
2019-06-16T23:00:00Z,0,88.093
2019-06-17T00:00:00Z,0,86.064
2019-06-17T01:00:00Z,0,86.829
2019-06-17T02:00:00Z,0.424,90.694
2019-06-17T03:00:00Z,19.679,97.855
2019-06-17T04:00:00Z,132.907,114.224
2019-06-17T05:00:00Z,390.97,128.103
2019-06-17T06:00:00Z,765.955,135.749
2019-06-17T07:00:00Z,1151.173,138.569
2019-06-17T08:00:00Z,1428.793,141.529
2019-06-17T09:00:00Z,1582.227,144.671
2019-06-17T10:00:00Z,1620.978,144.436
2019-06-17T11:00:00Z,1587.616,143.56
2019-06-17T12:00:00Z,1514.532,140.578
2019-06-17T13:00:00Z,1382.352,138.355
2019-06-17T14:00:00Z,1184.959,135.818
2019-06-17T15:00:00Z,891.838,134.193
2019-06-17T16:00:00Z,563.113,132.333
2019-06-17T17:00:00Z,271.505,130.914
2019-06-17T18:00:00Z,85.072,126.293
2019-06-17T19:00:00Z,6.539,121.184
2019-06-17T20:00:00Z,0,117.336
2019-06-17T21:00:00Z,0,110.156
2019-06-17T22:00:00Z,0,102.773
2019-06-17T23:00:00Z,0,99.516
2019-06-18T00:00:00Z,0,97.624
2019-06-18T01:00:00Z,0,97.836
2019-06-18T02:00:00Z,0.242,99.21
2019-06-18T03:00:00Z,20.276,104.347
2019-06-18T04:00:00Z,139.635,120.598
2019-06-18T05:00:00Z,402.139,133.208
2019-06-18T06:00:00Z,774.922,139.507
2019-06-18T07:00:00Z,1143.892,142.138
2019-06-18T08:00:00Z,1434.783,145.546
2019-06-18T09:00:00Z,1596.328,149.658
2019-06-18T10:00:00Z,1631.191,147.499
2019-06-18T11:00:00Z,1618.904,146.356
2019-06-18T12:00:00Z,1536.225,144.571
2019-06-18T13:00:00Z,1363.361,142.367
2019-06-18T14:00:00Z,1134.087,139.717
2019-06-18T15:00:00Z,827.822,138.289
2019-06-18T16:00:00Z,495.834,136.506
2019-06-18T17:00:00Z,236.417,133.753
2019-06-18T18:00:00Z,78.987,128.479
2019-06-18T19:00:00Z,7.868,123.576
2019-06-18T20:00:00Z,0,119.185
2019-06-18T21:00:00Z,0,111.272
2019-06-18T22:00:00Z,0,104.507
2019-06-18T23:00:00Z,0,100.811
2019-06-19T00:00:00Z,0,98.075
2019-06-19T01:00:00Z,0,98.517
2019-06-19T02:00:00Z,0.242,99.469
2019-06-19T03:00:00Z,19.245,104.06
2019-06-19T04:00:00Z,133.263,119.619
2019-06-19T05:00:00Z,360.816,130.495
2019-06-19T06:00:00Z,703.778,137.141
2019-06-19T07:00:00Z,1064.897,139.834
2019-06-19T08:00:00Z,1358.899,143.834
2019-06-19T09:00:00Z,1540.639,147.651
2019-06-19T10:00:00Z,1585.907,148.44
2019-06-19T11:00:00Z,1555.042,147.23
2019-06-19T12:00:00Z,1433.943,145.8
2019-06-19T13:00:00Z,1280.103,142.703
2019-06-19T14:00:00Z,1085.292,138.175
2019-06-19T15:00:00Z,802.304,137.827
2019-06-19T16:00:00Z,486.575,136.748
2019-06-19T17:00:00Z,220.29,133.545
2019-06-19T18:00:00Z,63.606,127.543
2019-06-19T19:00:00Z,4.599,121.308
2019-06-19T20:00:00Z,0,115.778
2019-06-19T21:00:00Z,0,106.728
2019-06-19T22:00:00Z,0,99.394
2019-06-19T23:00:00Z,0,95.095
2019-06-20T00:00:00Z,0,94.495
2019-06-20T01:00:00Z,0,93.826
2019-06-20T02:00:00Z,0.242,93.922
2019-06-20T03:00:00Z,15.008,92.096
2019-06-20T04:00:00Z,103.421,95.681
2019-06-20T05:00:00Z,268.931,104.293
2019-06-20T06:00:00Z,469.843,108.271
2019-06-20T07:00:00Z,697.2,111.903
2019-06-20T08:00:00Z,934.542,115.44
2019-06-20T09:00:00Z,1080.627,119.929
2019-06-20T10:00:00Z,1122.927,119.914
2019-06-20T11:00:00Z,1136.059,117.056
2019-06-20T12:00:00Z,1063.925,115.695
2019-06-20T13:00:00Z,919.534,113.106
2019-06-20T14:00:00Z,745.068,109.729
2019-06-20T15:00:00Z,570.299,110.776
2019-06-20T16:00:00Z,381.914,113.414
2019-06-20T17:00:00Z,201.154,111.071
2019-06-20T18:00:00Z,66.265,107.739
2019-06-20T19:00:00Z,5.749,104.872
2019-06-20T20:00:00Z,0,103.799
2019-06-20T21:00:00Z,0,96.822
2019-06-20T22:00:00Z,0,92.184
2019-06-20T23:00:00Z,0,88.232
2019-06-21T00:00:00Z,0,87.516
2019-06-21T01:00:00Z,0,86.951
2019-06-21T02:00:00Z,0.182,89.273
2019-06-21T03:00:00Z,16.217,93.071
2019-06-21T04:00:00Z,119.506,105.411
2019-06-21T05:00:00Z,322.334,115.261
2019-06-21T06:00:00Z,602.432,122.182
2019-06-21T07:00:00Z,895.48,125.371
2019-06-21T08:00:00Z,1152.343,128.516
2019-06-21T09:00:00Z,1329.03,132.13
2019-06-21T10:00:00Z,1397.104,131.966
2019-06-21T11:00:00Z,1405.03,130.797
2019-06-21T12:00:00Z,1335.807,127.62
2019-06-21T13:00:00Z,1192.218,125.444
2019-06-21T14:00:00Z,1003.792,122.58
2019-06-21T15:00:00Z,768.35,121.806
2019-06-21T16:00:00Z,490.429,120.966
2019-06-21T17:00:00Z,248.21,118.655
2019-06-21T18:00:00Z,80.659,113.668
2019-06-21T19:00:00Z,7.564,107.281
2019-06-21T20:00:00Z,0,105.424
2019-06-21T21:00:00Z,0,98.402
2019-06-21T22:00:00Z,0,91.998
2019-06-21T23:00:00Z,0,87.524
2019-06-22T00:00:00Z,0,84.957
2019-06-22T01:00:00Z,0,83.54
2019-06-22T02:00:00Z,0.242,83.867
2019-06-22T03:00:00Z,19,84.055
2019-06-22T04:00:00Z,132.634,89.057
2019-06-22T05:00:00Z,363.231,96.284
2019-06-22T06:00:00Z,661.597,103.947
2019-06-22T07:00:00Z,918.939,110.088
2019-06-22T08:00:00Z,1141.307,113.993
2019-06-22T09:00:00Z,1271.581,117.236
2019-06-22T10:00:00Z,1323.739,117.212
2019-06-22T11:00:00Z,1302.441,112.36
2019-06-22T12:00:00Z,1220.633,110.246
2019-06-22T13:00:00Z,1069.726,109.872
2019-06-22T14:00:00Z,859.823,108.545
2019-06-22T15:00:00Z,623.538,108.134
2019-06-22T16:00:00Z,384.954,107.717
2019-06-22T17:00:00Z,187.878,105.875
2019-06-22T18:00:00Z,63.594,101.705
2019-06-22T19:00:00Z,7.987,98.282
2019-06-22T20:00:00Z,0.061,97.167
2019-06-22T21:00:00Z,0,91.936
2019-06-22T22:00:00Z,0,84.775
2019-06-22T23:00:00Z,0,80.943
2019-06-23T00:00:00Z,0,79.628
2019-06-23T01:00:00Z,0,78.931
2019-06-23T02:00:00Z,0.242,77.063
2019-06-23T03:00:00Z,16.579,75.111
2019-06-23T04:00:00Z,114.24,76.973
2019-06-23T05:00:00Z,333.159,82.368
2019-06-23T06:00:00Z,636.91,89.121
2019-06-23T07:00:00Z,962.081,95.029
2019-06-23T08:00:00Z,1239.27,99.313
2019-06-23T09:00:00Z,1439.129,103.836
2019-06-23T10:00:00Z,1545.563,105.199
2019-06-23T11:00:00Z,1537.636,101.987
2019-06-23T12:00:00Z,1455.345,98.825
2019-06-23T13:00:00Z,1348.427,97.205
2019-06-23T14:00:00Z,1164.058,97.59
2019-06-23T15:00:00Z,872.469,98.821
2019-06-23T16:00:00Z,538.282,101.559
2019-06-23T17:00:00Z,249.839,102.515
2019-06-23T18:00:00Z,77.753,101.893
2019-06-23T19:00:00Z,6.293,100.067
2019-06-23T20:00:00Z,0,101.799
2019-06-23T21:00:00Z,0,95.448
2019-06-23T22:00:00Z,0,90.713
2019-06-23T23:00:00Z,0,87.806
2019-06-24T00:00:00Z,0,85.818
2019-06-24T01:00:00Z,0,86.419
2019-06-24T02:00:00Z,0.302,90.455
2019-06-24T03:00:00Z,18.876,96.427
2019-06-24T04:00:00Z,136.545,114.786
2019-06-24T05:00:00Z,403.888,129.518
2019-06-24T06:00:00Z,778.495,136.487
2019-06-24T07:00:00Z,1153.223,138.607
2019-06-24T08:00:00Z,1463.035,142.527
2019-06-24T09:00:00Z,1669.517,145.86
2019-06-24T10:00:00Z,1779.382,146.129
2019-06-24T11:00:00Z,1792.208,145.045
2019-06-24T12:00:00Z,1718.581,142.733
2019-06-24T13:00:00Z,1556.445,141.925
2019-06-24T14:00:00Z,1304.469,140.326
2019-06-24T15:00:00Z,958.72,139.287
2019-06-24T16:00:00Z,577.277,137.611
2019-06-24T17:00:00Z,258.268,135.48
2019-06-24T18:00:00Z,80.766,131.496
2019-06-24T19:00:00Z,6.715,125.799
2019-06-24T20:00:00Z,0,121.248
2019-06-24T21:00:00Z,0,112.247
2019-06-24T22:00:00Z,0,105.546
2019-06-24T23:00:00Z,0,101.634
2019-06-25T00:00:00Z,0,99.695
2019-06-25T01:00:00Z,0,98.507
2019-06-25T02:00:00Z,0.242,100.232
2019-06-25T03:00:00Z,20.022,107.258
2019-06-25T04:00:00Z,137.612,122.655
2019-06-25T05:00:00Z,396.08,135.762
2019-06-25T06:00:00Z,755.807,141.702
2019-06-25T07:00:00Z,1105.008,145.045
2019-06-25T08:00:00Z,1394.871,148.568
2019-06-25T09:00:00Z,1593.637,150.785
2019-06-25T10:00:00Z,1697.98,150.84
2019-06-25T11:00:00Z,1711.832,149.633
2019-06-25T12:00:00Z,1646.262,147.164
2019-06-25T13:00:00Z,1488.81,145.026
2019-06-25T14:00:00Z,1249.577,142.378
2019-06-25T15:00:00Z,917.433,140.309
2019-06-25T16:00:00Z,557.162,137.761
2019-06-25T17:00:00Z,257.017,136.906
2019-06-25T18:00:00Z,85.047,131.915
2019-06-25T19:00:00Z,8.045,127.009
2019-06-25T20:00:00Z,0,122.511
2019-06-25T21:00:00Z,0,114.318
2019-06-25T22:00:00Z,0,106.625
2019-06-25T23:00:00Z,0,102.151
2019-06-26T00:00:00Z,0,99.847
2019-06-26T01:00:00Z,0,99.507
2019-06-26T02:00:00Z,0.242,101.506
2019-06-26T03:00:00Z,18.325,107.085
2019-06-26T04:00:00Z,130.572,123.751
2019-06-26T05:00:00Z,381.675,137.528
2019-06-26T06:00:00Z,732.265,144.753
2019-06-26T07:00:00Z,1085.697,146.805
2019-06-26T08:00:00Z,1368.37,150.347
2019-06-26T09:00:00Z,1561.113,152.546
2019-06-26T10:00:00Z,1664.167,152.544
2019-06-26T11:00:00Z,1677.533,151.826
2019-06-26T12:00:00Z,1612.942,149.22
2019-06-26T13:00:00Z,1465.014,147.104
2019-06-26T14:00:00Z,1235.319,144.817
2019-06-26T15:00:00Z,910.916,142.44
2019-06-26T16:00:00Z,552.767,140.892
2019-06-26T17:00:00Z,248.443,139.041
2019-06-26T18:00:00Z,77.109,133.838
2019-06-26T19:00:00Z,6.411,128.219
2019-06-26T20:00:00Z,0,123.418
2019-06-26T21:00:00Z,0,114.737
2019-06-26T22:00:00Z,0,107.615
2019-06-26T23:00:00Z,0,103.834
2019-06-27T00:00:00Z,0,101.694
2019-06-27T01:00:00Z,0,100.617
2019-06-27T02:00:00Z,0.302,102.35
2019-06-27T03:00:00Z,16.87,106.794
2019-06-27T04:00:00Z,123.347,121.323
2019-06-27T05:00:00Z,357.889,134.862
2019-06-27T06:00:00Z,717.47,141.764
2019-06-27T07:00:00Z,1079.591,142.934
2019-06-27T08:00:00Z,1328.342,146.709
2019-06-27T09:00:00Z,1519.046,149.139
2019-06-27T10:00:00Z,1616.333,149.107
2019-06-27T11:00:00Z,1628.003,148.399
2019-06-27T12:00:00Z,1567.418,145.986
2019-06-27T13:00:00Z,1435.364,143.37
2019-06-27T14:00:00Z,1230.148,140.886
2019-06-27T15:00:00Z,935.505,139.172
2019-06-27T16:00:00Z,584.811,137.09
2019-06-27T17:00:00Z,263.866,135.322
2019-06-27T18:00:00Z,80.962,130.395
2019-06-27T19:00:00Z,6.832,124.162
2019-06-27T20:00:00Z,0,119.835
2019-06-27T21:00:00Z,0,111.332
2019-06-27T22:00:00Z,0,103.643
2019-06-27T23:00:00Z,0,99.49
2019-06-28T00:00:00Z,0,97.453
2019-06-28T01:00:00Z,0,97.526
2019-06-28T02:00:00Z,0.242,99.413
2019-06-28T03:00:00Z,15.53,104.058
2019-06-28T04:00:00Z,114.569,119.175
2019-06-28T05:00:00Z,332.89,130.747
2019-06-28T06:00:00Z,640.039,136.948
2019-06-28T07:00:00Z,996.918,138.361
2019-06-28T08:00:00Z,1326.122,141.486
2019-06-28T09:00:00Z,1566.077,143.286
2019-06-28T10:00:00Z,1721.917,141.837
2019-06-28T11:00:00Z,1770.802,139.001
2019-06-28T12:00:00Z,1721.433,136.053
2019-06-28T13:00:00Z,1591.335,133.06
2019-06-28T14:00:00Z,1359.659,131.831
2019-06-28T15:00:00Z,1016.073,131.532
2019-06-28T16:00:00Z,621.85,130.081
2019-06-28T17:00:00Z,278.265,127.684
2019-06-28T18:00:00Z,83.268,122.886
2019-06-28T19:00:00Z,7.553,117.358
2019-06-28T20:00:00Z,0,113.523
2019-06-28T21:00:00Z,0,106.119
2019-06-28T22:00:00Z,0,98.073
2019-06-28T23:00:00Z,0,93.513
2019-06-29T00:00:00Z,0,90.529
2019-06-29T01:00:00Z,0,89.456
2019-06-29T02:00:00Z,0.242,88.552
2019-06-29T03:00:00Z,17.279,88.296
2019-06-29T04:00:00Z,129.836,92.671
2019-06-29T05:00:00Z,408.176,101.059
2019-06-29T06:00:00Z,798.047,108.825
2019-06-29T07:00:00Z,1186.346,115.09
2019-06-29T08:00:00Z,1490.424,117.841
2019-06-29T09:00:00Z,1689.135,119.431
2019-06-29T10:00:00Z,1795.71,118.702
2019-06-29T11:00:00Z,1810.513,115.874
2019-06-29T12:00:00Z,1741.094,113.162
2019-06-29T13:00:00Z,1590.233,112.102
2019-06-29T14:00:00Z,1348.082,110.759
2019-06-29T15:00:00Z,1002.437,110.637
2019-06-29T16:00:00Z,615.527,111.46
2019-06-29T17:00:00Z,272.359,109.44
2019-06-29T18:00:00Z,80.052,105.328
2019-06-29T19:00:00Z,7.069,100.986
2019-06-29T20:00:00Z,0,100.129
2019-06-29T21:00:00Z,0,94.98
2019-06-29T22:00:00Z,0,88.717
2019-06-29T23:00:00Z,0,84.897
2019-06-30T00:00:00Z,0,82.655
2019-06-30T01:00:00Z,0,80.026
2019-06-30T02:00:00Z,0.181,78.527
2019-06-30T03:00:00Z,16.733,77.788
2019-06-30T04:00:00Z,126.855,80.838
2019-06-30T05:00:00Z,395.486,86.742
2019-06-30T06:00:00Z,780.158,94.864
2019-06-30T07:00:00Z,1151.843,100.157
2019-06-30T08:00:00Z,1441.616,104.99
2019-06-30T09:00:00Z,1634.436,108.626
2019-06-30T10:00:00Z,1734.229,108.282
2019-06-30T11:00:00Z,1739.122,106.065
2019-06-30T12:00:00Z,1673.701,103.551
2019-06-30T13:00:00Z,1524.133,102.75
2019-06-30T14:00:00Z,1271.148,103.735
2019-06-30T15:00:00Z,912.087,106.625
2019-06-30T16:00:00Z,558.283,108
2019-06-30T17:00:00Z,251.656,109.342
2019-06-30T18:00:00Z,79.556,107.936
2019-06-30T19:00:00Z,7.913,105.997
2019-06-30T20:00:00Z,0,107.957
2019-06-30T21:00:00Z,0,101.6
2019-06-30T22:00:00Z,0,96.461
2019-06-30T23:00:00Z,0,92.802
2019-07-01T00:00:00Z,0,91.248
2019-07-01T01:00:00Z,0,92.034
2019-07-01T02:00:00Z,0.181,94.048
2019-07-01T03:00:00Z,15.583,100.277
2019-07-01T04:00:00Z,111.38,118.912
2019-07-01T05:00:00Z,302.791,132.145
2019-07-01T06:00:00Z,569.703,140.069
2019-07-01T07:00:00Z,858.239,143.164
2019-07-01T08:00:00Z,1094.83,147.777
2019-07-01T09:00:00Z,1269.208,150.939
2019-07-01T10:00:00Z,1393.815,150.009
2019-07-01T11:00:00Z,1420.573,149.038
2019-07-01T12:00:00Z,1329.971,148.513
2019-07-01T13:00:00Z,1136.265,146.841
2019-07-01T14:00:00Z,929.21,143.265
2019-07-01T15:00:00Z,696.787,141.311
2019-07-01T16:00:00Z,454.337,140.431
2019-07-01T17:00:00Z,223.846,138.231
2019-07-01T18:00:00Z,73.931,131.848
2019-07-01T19:00:00Z,6.282,125.218
2019-07-01T20:00:00Z,0,119.587
2019-07-01T21:00:00Z,0,110.291
2019-07-01T22:00:00Z,0,103.459
2019-07-01T23:00:00Z,0,100.089
2019-07-02T00:00:00Z,0,98.103
2019-07-02T01:00:00Z,0,97.699
2019-07-02T02:00:00Z,0.181,99.697
2019-07-02T03:00:00Z,14.434,105.246
2019-07-02T04:00:00Z,105.57,120.814
2019-07-02T05:00:00Z,332.656,132.321
2019-07-02T06:00:00Z,655.286,140.743
2019-07-02T07:00:00Z,957.683,143.601
2019-07-02T08:00:00Z,1196.183,145.856
2019-07-02T09:00:00Z,1351.036,147.805
2019-07-02T10:00:00Z,1422.423,146.762
2019-07-02T11:00:00Z,1435.408,145.516
2019-07-02T12:00:00Z,1411.552,143.122
2019-07-02T13:00:00Z,1326.938,140.125
2019-07-02T14:00:00Z,1153.001,137.459
2019-07-02T15:00:00Z,873.493,136.215
2019-07-02T16:00:00Z,554.245,134.264
2019-07-02T17:00:00Z,265.255,132.169
2019-07-02T18:00:00Z,83.164,127.785
2019-07-02T19:00:00Z,7.066,121.919
2019-07-02T20:00:00Z,0,116.212
2019-07-02T21:00:00Z,0,107.762
2019-07-02T22:00:00Z,0,100.869
2019-07-02T23:00:00Z,0,97.036
2019-07-03T00:00:00Z,0,95.826
2019-07-03T01:00:00Z,0,96.232
2019-07-03T02:00:00Z,0.121,97.861
2019-07-03T03:00:00Z,15.761,103.624
2019-07-03T04:00:00Z,126.872,119.968
2019-07-03T05:00:00Z,383.213,131.703
2019-07-03T06:00:00Z,754.529,139.039
2019-07-03T07:00:00Z,1085.024,142.209
2019-07-03T08:00:00Z,1292.029,145.497
2019-07-03T09:00:00Z,1395.954,148.773
2019-07-03T10:00:00Z,1436.957,145.836
2019-07-03T11:00:00Z,1464.01,144.122
2019-07-03T12:00:00Z,1440.882,140.212
2019-07-03T13:00:00Z,1344.928,138
2019-07-03T14:00:00Z,1178.2,135.452
2019-07-03T15:00:00Z,919.626,135.164
2019-07-03T16:00:00Z,584.239,134.46
2019-07-03T17:00:00Z,272.705,132.032
2019-07-03T18:00:00Z,81.824,127.12
2019-07-03T19:00:00Z,7.065,122.15
2019-07-03T20:00:00Z,0,117.884
2019-07-03T21:00:00Z,0,108.739
2019-07-03T22:00:00Z,0,101.305
2019-07-03T23:00:00Z,0,98.46
2019-07-04T00:00:00Z,0,95.863
2019-07-04T01:00:00Z,0,96.079
2019-07-04T02:00:00Z,0.121,97.863
2019-07-04T03:00:00Z,15.639,103.966
2019-07-04T04:00:00Z,123.78,119.553
2019-07-04T05:00:00Z,389.212,131.865
2019-07-04T06:00:00Z,764.718,138.853
2019-07-04T07:00:00Z,1135.634,141.228
2019-07-04T08:00:00Z,1414.592,143.329
2019-07-04T09:00:00Z,1605.937,146.345
2019-07-04T10:00:00Z,1695.361,145.659
2019-07-04T11:00:00Z,1704.539,144.43
2019-07-04T12:00:00Z,1634.799,141.955
2019-07-04T13:00:00Z,1480.467,139.685
2019-07-04T14:00:00Z,1240.455,137.618
2019-07-04T15:00:00Z,908.604,137.164
2019-07-04T16:00:00Z,556.164,135.747
2019-07-04T17:00:00Z,249.613,133.971
2019-07-04T18:00:00Z,76.26,128.665
2019-07-04T19:00:00Z,5.434,123.685
2019-07-04T20:00:00Z,0,119.102
2019-07-04T21:00:00Z,0,110.934
2019-07-04T22:00:00Z,0,103.799
2019-07-04T23:00:00Z,0,99.811
2019-07-05T00:00:00Z,0,97.983
2019-07-05T01:00:00Z,0,97.605
2019-07-05T02:00:00Z,0.121,99.259
2019-07-05T03:00:00Z,10.083,104.27
2019-07-05T04:00:00Z,84.947,119.705
2019-07-05T05:00:00Z,245.361,131.865
2019-07-05T06:00:00Z,473.093,138.485
2019-07-05T07:00:00Z,707.406,141.36
2019-07-05T08:00:00Z,922.701,142.277
2019-07-05T09:00:00Z,1135.399,144.062
2019-07-05T10:00:00Z,1307.225,143.382
2019-07-05T11:00:00Z,1366.029,141.172
2019-07-05T12:00:00Z,1340.974,138.357
2019-07-05T13:00:00Z,1234.896,136.914
2019-07-05T14:00:00Z,1041.699,135.008
2019-07-05T15:00:00Z,806.782,133.24
2019-07-05T16:00:00Z,512.035,132.537
2019-07-05T17:00:00Z,243.912,129.399
2019-07-05T18:00:00Z,71.906,122.49
2019-07-05T19:00:00Z,5.071,117.55
2019-07-05T20:00:00Z,0,113.493
2019-07-05T21:00:00Z,0,105.655
2019-07-05T22:00:00Z,0,99.42
2019-07-05T23:00:00Z,0,94.204
2019-07-06T00:00:00Z,0,90.767
2019-07-06T01:00:00Z,0,89.903
2019-07-06T02:00:00Z,0.121,89.508
2019-07-06T03:00:00Z,12.075,89.508
2019-07-06T04:00:00Z,99.014,93.456
2019-07-06T05:00:00Z,308.452,100.595
2019-07-06T06:00:00Z,618.052,108.957
2019-07-06T07:00:00Z,941.96,115.398
2019-07-06T08:00:00Z,1188.348,118.241
2019-07-06T09:00:00Z,1317.488,118.908
2019-07-06T10:00:00Z,1358.422,119.267
2019-07-06T11:00:00Z,1309.338,115.832
2019-07-06T12:00:00Z,1179.292,112.583
2019-07-06T13:00:00Z,978.366,111.084
2019-07-06T14:00:00Z,741.457,111.403
2019-07-06T15:00:00Z,517.046,111.804
2019-07-06T16:00:00Z,338.941,111.559
2019-07-06T17:00:00Z,181.183,110.103
2019-07-06T18:00:00Z,58.805,104.74
2019-07-06T19:00:00Z,3.622,101.775
2019-07-06T20:00:00Z,0,100.691
2019-07-06T21:00:00Z,0,94.349
2019-07-06T22:00:00Z,0,88.191
2019-07-06T23:00:00Z,0,83.456
2019-07-07T00:00:00Z,0,80.314
2019-07-07T01:00:00Z,0,78.803
2019-07-07T02:00:00Z,0.06,78.587
2019-07-07T03:00:00Z,11.049,77.61
2019-07-07T04:00:00Z,85.067,80.293
2019-07-07T05:00:00Z,218.012,84.269
2019-07-07T06:00:00Z,386.637,90.008
2019-07-07T07:00:00Z,535.098,96.76
2019-07-07T08:00:00Z,664.057,102.145
2019-07-07T09:00:00Z,803.401,105.287
2019-07-07T10:00:00Z,931.817,106.495
2019-07-07T11:00:00Z,1017.488,102.369
2019-07-07T12:00:00Z,1065.365,101.029
2019-07-07T13:00:00Z,1007.285,99.347
2019-07-07T14:00:00Z,875.79,99.982
2019-07-07T15:00:00Z,669.732,102.004
2019-07-07T16:00:00Z,423.828,102.914
2019-07-07T17:00:00Z,213.121,103.513
2019-07-07T18:00:00Z,68.464,101.734
2019-07-07T19:00:00Z,4.649,100.046
2019-07-07T20:00:00Z,0,100.403
2019-07-07T21:00:00Z,0,94.653
2019-07-07T22:00:00Z,0,90.536
2019-07-07T23:00:00Z,0,87.905
2019-07-08T00:00:00Z,0,85.192
2019-07-08T01:00:00Z,0,85.508
2019-07-08T02:00:00Z,0.06,88.616
2019-07-08T03:00:00Z,11.712,96.175
2019-07-08T04:00:00Z,97.982,114.399
2019-07-08T05:00:00Z,293.16,127.445
2019-07-08T06:00:00Z,563.983,133.212
2019-07-08T07:00:00Z,817.721,136.859
2019-07-08T08:00:00Z,955.426,142.01
2019-07-08T09:00:00Z,996.539,144.158
2019-07-08T10:00:00Z,1031.554,144.152
2019-07-08T11:00:00Z,1046.345,143.006
2019-07-08T12:00:00Z,1003.481,140.362
2019-07-08T13:00:00Z,924.577,138.21
2019-07-08T14:00:00Z,788.139,135.694
2019-07-08T15:00:00Z,596.1,135.698
2019-07-08T16:00:00Z,386.614,133.964
2019-07-08T17:00:00Z,196.507,131.149
2019-07-08T18:00:00Z,63.148,125.568
2019-07-08T19:00:00Z,3.864,120.528
2019-07-08T20:00:00Z,0,115.282
2019-07-08T21:00:00Z,0,106.153
2019-07-08T22:00:00Z,0,99.941
2019-07-08T23:00:00Z,0,96.337
2019-07-09T00:00:00Z,0,94.961
2019-07-09T01:00:00Z,0,95.333
2019-07-09T02:00:00Z,0.06,97.611
2019-07-09T03:00:00Z,11.047,102.525
2019-07-09T04:00:00Z,96.766,119.119
2019-07-09T05:00:00Z,275.449,130.333
2019-07-09T06:00:00Z,531.098,134.629
2019-07-09T07:00:00Z,793.509,137.216
2019-07-09T08:00:00Z,980.522,141.027
2019-07-09T09:00:00Z,1070.95,145.315
2019-07-09T10:00:00Z,1102.763,143.389
2019-07-09T11:00:00Z,1142.544,142.337
2019-07-09T12:00:00Z,1122.261,140.262
2019-07-09T13:00:00Z,1049.641,136.991
2019-07-09T14:00:00Z,930.479,134.663
2019-07-09T15:00:00Z,742.017,134.056
2019-07-09T16:00:00Z,496.207,133.109
2019-07-09T17:00:00Z,246.051,130.903
2019-07-09T18:00:00Z,75.578,126.008
2019-07-09T19:00:00Z,5.373,120.615
2019-07-09T20:00:00Z,0,115.981
2019-07-09T21:00:00Z,0,107.046
2019-07-09T22:00:00Z,0,100.706
2019-07-09T23:00:00Z,0,96.869
2019-07-10T00:00:00Z,0,94.653
2019-07-10T01:00:00Z,0,95.176
2019-07-10T02:00:00Z,0,96.938
2019-07-10T03:00:00Z,12.615,102.211
2019-07-10T04:00:00Z,113.655,118.138
2019-07-10T05:00:00Z,349.657,129.888
2019-07-10T06:00:00Z,688.027,134.428
2019-07-10T07:00:00Z,987.103,136.953
2019-07-10T08:00:00Z,1233.487,138.028
2019-07-10T09:00:00Z,1463.513,140.946
2019-07-10T10:00:00Z,1619.419,141.298
2019-07-10T11:00:00Z,1666.137,140.828
2019-07-10T12:00:00Z,1600.044,139.082
2019-07-10T13:00:00Z,1433.757,137.25
2019-07-10T14:00:00Z,1199.143,132.829
2019-07-10T15:00:00Z,888.719,132.257
2019-07-10T16:00:00Z,535.441,131.72
2019-07-10T17:00:00Z,239.684,129.653
2019-07-10T18:00:00Z,67.481,124.961
2019-07-10T19:00:00Z,3.139,120
2019-07-10T20:00:00Z,0,114.692
2019-07-10T21:00:00Z,0,106.121
2019-07-10T22:00:00Z,0,100.926
2019-07-10T23:00:00Z,0,97.611
2019-07-11T00:00:00Z,0,95.429
2019-07-11T01:00:00Z,0,95.572
2019-07-11T02:00:00Z,0,97.468
2019-07-11T03:00:00Z,8.57,103.669
2019-07-11T04:00:00Z,72.301,117.711
2019-07-11T05:00:00Z,215.273,128.875
2019-07-11T06:00:00Z,402.845,134.858
2019-07-11T07:00:00Z,593.494,137.237
2019-07-11T08:00:00Z,736.527,141.08
2019-07-11T09:00:00Z,834.899,143.898
2019-07-11T10:00:00Z,849.987,143.385
2019-07-11T11:00:00Z,832.002,141.583
2019-07-11T12:00:00Z,781.126,139.062
2019-07-11T13:00:00Z,671.83,136.587
2019-07-11T14:00:00Z,536.764,133.847
2019-07-11T15:00:00Z,402.362,133.259
2019-07-11T16:00:00Z,267.537,132.297
2019-07-11T17:00:00Z,140.558,130.076
2019-07-11T18:00:00Z,41.28,125.147
2019-07-11T19:00:00Z,2.173,119.929
2019-07-11T20:00:00Z,0,114.361
2019-07-11T21:00:00Z,0,106.621
2019-07-11T22:00:00Z,0,100.959
2019-07-11T23:00:00Z,0,97.727
2019-07-12T00:00:00Z,0,95.489
2019-07-12T01:00:00Z,0,96.091
2019-07-12T02:00:00Z,0,98.725
2019-07-12T03:00:00Z,5.793,104.428
2019-07-12T04:00:00Z,63.242,118.649
2019-07-12T05:00:00Z,209.036,129.927
2019-07-12T06:00:00Z,404.252,137.134
2019-07-12T07:00:00Z,619.624,139.898
2019-07-12T08:00:00Z,795.591,143.244
2019-07-12T09:00:00Z,905.721,144.569
2019-07-12T10:00:00Z,997.506,142.733
2019-07-12T11:00:00Z,1041.135,139.088
2019-07-12T12:00:00Z,971.316,136.912
2019-07-12T13:00:00Z,843.746,136.036
2019-07-12T14:00:00Z,674.9,133.543
2019-07-12T15:00:00Z,525.848,132.214
2019-07-12T16:00:00Z,320.916,130.087
2019-07-12T17:00:00Z,157.863,126.564
2019-07-12T18:00:00Z,45.138,120.365
2019-07-12T19:00:00Z,2.414,115.37
2019-07-12T20:00:00Z,0,109.81
2019-07-12T21:00:00Z,0,103.094
2019-07-12T22:00:00Z,0,97.31
2019-07-12T23:00:00Z,0,92.876
2019-07-13T00:00:00Z,0,90.175
2019-07-13T01:00:00Z,0,89.743
2019-07-13T02:00:00Z,0,89.379
2019-07-13T03:00:00Z,6.759,89.037
2019-07-13T04:00:00Z,54.371,93.03
2019-07-13T05:00:00Z,165.648,99.725
2019-07-13T06:00:00Z,317.898,106.694
2019-07-13T07:00:00Z,487.83,113.282
2019-07-13T08:00:00Z,641.047,117.386
2019-07-13T09:00:00Z,765.961,120.023
2019-07-13T10:00:00Z,870.962,117.035
2019-07-13T11:00:00Z,962.385,112.448
2019-07-13T12:00:00Z,983.325,108.1
2019-07-13T13:00:00Z,936.557,107.559
2019-07-13T14:00:00Z,800.841,106.986
2019-07-13T15:00:00Z,603.814,107.737
2019-07-13T16:00:00Z,387.416,109.579
2019-07-13T17:00:00Z,179.829,107.869
2019-07-13T18:00:00Z,50.811,103.075
2019-07-13T19:00:00Z,2.595,99.958
2019-07-13T20:00:00Z,0,98.054
2019-07-13T21:00:00Z,0,92.282
2019-07-13T22:00:00Z,0,86.111
2019-07-13T23:00:00Z,0,80.504
2019-07-14T00:00:00Z,0,77.409
2019-07-14T01:00:00Z,0,76.922
2019-07-14T02:00:00Z,0,75.947
2019-07-14T03:00:00Z,6.397,76.246
2019-07-14T04:00:00Z,57.811,78.698
2019-07-14T05:00:00Z,175.242,81.994
2019-07-14T06:00:00Z,339.743,88.995
2019-07-14T07:00:00Z,522.529,95.476
2019-07-14T08:00:00Z,672.064,100.832
2019-07-14T09:00:00Z,793.901,105.137
2019-07-14T10:00:00Z,878.143,104.02
2019-07-14T11:00:00Z,914.048,100.533
2019-07-14T12:00:00Z,904.695,97.53
2019-07-14T13:00:00Z,835.419,96.713
2019-07-14T14:00:00Z,723.478,97.051
2019-07-14T15:00:00Z,526.753,98.4
2019-07-14T16:00:00Z,342.278,101.835
2019-07-14T17:00:00Z,169.57,101.634
2019-07-14T18:00:00Z,44.595,100.379
2019-07-14T19:00:00Z,1.569,100.035
2019-07-14T20:00:00Z,0,99.556
2019-07-14T21:00:00Z,0,93.313
2019-07-14T22:00:00Z,0,88.385
2019-07-14T23:00:00Z,0,84.042
2019-07-15T00:00:00Z,0,83.32
2019-07-15T01:00:00Z,0,83.989
2019-07-15T02:00:00Z,0,87.65
2019-07-15T03:00:00Z,6.155,95.452
2019-07-15T04:00:00Z,61.244,113.004
2019-07-15T05:00:00Z,191.275,125.942
2019-07-15T06:00:00Z,387.256,132.934
2019-07-15T07:00:00Z,601.279,135.23
2019-07-15T08:00:00Z,767.755,139.644
2019-07-15T09:00:00Z,877.874,142.852
2019-07-15T10:00:00Z,932.662,141.707
2019-07-15T11:00:00Z,970.917,139.907
2019-07-15T12:00:00Z,980.269,137.109
2019-07-15T13:00:00Z,936.523,134.768
2019-07-15T14:00:00Z,839.981,131.994
2019-07-15T15:00:00Z,666.928,131.741
2019-07-15T16:00:00Z,434.321,130.358
2019-07-15T17:00:00Z,212.152,128.561
2019-07-15T18:00:00Z,59.012,123.717
2019-07-15T19:00:00Z,2.776,119.068
2019-07-15T20:00:00Z,0,114.359
2019-07-15T21:00:00Z,0,105.719
2019-07-15T22:00:00Z,0,97.983
2019-07-15T23:00:00Z,0,93.849
2019-07-16T00:00:00Z,0,90.638
2019-07-16T01:00:00Z,0,91.641
2019-07-16T02:00:00Z,0,94.191
2019-07-16T03:00:00Z,5.49,101.506
2019-07-16T04:00:00Z,69.986,116.915
2019-07-16T05:00:00Z,227.637,129.798
2019-07-16T06:00:00Z,456.962,137.021
2019-07-16T07:00:00Z,692.382,140.187
2019-07-16T08:00:00Z,902.582,143.506
2019-07-16T09:00:00Z,1072.48,144.479
2019-07-16T10:00:00Z,1197.912,142.797
2019-07-16T11:00:00Z,1285.818,141.018
2019-07-16T12:00:00Z,1311.821,139.464
2019-07-16T13:00:00Z,1229.286,137.404
2019-07-16T14:00:00Z,1049.795,133.806
2019-07-16T15:00:00Z,803.938,132.564
2019-07-16T16:00:00Z,503.962,131.54
2019-07-16T17:00:00Z,229.929,129.544
2019-07-16T18:00:00Z,59.971,124.576
2019-07-16T19:00:00Z,2.956,119.822
2019-07-16T20:00:00Z,0,115.007
2019-07-16T21:00:00Z,0,106.777
2019-07-16T22:00:00Z,0,99.695
2019-07-16T23:00:00Z,0,96.348
2019-07-17T00:00:00Z,0,93.21
2019-07-17T01:00:00Z,0,93.088
2019-07-17T02:00:00Z,0,95.903
2019-07-17T03:00:00Z,7.359,101.356
2019-07-17T04:00:00Z,80.29,116
2019-07-17T05:00:00Z,262.708,126.769
2019-07-17T06:00:00Z,533.379,134.135
2019-07-17T07:00:00Z,827.093,136.872
2019-07-17T08:00:00Z,1082.985,139.813
2019-07-17T09:00:00Z,1295.202,141.514
2019-07-17T10:00:00Z,1421.761,140.33
2019-07-17T11:00:00Z,1434.248,139.695
2019-07-17T12:00:00Z,1390.091,137.109
2019-07-17T13:00:00Z,1289.049,135.713
2019-07-17T14:00:00Z,1128.167,132.231
2019-07-17T15:00:00Z,864.132,131.504
2019-07-17T16:00:00Z,551.898,130.54
2019-07-17T17:00:00Z,256.615,127.836
2019-07-17T18:00:00Z,71.182,123.465
2019-07-17T19:00:00Z,3.378,119.399
2019-07-17T20:00:00Z,0,114.814
2019-07-17T21:00:00Z,0,106.007
2019-07-17T22:00:00Z,0,99.841
2019-07-17T23:00:00Z,0,96.243
2019-07-18T00:00:00Z,0,94.208
2019-07-18T01:00:00Z,0,94.657
2019-07-18T02:00:00Z,0,96.322
2019-07-18T03:00:00Z,8.323,102.121
2019-07-18T04:00:00Z,105.068,116.15
2019-07-18T05:00:00Z,337.281,127.872
2019-07-18T06:00:00Z,654.838,134.678
2019-07-18T07:00:00Z,1001.468,136.621
2019-07-18T08:00:00Z,1307.264,139.146
2019-07-18T09:00:00Z,1485.856,143.605
2019-07-18T10:00:00Z,1534.349,142.292
2019-07-18T11:00:00Z,1502.201,141.403
2019-07-18T12:00:00Z,1394.238,139.898
2019-07-18T13:00:00Z,1237.48,137.741
2019-07-18T14:00:00Z,1009.61,134.339
2019-07-18T15:00:00Z,725.467,134.373
2019-07-18T16:00:00Z,436.619,133.246
2019-07-18T17:00:00Z,193.49,131.59
2019-07-18T18:00:00Z,48.855,125.917
2019-07-18T19:00:00Z,1.99,121.507
2019-07-18T20:00:00Z,0,115.428
2019-07-18T21:00:00Z,0,106.702
2019-07-18T22:00:00Z,0,100.886
2019-07-18T23:00:00Z,0,97.045
2019-07-19T00:00:00Z,0,94.988
2019-07-19T01:00:00Z,0,95.202
2019-07-19T02:00:00Z,0,97.066
2019-07-19T03:00:00Z,5.006,102.666
2019-07-19T04:00:00Z,57.173,116.802
2019-07-19T05:00:00Z,178.996,127.887
2019-07-19T06:00:00Z,359.32,134.764
2019-07-19T07:00:00Z,598.685,137.002
2019-07-19T08:00:00Z,821.526,140.589
2019-07-19T09:00:00Z,987.677,142.805
2019-07-19T10:00:00Z,1102.505,141.67
2019-07-19T11:00:00Z,1137.785,138.866
2019-07-19T12:00:00Z,1073.014,135.912
2019-07-19T13:00:00Z,970.489,132.462
2019-07-19T14:00:00Z,836.483,130.13
2019-07-19T15:00:00Z,663.095,128.073
2019-07-19T16:00:00Z,444.958,127.575
2019-07-19T17:00:00Z,214.639,123.924
2019-07-19T18:00:00Z,58.5,117.708
2019-07-19T19:00:00Z,2.292,113.361
2019-07-19T20:00:00Z,0,109.43
2019-07-19T21:00:00Z,0,102.604
2019-07-19T22:00:00Z,0,97.094
2019-07-19T23:00:00Z,0,92.4
2019-07-20T00:00:00Z,0,87.678
2019-07-20T01:00:00Z,0,85.192
2019-07-20T02:00:00Z,0,84.172
2019-07-20T03:00:00Z,6.332,84.275
2019-07-20T04:00:00Z,88.592,88.931
2019-07-20T05:00:00Z,321.982,96.35
2019-07-20T06:00:00Z,671.645,105.441
2019-07-20T07:00:00Z,1030.475,111.655
2019-07-20T08:00:00Z,1301.859,115.891
2019-07-20T09:00:00Z,1452.689,118.213
2019-07-20T10:00:00Z,1479.164,118.559
2019-07-20T11:00:00Z,1400.945,114.226
2019-07-20T12:00:00Z,1311.448,109.31
2019-07-20T13:00:00Z,1144.276,108.923
2019-07-20T14:00:00Z,882.601,108.175
2019-07-20T15:00:00Z,599.035,107.066
2019-07-20T16:00:00Z,382.712,110.426
2019-07-20T17:00:00Z,181.285,108.502
2019-07-20T18:00:00Z,46.859,103.778
2019-07-20T19:00:00Z,2.231,102
2019-07-20T20:00:00Z,0,99.8
2019-07-20T21:00:00Z,0,93.174
2019-07-20T22:00:00Z,0,86.725
2019-07-20T23:00:00Z,0,81.663
2019-07-21T00:00:00Z,0,79.062
2019-07-21T01:00:00Z,0,77.956
2019-07-21T02:00:00Z,0,77.339
2019-07-21T03:00:00Z,5.367,77.388
2019-07-21T04:00:00Z,63.263,78.581
2019-07-21T05:00:00Z,202.754,82.736
2019-07-21T06:00:00Z,411.117,89.193
2019-07-21T07:00:00Z,696.613,94.691
2019-07-21T08:00:00Z,991.396,100.003
2019-07-21T09:00:00Z,1220.927,105.246
2019-07-21T10:00:00Z,1319.53,105.781
2019-07-21T11:00:00Z,1346.487,102.335
2019-07-21T12:00:00Z,1310.785,99.223
2019-07-21T13:00:00Z,1217.55,96.996
2019-07-21T14:00:00Z,1085.174,96.54
2019-07-21T15:00:00Z,829.108,97.861
2019-07-21T16:00:00Z,509.961,100.307
2019-07-21T17:00:00Z,232.003,101.841
2019-07-21T18:00:00Z,61.574,101.04
2019-07-21T19:00:00Z,2.111,100.413
2019-07-21T20:00:00Z,0,100.138
2019-07-21T21:00:00Z,0,94.065
2019-07-21T22:00:00Z,0,89.193
2019-07-21T23:00:00Z,0,85.31
2019-07-22T00:00:00Z,0,82.65
2019-07-22T01:00:00Z,0,83.328
2019-07-22T02:00:00Z,0,86.569
2019-07-22T03:00:00Z,5.729,94.091
2019-07-22T04:00:00Z,86.229,110.74
2019-07-22T05:00:00Z,291.07,124.012
2019-07-22T06:00:00Z,577.677,131.694
2019-07-22T07:00:00Z,881.952,134.054
2019-07-22T08:00:00Z,1120.56,137.615
2019-07-22T09:00:00Z,1281.743,140.093
2019-07-22T10:00:00Z,1333.179,140.086
2019-07-22T11:00:00Z,1338.787,139.392
2019-07-22T12:00:00Z,1312.195,136.412
2019-07-22T13:00:00Z,1198.529,134.796
2019-07-22T14:00:00Z,997.849,133.407
2019-07-22T15:00:00Z,746.337,132.737
2019-07-22T16:00:00Z,477.277,132.496
2019-07-22T17:00:00Z,219.312,130.093
2019-07-22T18:00:00Z,54.632,124.856
2019-07-22T19:00:00Z,1.99,120.504
2019-07-22T20:00:00Z,0,115.757
2019-07-22T21:00:00Z,0,107.048
2019-07-22T22:00:00Z,0,100.311
2019-07-22T23:00:00Z,0,96.585
2019-07-23T00:00:00Z,0,93.866
2019-07-23T01:00:00Z,0,93.561
2019-07-23T02:00:00Z,0,94.95
2019-07-23T03:00:00Z,4.944,100.689
2019-07-23T04:00:00Z,79.526,114.335
2019-07-23T05:00:00Z,314.79,126.261
2019-07-23T06:00:00Z,683.06,133.238
2019-07-23T07:00:00Z,1069.779,136.726
2019-07-23T08:00:00Z,1381.976,140.439
2019-07-23T09:00:00Z,1593.665,143.59
2019-07-23T10:00:00Z,1710.754,142.41
2019-07-23T11:00:00Z,1738.791,140.995
2019-07-23T12:00:00Z,1678.799,138.988
2019-07-23T13:00:00Z,1529.453,136.795
2019-07-23T14:00:00Z,1290.994,133.819
2019-07-23T15:00:00Z,959.563,132.889
2019-07-23T16:00:00Z,571.879,131.399
2019-07-23T17:00:00Z,234.841,130.6
2019-07-23T18:00:00Z,55.409,125.613
2019-07-23T19:00:00Z,1.869,122.026
2019-07-23T20:00:00Z,0,116.144
2019-07-23T21:00:00Z,0,107.452
2019-07-23T22:00:00Z,0,101.764
2019-07-23T23:00:00Z,0,98.468
2019-07-24T00:00:00Z,0,95.73
2019-07-24T01:00:00Z,0,96.034
2019-07-24T02:00:00Z,0,98.09
2019-07-24T03:00:00Z,4.823,103.633
2019-07-24T04:00:00Z,79.693,116.176
2019-07-24T05:00:00Z,315.697,128.351
2019-07-24T06:00:00Z,679.681,135.332
2019-07-24T07:00:00Z,1056.806,138.308
2019-07-24T08:00:00Z,1366.475,142.303
2019-07-24T09:00:00Z,1575.292,145.214
2019-07-24T10:00:00Z,1689.406,143.692
2019-07-24T11:00:00Z,1710.746,142.091
2019-07-24T12:00:00Z,1645.762,140.565
2019-07-24T13:00:00Z,1492.224,138.173
2019-07-24T14:00:00Z,1248.141,135.384
2019-07-24T15:00:00Z,921.472,134.061
2019-07-24T16:00:00Z,542.298,133.398
2019-07-24T17:00:00Z,223.586,131.915
2019-07-24T18:00:00Z,52.204,127.233
2019-07-24T19:00:00Z,1.688,123.016
2019-07-24T20:00:00Z,0,118.251
2019-07-24T21:00:00Z,0,110.492
2019-07-24T22:00:00Z,0,104.89
2019-07-24T23:00:00Z,0,101.64
2019-07-25T00:00:00Z,0,99.494
2019-07-25T01:00:00Z,0,98.644
2019-07-25T02:00:00Z,0,100.001
2019-07-25T03:00:00Z,4.159,105.298
2019-07-25T04:00:00Z,79.98,116.546
2019-07-25T05:00:00Z,308.046,128.469
2019-07-25T06:00:00Z,655.57,135.683
2019-07-25T07:00:00Z,1018.825,138.913
2019-07-25T08:00:00Z,1316.745,143.177
2019-07-25T09:00:00Z,1525.465,146.074
2019-07-25T10:00:00Z,1636.123,144.58
2019-07-25T11:00:00Z,1651.431,143.447
2019-07-25T12:00:00Z,1582.843,141.093
2019-07-25T13:00:00Z,1426.499,139.054
2019-07-25T14:00:00Z,1188.006,136.181
2019-07-25T15:00:00Z,870.256,135.358
2019-07-25T16:00:00Z,513.39,134.881
2019-07-25T17:00:00Z,216.193,133.097
2019-07-25T18:00:00Z,50.869,129.501
2019-07-25T19:00:00Z,1.085,125.549
2019-07-25T20:00:00Z,0,119.854
2019-07-25T21:00:00Z,0,112.576
2019-07-25T22:00:00Z,0,105.691
2019-07-25T23:00:00Z,0,101.675
2019-07-26T00:00:00Z,0,99.734
2019-07-26T01:00:00Z,0,99.524
2019-07-26T02:00:00Z,0,101.44
2019-07-26T03:00:00Z,3.796,106.57
2019-07-26T04:00:00Z,77.436,118.739
2019-07-26T05:00:00Z,304.14,130.435
2019-07-26T06:00:00Z,648.354,136.97
2019-07-26T07:00:00Z,1009.14,140.129
2019-07-26T08:00:00Z,1310.749,143.259
2019-07-26T09:00:00Z,1524.617,144.994
2019-07-26T10:00:00Z,1639.415,143.045
2019-07-26T11:00:00Z,1642.308,139.924
2019-07-26T12:00:00Z,1553.542,137.389
2019-07-26T13:00:00Z,1375.771,134.668
2019-07-26T14:00:00Z,1109.174,133.283
2019-07-26T15:00:00Z,780.447,133.691
2019-07-26T16:00:00Z,437.981,132.571
2019-07-26T17:00:00Z,182.11,129.937
2019-07-26T18:00:00Z,41.159,124.305
2019-07-26T19:00:00Z,0.783,119.442
2019-07-26T20:00:00Z,0,114.791
2019-07-26T21:00:00Z,0,106.189
2019-07-26T22:00:00Z,0,99.467
2019-07-26T23:00:00Z,0,93.366
2019-07-27T00:00:00Z,0,90.403
2019-07-27T01:00:00Z,0,88.405
2019-07-27T02:00:00Z,0,86.994
2019-07-27T03:00:00Z,3.375,87.227
2019-07-27T04:00:00Z,61.707,91.171
2019-07-27T05:00:00Z,237.546,98.428
2019-07-27T06:00:00Z,499.618,105.082
2019-07-27T07:00:00Z,773.622,111.49
2019-07-27T08:00:00Z,998.273,114.459
2019-07-27T09:00:00Z,1147.477,118.121
2019-07-27T10:00:00Z,1241.182,116.655
2019-07-27T11:00:00Z,1260.043,113.025
2019-07-27T12:00:00Z,1227.081,111.009
2019-07-27T13:00:00Z,1103.668,109.361
2019-07-27T14:00:00Z,916.921,108.145
2019-07-27T15:00:00Z,657.079,108.791
2019-07-27T16:00:00Z,387.474,109.487
2019-07-27T17:00:00Z,159.871,108.771
2019-07-27T18:00:00Z,32.721,104.203
2019-07-27T19:00:00Z,0.663,100.627
2019-07-27T20:00:00Z,0,98.137
2019-07-27T21:00:00Z,0,91.615
2019-07-27T22:00:00Z,0,86.128
2019-07-27T23:00:00Z,0,82.821
2019-07-28T00:00:00Z,0,80.784
2019-07-28T01:00:00Z,0,80.083
2019-07-28T02:00:00Z,0,79.382
2019-07-28T03:00:00Z,2.832,79.363
2019-07-28T04:00:00Z,54.534,79.765
2019-07-28T05:00:00Z,200.603,84.382
2019-07-28T06:00:00Z,418.078,89.516
2019-07-28T07:00:00Z,645.797,95.533
2019-07-28T08:00:00Z,823.2,99.99
2019-07-28T09:00:00Z,961.012,103.464
2019-07-28T10:00:00Z,1022.115,104.015
2019-07-28T11:00:00Z,989.033,101.164
2019-07-28T12:00:00Z,919.795,98.832
2019-07-28T13:00:00Z,788.129,98.282
2019-07-28T14:00:00Z,607.593,97.868
2019-07-28T15:00:00Z,422.838,100.561
2019-07-28T16:00:00Z,248.509,103.74
2019-07-28T17:00:00Z,106.96,104.904
2019-07-28T18:00:00Z,22.236,103.021
2019-07-28T19:00:00Z,0.422,102.976
2019-07-28T20:00:00Z,0,100.741
2019-07-28T21:00:00Z,0,94.317
2019-07-28T22:00:00Z,0,88.091
2019-07-28T23:00:00Z,0,85.87
2019-07-29T00:00:00Z,0,84.897
2019-07-29T01:00:00Z,0,84.743
2019-07-29T02:00:00Z,0,87.242
2019-07-29T03:00:00Z,2.289,94.217
2019-07-29T04:00:00Z,36.931,112.185
2019-07-29T05:00:00Z,144.653,125.927
2019-07-29T06:00:00Z,298.343,133.199
2019-07-29T07:00:00Z,472.638,135.764
2019-07-29T08:00:00Z,642.534,139.219
2019-07-29T09:00:00Z,816.106,140.168
2019-07-29T10:00:00Z,959.855,140.17
2019-07-29T11:00:00Z,1021.428,138.84
2019-07-29T12:00:00Z,999.016,136.136
2019-07-29T13:00:00Z,916.417,133.781
2019-07-29T14:00:00Z,783.03,130.95
2019-07-29T15:00:00Z,602.109,130.356
2019-07-29T16:00:00Z,374.857,129.625
2019-07-29T17:00:00Z,166.041,127.188
2019-07-29T18:00:00Z,34.582,122.533
2019-07-29T19:00:00Z,0.482,119.113
2019-07-29T20:00:00Z,0,113.698
2019-07-29T21:00:00Z,0,104.798
2019-07-29T22:00:00Z,0,98.342
2019-07-29T23:00:00Z,0,95.166
2019-07-30T00:00:00Z,0,93.533
2019-07-30T01:00:00Z,0,93.464
2019-07-30T02:00:00Z,0,96.442
2019-07-30T03:00:00Z,1.626,101.931
2019-07-30T04:00:00Z,44.93,114.784
2019-07-30T05:00:00Z,187.609,126.479
2019-07-30T06:00:00Z,412.138,132.757
2019-07-30T07:00:00Z,691.173,136.438
2019-07-30T08:00:00Z,951.838,140.997
2019-07-30T09:00:00Z,1126.558,144.539
2019-07-30T10:00:00Z,1232.499,143.246
2019-07-30T11:00:00Z,1279.778,142.453
2019-07-30T12:00:00Z,1247.556,140.191
2019-07-30T13:00:00Z,1119.512,138.231
2019-07-30T14:00:00Z,921.965,136.226
2019-07-30T15:00:00Z,679.669,134.377
2019-07-30T16:00:00Z,396.72,133.907
2019-07-30T17:00:00Z,165.747,130.566
2019-07-30T18:00:00Z,31.86,125.147
2019-07-30T19:00:00Z,0.422,122.174
2019-07-30T20:00:00Z,0,116.101
2019-07-30T21:00:00Z,0,107.653
2019-07-30T22:00:00Z,0,100.993
2019-07-30T23:00:00Z,0,97.863
2019-07-31T00:00:00Z,0,95.181
2019-07-31T01:00:00Z,0,94.294
2019-07-31T02:00:00Z,0,96.382
2019-07-31T03:00:00Z,1.625,102.728
2019-07-31T04:00:00Z,38.338,117.076
2019-07-31T05:00:00Z,154.977,128.353
2019-07-31T06:00:00Z,326.566,134.813
2019-07-31T07:00:00Z,517.053,136.73
2019-07-31T08:00:00Z,712.775,140.018
2019-07-31T09:00:00Z,864.202,144.742
2019-07-31T10:00:00Z,887.975,141.559
2019-07-31T11:00:00Z,904.105,138.316
2019-07-31T12:00:00Z,941.359,135.409
2019-07-31T13:00:00Z,902.901,135.179
2019-07-31T14:00:00Z,766.461,133.535
2019-07-31T15:00:00Z,589.094,131.378
2019-07-31T16:00:00Z,362.256,130.322
2019-07-31T17:00:00Z,157.866,127.781
2019-07-31T18:00:00Z,33.102,122.398
2019-07-31T19:00:00Z,0.361,118.1
2019-07-31T20:00:00Z,0,111.475
2019-07-31T21:00:00Z,0,103.453
2019-07-31T22:00:00Z,0,96.82
2019-07-31T23:00:00Z,0,93.744
2019-08-01T00:00:00Z,0,91.457
2019-08-01T01:00:00Z,0,91.519
2019-08-01T02:00:00Z,0,93.817
2019-08-01T03:00:00Z,1.504,99.246
2019-08-01T04:00:00Z,55.299,113.07
2019-08-01T05:00:00Z,247.192,123.807
2019-08-01T06:00:00Z,552.752,129.764
2019-08-01T07:00:00Z,905.909,132.227
2019-08-01T08:00:00Z,1209.543,135.358
2019-08-01T09:00:00Z,1370.266,139.045
2019-08-01T10:00:00Z,1391.147,139.834
2019-08-01T11:00:00Z,1333.139,137.545
2019-08-01T12:00:00Z,1226.753,134.61
2019-08-01T13:00:00Z,1097.38,131.419
2019-08-01T14:00:00Z,910.603,128.937
2019-08-01T15:00:00Z,673.159,128.001
2019-08-01T16:00:00Z,406.651,127.684
2019-08-01T17:00:00Z,172.998,124.762
2019-08-01T18:00:00Z,34.72,119.384
2019-08-01T19:00:00Z,0.301,116.659
2019-08-01T20:00:00Z,0,111.133
2019-08-01T21:00:00Z,0,103.333
2019-08-01T22:00:00Z,0,98.071
2019-08-01T23:00:00Z,0,93.154
2019-08-02T00:00:00Z,0,91.342
2019-08-02T01:00:00Z,0,92.169
2019-08-02T02:00:00Z,0,94.691
2019-08-02T03:00:00Z,1.444,100.465
2019-08-02T04:00:00Z,48.376,112.634
2019-08-02T05:00:00Z,213.903,124.089
2019-08-02T06:00:00Z,466.676,130.412
2019-08-02T07:00:00Z,768.908,132.834
2019-08-02T08:00:00Z,1021.019,135.741
2019-08-02T09:00:00Z,1181.552,138.421
2019-08-02T10:00:00Z,1200.686,138.594
2019-08-02T11:00:00Z,1144.367,134.554
2019-08-02T12:00:00Z,1055.737,129.64
2019-08-02T13:00:00Z,944.664,127.562
2019-08-02T14:00:00Z,755.25,126.718
2019-08-02T15:00:00Z,532.02,126.477
2019-08-02T16:00:00Z,325.578,123.796
2019-08-02T17:00:00Z,140.496,121.173
2019-08-02T18:00:00Z,25.452,115.376
2019-08-02T19:00:00Z,0.241,112.042
2019-08-02T20:00:00Z,0,105.777
2019-08-02T21:00:00Z,0,98.041
2019-08-02T22:00:00Z,0,90.158
2019-08-02T23:00:00Z,0,86.921
2019-08-03T00:00:00Z,0,84.053
2019-08-03T01:00:00Z,0,83.243
2019-08-03T02:00:00Z,0,82.89
2019-08-03T03:00:00Z,1.203,83.484
2019-08-03T04:00:00Z,39.351,86.511
2019-08-03T05:00:00Z,184.54,93.522
2019-08-03T06:00:00Z,413.306,101.021
2019-08-03T07:00:00Z,653.082,106.886
2019-08-03T08:00:00Z,832.448,111.247
2019-08-03T09:00:00Z,974.508,113.463
2019-08-03T10:00:00Z,1094.306,113.232
2019-08-03T11:00:00Z,1129.204,109.451
2019-08-03T12:00:00Z,1092.2,105.005
2019-08-03T13:00:00Z,1037.686,103.849
2019-08-03T14:00:00Z,884.554,102.132
2019-08-03T15:00:00Z,662.95,103.088
2019-08-03T16:00:00Z,406.687,103.156
2019-08-03T17:00:00Z,172.807,102.091
2019-08-03T18:00:00Z,29.844,97.613
2019-08-03T19:00:00Z,0.12,96.844
2019-08-03T20:00:00Z,0,93.174
2019-08-03T21:00:00Z,0,87.283
2019-08-03T22:00:00Z,0,80.872
2019-08-03T23:00:00Z,0,78.192
2019-08-04T00:00:00Z,0,76.095
2019-08-04T01:00:00Z,0,75.571
2019-08-04T02:00:00Z,0,75.376
2019-08-04T03:00:00Z,1.143,75.462
2019-08-04T04:00:00Z,49.219,76.193
2019-08-04T05:00:00Z,238.392,80.517
2019-08-04T06:00:00Z,528.651,87.101
2019-08-04T07:00:00Z,870.956,92.564
2019-08-04T08:00:00Z,1170.721,96.951
2019-08-04T09:00:00Z,1338.956,101.45
2019-08-04T10:00:00Z,1412.182,99.9
2019-08-04T11:00:00Z,1445.035,96.889
2019-08-04T12:00:00Z,1426.623,94.892
2019-08-04T13:00:00Z,1326.38,93.637
2019-08-04T14:00:00Z,1131.31,93.789
2019-08-04T15:00:00Z,827.574,94.734
2019-08-04T16:00:00Z,475.882,95.777
2019-08-04T17:00:00Z,185.623,95.995
2019-08-04T18:00:00Z,30.085,95.521
2019-08-04T19:00:00Z,0.06,95.813
2019-08-04T20:00:00Z,0,94.116
2019-08-04T21:00:00Z,0,87.701
2019-08-04T22:00:00Z,0,83.625
2019-08-04T23:00:00Z,0,80.462
2019-08-05T00:00:00Z,0,78.367
2019-08-05T01:00:00Z,0,78.273
2019-08-05T02:00:00Z,0,81.154
2019-08-05T03:00:00Z,0.962,89.097
2019-08-05T04:00:00Z,38.619,105.232
2019-08-05T05:00:00Z,172.883,117.033
2019-08-05T06:00:00Z,362.127,125.153
2019-08-05T07:00:00Z,566.771,129.503
2019-08-05T08:00:00Z,760.346,133.032
2019-08-05T09:00:00Z,899.122,136.743
2019-08-05T10:00:00Z,966.374,134.42
2019-08-05T11:00:00Z,1016.843,133.62
2019-08-05T12:00:00Z,1016.903,132.483
2019-08-05T13:00:00Z,942.372,130.559
2019-08-05T14:00:00Z,768.227,126.643
2019-08-05T15:00:00Z,582.351,126.303
2019-08-05T16:00:00Z,353.585,125.63
2019-08-05T17:00:00Z,150.926,123.488
2019-08-05T18:00:00Z,25.084,118.033
2019-08-05T19:00:00Z,0.06,114.868
2019-08-05T20:00:00Z,0,107.737
2019-08-05T21:00:00Z,0,99.437
2019-08-05T22:00:00Z,0,94.552
2019-08-05T23:00:00Z,0,90.506
2019-08-06T00:00:00Z,0,88.473
2019-08-06T01:00:00Z,0,88.659
2019-08-06T02:00:00Z,0,91.19
2019-08-06T03:00:00Z,0.842,97.5
2019-08-06T04:00:00Z,38.31,112.072
2019-08-06T05:00:00Z,188.545,123.475
2019-08-06T06:00:00Z,418.468,130.784
2019-08-06T07:00:00Z,682.731,131.987
2019-08-06T08:00:00Z,981.577,134.343
2019-08-06T09:00:00Z,1188.886,139.131
2019-08-06T10:00:00Z,1260.996,138.725
2019-08-06T11:00:00Z,1231.887,136.666
2019-08-06T12:00:00Z,1099.395,133.201
2019-08-06T13:00:00Z,967.142,129.768
2019-08-06T14:00:00Z,841.446,127.902
2019-08-06T15:00:00Z,589.09,129.559
2019-08-06T16:00:00Z,308.408,127.176
2019-08-06T17:00:00Z,142.236,123.599
2019-08-06T18:00:00Z,25.019,118.752
2019-08-06T19:00:00Z,0.06,116.584
2019-08-06T20:00:00Z,0,108.421
2019-08-06T21:00:00Z,0,100.11
2019-08-06T22:00:00Z,0,94.219
2019-08-06T23:00:00Z,0,90.273
2019-08-07T00:00:00Z,0,89.206
2019-08-07T01:00:00Z,0,89.465
2019-08-07T02:00:00Z,0,92.227
2019-08-07T03:00:00Z,0.601,98.111
2019-08-07T04:00:00Z,31.811,112.26
2019-08-07T05:00:00Z,142.035,123.599
2019-08-07T06:00:00Z,305.959,129.069
2019-08-07T07:00:00Z,546.193,131.722
2019-08-07T08:00:00Z,745.535,137.241
2019-08-07T09:00:00Z,827.016,140.606
2019-08-07T10:00:00Z,773.437,136.239
2019-08-07T11:00:00Z,700.976,134.862
2019-08-07T12:00:00Z,650.705,134.208
2019-08-07T13:00:00Z,563.27,132.278
2019-08-07T14:00:00Z,463.088,129.736
2019-08-07T15:00:00Z,341.258,128.958
2019-08-07T16:00:00Z,227.365,127.223
2019-08-07T17:00:00Z,109.022,125.737
2019-08-07T18:00:00Z,19.243,121.648
2019-08-07T19:00:00Z,0.12,119.019
2019-08-07T20:00:00Z,0,110.334
2019-08-07T21:00:00Z,0,100.467
2019-08-07T22:00:00Z,0,94.907
2019-08-07T23:00:00Z,0,91.207
2019-08-08T00:00:00Z,0,89.587
2019-08-08T01:00:00Z,0,89.424
2019-08-08T02:00:00Z,0,91.241
2019-08-08T03:00:00Z,0.722,97.733
2019-08-08T04:00:00Z,42.391,110.359
2019-08-08T05:00:00Z,222.957,123.054
2019-08-08T06:00:00Z,495.039,129.45
2019-08-08T07:00:00Z,830.016,132.316
2019-08-08T08:00:00Z,1138.657,135.82
2019-08-08T09:00:00Z,1331.73,139.918
2019-08-08T10:00:00Z,1376.826,139.61
2019-08-08T11:00:00Z,1370.092,137.551
2019-08-08T12:00:00Z,1365.763,134.304
2019-08-08T13:00:00Z,1240.154,132.145
2019-08-08T14:00:00Z,1043.233,130.54
2019-08-08T15:00:00Z,770.549,129.268
2019-08-08T16:00:00Z,450.364,128.101
2019-08-08T17:00:00Z,168,126.964
2019-08-08T18:00:00Z,24.773,121.152
2019-08-08T19:00:00Z,0.06,118.023
2019-08-08T20:00:00Z,0,111.242
2019-08-08T21:00:00Z,0,102.186
2019-08-08T22:00:00Z,0,94.892
2019-08-08T23:00:00Z,0,90.835
2019-08-09T00:00:00Z,0,88.578
2019-08-09T01:00:00Z,0,88.725
2019-08-09T02:00:00Z,0,90.412
2019-08-09T03:00:00Z,0.481,97.583
2019-08-09T04:00:00Z,44.132,111.422
2019-08-09T05:00:00Z,245.671,122.561
2019-08-09T06:00:00Z,558.261,129.997
2019-08-09T07:00:00Z,862.434,132.923
2019-08-09T08:00:00Z,1075.156,136.391
2019-08-09T09:00:00Z,1231.241,139.411
2019-08-09T10:00:00Z,1304.113,138.53
2019-08-09T11:00:00Z,1249.639,136.297
2019-08-09T12:00:00Z,1111.352,132.849
2019-08-09T13:00:00Z,938.312,130.337
2019-08-09T14:00:00Z,754.209,129.965
2019-08-09T15:00:00Z,510.582,130.6
2019-08-09T16:00:00Z,254.63,129.048
2019-08-09T17:00:00Z,79.606,125.04
2019-08-09T18:00:00Z,7.456,120.558
2019-08-09T19:00:00Z,0,116.342
2019-08-09T20:00:00Z,0,108.382
2019-08-09T21:00:00Z,0,98.821
2019-08-09T22:00:00Z,0,94.666
2019-08-09T23:00:00Z,0,89.471
2019-08-10T00:00:00Z,0,85.814
2019-08-10T01:00:00Z,0,86.502
2019-08-10T02:00:00Z,0,84.596
2019-08-10T03:00:00Z,0.361,86.748
2019-08-10T04:00:00Z,24.05,88.55
2019-08-10T05:00:00Z,140.509,96.876
2019-08-10T06:00:00Z,319.198,104.188
2019-08-10T07:00:00Z,478.706,113.322
2019-08-10T08:00:00Z,592.821,116.888
2019-08-10T09:00:00Z,713.851,118.063
2019-08-10T10:00:00Z,819.548,118.788
2019-08-10T11:00:00Z,875.043,115.314
2019-08-10T12:00:00Z,907.089,111.291
2019-08-10T13:00:00Z,896.086,109.43
2019-08-10T14:00:00Z,807.463,107.985
2019-08-10T15:00:00Z,654.809,108.605
2019-08-10T16:00:00Z,413.352,108.476
2019-08-10T17:00:00Z,161.733,106.565
2019-08-10T18:00:00Z,22.126,101.899
2019-08-10T19:00:00Z,0,100.413
2019-08-10T20:00:00Z,0,96.059
2019-08-10T21:00:00Z,0,89.341
2019-08-10T22:00:00Z,0,84.179
2019-08-10T23:00:00Z,0,80.671
2019-08-11T00:00:00Z,0,78.707
2019-08-11T01:00:00Z,0,77.324
2019-08-11T02:00:00Z,0,77.317
2019-08-11T03:00:00Z,0.361,77.311
2019-08-11T04:00:00Z,38.78,78.365
2019-08-11T05:00:00Z,238.151,83.843
2019-08-11T06:00:00Z,588.973,89.946
2019-08-11T07:00:00Z,999.258,95.512
2019-08-11T08:00:00Z,1326.092,100.873
2019-08-11T09:00:00Z,1500.691,107.527
2019-08-11T10:00:00Z,1520.833,107.138
2019-08-11T11:00:00Z,1504.479,102.051
2019-08-11T12:00:00Z,1404.313,98.911
2019-08-11T13:00:00Z,1188.889,98.116
2019-08-11T14:00:00Z,911.778,96.275
2019-08-11T15:00:00Z,623.364,97.836
2019-08-11T16:00:00Z,324.669,102.04
2019-08-11T17:00:00Z,97.1,101.249
2019-08-11T18:00:00Z,9.199,101.027
2019-08-11T19:00:00Z,0,100.976
2019-08-11T20:00:00Z,0,97.094
2019-08-11T21:00:00Z,0,91.564
2019-08-11T22:00:00Z,0,86.579
2019-08-11T23:00:00Z,0,82.928
2019-08-12T00:00:00Z,0,81.975
2019-08-12T01:00:00Z,0,81.137
2019-08-12T02:00:00Z,0,84.044
2019-08-12T03:00:00Z,0.24,92.586
2019-08-12T04:00:00Z,24.228,109.081
2019-08-12T05:00:00Z,147.532,121.252
2019-08-12T06:00:00Z,374.842,128.638
2019-08-12T07:00:00Z,669.065,131.111
2019-08-12T08:00:00Z,889.04,133.481
2019-08-12T09:00:00Z,941.524,139.159
2019-08-12T10:00:00Z,925.292,137.434
2019-08-12T11:00:00Z,859.101,136.113
2019-08-12T12:00:00Z,776.798,130.649
2019-08-12T13:00:00Z,782.81,129.225
2019-08-12T14:00:00Z,708.743,129.995
2019-08-12T15:00:00Z,479.329,128.527
2019-08-12T16:00:00Z,254.845,126.049
2019-08-12T17:00:00Z,96.611,124.068
2019-08-12T18:00:00Z,10.34,120.128
2019-08-12T19:00:00Z,0,116.903
2019-08-12T20:00:00Z,0,109.329
2019-08-12T21:00:00Z,0,100.493
2019-08-12T22:00:00Z,0,94.969
2019-08-12T23:00:00Z,0,90.403
2019-08-13T00:00:00Z,0,89.065
2019-08-13T01:00:00Z,0,89.255
2019-08-13T02:00:00Z,0,90.581
2019-08-13T03:00:00Z,0.18,98.975
2019-08-13T04:00:00Z,26.09,113.882
2019-08-13T05:00:00Z,180.283,124.687
2019-08-13T06:00:00Z,463.3,130.959
2019-08-13T07:00:00Z,787.256,133.725
2019-08-13T08:00:00Z,1038.293,137.072
2019-08-13T09:00:00Z,1135.558,140.493
2019-08-13T10:00:00Z,1154.974,138.107
2019-08-13T11:00:00Z,1135.437,134.291
2019-08-13T12:00:00Z,1082.898,130.752
2019-08-13T13:00:00Z,964.352,128.103
2019-08-13T14:00:00Z,771.506,125.87
2019-08-13T15:00:00Z,531.77,125.183
2019-08-13T16:00:00Z,291.734,125.669
2019-08-13T17:00:00Z,114.698,124.157
2019-08-13T18:00:00Z,13.526,119.374
2019-08-13T19:00:00Z,0,115.992
2019-08-13T20:00:00Z,0,108.115
2019-08-13T21:00:00Z,0,99.411
2019-08-13T22:00:00Z,0,94.358
2019-08-13T23:00:00Z,0,89.967
2019-08-14T00:00:00Z,0,88.095
2019-08-14T01:00:00Z,0,88.223
2019-08-14T02:00:00Z,0,90.495
2019-08-14T03:00:00Z,0.18,97.833
2019-08-14T04:00:00Z,29.087,112.2
2019-08-14T05:00:00Z,204.567,123.157
2019-08-14T06:00:00Z,527.043,129.349
2019-08-14T07:00:00Z,918.75,129.491
2019-08-14T08:00:00Z,1231.25,132.881
2019-08-14T09:00:00Z,1382.632,136.143
2019-08-14T10:00:00Z,1407.993,134.828
2019-08-14T11:00:00Z,1383.053,132.765
2019-08-14T12:00:00Z,1370.733,130.066
2019-08-14T13:00:00Z,1264.543,127.778
2019-08-14T14:00:00Z,1035.276,123.696
2019-08-14T15:00:00Z,731.731,123.644
2019-08-14T16:00:00Z,407.212,123.764
2019-08-14T17:00:00Z,137.8,122.131
2019-08-14T18:00:00Z,11.599,118.076
2019-08-14T19:00:00Z,0,114.898
2019-08-14T20:00:00Z,0,106.807
2019-08-14T21:00:00Z,0,98.759
2019-08-14T22:00:00Z,0,92.056
2019-08-14T23:00:00Z,0,88.108
2019-08-15T00:00:00Z,0,86.729
2019-08-15T01:00:00Z,0,87.396
2019-08-15T02:00:00Z,0,89.816
2019-08-15T03:00:00Z,0.12,96.431
2019-08-15T04:00:00Z,23.912,108.434
2019-08-15T05:00:00Z,152.725,117.867
2019-08-15T06:00:00Z,334.709,125.929
2019-08-15T07:00:00Z,490.678,129.685
2019-08-15T08:00:00Z,591.132,133.107
2019-08-15T09:00:00Z,663.048,138.105
2019-08-15T10:00:00Z,709.371,137.665
2019-08-15T11:00:00Z,748.483,134.411
2019-08-15T12:00:00Z,762.842,132.735
2019-08-15T13:00:00Z,720.125,131.786
2019-08-15T14:00:00Z,638.355,130.412
2019-08-15T15:00:00Z,486.772,128.385
2019-08-15T16:00:00Z,271.143,126.99
2019-08-15T17:00:00Z,98.111,125.412
2019-08-15T18:00:00Z,9.673,120.977
2019-08-15T19:00:00Z,0,114.763
2019-08-15T20:00:00Z,0,106.544
2019-08-15T21:00:00Z,0,97.667
2019-08-15T22:00:00Z,0,92.725
2019-08-15T23:00:00Z,0,89.401
2019-08-16T00:00:00Z,0,87.509
2019-08-16T01:00:00Z,0,87.462
2019-08-16T02:00:00Z,0,89.619
2019-08-16T03:00:00Z,0.06,95.955
2019-08-16T04:00:00Z,23.127,109.346
2019-08-16T05:00:00Z,173.421,120.648
2019-08-16T06:00:00Z,444.155,126.966
2019-08-16T07:00:00Z,767.27,130.269
2019-08-16T08:00:00Z,1024.008,132.323
2019-08-16T09:00:00Z,1199.351,133.751
2019-08-16T10:00:00Z,1293.36,132.363
2019-08-16T11:00:00Z,1314.505,129.166
2019-08-16T12:00:00Z,1299.608,125.237
2019-08-16T13:00:00Z,1201.874,121.648
2019-08-16T14:00:00Z,1019.563,120.1
2019-08-16T15:00:00Z,725.822,120.128
2019-08-16T16:00:00Z,399.944,119.079
2019-08-16T17:00:00Z,131.793,116.937
2019-08-16T18:00:00Z,9.01,113.012
2019-08-16T19:00:00Z,0,110.327
2019-08-16T20:00:00Z,0,102.677
2019-08-16T21:00:00Z,0,95.08
2019-08-16T22:00:00Z,0,89.743
2019-08-16T23:00:00Z,0,86.385
2019-08-17T00:00:00Z,0,84.448
2019-08-17T01:00:00Z,0,83.221
2019-08-17T02:00:00Z,0,82.708
2019-08-17T03:00:00Z,0.06,85.506
2019-08-17T04:00:00Z,13.335,88.026
2019-08-17T05:00:00Z,105.3,94.546
2019-08-17T06:00:00Z,264.542,101.572
2019-08-17T07:00:00Z,424.804,107.068
2019-08-17T08:00:00Z,562.301,110.759
2019-08-17T09:00:00Z,689.286,113.47
2019-08-17T10:00:00Z,782.392,111.749
2019-08-17T11:00:00Z,793.625,108.647
2019-08-17T12:00:00Z,761.728,108.235
2019-08-17T13:00:00Z,599.423,107.288
2019-08-17T14:00:00Z,451.895,105.913
2019-08-17T15:00:00Z,274.813,106.262
2019-08-17T16:00:00Z,139.539,104.366
2019-08-17T17:00:00Z,46.613,104.118
2019-08-17T18:00:00Z,2.583,101.281
2019-08-17T19:00:00Z,0,98.892
2019-08-17T20:00:00Z,0,94.405
2019-08-17T21:00:00Z,0,88.604
2019-08-17T22:00:00Z,0,82.477
2019-08-17T23:00:00Z,0,77.794
2019-08-18T00:00:00Z,0,75.545
2019-08-18T01:00:00Z,0,74.504
2019-08-18T02:00:00Z,0,74.237
2019-08-18T03:00:00Z,0,75.791
2019-08-18T04:00:00Z,9.311,77.18
2019-08-18T05:00:00Z,103.258,80.66
2019-08-18T06:00:00Z,320.105,87.359
2019-08-18T07:00:00Z,600.084,92.949
2019-08-18T08:00:00Z,856.036,98.562
2019-08-18T09:00:00Z,1044.11,103.239
2019-08-18T10:00:00Z,1177.462,103.701
2019-08-18T11:00:00Z,1212.002,101.634
2019-08-18T12:00:00Z,1166.89,99.473
2019-08-18T13:00:00Z,1059.067,98.682
2019-08-18T14:00:00Z,837.655,98.069
2019-08-18T15:00:00Z,543.5,97.936
2019-08-18T16:00:00Z,281.661,100.407
2019-08-18T17:00:00Z,97.191,98.75
2019-08-18T18:00:00Z,7.388,98.069
2019-08-18T19:00:00Z,0,98.973
2019-08-18T20:00:00Z,0,96.899
2019-08-18T21:00:00Z,0,89.046
2019-08-18T22:00:00Z,0,85.282
2019-08-18T23:00:00Z,0,82.826
2019-08-19T00:00:00Z,0,82.08
2019-08-19T01:00:00Z,0,83.146
2019-08-19T02:00:00Z,0,84.835
2019-08-19T03:00:00Z,0,93.826
2019-08-19T04:00:00Z,11.232,110.947
2019-08-19T05:00:00Z,102.649,123.728
2019-08-19T06:00:00Z,283.32,132.306
2019-08-19T07:00:00Z,544.537,134.681
2019-08-19T08:00:00Z,829.599,137.818
2019-08-19T09:00:00Z,1084.209,140.454
2019-08-19T10:00:00Z,1256.172,140.993
2019-08-19T11:00:00Z,1260.016,139.355
2019-08-19T12:00:00Z,1197.79,135.839
2019-08-19T13:00:00Z,1085.651,133.295
2019-08-19T14:00:00Z,872.785,128.854
2019-08-19T15:00:00Z,623.641,127.015
2019-08-19T16:00:00Z,345.907,126.911
2019-08-19T17:00:00Z,107.514,125.141
2019-08-19T18:00:00Z,6.847,121.24
2019-08-19T19:00:00Z,0,117.589
2019-08-19T20:00:00Z,0,108.387
2019-08-19T21:00:00Z,0,99.612
2019-08-19T22:00:00Z,0,95.027
2019-08-19T23:00:00Z,0,92.111
2019-08-20T00:00:00Z,0,90.17
2019-08-20T01:00:00Z,0,90.403
2019-08-20T02:00:00Z,0,92.883
2019-08-20T03:00:00Z,0,99.612
2019-08-20T04:00:00Z,16.395,113.341
2019-08-20T05:00:00Z,141.433,123.283
2019-08-20T06:00:00Z,381.539,129.651
2019-08-20T07:00:00Z,640.202,132.614
2019-08-20T08:00:00Z,798.691,136.805
2019-08-20T09:00:00Z,834.845,139.058
2019-08-20T10:00:00Z,822.353,137.5
2019-08-20T11:00:00Z,778.872,136.361
2019-08-20T12:00:00Z,702.24,134.277
2019-08-20T13:00:00Z,584.409,131.962
2019-08-20T14:00:00Z,425.8,129.172
2019-08-20T15:00:00Z,260.945,128.552
2019-08-20T16:00:00Z,136.989,127.535
2019-08-20T17:00:00Z,46.484,125.844
2019-08-20T18:00:00Z,3.904,122.039
2019-08-20T19:00:00Z,0,117.443
2019-08-20T20:00:00Z,0,108.378
2019-08-20T21:00:00Z,0,100.172
2019-08-20T22:00:00Z,0,94.837
2019-08-20T23:00:00Z,0,91.491
2019-08-21T00:00:00Z,0,89.495
2019-08-21T01:00:00Z,0,90.012
2019-08-21T02:00:00Z,0,92.122
2019-08-21T03:00:00Z,0,99.073
2019-08-21T04:00:00Z,16.574,112.957
2019-08-21T05:00:00Z,173.005,124.324
2019-08-21T06:00:00Z,490.852,129.142
2019-08-21T07:00:00Z,887.365,131.397
2019-08-21T08:00:00Z,1237.94,133.935
2019-08-21T09:00:00Z,1458.085,137.457
2019-08-21T10:00:00Z,1515.313,137.355
2019-08-21T11:00:00Z,1472.797,135.33
2019-08-21T12:00:00Z,1351.195,132.036
2019-08-21T13:00:00Z,1201.009,129.129
2019-08-21T14:00:00Z,984.047,126.808
2019-08-21T15:00:00Z,681.813,125.859
2019-08-21T16:00:00Z,350.815,124.649
2019-08-21T17:00:00Z,104.668,122.467
2019-08-21T18:00:00Z,6.125,119.897
2019-08-21T19:00:00Z,0,116.766
2019-08-21T20:00:00Z,0,106.897
2019-08-21T21:00:00Z,0,98.853
2019-08-21T22:00:00Z,0,93.817
2019-08-21T23:00:00Z,0,90.876
2019-08-22T00:00:00Z,0,88.672
2019-08-22T01:00:00Z,0,89.078
2019-08-22T02:00:00Z,0,91.427
2019-08-22T03:00:00Z,0,99.048
2019-08-22T04:00:00Z,17.774,112.798
2019-08-22T05:00:00Z,190.585,123.089
2019-08-22T06:00:00Z,535.487,129.089
2019-08-22T07:00:00Z,930.707,132.06
2019-08-22T08:00:00Z,1249.37,134.706
2019-08-22T09:00:00Z,1466.855,137.697
2019-08-22T10:00:00Z,1584.844,136.521
2019-08-22T11:00:00Z,1615.468,135.108
2019-08-22T12:00:00Z,1553.14,132.723
2019-08-22T13:00:00Z,1397.382,130.925
2019-08-22T14:00:00Z,1134.142,128.247
2019-08-22T15:00:00Z,768.044,127.421
2019-08-22T16:00:00Z,378.167,126.276
2019-08-22T17:00:00Z,102.798,124.095
2019-08-22T18:00:00Z,4.924,121.075
2019-08-22T19:00:00Z,0,117.781
2019-08-22T20:00:00Z,0,108.701
2019-08-22T21:00:00Z,0,100.657
2019-08-22T22:00:00Z,0,94.785
2019-08-22T23:00:00Z,0,91.833
2019-08-23T00:00:00Z,0,89.317
2019-08-23T01:00:00Z,0,89.426
2019-08-23T02:00:00Z,0,91.835
2019-08-23T03:00:00Z,0,98.552
2019-08-23T04:00:00Z,16.75,112.651
2019-08-23T05:00:00Z,187.909,123.488
2019-08-23T06:00:00Z,528.787,129.501
2019-08-23T07:00:00Z,941.046,132.861
2019-08-23T08:00:00Z,1269.436,136.474
2019-08-23T09:00:00Z,1455.664,138.744
2019-08-23T10:00:00Z,1559.224,135.805
2019-08-23T11:00:00Z,1577.655,133.409
2019-08-23T12:00:00Z,1509.576,130.172
2019-08-23T13:00:00Z,1337.696,127.896
2019-08-23T14:00:00Z,1068.5,126.126
2019-08-23T15:00:00Z,732.425,125.316
2019-08-23T16:00:00Z,371.135,123.747
2019-08-23T17:00:00Z,100.018,120.754
2019-08-23T18:00:00Z,4.202,117.379
2019-08-23T19:00:00Z,0,112.918
2019-08-23T20:00:00Z,0,104.293
2019-08-23T21:00:00Z,0,97.731
2019-08-23T22:00:00Z,0,92.145
2019-08-23T23:00:00Z,0,87.443
2019-08-24T00:00:00Z,0,84.254
2019-08-24T01:00:00Z,0,83.243
2019-08-24T02:00:00Z,0,82.881
2019-08-24T03:00:00Z,0,84.41
2019-08-24T04:00:00Z,14.769,87.545
2019-08-24T05:00:00Z,177.403,94.373
2019-08-24T06:00:00Z,503.152,102.637
2019-08-24T07:00:00Z,881.431,108.515
2019-08-24T08:00:00Z,1212.163,111.591
2019-08-24T09:00:00Z,1453.863,114.19
2019-08-24T10:00:00Z,1578.616,113.707
2019-08-24T11:00:00Z,1597.166,110.629
2019-08-24T12:00:00Z,1511.857,107.222
2019-08-24T13:00:00Z,1328.691,105.751
2019-08-24T14:00:00Z,1063.697,104.456
2019-08-24T15:00:00Z,726.661,105.039
2019-08-24T16:00:00Z,363.271,105.595
2019-08-24T17:00:00Z,98.517,105.559
2019-08-24T18:00:00Z,3.722,102.519
2019-08-24T19:00:00Z,0,100.514
2019-08-24T20:00:00Z,0,95.303
2019-08-24T21:00:00Z,0,88.341
2019-08-24T22:00:00Z,0,82.811
2019-08-24T23:00:00Z,0,79.128
2019-08-25T00:00:00Z,0,76.862
2019-08-25T01:00:00Z,0,76.092
2019-08-25T02:00:00Z,0,75.588
2019-08-25T03:00:00Z,0,75.84
2019-08-25T04:00:00Z,13.448,76.962
2019-08-25T05:00:00Z,162.334,81.753
2019-08-25T06:00:00Z,473.975,88.296
2019-08-25T07:00:00Z,860.479,93.986
2019-08-25T08:00:00Z,1204.359,98.515
2019-08-25T09:00:00Z,1443.597,102.386
2019-08-25T10:00:00Z,1562.646,103.113
2019-08-25T11:00:00Z,1549.259,100.426
2019-08-25T12:00:00Z,1428.529,98.229
2019-08-25T13:00:00Z,1224.53,96.959
2019-08-25T14:00:00Z,942.427,96.019
2019-08-25T15:00:00Z,617.218,98.408
2019-08-25T16:00:00Z,302.215,101.474
2019-08-25T17:00:00Z,82.368,101.809
2019-08-25T18:00:00Z,2.882,102.564
2019-08-25T19:00:00Z,0,101.7
2019-08-25T20:00:00Z,0,98.68
2019-08-25T21:00:00Z,0,93.409
2019-08-25T22:00:00Z,0,89.042
2019-08-25T23:00:00Z,0,86.154
2019-08-26T00:00:00Z,0,84.794
2019-08-26T01:00:00Z,0,83.897
2019-08-26T02:00:00Z,0,87.032
2019-08-26T03:00:00Z,0,96.551
2019-08-26T04:00:00Z,12.425,113.224
2019-08-26T05:00:00Z,157.689,125.168
2019-08-26T06:00:00Z,462.864,133.163
2019-08-26T07:00:00Z,840.01,136.512
2019-08-26T08:00:00Z,1181.62,140.287
2019-08-26T09:00:00Z,1422.446,143.776
2019-08-26T10:00:00Z,1539.137,143.141
2019-08-26T11:00:00Z,1515.547,142.964
2019-08-26T12:00:00Z,1392.193,140.522
2019-08-26T13:00:00Z,1186.002,138.438
2019-08-26T14:00:00Z,912.041,135.779
2019-08-26T15:00:00Z,604.286,135.236
2019-08-26T16:00:00Z,291.728,132.926
2019-08-26T17:00:00Z,77.494,129.653
2019-08-26T18:00:00Z,2.461,128.304
2019-08-26T19:00:00Z,0,123.422
2019-08-26T20:00:00Z,0,114.511
2019-08-26T21:00:00Z,0,106.753
2019-08-26T22:00:00Z,0,100.905
2019-08-26T23:00:00Z,0,96.192
2019-08-27T00:00:00Z,0,94.61
2019-08-27T01:00:00Z,0,94.743
2019-08-27T02:00:00Z,0,96.384
2019-08-27T03:00:00Z,0.42,105.052
2019-08-27T04:00:00Z,11.223,119.386
2019-08-27T05:00:00Z,150.996,129.747
2019-08-27T06:00:00Z,455.809,136.756
2019-08-27T07:00:00Z,835.761,139.432
2019-08-27T08:00:00Z,1175.862,143.164
2019-08-27T09:00:00Z,1410.579,146.599
2019-08-27T10:00:00Z,1514.463,145.426
2019-08-27T11:00:00Z,1481.336,144.306
2019-08-27T12:00:00Z,1353.925,141.835
2019-08-27T13:00:00Z,1162.659,141.055
2019-08-27T14:00:00Z,895.415,138.77
2019-08-27T15:00:00Z,580.279,137.97
2019-08-27T16:00:00Z,273.726,136.17
2019-08-27T17:00:00Z,67.336,133.761
2019-08-27T18:00:00Z,2.461,131.652
2019-08-27T19:00:00Z,1.32,126.46
2019-08-27T20:00:00Z,1.38,116.9
2019-08-27T21:00:00Z,1.2,107.88
2019-08-27T22:00:00Z,1.2,101.705
2019-08-27T23:00:00Z,1.2,97.923
2019-08-28T00:00:00Z,1.2,95.02
2019-08-28T01:00:00Z,1.2,94.822
2019-08-28T02:00:00Z,1.26,97.833
2019-08-28T03:00:00Z,0.84,106.375
2019-08-28T04:00:00Z,10.5,120.846
2019-08-28T05:00:00Z,137.097,131.453
2019-08-28T06:00:00Z,376.192,137.425
2019-08-28T07:00:00Z,673.847,139.573
2019-08-28T08:00:00Z,953.381,143.259
2019-08-28T09:00:00Z,1191.396,146.138
2019-08-28T10:00:00Z,1352.913,146.257
2019-08-28T11:00:00Z,1405.712,144.93
2019-08-28T12:00:00Z,1313.314,144.276
2019-08-28T13:00:00Z,1110.398,141.301
2019-08-28T14:00:00Z,838.063,137.506
2019-08-28T15:00:00Z,542.809,135.638
2019-08-28T16:00:00Z,254.815,134.116
2019-08-28T17:00:00Z,58.079,132.056
2019-08-28T18:00:00Z,1.14,129.899
2019-08-28T19:00:00Z,1.26,124.997
2019-08-28T20:00:00Z,1.26,115.746
2019-08-28T21:00:00Z,1.14,106.655
2019-08-28T22:00:00Z,0,102.254
2019-08-28T23:00:00Z,0,99.518
2019-08-29T00:00:00Z,0,96.185
2019-08-29T01:00:00Z,0,96.155
2019-08-29T02:00:00Z,0,98.28
2019-08-29T03:00:00Z,0,105.638
2019-08-29T04:00:00Z,7.377,120.41
2019-08-29T05:00:00Z,101.717,130.341
2019-08-29T06:00:00Z,289.139,136.194
2019-08-29T07:00:00Z,534.016,138.019
2019-08-29T08:00:00Z,779.193,142.303
2019-08-29T09:00:00Z,1006.917,144.389
2019-08-29T10:00:00Z,1154.515,143.408
2019-08-29T11:00:00Z,1169.869,141.848
2019-08-29T12:00:00Z,1129.026,138.765
2019-08-29T13:00:00Z,1024.31,136.904
2019-08-29T14:00:00Z,794.606,134.903
2019-08-29T15:00:00Z,515.663,134.146
2019-08-29T16:00:00Z,248.116,131.944
2019-08-29T17:00:00Z,59.735,129.715
2019-08-29T18:00:00Z,0.78,128.839
2019-08-29T19:00:00Z,0,123.373
2019-08-29T20:00:00Z,0,114.222
2019-08-29T21:00:00Z,0,105.394
2019-08-29T22:00:00Z,0,99.77
2019-08-29T23:00:00Z,0,96.427
2019-08-30T00:00:00Z,0,94.106
2019-08-30T01:00:00Z,0,93.413
2019-08-30T02:00:00Z,0,94.858
2019-08-30T03:00:00Z,0,103.143
2019-08-30T04:00:00Z,6.774,118.138
2019-08-30T05:00:00Z,133.257,128.364
2019-08-30T06:00:00Z,415.957,135.087
2019-08-30T07:00:00Z,779.583,136.966
2019-08-30T08:00:00Z,1116.713,139.8
2019-08-30T09:00:00Z,1357.571,141.914
2019-08-30T10:00:00Z,1481.417,139.838
2019-08-30T11:00:00Z,1500.719,137.25
2019-08-30T12:00:00Z,1415.777,135.627
2019-08-30T13:00:00Z,1217.24,133.738
2019-08-30T14:00:00Z,954.262,131.895
2019-08-30T15:00:00Z,629.361,130.835
2019-08-30T16:00:00Z,297.207,128.46
2019-08-30T17:00:00Z,63.182,125.837
2019-08-30T18:00:00Z,0.659,123.416
2019-08-30T19:00:00Z,0,117.621
2019-08-30T20:00:00Z,0,108.63
2019-08-30T21:00:00Z,0,101.275
2019-08-30T22:00:00Z,0,94.601
2019-08-30T23:00:00Z,0,89.426
2019-08-31T00:00:00Z,0,85.701
2019-08-31T01:00:00Z,0,84.557
2019-08-31T02:00:00Z,0,84.251
2019-08-31T03:00:00Z,0,85.932
2019-08-31T04:00:00Z,7.612,89.615
2019-08-31T05:00:00Z,152.955,95.916
2019-08-31T06:00:00Z,486.195,104.267
2019-08-31T07:00:00Z,894.294,110.89
2019-08-31T08:00:00Z,1232.209,114.064
2019-08-31T09:00:00Z,1469.373,115.924
2019-08-31T10:00:00Z,1586.846,115.624
2019-08-31T11:00:00Z,1597.515,113.577
2019-08-31T12:00:00Z,1503.896,112.598
2019-08-31T13:00:00Z,1306.649,110.687
2019-08-31T14:00:00Z,1018.78,108.848
2019-08-31T15:00:00Z,656.531,108.859
2019-08-31T16:00:00Z,286.011,109.821
2019-08-31T17:00:00Z,52.443,107.703
2019-08-31T18:00:00Z,0.18,105.488
2019-08-31T19:00:00Z,0,101.151
2019-08-31T20:00:00Z,0,97.654
2019-08-31T21:00:00Z,0,93.227
2019-08-31T22:00:00Z,0,88.058
2019-08-31T23:00:00Z,0,83.792
2019-09-01T00:00:00Z,0,80.021
2019-09-01T01:00:00Z,0,78.358
2019-09-01T02:00:00Z,0,78.807
2019-09-01T03:00:00Z,0,79.226
2019-09-01T04:00:00Z,6.413,80.464
2019-09-01T05:00:00Z,123.284,82.721
2019-09-01T06:00:00Z,356.488,89.538
2019-09-01T07:00:00Z,625.112,94.937
2019-09-01T08:00:00Z,864.369,99.783
2019-09-01T09:00:00Z,1013.605,104.394
2019-09-01T10:00:00Z,1094.216,103.958
2019-09-01T11:00:00Z,1072.7,102.399
2019-09-01T12:00:00Z,934.852,100.809
2019-09-01T13:00:00Z,792.688,96.423
2019-09-01T14:00:00Z,620.857,96.164
2019-09-01T15:00:00Z,402.877,96.991
2019-09-01T16:00:00Z,194.306,99.971
2019-09-01T17:00:00Z,41.115,99.12
2019-09-01T18:00:00Z,0.479,102.162
2019-09-01T19:00:00Z,0,98.535
2019-09-01T20:00:00Z,0,95.33
2019-09-01T21:00:00Z,0,89.933
2019-09-01T22:00:00Z,0,84.527
2019-09-01T23:00:00Z,0,81.55
2019-09-02T00:00:00Z,0,80.357
2019-09-02T01:00:00Z,0,80.797
2019-09-02T02:00:00Z,0,84.91
2019-09-02T03:00:00Z,0,92.973
2019-09-02T04:00:00Z,4.555,110.451
2019-09-02T05:00:00Z,111.77,122.238
2019-09-02T06:00:00Z,372.228,128.125
2019-09-02T07:00:00Z,706.401,129.234
2019-09-02T08:00:00Z,1003.476,132.693
2019-09-02T09:00:00Z,1139.338,137.491
2019-09-02T10:00:00Z,1176.675,137.799
2019-09-02T11:00:00Z,1193.815,135.987
2019-09-02T12:00:00Z,1132.207,133.601
2019-09-02T13:00:00Z,988.673,131.019
2019-09-02T14:00:00Z,788.326,128.503
2019-09-02T15:00:00Z,530.445,127.105
2019-09-02T16:00:00Z,253.146,126.616
2019-09-02T17:00:00Z,49.982,126.41
2019-09-02T18:00:00Z,0.24,125.393
2019-09-02T19:00:00Z,0,118.863
2019-09-02T20:00:00Z,0,109.522
2019-09-02T21:00:00Z,0,100.146
2019-09-02T22:00:00Z,0,93.062
2019-09-02T23:00:00Z,0,90.508
2019-09-03T00:00:00Z,0,89.826
2019-09-03T01:00:00Z,0,89.843
2019-09-03T02:00:00Z,0,92.096
2019-09-03T03:00:00Z,0,99.629
2019-09-03T04:00:00Z,4.135,116.558
2019-09-03T05:00:00Z,119.494,127.898
2019-09-03T06:00:00Z,408.761,132.688
2019-09-03T07:00:00Z,742.254,133.077
2019-09-03T08:00:00Z,1045.365,135.578
2019-09-03T09:00:00Z,1221.61,138.815
2019-09-03T10:00:00Z,1275.124,138.321
2019-09-03T11:00:00Z,1268.173,137.739
2019-09-03T12:00:00Z,1184.755,135.529
2019-09-03T13:00:00Z,1033.02,133.174
2019-09-03T14:00:00Z,815.185,129.612
2019-09-03T15:00:00Z,525.019,129.52
2019-09-03T16:00:00Z,226.763,128.234
2019-09-03T17:00:00Z,37.275,126.722
2019-09-03T18:00:00Z,0.06,125.654
2019-09-03T19:00:00Z,0,118.995
2019-09-03T20:00:00Z,0,109.588
2019-09-03T21:00:00Z,0,100.39
2019-09-03T22:00:00Z,0,93.58
2019-09-03T23:00:00Z,0,91.017
2019-09-04T00:00:00Z,0,89.217
2019-09-04T01:00:00Z,0,89.886
2019-09-04T02:00:00Z,0,92.46
2019-09-04T03:00:00Z,0,100.8
2019-09-04T04:00:00Z,4.374,116.95
2019-09-04T05:00:00Z,126.61,126.727
2019-09-04T06:00:00Z,433.639,132.626
2019-09-04T07:00:00Z,804.722,134.563
2019-09-04T08:00:00Z,1141.59,137.517
2019-09-04T09:00:00Z,1394.152,140.097
2019-09-04T10:00:00Z,1532.926,139.242
2019-09-04T11:00:00Z,1552.759,136.617
2019-09-04T12:00:00Z,1456.888,133.8
2019-09-04T13:00:00Z,1244.772,132.509
2019-09-04T14:00:00Z,934.088,130.11
2019-09-04T15:00:00Z,570.496,130.157
2019-09-04T16:00:00Z,227.935,130.367
2019-09-04T17:00:00Z,31.218,130.643
2019-09-04T18:00:00Z,0.12,128.24
2019-09-04T19:00:00Z,0,120.733
2019-09-04T20:00:00Z,0,109.624
2019-09-04T21:00:00Z,0,101.405
2019-09-04T22:00:00Z,0,97.156
2019-09-04T23:00:00Z,0,93.077
2019-09-05T00:00:00Z,0,90.743
2019-09-05T01:00:00Z,0,91.226
2019-09-05T02:00:00Z,0,94.061
2019-09-05T03:00:00Z,0,101.529
2019-09-05T04:00:00Z,3.116,117.657
2019-09-05T05:00:00Z,102.157,129.294
2019-09-05T06:00:00Z,323.487,135.959
2019-09-05T07:00:00Z,576.153,136.194
2019-09-05T08:00:00Z,776.153,137.754
2019-09-05T09:00:00Z,893.889,142.594
2019-09-05T10:00:00Z,910.126,142.825
2019-09-05T11:00:00Z,919.353,141.055
2019-09-05T12:00:00Z,867.885,137.96
2019-09-05T13:00:00Z,753.865,135.653
2019-09-05T14:00:00Z,570.881,133.377
2019-09-05T15:00:00Z,358.658,132.601
2019-09-05T16:00:00Z,156.681,133.377
2019-09-05T17:00:00Z,27.142,131.784
2019-09-05T18:00:00Z,0.06,129.809
2019-09-05T19:00:00Z,0,122.227
2019-09-05T20:00:00Z,0,111.33
2019-09-05T21:00:00Z,0,101.762
2019-09-05T22:00:00Z,0,95.548
2019-09-05T23:00:00Z,0,93.199
2019-09-06T00:00:00Z,0,90.405
2019-09-06T01:00:00Z,0,90.48
2019-09-06T02:00:00Z,0,93.184
2019-09-06T03:00:00Z,0,100.711
2019-09-06T04:00:00Z,2.756,116.67
2019-09-06T05:00:00Z,104.126,128.539
2019-09-06T06:00:00Z,372.109,135.01
2019-09-06T07:00:00Z,692.755,136.138
2019-09-06T08:00:00Z,976.435,137.784
2019-09-06T09:00:00Z,1197.628,138.413
2019-09-06T10:00:00Z,1296.781,137.333
2019-09-06T11:00:00Z,1251.428,133.935
2019-09-06T12:00:00Z,1121.959,130.249
2019-09-06T13:00:00Z,932.22,128.125
2019-09-06T14:00:00Z,669.329,125.917
2019-09-06T15:00:00Z,398.89,126.387
2019-09-06T16:00:00Z,156.249,126.338
2019-09-06T17:00:00Z,20.25,125.433
2019-09-06T18:00:00Z,0,123.27
2019-09-06T19:00:00Z,0,114.731
2019-09-06T20:00:00Z,0,106.45
2019-09-06T21:00:00Z,0,98.622
2019-09-06T22:00:00Z,0,91.241
2019-09-06T23:00:00Z,0,87.862
2019-09-07T00:00:00Z,0,85.645
2019-09-07T01:00:00Z,0,85.038
2019-09-07T02:00:00Z,0,84.899
2019-09-07T03:00:00Z,0,85.481
2019-09-07T04:00:00Z,1.378,89.108
2019-09-07T05:00:00Z,44.993,96.136
2019-09-07T06:00:00Z,164.154,103.032
2019-09-07T07:00:00Z,325.252,108.305
2019-09-07T08:00:00Z,492.521,111.646
2019-09-07T09:00:00Z,647.209,113.906
2019-09-07T10:00:00Z,742.107,113.168
2019-09-07T11:00:00Z,747.319,108.729
2019-09-07T12:00:00Z,691.782,104.355
2019-09-07T13:00:00Z,605.691,102.491
2019-09-07T14:00:00Z,474.069,102.292
2019-09-07T15:00:00Z,308.597,105.142
2019-09-07T16:00:00Z,135.816,106.709
2019-09-07T17:00:00Z,20.489,106.976
2019-09-07T18:00:00Z,0,106.223
2019-09-07T19:00:00Z,0,99.922
2019-09-07T20:00:00Z,0,94.625
2019-09-07T21:00:00Z,0,88.041
2019-09-07T22:00:00Z,0,82.456
2019-09-07T23:00:00Z,0,78.967
2019-09-08T00:00:00Z,0,76.828
2019-09-08T01:00:00Z,0,76.043
2019-09-08T02:00:00Z,0,75.951
2019-09-08T03:00:00Z,0,75.986
2019-09-08T04:00:00Z,1.737,78.613
2019-09-08T05:00:00Z,65.662,81.701
2019-09-08T06:00:00Z,229.995,89.033
2019-09-08T07:00:00Z,444.413,95.707
2019-09-08T08:00:00Z,626.66,100.646
2019-09-08T09:00:00Z,733.6,105.37
2019-09-08T10:00:00Z,719.041,104.242
2019-09-08T11:00:00Z,666.261,100.351
2019-09-08T12:00:00Z,616.415,97.923
2019-09-08T13:00:00Z,528.108,97.417
2019-09-08T14:00:00Z,394.388,97.096
2019-09-08T15:00:00Z,238.442,99.456
2019-09-08T16:00:00Z,99.271,102.339
2019-09-08T17:00:00Z,14.079,102.754
2019-09-08T18:00:00Z,0,103.663
2019-09-08T19:00:00Z,0,99.452
2019-09-08T20:00:00Z,0,96.113
2019-09-08T21:00:00Z,0,90.476
2019-09-08T22:00:00Z,0,85.062
2019-09-08T23:00:00Z,0,82.097
2019-09-09T00:00:00Z,0,80.412
2019-09-09T01:00:00Z,0,80.981
2019-09-09T02:00:00Z,0,84.113
2019-09-09T03:00:00Z,0,94.749
2019-09-09T04:00:00Z,0.3,114.891
2019-09-09T05:00:00Z,20.847,126.819
2019-09-09T06:00:00Z,103.397,133.15
2019-09-09T07:00:00Z,228.12,135.888
2019-09-09T08:00:00Z,364.943,139.398
2019-09-09T09:00:00Z,460.792,141.724
2019-09-09T10:00:00Z,530.761,139.637
2019-09-09T11:00:00Z,569.76,138.637
2019-09-09T12:00:00Z,571.617,136.303
2019-09-09T13:00:00Z,516.744,133.413
2019-09-09T14:00:00Z,422.333,129.3
2019-09-09T15:00:00Z,286.048,129.044
2019-09-09T16:00:00Z,130.414,128.937
2019-09-09T17:00:00Z,18.151,128.943
2019-09-09T18:00:00Z,0,127.539
2019-09-09T19:00:00Z,0,118.777
2019-09-09T20:00:00Z,0,110.383
2019-09-09T21:00:00Z,0,101.578
2019-09-09T22:00:00Z,0,94.334
2019-09-09T23:00:00Z,0,90.636
2019-09-10T00:00:00Z,0,88.732
2019-09-10T01:00:00Z,0,89.813
2019-09-10T02:00:00Z,0,92.802
2019-09-10T03:00:00Z,0,101.457
2019-09-10T04:00:00Z,1.318,119.596
2019-09-10T05:00:00Z,83.082,129.901
2019-09-10T06:00:00Z,324.601,135.168
2019-09-10T07:00:00Z,662.321,135.2
2019-09-10T08:00:00Z,1011.421,136.799
2019-09-10T09:00:00Z,1296.009,140.448
2019-09-10T10:00:00Z,1418.326,140.49
2019-09-10T11:00:00Z,1411.497,138.74
2019-09-10T12:00:00Z,1281.752,135.482
2019-09-10T13:00:00Z,1078.03,131.575
2019-09-10T14:00:00Z,831.06,128.505
2019-09-10T15:00:00Z,519.578,129.134
2019-09-10T16:00:00Z,202.943,129.565
2019-09-10T17:00:00Z,21.744,129.649
2019-09-10T18:00:00Z,0,129.369
2019-09-10T19:00:00Z,0,121.128
2019-09-10T20:00:00Z,0,111.695
2019-09-10T21:00:00Z,0,101.266
2019-09-10T22:00:00Z,0,94.334
2019-09-10T23:00:00Z,0,91.626
2019-09-11T00:00:00Z,0,91.622
2019-09-11T01:00:00Z,0,91.861
2019-09-11T02:00:00Z,0,94.307
2019-09-11T03:00:00Z,0,102.726
2019-09-11T04:00:00Z,1.378,122.514
2019-09-11T05:00:00Z,92.537,132.329
2019-09-11T06:00:00Z,382.187,137.449
2019-09-11T07:00:00Z,778.21,136.337
2019-09-11T08:00:00Z,1123.443,138.355
2019-09-11T09:00:00Z,1362.722,138.451
2019-09-11T10:00:00Z,1437.59,139.009
2019-09-11T11:00:00Z,1371.766,138.52
2019-09-11T12:00:00Z,1224.844,136.053
2019-09-11T13:00:00Z,994.13,134.734
2019-09-11T14:00:00Z,695.795,131.1
2019-09-11T15:00:00Z,389.554,131.534
2019-09-11T16:00:00Z,125.539,133.755
2019-09-11T17:00:00Z,8.325,133.439
2019-09-11T18:00:00Z,0,130.794
2019-09-11T19:00:00Z,0,121.522
2019-09-11T20:00:00Z,0,112.414
2019-09-11T21:00:00Z,0,103.331
2019-09-11T22:00:00Z,0,98.834
2019-09-11T23:00:00Z,0,95.132
2019-09-12T00:00:00Z,0,93.687
2019-09-12T01:00:00Z,0,92.767
2019-09-12T02:00:00Z,0,94.743
2019-09-12T03:00:00Z,0,104.537
2019-09-12T04:00:00Z,0.539,122.34
2019-09-12T05:00:00Z,43.3,132.643
2019-09-12T06:00:00Z,194.822,138.094
2019-09-12T07:00:00Z,415.995,138.671
2019-09-12T08:00:00Z,682.384,141.273
2019-09-12T09:00:00Z,915.955,143.831
2019-09-12T10:00:00Z,1075.98,142.286
2019-09-12T11:00:00Z,1145.153,141.243
2019-09-12T12:00:00Z,1121.856,139.161
2019-09-12T13:00:00Z,1000.1,137.173
2019-09-12T14:00:00Z,791.025,133.191
2019-09-12T15:00:00Z,499.002,131.504
2019-09-12T16:00:00Z,192.546,131.528
2019-09-12T17:00:00Z,15.152,132.257
2019-09-12T18:00:00Z,0,132.098
2019-09-12T19:00:00Z,0,124.01
2019-09-12T20:00:00Z,0,115.267
2019-09-12T21:00:00Z,0,107.549
2019-09-12T22:00:00Z,0,99.52
2019-09-12T23:00:00Z,0,96.521
2019-09-13T00:00:00Z,0,96.145
2019-09-13T01:00:00Z,0,97.789
2019-09-13T02:00:00Z,0,98.618
2019-09-13T03:00:00Z,0,105.77
2019-09-13T04:00:00Z,0.479,124.05
2019-09-13T05:00:00Z,59.045,134.157
2019-09-13T06:00:00Z,259.956,139.276
2019-09-13T07:00:00Z,517.336,141.224
2019-09-13T08:00:00Z,763.339,142.408
2019-09-13T09:00:00Z,935.445,145.806
2019-09-13T10:00:00Z,998.802,143.28
2019-09-13T11:00:00Z,1013.294,139.853
2019-09-13T12:00:00Z,1000.958,135.912
2019-09-13T13:00:00Z,898.856,132.936
2019-09-13T14:00:00Z,689.922,130.083
2019-09-13T15:00:00Z,417.39,129.431
2019-09-13T16:00:00Z,157.914,128.274
2019-09-13T17:00:00Z,12.576,128.024
2019-09-13T18:00:00Z,0,125.972
2019-09-13T19:00:00Z,0,115.192
2019-09-13T20:00:00Z,0,107.072
2019-09-13T21:00:00Z,0,98.954
2019-09-13T22:00:00Z,0,92.842
2019-09-13T23:00:00Z,0,88.14
2019-09-14T00:00:00Z,0,85.652
2019-09-14T01:00:00Z,0,85.051
2019-09-14T02:00:00Z,0,84.997
2019-09-14T03:00:00Z,0,86.761
2019-09-14T04:00:00Z,0.838,92.316
2019-09-14T05:00:00Z,87.309,98.819
2019-09-14T06:00:00Z,379.536,106.24
2019-09-14T07:00:00Z,760.869,110.257
2019-09-14T08:00:00Z,1119.566,113.589
2019-09-14T09:00:00Z,1377.899,116.563
2019-09-14T10:00:00Z,1462.933,113.707
2019-09-14T11:00:00Z,1445.028,109.195
2019-09-14T12:00:00Z,1366.462,104.996
2019-09-14T13:00:00Z,1200.228,103.453
2019-09-14T14:00:00Z,936.624,103.59
2019-09-14T15:00:00Z,569.903,106.223
2019-09-14T16:00:00Z,186.355,106.884
2019-09-14T17:00:00Z,11.677,106.796
2019-09-14T18:00:00Z,0,107.093
2019-09-14T19:00:00Z,0,100.98
2019-09-14T20:00:00Z,0,95.912
2019-09-14T21:00:00Z,0,89.335
2019-09-14T22:00:00Z,0,83.298
2019-09-14T23:00:00Z,0,79.6
2019-09-15T00:00:00Z,0,78.416
2019-09-15T01:00:00Z,0,77.552
2019-09-15T02:00:00Z,0,77.189
2019-09-15T03:00:00Z,0,78.621
2019-09-15T04:00:00Z,0.719,80.162
2019-09-15T05:00:00Z,92.638,84.147
2019-09-15T06:00:00Z,402.351,91.607
2019-09-15T07:00:00Z,787.876,96.733
2019-09-15T08:00:00Z,1106.272,100.537
2019-09-15T09:00:00Z,1332.568,103.703
2019-09-15T10:00:00Z,1444.429,103.092
2019-09-15T11:00:00Z,1442.034,99.706
2019-09-15T12:00:00Z,1342.688,96.401
2019-09-15T13:00:00Z,1147.291,94.426
2019-09-15T14:00:00Z,837.399,95.875
2019-09-15T15:00:00Z,466.845,99.413
2019-09-15T16:00:00Z,154.497,104.034
2019-09-15T17:00:00Z,8.443,105.565
2019-09-15T18:00:00Z,0,106.775
2019-09-15T19:00:00Z,0,101.638
2019-09-15T20:00:00Z,0,97.419
2019-09-15T21:00:00Z,0,90.514
2019-09-15T22:00:00Z,0,85.277
2019-09-15T23:00:00Z,0,82.482
2019-09-16T00:00:00Z,0,81.569
2019-09-16T01:00:00Z,0,81.716
2019-09-16T02:00:00Z,0,85.739
2019-09-16T03:00:00Z,0,95.655
2019-09-16T04:00:00Z,0.24,116.516
2019-09-16T05:00:00Z,55.206,128.608
2019-09-16T06:00:00Z,248.129,133.843
2019-09-16T07:00:00Z,489.432,134.43
2019-09-16T08:00:00Z,705.287,136.752
2019-09-16T09:00:00Z,832.705,139.501
2019-09-16T10:00:00Z,868.391,139.554
2019-09-16T11:00:00Z,830.968,138.344
2019-09-16T12:00:00Z,752.709,136.555
2019-09-16T13:00:00Z,603.916,134.958
2019-09-16T14:00:00Z,406.862,132.472
2019-09-16T15:00:00Z,223.1,131.69
2019-09-16T16:00:00Z,71.493,131.502
2019-09-16T17:00:00Z,2.994,132.552
2019-09-16T18:00:00Z,0,129.116
2019-09-16T19:00:00Z,0,120.539
2019-09-16T20:00:00Z,0,110.902
2019-09-16T21:00:00Z,0,102.395
2019-09-16T22:00:00Z,0,97.724
2019-09-16T23:00:00Z,0,94.009
2019-09-17T00:00:00Z,0,91.468
2019-09-17T01:00:00Z,0,91.756
2019-09-17T02:00:00Z,0,93.787
2019-09-17T03:00:00Z,0,102.106
2019-09-17T04:00:00Z,0.299,121.678
2019-09-17T05:00:00Z,40.294,132.541
2019-09-17T06:00:00Z,213.503,137.201
2019-09-17T07:00:00Z,478.017,137.385
2019-09-17T08:00:00Z,724.809,139.415
2019-09-17T09:00:00Z,864.969,143.885
2019-09-17T10:00:00Z,932.504,141.166
2019-09-17T11:00:00Z,969.864,139.473
2019-09-17T12:00:00Z,928.553,136.568
2019-09-17T13:00:00Z,853.893,135.02
2019-09-17T14:00:00Z,681.342,132.654
2019-09-17T15:00:00Z,417.247,131.934
2019-09-17T16:00:00Z,143.453,131.38
2019-09-17T17:00:00Z,6.945,133.719
2019-09-17T18:00:00Z,0,133.15
2019-09-17T19:00:00Z,0,123.187
2019-09-17T20:00:00Z,0,112.516
2019-09-17T21:00:00Z,0,102.694
2019-09-17T22:00:00Z,0,95.899
2019-09-17T23:00:00Z,0,92.167
2019-09-18T00:00:00Z,0,90.108
2019-09-18T01:00:00Z,0,90.598
2019-09-18T02:00:00Z,0,93.069
2019-09-18T03:00:00Z,0,101.841
2019-09-18T04:00:00Z,0.299,122.992
2019-09-18T05:00:00Z,78.303,133.394
2019-09-18T06:00:00Z,396.185,137.246
2019-09-18T07:00:00Z,795.243,136.557
2019-09-18T08:00:00Z,1117.016,137.564
2019-09-18T09:00:00Z,1284.098,139.439
2019-09-18T10:00:00Z,1316.305,137.459
2019-09-18T11:00:00Z,1341.508,136.792
2019-09-18T12:00:00Z,1283.739,134.24
2019-09-18T13:00:00Z,1106.539,130.978
2019-09-18T14:00:00Z,835.472,129.078
2019-09-18T15:00:00Z,481.851,130.309
2019-09-18T16:00:00Z,146.728,129.758
2019-09-18T17:00:00Z,5.508,131.027
2019-09-18T18:00:00Z,0,129.119
2019-09-18T19:00:00Z,0,119.151
2019-09-18T20:00:00Z,0,110.107
2019-09-18T21:00:00Z,0,103.327
2019-09-18T22:00:00Z,0,96.707
2019-09-18T23:00:00Z,0,91.737
2019-09-19T00:00:00Z,0,90.288
2019-09-19T01:00:00Z,0,91.835
2019-09-19T02:00:00Z,0,93.843
2019-09-19T03:00:00Z,0,103.051
2019-09-19T04:00:00Z,0.239,122.873
2019-09-19T05:00:00Z,71.95,130.54
2019-09-19T06:00:00Z,369.209,135.64
2019-09-19T07:00:00Z,783.132,135.722
2019-09-19T08:00:00Z,1148.15,136.959
2019-09-19T09:00:00Z,1331.917,142.104
2019-09-19T10:00:00Z,1381.719,140.366
2019-09-19T11:00:00Z,1405.722,137.173
2019-09-19T12:00:00Z,1353.346,134.702
2019-09-19T13:00:00Z,1171.435,132.594
2019-09-19T14:00:00Z,872.74,129.335
2019-09-19T15:00:00Z,495.81,127.817
2019-09-19T16:00:00Z,152.58,127.793
2019-09-19T17:00:00Z,5.986,131.528
2019-09-19T18:00:00Z,0,130.311
2019-09-19T19:00:00Z,0,120.415
2019-09-19T20:00:00Z,0,112.86
2019-09-19T21:00:00Z,0,104.59
2019-09-19T22:00:00Z,0,97.816
2019-09-19T23:00:00Z,0,95.769
2019-09-20T00:00:00Z,0,94.403
2019-09-20T01:00:00Z,0,95.347
2019-09-20T02:00:00Z,0,98.274
2019-09-20T03:00:00Z,0,106.067
2019-09-20T04:00:00Z,0.18,122.529
2019-09-20T05:00:00Z,65.776,130.008
2019-09-20T06:00:00Z,350.544,135.206
2019-09-20T07:00:00Z,733.167,135.285
2019-09-20T08:00:00Z,1061.985,137.342
2019-09-20T09:00:00Z,1289.716,140.907
2019-09-20T10:00:00Z,1394.993,136.803
2019-09-20T11:00:00Z,1405.885,132.177
2019-09-20T12:00:00Z,1320.419,127.881
2019-09-20T13:00:00Z,1129.736,123.944
2019-09-20T14:00:00Z,835.392,122.526
2019-09-20T15:00:00Z,465.815,124.463
2019-09-20T16:00:00Z,132.988,124.059
2019-09-20T17:00:00Z,3.89,126.03
2019-09-20T18:00:00Z,0,123.448
2019-09-20T19:00:00Z,0,115.16
2019-09-20T20:00:00Z,0,107.824
2019-09-20T21:00:00Z,0,100.187
2019-09-20T22:00:00Z,0,93.345
2019-09-20T23:00:00Z,0,89.031
2019-09-21T00:00:00Z,0,86.917
2019-09-21T01:00:00Z,0,86.883
2019-09-21T02:00:00Z,0,87.595
2019-09-21T03:00:00Z,0,89.433
2019-09-21T04:00:00Z,0.12,93.943
2019-09-21T05:00:00Z,67.866,100.345
2019-09-21T06:00:00Z,385.713,107.666
2019-09-21T07:00:00Z,816.55,111.018
2019-09-21T08:00:00Z,1192.627,114.579
2019-09-21T09:00:00Z,1443.265,116.219
2019-09-21T10:00:00Z,1573.851,113.933
2019-09-21T11:00:00Z,1596.174,111.277
2019-09-21T12:00:00Z,1497.307,107.549
2019-09-21T13:00:00Z,1280.063,105.653
2019-09-21T14:00:00Z,938.876,103.883
2019-09-21T15:00:00Z,518.513,106.458
2019-09-21T16:00:00Z,139.323,108.423
2019-09-21T17:00:00Z,3.411,110.233
2019-09-21T18:00:00Z,0,109.011
2019-09-21T19:00:00Z,0,102.384
2019-09-21T20:00:00Z,0,96.743
2019-09-21T21:00:00Z,0,89.858
2019-09-21T22:00:00Z,0,84.324
2019-09-21T23:00:00Z,0,80.318
2019-09-22T00:00:00Z,0,77.465
2019-09-22T01:00:00Z,0,77.116
2019-09-22T02:00:00Z,0,78.228
2019-09-22T03:00:00Z,0,79.032
2019-09-22T04:00:00Z,0.12,80.975
2019-09-22T05:00:00Z,65.172,85.748
2019-09-22T06:00:00Z,359.193,92.124
2019-09-22T07:00:00Z,751.541,98.218
2019-09-22T08:00:00Z,1072.014,102.703
2019-09-22T09:00:00Z,1266.393,105.172
2019-09-22T10:00:00Z,1334.617,103.611
2019-09-22T11:00:00Z,1300.445,100.52
2019-09-22T12:00:00Z,1180.514,97.188
2019-09-22T13:00:00Z,972.73,94.984
2019-09-22T14:00:00Z,675.417,94.604
2019-09-22T15:00:00Z,345.788,99.787
2019-09-22T16:00:00Z,87.913,103.938
2019-09-22T17:00:00Z,1.376,106.835
2019-09-22T18:00:00Z,0,106.995
2019-09-22T19:00:00Z,0,101.621
2019-09-22T20:00:00Z,0,98.483
2019-09-22T21:00:00Z,0,91.37
2019-09-22T22:00:00Z,0,86.451
2019-09-22T23:00:00Z,0,84.677
2019-09-23T00:00:00Z,0,84.127
2019-09-23T01:00:00Z,0,85.645
2019-09-23T02:00:00Z,0,88.618
2019-09-23T03:00:00Z,0,97.333
2019-09-23T04:00:00Z,0.06,118.967
2019-09-23T05:00:00Z,32.733,132.03
2019-09-23T06:00:00Z,158.818,137.936
2019-09-23T07:00:00Z,331.279,139.071
2019-09-23T08:00:00Z,484.232,143.179
2019-09-23T09:00:00Z,582.73,144.586
2019-09-23T10:00:00Z,663.156,143.043
2019-09-23T11:00:00Z,691.341,142.331
2019-09-23T12:00:00Z,652.145,140.007
2019-09-23T13:00:00Z,547.663,138.195
2019-09-23T14:00:00Z,378.433,135.142
2019-09-23T15:00:00Z,196.278,135.486
2019-09-23T16:00:00Z,53.617,134.973
2019-09-23T17:00:00Z,1.257,137.346
2019-09-23T18:00:00Z,0,132.449
2019-09-23T19:00:00Z,0,122.665
2019-09-23T20:00:00Z,0,113.217
2019-09-23T21:00:00Z,0,104.755
2019-09-23T22:00:00Z,0,99.14
2019-09-23T23:00:00Z,0,95.743
2019-09-24T00:00:00Z,0,93.964
2019-09-24T01:00:00Z,0,94.83
2019-09-24T02:00:00Z,0,97.303
2019-09-24T03:00:00Z,0,105.982
2019-09-24T04:00:00Z,0,123.679
2019-09-24T05:00:00Z,27.644,133.447
2019-09-24T06:00:00Z,192.967,137.442
2019-09-24T07:00:00Z,417.767,139.704
2019-09-24T08:00:00Z,660.876,141.307
2019-09-24T09:00:00Z,874.546,142.78
2019-09-24T10:00:00Z,983.805,142.273
2019-09-24T11:00:00Z,926.184,141.858
2019-09-24T12:00:00Z,755.714,139.93
2019-09-24T13:00:00Z,529.598,137.658
2019-09-24T14:00:00Z,328.134,135.012
2019-09-24T15:00:00Z,161.315,134.99
2019-09-24T16:00:00Z,37.576,134.377
2019-09-24T17:00:00Z,0.299,138.051
2019-09-24T18:00:00Z,0,133.659
2019-09-24T19:00:00Z,0,124.73
2019-09-24T20:00:00Z,0,115.09
2019-09-24T21:00:00Z,0,105.7
2019-09-24T22:00:00Z,0,99.257
2019-09-24T23:00:00Z,0,95.32
2019-09-25T00:00:00Z,0,93.554
2019-09-25T01:00:00Z,0,94.129
2019-09-25T02:00:00Z,0,97
2019-09-25T03:00:00Z,0,106.873
2019-09-25T04:00:00Z,0,126.252
2019-09-25T05:00:00Z,12.145,137.147
2019-09-25T06:00:00Z,105.414,139.208
2019-09-25T07:00:00Z,267.604,139.83
2019-09-25T08:00:00Z,443.314,142.684
2019-09-25T09:00:00Z,591.564,145.238
2019-09-25T10:00:00Z,710.44,144.203
2019-09-25T11:00:00Z,727.191,141.484
2019-09-25T12:00:00Z,691.475,138.644
2019-09-25T13:00:00Z,582.112,137.231
2019-09-25T14:00:00Z,388.095,133.394
2019-09-25T15:00:00Z,196.351,132.137
2019-09-25T16:00:00Z,51.451,133.37
2019-09-25T17:00:00Z,0.598,137.019
2019-09-25T18:00:00Z,0,131.256
2019-09-25T19:00:00Z,0,122.984
2019-09-25T20:00:00Z,0,114.865
2019-09-25T21:00:00Z,0,105.567
2019-09-25T22:00:00Z,0,100.016
2019-09-25T23:00:00Z,0,96.632
2019-09-26T00:00:00Z,0,93.55
2019-09-26T01:00:00Z,0,94.597
2019-09-26T02:00:00Z,0,97.081
2019-09-26T03:00:00Z,0,105.687
2019-09-26T04:00:00Z,0,124.923
2019-09-26T05:00:00Z,24.467,133.387
2019-09-26T06:00:00Z,165.523,138.015
2019-09-26T07:00:00Z,364.726,140.743
2019-09-26T08:00:00Z,540.12,142.322
2019-09-26T09:00:00Z,624.526,145.871
2019-09-26T10:00:00Z,600.897,144.648
2019-09-26T11:00:00Z,539.94,142.669
2019-09-26T12:00:00Z,456.311,140.629
2019-09-26T13:00:00Z,363.829,140.046
2019-09-26T14:00:00Z,239.342,137.643
2019-09-26T15:00:00Z,114.736,135.591
2019-09-26T16:00:00Z,23.928,135.771
2019-09-26T17:00:00Z,0.179,138.592
2019-09-26T18:00:00Z,0,133.422
2019-09-26T19:00:00Z,0,125.446
2019-09-26T20:00:00Z,0,116.193
2019-09-26T21:00:00Z,0,106.114
2019-09-26T22:00:00Z,0,99.898
2019-09-26T23:00:00Z,0,95.523
2019-09-27T00:00:00Z,0,93.967
2019-09-27T01:00:00Z,0,94.514
2019-09-27T02:00:00Z,0,96.718
2019-09-27T03:00:00Z,0,103.765
2019-09-27T04:00:00Z,0,123.503
2019-09-27T05:00:00Z,10.525,134.935
2019-09-27T06:00:00Z,91.5,140.384
2019-09-27T07:00:00Z,224.623,143.154
2019-09-27T08:00:00Z,357.029,145.018
2019-09-27T09:00:00Z,540.806,146.969
2019-09-27T10:00:00Z,684.515,146.676
2019-09-27T11:00:00Z,671.896,142.891
2019-09-27T12:00:00Z,595.527,138.083
2019-09-27T13:00:00Z,520.114,136.207
2019-09-27T14:00:00Z,385.914,133.137
2019-09-27T15:00:00Z,206.144,131.626
2019-09-27T16:00:00Z,47.664,131.015
2019-09-27T17:00:00Z,0.299,133.4
2019-09-27T18:00:00Z,0,127.646
2019-09-27T19:00:00Z,0,118.388
2019-09-27T20:00:00Z,0,110.86
2019-09-27T21:00:00Z,0,101.6
2019-09-27T22:00:00Z,0,94.845
2019-09-27T23:00:00Z,0,91.517
2019-09-28T00:00:00Z,0,87.413
2019-09-28T01:00:00Z,0,88.939
2019-09-28T02:00:00Z,0,89.311
2019-09-28T03:00:00Z,0,90.038
2019-09-28T04:00:00Z,0,94.561
2019-09-28T05:00:00Z,19.913,100.317
2019-09-28T06:00:00Z,165.404,109.43
2019-09-28T07:00:00Z,417.517,111.373
2019-09-28T08:00:00Z,666.76,117.638
2019-09-28T09:00:00Z,867.565,119.993
2019-09-28T10:00:00Z,941.417,119.226
2019-09-28T11:00:00Z,889.631,114.829
2019-09-28T12:00:00Z,815.241,110.806
2019-09-28T13:00:00Z,663.172,110.052
2019-09-28T14:00:00Z,462.964,108.132
2019-09-28T15:00:00Z,246.97,109.817
2019-09-28T16:00:00Z,50.949,111.896
2019-09-28T17:00:00Z,0.179,114.271
2019-09-28T18:00:00Z,0,109.457
2019-09-28T19:00:00Z,0,101.213
2019-09-28T20:00:00Z,0,96.329
2019-09-28T21:00:00Z,0,89.031
2019-09-28T22:00:00Z,0,85.164
2019-09-28T23:00:00Z,0,81.445
2019-09-29T00:00:00Z,0,78.213
2019-09-29T01:00:00Z,0,77.813
2019-09-29T02:00:00Z,0,77.755
2019-09-29T03:00:00Z,0,77.381
2019-09-29T04:00:00Z,0,80.075
2019-09-29T05:00:00Z,18.298,83.839
2019-09-29T06:00:00Z,188.662,91.186
2019-09-29T07:00:00Z,439.813,99.298
2019-09-29T08:00:00Z,648.927,105.475
2019-09-29T09:00:00Z,819.65,109.936
2019-09-29T10:00:00Z,902.41,109.432
2019-09-29T11:00:00Z,886.683,107.985
2019-09-29T12:00:00Z,746.876,104.855
2019-09-29T13:00:00Z,549.602,102.917
2019-09-29T14:00:00Z,339.831,102.083
2019-09-29T15:00:00Z,146.804,105.849
2019-09-29T16:00:00Z,24.876,109.139
2019-09-29T17:00:00Z,0.06,111.058
2019-09-29T18:00:00Z,0,107.497
2019-09-29T19:00:00Z,0,103.628
2019-09-29T20:00:00Z,0,101.444
2019-09-29T21:00:00Z,0,94.768
2019-09-29T22:00:00Z,0,92.99
2019-09-29T23:00:00Z,0,90.19
2019-09-30T00:00:00Z,0,88.958
2019-09-30T01:00:00Z,0,90.521
2019-09-30T02:00:00Z,0,94.931
2019-09-30T03:00:00Z,0,102.979
2019-09-30T04:00:00Z,0,124.264
2019-09-30T05:00:00Z,12.012,135.578
2019-09-30T06:00:00Z,132.672,140.377
2019-09-30T07:00:00Z,336.341,140.426
2019-09-30T08:00:00Z,543.955,142.256
2019-09-30T09:00:00Z,732.923,145.349
2019-09-30T10:00:00Z,828.363,144.661
2019-09-30T11:00:00Z,827.586,143.769
2019-09-30T12:00:00Z,779.776,139.608
2019-09-30T13:00:00Z,683.679,136.476
2019-09-30T14:00:00Z,491.783,133.866
2019-09-30T15:00:00Z,243.232,133.272
2019-09-30T16:00:00Z,44.941,134.304
2019-09-30T17:00:00Z,0.06,137.56
2019-09-30T18:00:00Z,0,131.54
2019-09-30T19:00:00Z,0,122.028
2019-09-30T20:00:00Z,0,113.031
2019-09-30T21:00:00Z,0,103.571
2019-09-30T22:00:00Z,0,98.789
2019-09-30T23:00:00Z,0,96.805
2019-10-01T00:00:00Z,0,94.623
2019-10-01T01:00:00Z,0,95.232
2019-10-01T02:00:00Z,0,99.593
2019-10-01T03:00:00Z,0,109.389
2019-10-01T04:00:00Z,0,125.483
2019-10-01T05:00:00Z,17.15,136.942
2019-10-01T06:00:00Z,151.126,142.226
2019-10-01T07:00:00Z,338.824,143.141
2019-10-01T08:00:00Z,531.004,146.319
2019-10-01T09:00:00Z,677.111,149.404
2019-10-01T10:00:00Z,742.366,148.429
2019-10-01T11:00:00Z,703.643,147.115
2019-10-01T12:00:00Z,605.88,143.821
2019-10-01T13:00:00Z,473.099,140.262
2019-10-01T14:00:00Z,329.442,137.645
2019-10-01T15:00:00Z,159.851,138.74
2019-10-01T16:00:00Z,24.321,137.981
2019-10-01T17:00:00Z,0.06,139.982
2019-10-01T18:00:00Z,0,133.65
2019-10-01T19:00:00Z,0,125.769
2019-10-01T20:00:00Z,0,115.808
2019-10-01T21:00:00Z,0,105.935
2019-10-01T22:00:00Z,0,99.458
2019-10-01T23:00:00Z,0,98.161
2019-10-02T00:00:00Z,0,97.782
2019-10-02T01:00:00Z,0,98.156
2019-10-02T02:00:00Z,0,100.084
2019-10-02T03:00:00Z,0,108.162
2019-10-02T04:00:00Z,0,125.081
2019-10-02T05:00:00Z,6.035,134.623
2019-10-02T06:00:00Z,86.938,138.725
2019-10-02T07:00:00Z,260.636,138.902
2019-10-02T08:00:00Z,473.172,140.794
2019-10-02T09:00:00Z,650.335,142.985
2019-10-02T10:00:00Z,729.087,143.962
2019-10-02T11:00:00Z,741.396,142.344
2019-10-02T12:00:00Z,705.485,139.204
2019-10-02T13:00:00Z,589.209,134.849
2019-10-02T14:00:00Z,424.833,131.333
2019-10-02T15:00:00Z,213.552,131.397
2019-10-02T16:00:00Z,36.09,131.56
2019-10-02T17:00:00Z,0.06,134.745
2019-10-02T18:00:00Z,0,129.17
2019-10-02T19:00:00Z,0,120.31
2019-10-02T20:00:00Z,0,112.743
2019-10-02T21:00:00Z,0,103.331
2019-10-02T22:00:00Z,0,98.079
2019-10-02T23:00:00Z,0,93.8
2019-10-03T00:00:00Z,0,92.265
2019-10-03T01:00:00Z,0,91.626
2019-10-03T02:00:00Z,0,89.773
2019-10-03T03:00:00Z,0,86.806
2019-10-03T04:00:00Z,0,85.831
2019-10-03T05:00:00Z,12.249,89.388
2019-10-03T06:00:00Z,144.778,95.651
2019-10-03T07:00:00Z,352.235,101.025
2019-10-03T08:00:00Z,544.097,106.531
2019-10-03T09:00:00Z,659.596,111.161
2019-10-03T10:00:00Z,733.807,111.544
2019-10-03T11:00:00Z,744.085,106.792
2019-10-03T12:00:00Z,701.303,103.047
2019-10-03T13:00:00Z,578.155,101.136
2019-10-03T14:00:00Z,393.762,100.426
2019-10-03T15:00:00Z,190.906,102.577
2019-10-03T16:00:00Z,30.055,107.04
2019-10-03T17:00:00Z,0,110.825
2019-10-03T18:00:00Z,0,107.553
2019-10-03T19:00:00Z,0,102.196
2019-10-03T20:00:00Z,0,99.02
2019-10-03T21:00:00Z,0,92.203
2019-10-03T22:00:00Z,0,85.959
2019-10-03T23:00:00Z,0,82.253
2019-10-04T00:00:00Z,0,81.259
2019-10-04T01:00:00Z,0,82.174
2019-10-04T02:00:00Z,0,85.237
2019-10-04T03:00:00Z,0,91.639
2019-10-04T04:00:00Z,0,105.567
2019-10-04T05:00:00Z,8.724,115.964
2019-10-04T06:00:00Z,95.063,120.806
2019-10-04T07:00:00Z,210.918,125.034
2019-10-04T08:00:00Z,335.737,126.267
2019-10-04T09:00:00Z,454.819,128.74
2019-10-04T10:00:00Z,479.316,128.757
2019-10-04T11:00:00Z,415.503,126.06
2019-10-04T12:00:00Z,342.608,123.495
2019-10-04T13:00:00Z,243.243,121.12
2019-10-04T14:00:00Z,150.81,118.251
2019-10-04T15:00:00Z,70.924,119.681
2019-10-04T16:00:00Z,11.771,121.535
2019-10-04T17:00:00Z,0,124.142
2019-10-04T18:00:00Z,0,117.832
2019-10-04T19:00:00Z,0,109.731
2019-10-04T20:00:00Z,0,102.132
2019-10-04T21:00:00Z,0,95.771
2019-10-04T22:00:00Z,0,89.373
2019-10-04T23:00:00Z,0,86.483
2019-10-05T00:00:00Z,0,84.202
2019-10-05T01:00:00Z,0,84.527
2019-10-05T02:00:00Z,0,86.31
2019-10-05T03:00:00Z,0,88.2
2019-10-05T04:00:00Z,0,91.098
2019-10-05T05:00:00Z,4.661,97.075
2019-10-05T06:00:00Z,67.279,104.449
2019-10-05T07:00:00Z,210.082,109.453
2019-10-05T08:00:00Z,376.606,112.869
2019-10-05T09:00:00Z,512,115.753
2019-10-05T10:00:00Z,565.178,116.069
2019-10-05T11:00:00Z,589.615,111.621
2019-10-05T12:00:00Z,535.302,107.245
2019-10-05T13:00:00Z,438.866,105.36
2019-10-05T14:00:00Z,295.943,104.795
2019-10-05T15:00:00Z,130.136,105.933
2019-10-05T16:00:00Z,16.192,107.685
2019-10-05T17:00:00Z,0,111.845
2019-10-05T18:00:00Z,0,106.788
2019-10-05T19:00:00Z,0,101.224
2019-10-05T20:00:00Z,0,98.032
2019-10-05T21:00:00Z,0,92.169
2019-10-05T22:00:00Z,0,87.768
2019-10-05T23:00:00Z,0,82.11
2019-10-06T00:00:00Z,0,80.853
2019-10-06T01:00:00Z,0,82.125
2019-10-06T02:00:00Z,0,82.388
2019-10-06T03:00:00Z,0,82.913
2019-10-06T04:00:00Z,0,83.347
2019-10-06T05:00:00Z,13.265,86.038
2019-10-06T06:00:00Z,135.095,92.881
2019-10-06T07:00:00Z,336.454,99.875
2019-10-06T08:00:00Z,523.352,104.864
2019-10-06T09:00:00Z,630.604,109.996
2019-10-06T10:00:00Z,635.982,109.723
2019-10-06T11:00:00Z,589.795,107.837
2019-10-06T12:00:00Z,481.886,107.279
2019-10-06T13:00:00Z,335.318,105.326
2019-10-06T14:00:00Z,204.406,105.345
2019-10-06T15:00:00Z,81.679,107.613
2019-10-06T16:00:00Z,7.827,110.471
2019-10-06T17:00:00Z,0,113.686
2019-10-06T18:00:00Z,0,108.803
2019-10-06T19:00:00Z,0,104.742
2019-10-06T20:00:00Z,0,103.682
2019-10-06T21:00:00Z,0,97.656
2019-10-06T22:00:00Z,0,92.246
2019-10-06T23:00:00Z,0,88.266
2019-10-07T00:00:00Z,0,86.992
2019-10-07T01:00:00Z,0,87.714
2019-10-07T02:00:00Z,0,91.102
2019-10-07T03:00:00Z,0,101.226
2019-10-07T04:00:00Z,0,121.697
2019-10-07T05:00:00Z,12.486,133.291
2019-10-07T06:00:00Z,154.137,139.588
2019-10-07T07:00:00Z,409.479,140.251
2019-10-07T08:00:00Z,666.673,142.521
2019-10-07T09:00:00Z,851.279,143.209
2019-10-07T10:00:00Z,936.652,141.739
2019-10-07T11:00:00Z,910.246,140.702
2019-10-07T12:00:00Z,812.327,136.027
2019-10-07T13:00:00Z,644.15,134.097
2019-10-07T14:00:00Z,397.112,131.803
2019-10-07T15:00:00Z,159.156,132.145
2019-10-07T16:00:00Z,15.653,135.583
2019-10-07T17:00:00Z,0,140.317
2019-10-07T18:00:00Z,0,133.778
2019-10-07T19:00:00Z,0,125.613
2019-10-07T20:00:00Z,0,117.591
2019-10-07T21:00:00Z,0,107.606
2019-10-07T22:00:00Z,0,100.499
2019-10-07T23:00:00Z,0,96.004
2019-10-08T00:00:00Z,0,94.136
2019-10-08T01:00:00Z,0,95.202
2019-10-08T02:00:00Z,0,100.364
2019-10-08T03:00:00Z,0,108.064
2019-10-08T04:00:00Z,0,125.41
2019-10-08T05:00:00Z,3.584,138.022
2019-10-08T06:00:00Z,45.162,144.695
2019-10-08T07:00:00Z,131.424,143.842
2019-10-08T08:00:00Z,243.852,144.19
2019-10-08T09:00:00Z,341.405,148.44
2019-10-08T10:00:00Z,382.445,148.181
2019-10-08T11:00:00Z,358.55,146.452
2019-10-08T12:00:00Z,320.018,142.707
2019-10-08T13:00:00Z,252.693,139.629
2019-10-08T14:00:00Z,172.465,137.156
2019-10-08T15:00:00Z,79.273,136.718
2019-10-08T16:00:00Z,7.408,139.257
2019-10-08T17:00:00Z,0,140.621
2019-10-08T18:00:00Z,0,132.727
2019-10-08T19:00:00Z,0,124.427
2019-10-08T20:00:00Z,0,117.409
2019-10-08T21:00:00Z,0,109.261
2019-10-08T22:00:00Z,0,101.617
2019-10-08T23:00:00Z,0,98.656
2019-10-09T00:00:00Z,0,95.362
2019-10-09T01:00:00Z,0,97.252
2019-10-09T02:00:00Z,0,101.566
2019-10-09T03:00:00Z,0,109.566
2019-10-09T04:00:00Z,0,126.389
2019-10-09T05:00:00Z,5.675,138.212
2019-10-09T06:00:00Z,110.868,140.661
2019-10-09T07:00:00Z,295.508,140.215
2019-10-09T08:00:00Z,476.026,141.294
2019-10-09T09:00:00Z,584.684,145.073
2019-10-09T10:00:00Z,561.806,146.195
2019-10-09T11:00:00Z,449.803,146.213
2019-10-09T12:00:00Z,331.886,143.799
2019-10-09T13:00:00Z,247.362,139.796
2019-10-09T14:00:00Z,161.224,134.877
2019-10-09T15:00:00Z,77.058,135.322
2019-10-09T16:00:00Z,8.721,138.725
2019-10-09T17:00:00Z,0,141.097
2019-10-09T18:00:00Z,0,133.552
2019-10-09T19:00:00Z,0,124.767
2019-10-09T20:00:00Z,0,116.937
2019-10-09T21:00:00Z,0,109.716
2019-10-09T22:00:00Z,0,103.893
2019-10-09T23:00:00Z,0,99.505
2019-10-10T00:00:00Z,0,97.577
2019-10-10T01:00:00Z,0,98.453
2019-10-10T02:00:00Z,0,101.76
2019-10-10T03:00:00Z,0,108.367
2019-10-10T04:00:00Z,0,124.995
2019-10-10T05:00:00Z,5.794,136.277
2019-10-10T06:00:00Z,104.944,142.256
2019-10-10T07:00:00Z,272.065,143.639
2019-10-10T08:00:00Z,436.677,144.783
2019-10-10T09:00:00Z,582.535,147.764
2019-10-10T10:00:00Z,715.85,146.914
2019-10-10T11:00:00Z,751.807,145.926
2019-10-10T12:00:00Z,742.728,142.748
2019-10-10T13:00:00Z,637.008,139.992
2019-10-10T14:00:00Z,429.211,135.886
2019-10-10T15:00:00Z,172.318,136.865
2019-10-10T16:00:00Z,13.977,137.237
2019-10-10T17:00:00Z,0,140.016
2019-10-10T18:00:00Z,0,134.001
2019-10-10T19:00:00Z,0,125.222
2019-10-10T20:00:00Z,0,119.121
2019-10-10T21:00:00Z,0,110.357
2019-10-10T22:00:00Z,0,104.981
2019-10-10T23:00:00Z,0,99.939
2019-10-11T00:00:00Z,0,98.047
2019-10-11T01:00:00Z,0,98.96
2019-10-11T02:00:00Z,0,101.416
2019-10-11T03:00:00Z,0,108.857
2019-10-11T04:00:00Z,0,127.116
2019-10-11T05:00:00Z,7.226,140.131
2019-10-11T06:00:00Z,130.549,144.473
2019-10-11T07:00:00Z,337.66,144.83
2019-10-11T08:00:00Z,526.735,145.088
2019-10-11T09:00:00Z,672.692,146.232
2019-10-11T10:00:00Z,756.062,144.806
2019-10-11T11:00:00Z,770.932,142.634
2019-10-11T12:00:00Z,717.542,139.471
2019-10-11T13:00:00Z,572.063,136.662
2019-10-11T14:00:00Z,374.567,133.387
2019-10-11T15:00:00Z,155.452,134.815
2019-10-11T16:00:00Z,12.362,138.235
2019-10-11T17:00:00Z,0,140.165
2019-10-11T18:00:00Z,0,130.504
2019-10-11T19:00:00Z,0,121.31
2019-10-11T20:00:00Z,0,114.868
2019-10-11T21:00:00Z,0,106.429
2019-10-11T22:00:00Z,0,99.967
2019-10-11T23:00:00Z,0,95.604
2019-10-12T00:00:00Z,0,92.545
2019-10-12T01:00:00Z,0,91.694
2019-10-12T02:00:00Z,0,92.002
2019-10-12T03:00:00Z,0,94.548
2019-10-12T04:00:00Z,0,97.556
2019-10-12T05:00:00Z,7.525,103.004
2019-10-12T06:00:00Z,193.968,110.436
2019-10-12T07:00:00Z,557.838,115.507
2019-10-12T08:00:00Z,877.098,119.181
2019-10-12T09:00:00Z,1083.547,121.761
2019-10-12T10:00:00Z,1143.506,120.312
2019-10-12T11:00:00Z,1070.767,116.251
2019-10-12T12:00:00Z,899.254,112.64
2019-10-12T13:00:00Z,657.45,108.558
2019-10-12T14:00:00Z,374.142,108.303
2019-10-12T15:00:00Z,128.695,111.302
2019-10-12T16:00:00Z,5.733,115.584
2019-10-12T17:00:00Z,0,117.26
2019-10-12T18:00:00Z,0,109.449
2019-10-12T19:00:00Z,0,101.869
2019-10-12T20:00:00Z,0,97.263
2019-10-12T21:00:00Z,0,91.592
2019-10-12T22:00:00Z,0,87.139
2019-10-12T23:00:00Z,0,83.067
2019-10-13T00:00:00Z,0,80.872
2019-10-13T01:00:00Z,0,80.073
2019-10-13T02:00:00Z,0,80.823
2019-10-13T03:00:00Z,0,81.951
2019-10-13T04:00:00Z,0,84.918
2019-10-13T05:00:00Z,6.151,88.544
2019-10-13T06:00:00Z,151.866,95.375
2019-10-13T07:00:00Z,459.958,101.566
2019-10-13T08:00:00Z,757.778,106.458
2019-10-13T09:00:00Z,993.909,110.654
2019-10-13T10:00:00Z,1100.866,110.768
2019-10-13T11:00:00Z,1096.029,106.264
2019-10-13T12:00:00Z,983.995,103.455
2019-10-13T13:00:00Z,770.439,101.373
2019-10-13T14:00:00Z,474.47,101.059
2019-10-13T15:00:00Z,170.439,103.601
2019-10-13T16:00:00Z,9.436,110.321
2019-10-13T17:00:00Z,0,114.637
2019-10-13T18:00:00Z,0,109.9
2019-10-13T19:00:00Z,0,105.071
2019-10-13T20:00:00Z,0,102.23
2019-10-13T21:00:00Z,0,95.893
2019-10-13T22:00:00Z,0,90.271
2019-10-13T23:00:00Z,0,86.601
2019-10-14T00:00:00Z,0,84.557
2019-10-14T01:00:00Z,0,84.113
2019-10-14T02:00:00Z,0,87.849
2019-10-14T03:00:00Z,0,98.27
2019-10-14T04:00:00Z,0,118.79
2019-10-14T05:00:00Z,5.076,134.193
2019-10-14T06:00:00Z,170.906,138.994
2019-10-14T07:00:00Z,535.173,138.289
2019-10-14T08:00:00Z,888.212,139.148
2019-10-14T09:00:00Z,1128.867,141.442
2019-10-14T10:00:00Z,1250.209,141.681
2019-10-14T11:00:00Z,1238.206,141.435
2019-10-14T12:00:00Z,1105.219,138.453
2019-10-14T13:00:00Z,882.838,136.044
2019-10-14T14:00:00Z,556.372,133.36
2019-10-14T15:00:00Z,193.3,134.988
2019-10-14T16:00:00Z,8.48,138.872
2019-10-14T17:00:00Z,0,143.592
2019-10-14T18:00:00Z,0,135.486
2019-10-14T19:00:00Z,0,126.754
2019-10-14T20:00:00Z,0,118.072
2019-10-14T21:00:00Z,0,108.124
2019-10-14T22:00:00Z,0,101.726
2019-10-14T23:00:00Z,0,98.096
2019-10-15T00:00:00Z,0,96.502
2019-10-15T01:00:00Z,0,97.88
2019-10-15T02:00:00Z,0,101.705
2019-10-15T03:00:00Z,0,109.737
2019-10-15T04:00:00Z,0,126.996
2019-10-15T05:00:00Z,3.881,138.599
2019-10-15T06:00:00Z,139.903,142.053
2019-10-15T07:00:00Z,435.89,142.861
2019-10-15T08:00:00Z,731.042,144.011
2019-10-15T09:00:00Z,943.255,147.239
2019-10-15T10:00:00Z,999.741,146.785
2019-10-15T11:00:00Z,934.835,143.577
2019-10-15T12:00:00Z,814.159,140.655
2019-10-15T13:00:00Z,616.277,139.518
2019-10-15T14:00:00Z,341.786,137.921
2019-10-15T15:00:00Z,92.552,139.685
2019-10-15T16:00:00Z,1.851,144.148
2019-10-15T17:00:00Z,0,146.223
2019-10-15T18:00:00Z,0,137.502
2019-10-15T19:00:00Z,0,127.548
2019-10-15T20:00:00Z,0,119.613
2019-10-15T21:00:00Z,0,108.94
2019-10-15T22:00:00Z,0,102.517
2019-10-15T23:00:00Z,0,98.562
2019-10-16T00:00:00Z,0,97.053
2019-10-16T01:00:00Z,0,98.654
2019-10-16T02:00:00Z,0,101.948
2019-10-16T03:00:00Z,0,109.549
2019-10-16T04:00:00Z,0,127.511
2019-10-16T05:00:00Z,1.314,140.89
2019-10-16T06:00:00Z,71.767,146.396
2019-10-16T07:00:00Z,264.618,147.758
2019-10-16T08:00:00Z,508.458,149.293
2019-10-16T09:00:00Z,693.249,150.806
2019-10-16T10:00:00Z,776.719,148.929
2019-10-16T11:00:00Z,790.212,148.083
2019-10-16T12:00:00Z,699.578,144.939
2019-10-16T13:00:00Z,550.671,141.685
2019-10-16T14:00:00Z,355.073,139.958
2019-10-16T15:00:00Z,124.905,139.915
2019-10-16T16:00:00Z,4.478,142.904
2019-10-16T17:00:00Z,0,144.631
2019-10-16T18:00:00Z,0,137.75
2019-10-16T19:00:00Z,0,128.3
2019-10-16T20:00:00Z,0,119.852
2019-10-16T21:00:00Z,0,110.141
2019-10-16T22:00:00Z,0,102.949
2019-10-16T23:00:00Z,0,99.246
2019-10-17T00:00:00Z,0,97.979
2019-10-17T01:00:00Z,0,98.113
2019-10-17T02:00:00Z,0,101.549
2019-10-17T03:00:00Z,0,108.983
2019-10-17T04:00:00Z,0,125.57
2019-10-17T05:00:00Z,1.969,139.499
2019-10-17T06:00:00Z,70.42,143.797
2019-10-17T07:00:00Z,241.098,144.815
2019-10-17T08:00:00Z,435.11,146.548
2019-10-17T09:00:00Z,621.842,147.893
2019-10-17T10:00:00Z,762.741,147.142
2019-10-17T11:00:00Z,824.866,145.847
2019-10-17T12:00:00Z,751.999,143.19
2019-10-17T13:00:00Z,571.892,140.439
2019-10-17T14:00:00Z,320.648,137.203
2019-10-17T15:00:00Z,86.294,137.955
2019-10-17T16:00:00Z,1.731,141.912
2019-10-17T17:00:00Z,0,143.002
2019-10-17T18:00:00Z,0,135.792
2019-10-17T19:00:00Z,0,127.191
2019-10-17T20:00:00Z,0,119.106
2019-10-17T21:00:00Z,0,109.817
2019-10-17T22:00:00Z,0,102.919
2019-10-17T23:00:00Z,0,98.797
2019-10-18T00:00:00Z,0,96.453
2019-10-18T01:00:00Z,0,96.634
2019-10-18T02:00:00Z,0,99.879
2019-10-18T03:00:00Z,0,107.72
2019-10-18T04:00:00Z,0,125.932
2019-10-18T05:00:00Z,1.731,139.231
2019-10-18T06:00:00Z,90.643,143.819
2019-10-18T07:00:00Z,320.504,146.527
2019-10-18T08:00:00Z,584.079,147.401
2019-10-18T09:00:00Z,763.516,149.547
2019-10-18T10:00:00Z,776.763,149.78
2019-10-18T11:00:00Z,670.844,145.311
2019-10-18T12:00:00Z,603.652,139.821
2019-10-18T13:00:00Z,465.748,137.201
2019-10-18T14:00:00Z,286.43,135.042
2019-10-18T15:00:00Z,99.177,135.238
2019-10-18T16:00:00Z,2.984,141.147
2019-10-18T17:00:00Z,0,141.818
2019-10-18T18:00:00Z,0,131.342
2019-10-18T19:00:00Z,0,120.895
2019-10-18T20:00:00Z,0,112.647
2019-10-18T21:00:00Z,0,105.403
2019-10-18T22:00:00Z,0,96.624
2019-10-18T23:00:00Z,0,92.391
2019-10-19T00:00:00Z,0,89.694
2019-10-19T01:00:00Z,0,89.046
2019-10-19T02:00:00Z,0,91.034
2019-10-19T03:00:00Z,0,92.693
2019-10-19T04:00:00Z,0,98.073
2019-10-19T05:00:00Z,0.776,105.279
2019-10-19T06:00:00Z,41.527,109.566
2019-10-19T07:00:00Z,161.635,115.357
2019-10-19T08:00:00Z,281.802,119.658
2019-10-19T09:00:00Z,376.492,120.226
2019-10-19T10:00:00Z,439.976,119.012
2019-10-19T11:00:00Z,429.535,116.526
2019-10-19T12:00:00Z,383.831,113.846
2019-10-19T13:00:00Z,336.456,111.834
2019-10-19T14:00:00Z,213.425,111.713
2019-10-19T15:00:00Z,57.041,114.876
2019-10-19T16:00:00Z,0.895,121.058
2019-10-19T17:00:00Z,0,119.669
2019-10-19T18:00:00Z,0,111.903
2019-10-19T19:00:00Z,0,105.052
2019-10-19T20:00:00Z,0,100.933
2019-10-19T21:00:00Z,0,94.178
2019-10-19T22:00:00Z,0,86.073
2019-10-19T23:00:00Z,0,82.509
2019-10-20T00:00:00Z,0,80.415
2019-10-20T01:00:00Z,0,80.077
2019-10-20T02:00:00Z,0,81.471
2019-10-20T03:00:00Z,0,82.375
2019-10-20T04:00:00Z,0,83.309
2019-10-20T05:00:00Z,0.895,87.129
2019-10-20T06:00:00Z,67.482,92.855
2019-10-20T07:00:00Z,232.936,97.581
2019-10-20T08:00:00Z,452.506,103.977
2019-10-20T09:00:00Z,629.952,109.844
2019-10-20T10:00:00Z,711.337,108.714
2019-10-20T11:00:00Z,714.976,103.669
2019-10-20T12:00:00Z,632.518,100.997
2019-10-20T13:00:00Z,468.019,100.976
2019-10-20T14:00:00Z,268.616,102.213
2019-10-20T15:00:00Z,70.346,106.108
2019-10-20T16:00:00Z,0.597,112.61
2019-10-20T17:00:00Z,0,114.184
2019-10-20T18:00:00Z,0,108.82
2019-10-20T19:00:00Z,0,104.631
2019-10-20T20:00:00Z,0,102.205
2019-10-20T21:00:00Z,0,93.524
2019-10-20T22:00:00Z,0,88.753
2019-10-20T23:00:00Z,0,86.395
2019-10-21T00:00:00Z,0,84.788
2019-10-21T01:00:00Z,0,85.908
2019-10-21T02:00:00Z,0,89.597
2019-10-21T03:00:00Z,0,101.036
2019-10-21T04:00:00Z,0,122.048
2019-10-21T05:00:00Z,0.716,136.468
2019-10-21T06:00:00Z,58.11,141.29
2019-10-21T07:00:00Z,184.234,143.205
2019-10-21T08:00:00Z,322.23,144.693
2019-10-21T09:00:00Z,465.297,145.559
2019-10-21T10:00:00Z,599.535,145.204
2019-10-21T11:00:00Z,625.249,145.234
2019-10-21T12:00:00Z,548.345,140.888
2019-10-21T13:00:00Z,422.102,138.74
2019-10-21T14:00:00Z,244.432,136.504
2019-10-21T15:00:00Z,61.272,136.136
2019-10-21T16:00:00Z,0.895,142.318
2019-10-21T17:00:00Z,0,141.256
2019-10-21T18:00:00Z,0,135.437
2019-10-21T19:00:00Z,0,125.269
2019-10-21T20:00:00Z,0,119.027
2019-10-21T21:00:00Z,0,110.984
2019-10-21T22:00:00Z,0,103.801
2019-10-21T23:00:00Z,0,98.915
2019-10-22T00:00:00Z,0,96.748
2019-10-22T01:00:00Z,0,97.476
2019-10-22T02:00:00Z,0,101.514
2019-10-22T03:00:00Z,0,109.635
2019-10-22T04:00:00Z,0,127.319
2019-10-22T05:00:00Z,0.537,139.791
2019-10-22T06:00:00Z,63.592,142.931
2019-10-22T07:00:00Z,254.549,142.981
2019-10-22T08:00:00Z,443.238,143.703
2019-10-22T09:00:00Z,620.593,146.478
2019-10-22T10:00:00Z,708.226,145.3
2019-10-22T11:00:00Z,696.892,145.34
2019-10-22T12:00:00Z,629.899,141.681
2019-10-22T13:00:00Z,497.107,140.044
2019-10-22T14:00:00Z,294.935,136.527
2019-10-22T15:00:00Z,87.276,136.194
2019-10-22T16:00:00Z,1.193,141.228
2019-10-22T17:00:00Z,0,143.218
2019-10-22T18:00:00Z,0,137.211
2019-10-22T19:00:00Z,0,127.746
2019-10-22T20:00:00Z,0,119.222
2019-10-22T21:00:00Z,0,109.812
2019-10-22T22:00:00Z,0,103.718
2019-10-22T23:00:00Z,0,98.361
2019-10-23T00:00:00Z,0,96.091
2019-10-23T01:00:00Z,0,97.423
2019-10-23T02:00:00Z,0,100.751
2019-10-23T03:00:00Z,0,110.977
2019-10-23T04:00:00Z,0,129.435
2019-10-23T05:00:00Z,0.298,143.314
2019-10-23T06:00:00Z,36.147,146.54
2019-10-23T07:00:00Z,165.109,146.664
2019-10-23T08:00:00Z,329.025,148.147
2019-10-23T09:00:00Z,502.068,150.265
2019-10-23T10:00:00Z,650.595,148.549
2019-10-23T11:00:00Z,733.865,146.661
2019-10-23T12:00:00Z,697.24,143.402
2019-10-23T13:00:00Z,559.271,140.749
2019-10-23T14:00:00Z,316.499,138.637
2019-10-23T15:00:00Z,72.116,139.191
2019-10-23T16:00:00Z,0.596,144.203
2019-10-23T17:00:00Z,0,145.74
2019-10-23T18:00:00Z,0,137.825
2019-10-23T19:00:00Z,0,129.168
2019-10-23T20:00:00Z,0,120.714
2019-10-23T21:00:00Z,0,109.195
2019-10-23T22:00:00Z,0,102.363
2019-10-23T23:00:00Z,0,98.24
2019-10-24T00:00:00Z,0,95.675
2019-10-24T01:00:00Z,0,96.034
2019-10-24T02:00:00Z,0,99.552
2019-10-24T03:00:00Z,0,108.737
2019-10-24T04:00:00Z,0,126.94
2019-10-24T05:00:00Z,0.179,140.67
2019-10-24T06:00:00Z,35.906,144.641
2019-10-24T07:00:00Z,164.201,146.155
2019-10-24T08:00:00Z,323.154,146.982
2019-10-24T09:00:00Z,504.95,148.675
2019-10-24T10:00:00Z,642.729,148.448
2019-10-24T11:00:00Z,691.757,147.705
2019-10-24T12:00:00Z,648.813,143.333
2019-10-24T13:00:00Z,495.05,139.576
2019-10-24T14:00:00Z,273.112,138.141
2019-10-24T15:00:00Z,59.466,138.936
2019-10-24T16:00:00Z,0.537,147.115
2019-10-24T17:00:00Z,0,148.399
2019-10-24T18:00:00Z,0,138.904
2019-10-24T19:00:00Z,0,128.204
2019-10-24T20:00:00Z,0,119.265
2019-10-24T21:00:00Z,0,109.889
2019-10-24T22:00:00Z,0,101.574
2019-10-24T23:00:00Z,0,97.459
2019-10-25T00:00:00Z,0,95.683
2019-10-25T01:00:00Z,0,95.2
2019-10-25T02:00:00Z,0,97.237
2019-10-25T03:00:00Z,0,106.901
2019-10-25T04:00:00Z,0,126.624
2019-10-25T05:00:00Z,0.179,141.638
2019-10-25T06:00:00Z,45.206,147.061
2019-10-25T07:00:00Z,247.381,145.924
2019-10-25T08:00:00Z,521.062,145.61
2019-10-25T09:00:00Z,741.666,147.132
2019-10-25T10:00:00Z,828.797,144.712
2019-10-25T11:00:00Z,829.871,139.894
2019-10-25T12:00:00Z,746.079,135.927
2019-10-25T13:00:00Z,580.582,133.99
2019-10-25T14:00:00Z,333.439,132.53
2019-10-25T15:00:00Z,82.421,133.501
2019-10-25T16:00:00Z,0.477,139.372
2019-10-25T17:00:00Z,0,140.903
2019-10-25T18:00:00Z,0,132.547
2019-10-25T19:00:00Z,0,121.864
2019-10-25T20:00:00Z,0,115.746
2019-10-25T21:00:00Z,0,106.371
2019-10-25T22:00:00Z,0,100.679
2019-10-25T23:00:00Z,0,96.624
2019-10-26T00:00:00Z,0,93.9
2019-10-26T01:00:00Z,0,92.941
2019-10-26T02:00:00Z,0,93.862
2019-10-26T03:00:00Z,0,95.997
2019-10-26T04:00:00Z,0,100.73
2019-10-26T05:00:00Z,0.179,107.2
2019-10-26T06:00:00Z,78.721,113.395
2019-10-26T07:00:00Z,312.023,119.282
2019-10-26T08:00:00Z,594.406,119.512
2019-10-26T09:00:00Z,844.764,121.03
2019-10-26T10:00:00Z,1015.088,119.893
2019-10-26T11:00:00Z,1047.948,117.719
2019-10-26T12:00:00Z,959.625,114.489
2019-10-26T13:00:00Z,722.269,111.693
2019-10-26T14:00:00Z,388.776,111.155
2019-10-26T15:00:00Z,83.313,112.732
2019-10-26T16:00:00Z,0.298,120.645
2019-10-26T17:00:00Z,0,119.619
2019-10-26T18:00:00Z,0,112.35
2019-10-26T19:00:00Z,0,107.044
2019-10-26T20:00:00Z,0,103.519
2019-10-26T21:00:00Z,0,97.447
2019-10-26T22:00:00Z,0,90.485
2019-10-26T23:00:00Z,0,85.671
2019-10-27T00:00:00Z,0,81.171
2019-10-27T01:00:00Z,0,80.688
2019-10-27T02:00:00Z,0,80.299
2019-10-27T03:00:00Z,0,81.845
2019-10-27T04:00:00Z,0.06,82.037
2019-10-27T05:00:00Z,7.991,84.279
2019-10-27T06:00:00Z,61.844,90.07
2019-10-27T07:00:00Z,264.85,97.353
2019-10-27T08:00:00Z,455.928,103.613
2019-10-27T09:00:00Z,581.047,107.529
2019-10-27T10:00:00Z,639.313,110.374
2019-10-27T11:00:00Z,603.948,110.439
2019-10-27T12:00:00Z,496.064,105.875
2019-10-27T13:00:00Z,346.613,102.707
2019-10-27T14:00:00Z,182.729,102.451
2019-10-27T15:00:00Z,35.663,103.774
2019-10-27T16:00:00Z,0.239,114.547
2019-10-27T17:00:00Z,0,119.096
2019-10-27T18:00:00Z,0,114.66
2019-10-27T19:00:00Z,0,108.521
2019-10-27T20:00:00Z,0,103.74
2019-10-27T21:00:00Z,0,101.093
2019-10-27T22:00:00Z,0,94.986
2019-10-27T23:00:00Z,0,93.15
2019-10-28T00:00:00Z,0,91.513
2019-10-28T01:00:00Z,0,91.286
2019-10-28T02:00:00Z,0,92.834
2019-10-28T03:00:00Z,0,96.468
2019-10-28T04:00:00Z,0,106.882
2019-10-28T05:00:00Z,0.06,125.622
2019-10-28T06:00:00Z,46.929,137.874
2019-10-28T07:00:00Z,226.714,141.64
2019-10-28T08:00:00Z,458.557,141.13
2019-10-28T09:00:00Z,652.057,144.641
2019-10-28T10:00:00Z,752.594,148.538
2019-10-28T11:00:00Z,717.531,148.228
2019-10-28T12:00:00Z,609.183,146.756
2019-10-28T13:00:00Z,447.287,143.415
2019-10-28T14:00:00Z,237.269,140.185
2019-10-28T15:00:00Z,46.75,136.711
2019-10-28T16:00:00Z,0.179,143.244
2019-10-28T17:00:00Z,0,143.94
2019-10-28T18:00:00Z,0,141.196
2019-10-28T19:00:00Z,0,134.995
2019-10-28T20:00:00Z,0,127.118
2019-10-28T21:00:00Z,0,119.683
2019-10-28T22:00:00Z,0,109.049
2019-10-28T23:00:00Z,0,103.299
2019-10-29T00:00:00Z,0,100.131
2019-10-29T01:00:00Z,0,98.661
2019-10-29T02:00:00Z,0,99.612
2019-10-29T03:00:00Z,0,103.329
2019-10-29T04:00:00Z,0,111.02
2019-10-29T05:00:00Z,0,129.623
2019-10-29T06:00:00Z,29.505,139.736
2019-10-29T07:00:00Z,166.779,144.808
2019-10-29T08:00:00Z,358.772,145.824
2019-10-29T09:00:00Z,534.85,146.758
2019-10-29T10:00:00Z,632.247,148.346
2019-10-29T11:00:00Z,621.578,146.51
2019-10-29T12:00:00Z,550.228,145.565
2019-10-29T13:00:00Z,408.126,143.459
2019-10-29T14:00:00Z,218.816,141.863
2019-10-29T15:00:00Z,42.261,140.753
2019-10-29T16:00:00Z,0.179,147.059
2019-10-29T17:00:00Z,0,147.087
2019-10-29T18:00:00Z,0,143.122
2019-10-29T19:00:00Z,0,136.098
2019-10-29T20:00:00Z,0,128.916
2019-10-29T21:00:00Z,0,122.206
2019-10-29T22:00:00Z,0,112.356
2019-10-29T23:00:00Z,0,105.291
2019-10-30T00:00:00Z,0,102.979
2019-10-30T01:00:00Z,0,101.245
2019-10-30T02:00:00Z,0,101.995
2019-10-30T03:00:00Z,0,105.353
2019-10-30T04:00:00Z,0,112.724
2019-10-30T05:00:00Z,0,128.881
2019-10-30T06:00:00Z,46.652,138.658
2019-10-30T07:00:00Z,285.629,142.976
2019-10-30T08:00:00Z,581.149,142.878
2019-10-30T09:00:00Z,775.143,144.336
2019-10-30T10:00:00Z,852.598,144.885
2019-10-30T11:00:00Z,799.273,144.83
2019-10-30T12:00:00Z,672.307,144.813
2019-10-30T13:00:00Z,465.562,142.972
2019-10-30T14:00:00Z,233.496,140.484
2019-10-30T15:00:00Z,40.157,139.291
2019-10-30T16:00:00Z,0.06,146.593
2019-10-30T17:00:00Z,0,145.482
2019-10-30T18:00:00Z,0,143.851
2019-10-30T19:00:00Z,0,135.927
2019-10-30T20:00:00Z,0,130.17
2019-10-30T21:00:00Z,0,122.471
2019-10-30T22:00:00Z,0,114.404
2019-10-30T23:00:00Z,0,106.619
2019-10-31T00:00:00Z,0,101.957
2019-10-31T01:00:00Z,0,100.916
2019-10-31T02:00:00Z,0,101.692
2019-10-31T03:00:00Z,0,103.006
2019-10-31T04:00:00Z,0,107.149
2019-10-31T05:00:00Z,0,118.268
2019-10-31T06:00:00Z,56.754,127.704
2019-10-31T07:00:00Z,310.571,133.445
2019-10-31T08:00:00Z,640.556,134.95
2019-10-31T09:00:00Z,908.129,135.85
2019-10-31T10:00:00Z,1052.784,136.78
2019-10-31T11:00:00Z,1066.422,133.941
2019-10-31T12:00:00Z,951.484,132.395
2019-10-31T13:00:00Z,692.546,130.226
2019-10-31T14:00:00Z,347.315,128.052
2019-10-31T15:00:00Z,57.29,126.992
2019-10-31T16:00:00Z,0.06,134.099
2019-10-31T17:00:00Z,0,135.544
2019-10-31T18:00:00Z,0,133.197
2019-10-31T19:00:00Z,0,126.19
2019-10-31T20:00:00Z,0,120.436
2019-10-31T21:00:00Z,0,115
2019-10-31T22:00:00Z,0,105.347
2019-10-31T23:00:00Z,0,98.851
2019-11-01T00:00:00Z,0,94.939
2019-11-01T01:00:00Z,0,92.746
2019-11-01T02:00:00Z,0,93.176
2019-11-01T03:00:00Z,0,94.64
2019-11-01T04:00:00Z,0,96.128
2019-11-01T05:00:00Z,0,100.454
2019-11-01T06:00:00Z,32.813,106.92
2019-11-01T07:00:00Z,159.239,113.709
2019-11-01T08:00:00Z,313.536,115.579
2019-11-01T09:00:00Z,420.251,118.177
2019-11-01T10:00:00Z,435.377,121.528
2019-11-01T11:00:00Z,389.344,122.689
2019-11-01T12:00:00Z,283.641,120.93
2019-11-01T13:00:00Z,163.408,117.723
2019-11-01T14:00:00Z,65.506,117.693
2019-11-01T15:00:00Z,8.218,118.369
2019-11-01T16:00:00Z,0,126.118
2019-11-01T17:00:00Z,0,124.985
2019-11-01T18:00:00Z,0,121.579
2019-11-01T19:00:00Z,0,114.78
2019-11-01T20:00:00Z,0,109.599
2019-11-01T21:00:00Z,0,106.268
2019-11-01T22:00:00Z,0,99.353
2019-11-01T23:00:00Z,0,92.887
2019-11-02T00:00:00Z,0,88.789
2019-11-02T01:00:00Z,0,87.178
2019-11-02T02:00:00Z,0,86.859
2019-11-02T03:00:00Z,0,87.939
2019-11-02T04:00:00Z,0,90.959
2019-11-02T05:00:00Z,0,95.555
2019-11-02T06:00:00Z,9.885,101.602
2019-11-02T07:00:00Z,73.842,108.991
2019-11-02T08:00:00Z,181.448,114.179
2019-11-02T09:00:00Z,291.973,116.163
2019-11-02T10:00:00Z,378.439,118.386
2019-11-02T11:00:00Z,459.248,118.771
2019-11-02T12:00:00Z,481.282,117.518
2019-11-02T13:00:00Z,375.878,113.82
2019-11-02T14:00:00Z,179.007,111.819
2019-11-02T15:00:00Z,25.726,112.687
2019-11-02T16:00:00Z,0,122.281
2019-11-02T17:00:00Z,0,122.819
2019-11-02T18:00:00Z,0,117.785
2019-11-02T19:00:00Z,0,110.285
2019-11-02T20:00:00Z,0,104.872
2019-11-02T21:00:00Z,0,102.188
2019-11-02T22:00:00Z,0,96.064
2019-11-02T23:00:00Z,0,88.358
2019-11-03T00:00:00Z,0,83.691
2019-11-03T01:00:00Z,0,82.148
2019-11-03T02:00:00Z,0,81.966
2019-11-03T03:00:00Z,0,82.606
2019-11-03T04:00:00Z,0,82.83
2019-11-03T05:00:00Z,0,82.475
2019-11-03T06:00:00Z,8.932,85.889
2019-11-03T07:00:00Z,75.926,93.541
2019-11-03T08:00:00Z,187.225,99.642
2019-11-03T09:00:00Z,301.441,104.496
2019-11-03T10:00:00Z,396.661,110.067
2019-11-03T11:00:00Z,418.576,109.755
2019-11-03T12:00:00Z,355.155,105.638
2019-11-03T13:00:00Z,239.628,103.291
2019-11-03T14:00:00Z,104.808,103.306
2019-11-03T15:00:00Z,13.101,105.112
2019-11-03T16:00:00Z,0,114.438
2019-11-03T17:00:00Z,0,116.291
2019-11-03T18:00:00Z,0,112.548
2019-11-03T19:00:00Z,0,107.457
2019-11-03T20:00:00Z,0,102.814
2019-11-03T21:00:00Z,0,100.151
2019-11-03T22:00:00Z,0,93.943
2019-11-03T23:00:00Z,0,89.48
2019-11-04T00:00:00Z,0,87.552
2019-11-04T01:00:00Z,0,86.432
2019-11-04T02:00:00Z,0,87.879
2019-11-04T03:00:00Z,0,92.417
2019-11-04T04:00:00Z,0,101.162
2019-11-04T05:00:00Z,0,121.9
2019-11-04T06:00:00Z,23.64,136.044
2019-11-04T07:00:00Z,166.075,141.29
2019-11-04T08:00:00Z,369.127,142.423
2019-11-04T09:00:00Z,477.918,144.994
2019-11-04T10:00:00Z,493.996,145.505
2019-11-04T11:00:00Z,476.966,144.697
2019-11-04T12:00:00Z,381.394,144.823
2019-11-04T13:00:00Z,282.666,143.474
2019-11-04T14:00:00Z,131.478,141.683
2019-11-04T15:00:00Z,19.174,140.426
2019-11-04T16:00:00Z,0,147.196
2019-11-04T17:00:00Z,0,146.082
2019-11-04T18:00:00Z,0,142.232
2019-11-04T19:00:00Z,0,133.967
2019-11-04T20:00:00Z,0,123.884
2019-11-04T21:00:00Z,0,116.221
2019-11-04T22:00:00Z,0,107.192
2019-11-04T23:00:00Z,0,101.749
2019-11-05T00:00:00Z,0,98.011
2019-11-05T01:00:00Z,0,97.444
2019-11-05T02:00:00Z,0,99.112
2019-11-05T03:00:00Z,0,102.842
2019-11-05T04:00:00Z,0,110.943
2019-11-05T05:00:00Z,0,127.274
2019-11-05T06:00:00Z,9.646,139.796
2019-11-05T07:00:00Z,92.529,143.97
2019-11-05T08:00:00Z,214.116,144.015
2019-11-05T09:00:00Z,321.114,145.473
2019-11-05T10:00:00Z,389.29,147.694
2019-11-05T11:00:00Z,400.127,146.612
2019-11-05T12:00:00Z,331.236,145.973
2019-11-05T13:00:00Z,244.185,142.793
2019-11-05T14:00:00Z,124.98,141.23
2019-11-05T15:00:00Z,20.423,142.147
2019-11-05T16:00:00Z,0,148.722
2019-11-05T17:00:00Z,0,148.692
2019-11-05T18:00:00Z,0,145.39
2019-11-05T19:00:00Z,0,136.948
2019-11-05T20:00:00Z,0,128.896
2019-11-05T21:00:00Z,0,120.346
2019-11-05T22:00:00Z,0,111.031
2019-11-05T23:00:00Z,0,103.97
2019-11-06T00:00:00Z,0,101.72
2019-11-06T01:00:00Z,0,100.097
2019-11-06T02:00:00Z,0,102.029
2019-11-06T03:00:00Z,0,105.781
2019-11-06T04:00:00Z,0,113.061
2019-11-06T05:00:00Z,0,131.038
2019-11-06T06:00:00Z,12.325,142.679
2019-11-06T07:00:00Z,101.933,146.905
2019-11-06T08:00:00Z,215.655,147.499
2019-11-06T09:00:00Z,298.476,148.41
2019-11-06T10:00:00Z,340.928,150.238
2019-11-06T11:00:00Z,333.009,149.286
2019-11-06T12:00:00Z,273.945,148.312
2019-11-06T13:00:00Z,197.198,146.469
2019-11-06T14:00:00Z,97.765,145.518
2019-11-06T15:00:00Z,14.171,144.956
2019-11-06T16:00:00Z,0,150.93
2019-11-06T17:00:00Z,0,149.427
2019-11-06T18:00:00Z,0,145.278
2019-11-06T19:00:00Z,0,136.78
2019-11-06T20:00:00Z,0,129.196
2019-11-06T21:00:00Z,0,122.193
2019-11-06T22:00:00Z,0,112.559
2019-11-06T23:00:00Z,0,105.695
2019-11-07T00:00:00Z,0,102.337
2019-11-07T01:00:00Z,0,100.882
2019-11-07T02:00:00Z,0,102.339
2019-11-07T03:00:00Z,0,105.377
2019-11-07T04:00:00Z,0,113.076
2019-11-07T05:00:00Z,0,131.487
2019-11-07T06:00:00Z,21.255,143.846
2019-11-07T07:00:00Z,186.112,148.258
2019-11-07T08:00:00Z,411.578,148.508
2019-11-07T09:00:00Z,596.797,149.541
2019-11-07T10:00:00Z,656.87,151.901
2019-11-07T11:00:00Z,589.653,150.981
2019-11-07T12:00:00Z,444.085,150.524
2019-11-07T13:00:00Z,270.952,148.126
2019-11-07T14:00:00Z,111.929,147.241
2019-11-07T15:00:00Z,12.86,147.207
2019-11-07T16:00:00Z,0,153.001
2019-11-07T17:00:00Z,0,152.608
2019-11-07T18:00:00Z,0,148.673
2019-11-07T19:00:00Z,0,139.137
2019-11-07T20:00:00Z,0,130.589
2019-11-07T21:00:00Z,0,122.873
2019-11-07T22:00:00Z,0,113.476
2019-11-07T23:00:00Z,0,106.198
2019-11-08T00:00:00Z,0,103.562
2019-11-08T01:00:00Z,0,101.168
2019-11-08T02:00:00Z,0,102.057
2019-11-08T03:00:00Z,0,105.849
2019-11-08T04:00:00Z,0,113.748
2019-11-08T05:00:00Z,0,132.051
2019-11-08T06:00:00Z,5.894,143.752
2019-11-08T07:00:00Z,83.525,147.078
2019-11-08T08:00:00Z,204.318,149.838
2019-11-08T09:00:00Z,309.93,150.406
2019-11-08T10:00:00Z,385.656,152.486
2019-11-08T11:00:00Z,376.488,150.772
2019-11-08T12:00:00Z,310.228,148.256
2019-11-08T13:00:00Z,200.21,145.214
2019-11-08T14:00:00Z,82.632,141.166
2019-11-08T15:00:00Z,9.763,142.014
2019-11-08T16:00:00Z,0,146.745
2019-11-08T17:00:00Z,0,145.744
2019-11-08T18:00:00Z,0,140.847
2019-11-08T19:00:00Z,0,132.036
2019-11-08T20:00:00Z,0,125.098
2019-11-08T21:00:00Z,0,118.234
2019-11-08T22:00:00Z,0,108.517
2019-11-08T23:00:00Z,0,102.75
2019-11-09T00:00:00Z,0,97.801
2019-11-09T01:00:00Z,0,95.903
2019-11-09T02:00:00Z,0,95.675
2019-11-09T03:00:00Z,0,96.085
2019-11-09T04:00:00Z,0,96.987
2019-11-09T05:00:00Z,0,100.537
2019-11-09T06:00:00Z,2.679,106.144
2019-11-09T07:00:00Z,52.151,116.105
2019-11-09T08:00:00Z,146.273,121.438
2019-11-09T09:00:00Z,244.444,125.324
2019-11-09T10:00:00Z,307.073,127.002
2019-11-09T11:00:00Z,335.232,125.944
2019-11-09T12:00:00Z,335.47,121.323
2019-11-09T13:00:00Z,265.518,118.26
2019-11-09T14:00:00Z,136.986,117.238
2019-11-09T15:00:00Z,19.884,118.495
2019-11-09T16:00:00Z,0,127.062
2019-11-09T17:00:00Z,0,126.412
2019-11-09T18:00:00Z,0,122.381
2019-11-09T19:00:00Z,0,113.643
2019-11-09T20:00:00Z,0,108.857
2019-11-09T21:00:00Z,0,106.865
2019-11-09T22:00:00Z,0,100.811
2019-11-09T23:00:00Z,0,97.169
2019-11-10T00:00:00Z,0,93.383
2019-11-10T01:00:00Z,0,91.216
2019-11-10T02:00:00Z,0,89.869
2019-11-10T03:00:00Z,0,89.672
2019-11-10T04:00:00Z,0,89.766
2019-11-10T05:00:00Z,0,89.649
2019-11-10T06:00:00Z,9.168,93.09
2019-11-10T07:00:00Z,153.89,100.14
2019-11-10T08:00:00Z,385.649,106.741
2019-11-10T09:00:00Z,586.51,111.405
2019-11-10T10:00:00Z,693.013,115.753
2019-11-10T11:00:00Z,713.016,114.34
2019-11-10T12:00:00Z,621.634,112.097
2019-11-10T13:00:00Z,424.761,108.626
2019-11-10T14:00:00Z,178.537,108.147
2019-11-10T15:00:00Z,16.312,112.384
2019-11-10T16:00:00Z,0,120.323
2019-11-10T17:00:00Z,0,122.315
2019-11-10T18:00:00Z,0,117.939
2019-11-10T19:00:00Z,0,114.652
2019-11-10T20:00:00Z,0,112.45
2019-11-10T21:00:00Z,0,111.695
2019-11-10T22:00:00Z,0,103.519
2019-11-10T23:00:00Z,0,98.684
2019-11-11T00:00:00Z,0,95.931
2019-11-11T01:00:00Z,0,94.837
2019-11-11T02:00:00Z,0,95.937
2019-11-11T03:00:00Z,0,100.069
2019-11-11T04:00:00Z,0,109.449
2019-11-11T05:00:00Z,0,128.268
2019-11-11T06:00:00Z,4.286,143.412
2019-11-11T07:00:00Z,78.042,148.139
2019-11-11T08:00:00Z,215.255,150.776
2019-11-11T09:00:00Z,341.396,151.713
2019-11-11T10:00:00Z,429.379,152.078
2019-11-11T11:00:00Z,465.573,152.439
2019-11-11T12:00:00Z,406.639,151.71
2019-11-11T13:00:00Z,272.7,150.789
2019-11-11T14:00:00Z,99.889,149.776
2019-11-11T15:00:00Z,6.072,149.301
2019-11-11T16:00:00Z,0,154.697
2019-11-11T17:00:00Z,0,154.201
2019-11-11T18:00:00Z,0,150.748
2019-11-11T19:00:00Z,0,141.194
2019-11-11T20:00:00Z,0,130.891
2019-11-11T21:00:00Z,0,124.145
2019-11-11T22:00:00Z,0,115.733
2019-11-11T23:00:00Z,0,107.888
2019-11-12T00:00:00Z,0,104.062
2019-11-12T01:00:00Z,0,102.651
2019-11-12T02:00:00Z,0,103.626
2019-11-12T03:00:00Z,0,107.059
2019-11-12T04:00:00Z,0,115.509
2019-11-12T05:00:00Z,0,132.643
2019-11-12T06:00:00Z,4.702,146.108
2019-11-12T07:00:00Z,79.821,150.163
2019-11-12T08:00:00Z,210.536,151.471
2019-11-12T09:00:00Z,345.417,152.221
2019-11-12T10:00:00Z,430,153.004
2019-11-12T11:00:00Z,412.56,152.959
2019-11-12T12:00:00Z,330,150.024
2019-11-12T13:00:00Z,239.762,148.478
2019-11-12T14:00:00Z,112.321,147.491
2019-11-12T15:00:00Z,12.083,147.658
2019-11-12T16:00:00Z,0,152.001
2019-11-12T17:00:00Z,0,153.1
2019-11-12T18:00:00Z,0,148.434
2019-11-12T19:00:00Z,0,141.679
2019-11-12T20:00:00Z,0,132.757
2019-11-12T21:00:00Z,0,126.111
2019-11-12T22:00:00Z,0,117.937
2019-11-12T23:00:00Z,0,110.084
2019-11-13T00:00:00Z,0,107.435
2019-11-13T01:00:00Z,0,104.885
2019-11-13T02:00:00Z,0,106.311
2019-11-13T03:00:00Z,0,110.843
2019-11-13T04:00:00Z,0,117.621
2019-11-13T05:00:00Z,0,131.286
2019-11-13T06:00:00Z,3.393,144.101
2019-11-13T07:00:00Z,70.771,147.574
2019-11-13T08:00:00Z,181.124,147.769
2019-11-13T09:00:00Z,286.715,149.13
2019-11-13T10:00:00Z,349.808,151.227
2019-11-13T11:00:00Z,354.807,149.834
2019-11-13T12:00:00Z,288.441,149.158
2019-11-13T13:00:00Z,185.766,145.708
2019-11-13T14:00:00Z,78.211,145.063
2019-11-13T15:00:00Z,6.131,145.464
2019-11-13T16:00:00Z,0,150.037
2019-11-13T17:00:00Z,0,149.135
2019-11-13T18:00:00Z,0,145.809
2019-11-13T19:00:00Z,0,138.759
2019-11-13T20:00:00Z,0,131.744
2019-11-13T21:00:00Z,0,124.038
2019-11-13T22:00:00Z,0,115.654
2019-11-13T23:00:00Z,0,109.03
2019-11-14T00:00:00Z,0,105.503
2019-11-14T01:00:00Z,0,103.222
2019-11-14T02:00:00Z,0,104.289
2019-11-14T03:00:00Z,0,107.653
2019-11-14T04:00:00Z,0,114.66
2019-11-14T05:00:00Z,0,131.818
2019-11-14T06:00:00Z,9.582,143.754
2019-11-14T07:00:00Z,179.975,147.39
2019-11-14T08:00:00Z,433.333,146.136
2019-11-14T09:00:00Z,658.897,148.551
2019-11-14T10:00:00Z,807.15,149.449
2019-11-14T11:00:00Z,807.804,150.052
2019-11-14T12:00:00Z,692.285,146.555
2019-11-14T13:00:00Z,446.367,145.67
2019-11-14T14:00:00Z,162.537,143.282
2019-11-14T15:00:00Z,9.403,142.598
2019-11-14T16:00:00Z,0,149.551
2019-11-14T17:00:00Z,0,149.872
2019-11-14T18:00:00Z,0,148.096
2019-11-14T19:00:00Z,0,139.595
2019-11-14T20:00:00Z,0,131.882
2019-11-14T21:00:00Z,0,125.44
2019-11-14T22:00:00Z,0,117.185
2019-11-14T23:00:00Z,0,108.292
2019-11-15T00:00:00Z,0,104.857
2019-11-15T01:00:00Z,0,102.985
2019-11-15T02:00:00Z,0,103.757
2019-11-15T03:00:00Z,0,107.7
2019-11-15T04:00:00Z,0,114.786
2019-11-15T05:00:00Z,0,130.412
2019-11-15T06:00:00Z,4.88,143.47
2019-11-15T07:00:00Z,73.499,149.752
2019-11-15T08:00:00Z,172.707,149.906
2019-11-15T09:00:00Z,255.133,149.513
2019-11-15T10:00:00Z,284.056,148.47
2019-11-15T11:00:00Z,243.885,150.146
2019-11-15T12:00:00Z,213.117,146.418
2019-11-15T13:00:00Z,169.136,142.968
2019-11-15T14:00:00Z,69.988,141.525
2019-11-15T15:00:00Z,4.761,142.429
2019-11-15T16:00:00Z,0,146.454
2019-11-15T17:00:00Z,0,144.902
2019-11-15T18:00:00Z,0,139.452
2019-11-15T19:00:00Z,0,129.85
2019-11-15T20:00:00Z,0,123.091
2019-11-15T21:00:00Z,0,118.489
2019-11-15T22:00:00Z,0,110.689
2019-11-15T23:00:00Z,0,102.297
2019-11-16T00:00:00Z,0,98.496
2019-11-16T01:00:00Z,0,96.228
2019-11-16T02:00:00Z,0,96.76
2019-11-16T03:00:00Z,0,96.991
2019-11-16T04:00:00Z,0,96.374
2019-11-16T05:00:00Z,0,98.661
2019-11-16T06:00:00Z,2.797,105.571
2019-11-16T07:00:00Z,65.344,112.828
2019-11-16T08:00:00Z,177.465,120.609
2019-11-16T09:00:00Z,267.804,123.313
2019-11-16T10:00:00Z,327.852,125.44
2019-11-16T11:00:00Z,381.055,124.271
2019-11-16T12:00:00Z,354.453,121.456
2019-11-16T13:00:00Z,250.129,119.132
2019-11-16T14:00:00Z,111.347,118.469
2019-11-16T15:00:00Z,8.629,120.934
2019-11-16T16:00:00Z,0,127.763
2019-11-16T17:00:00Z,0,127.862
2019-11-16T18:00:00Z,0,126.192
2019-11-16T19:00:00Z,0,118.296
2019-11-16T20:00:00Z,0,112.741
2019-11-16T21:00:00Z,0,108.968
2019-11-16T22:00:00Z,0,100.832
2019-11-16T23:00:00Z,0,94.721
2019-11-17T00:00:00Z,0,91.288
2019-11-17T01:00:00Z,0,89.456
2019-11-17T02:00:00Z,0,88.826
2019-11-17T03:00:00Z,0,90.046
2019-11-17T04:00:00Z,0,89.057
2019-11-17T05:00:00Z,0,87.539
2019-11-17T06:00:00Z,1.726,92.708
2019-11-17T07:00:00Z,37.909,99.276
2019-11-17T08:00:00Z,128.843,106.473
2019-11-17T09:00:00Z,210.553,111.86
2019-11-17T10:00:00Z,240.25,117.2
2019-11-17T11:00:00Z,226.265,116.069
2019-11-17T12:00:00Z,200.972,113.85
2019-11-17T13:00:00Z,131.224,111.997
2019-11-17T14:00:00Z,36.957,110.99
2019-11-17T15:00:00Z,1.547,113.707
2019-11-17T16:00:00Z,0,120.654
2019-11-17T17:00:00Z,0,121.838
2019-11-17T18:00:00Z,0,117.495
2019-11-17T19:00:00Z,0,113.491
2019-11-17T20:00:00Z,0,110.699
2019-11-17T21:00:00Z,0,109.141
2019-11-17T22:00:00Z,0,102.062
2019-11-17T23:00:00Z,0,95.279
2019-11-18T00:00:00Z,0,91.748
2019-11-18T01:00:00Z,0,90.696
2019-11-18T02:00:00Z,0,90.474
2019-11-18T03:00:00Z,0,94.465
2019-11-18T04:00:00Z,0,104.569
2019-11-18T05:00:00Z,0,127.096
2019-11-18T06:00:00Z,1.666,139.71
2019-11-18T07:00:00Z,40.824,144.152
2019-11-18T08:00:00Z,150.083,146.702
2019-11-18T09:00:00Z,269.817,149.483
2019-11-18T10:00:00Z,312.366,150.533
2019-11-18T11:00:00Z,337.896,150.274
2019-11-18T12:00:00Z,315.52,150.424
2019-11-18T13:00:00Z,226.494,147.991
2019-11-18T14:00:00Z,94.977,146.148
2019-11-18T15:00:00Z,4.939,147.303
2019-11-18T16:00:00Z,0,153.279
2019-11-18T17:00:00Z,0,154.051
2019-11-18T18:00:00Z,0,151.586
2019-11-18T19:00:00Z,0,142.889
2019-11-18T20:00:00Z,0,134.251
2019-11-18T21:00:00Z,0,127.302
2019-11-18T22:00:00Z,0,118.318
2019-11-18T23:00:00Z,0,110.881
2019-11-19T00:00:00Z,0,107.903
2019-11-19T01:00:00Z,0,106.185
2019-11-19T02:00:00Z,0,107.551
2019-11-19T03:00:00Z,0,110.073
2019-11-19T04:00:00Z,0,118.957
2019-11-19T05:00:00Z,0,136.179
2019-11-19T06:00:00Z,3.213,149.1
2019-11-19T07:00:00Z,83.428,154.429
2019-11-19T08:00:00Z,238.143,154.677
2019-11-19T09:00:00Z,367.569,153.442
2019-11-19T10:00:00Z,456.531,155
2019-11-19T11:00:00Z,432.966,153.953
2019-11-19T12:00:00Z,335.614,152.73
2019-11-19T13:00:00Z,201.25,148.998
2019-11-19T14:00:00Z,76.882,146.52
2019-11-19T15:00:00Z,5.296,147.767
2019-11-19T16:00:00Z,0,153.258
2019-11-19T17:00:00Z,0,149.911
2019-11-19T18:00:00Z,0,146.407
2019-11-19T19:00:00Z,0,139.026
2019-11-19T20:00:00Z,0,130.98
2019-11-19T21:00:00Z,0,125.438
2019-11-19T22:00:00Z,0,116.932
2019-11-19T23:00:00Z,0,111.251
2019-11-20T00:00:00Z,0,107.26
2019-11-20T01:00:00Z,0,105.593
2019-11-20T02:00:00Z,0,106.206
2019-11-20T03:00:00Z,0,108.724
2019-11-20T04:00:00Z,0,114.942
2019-11-20T05:00:00Z,0,130.735
2019-11-20T06:00:00Z,0.893,143.885
2019-11-20T07:00:00Z,34.689,148.525
2019-11-20T08:00:00Z,120.371,149.701
2019-11-20T09:00:00Z,201.472,151.542
2019-11-20T10:00:00Z,247.645,153.331
2019-11-20T11:00:00Z,263.175,152.341
2019-11-20T12:00:00Z,227.771,151.035
2019-11-20T13:00:00Z,147.801,147.23
2019-11-20T14:00:00Z,53.968,146.418
2019-11-20T15:00:00Z,3.154,148.874
2019-11-20T16:00:00Z,0,151.849
2019-11-20T17:00:00Z,0,151.456
2019-11-20T18:00:00Z,0,147.645
2019-11-20T19:00:00Z,0,139.124
2019-11-20T20:00:00Z,0,132.186
2019-11-20T21:00:00Z,0,126.043
2019-11-20T22:00:00Z,0,118.136
2019-11-20T23:00:00Z,0,112.264
2019-11-21T00:00:00Z,0,108.558
2019-11-21T01:00:00Z,0,106.501
2019-11-21T02:00:00Z,0,107.891
2019-11-21T03:00:00Z,0,110.37
2019-11-21T04:00:00Z,0,117.901
2019-11-21T05:00:00Z,0,133.52
2019-11-21T06:00:00Z,0.595,145.653
2019-11-21T07:00:00Z,22.906,150.349
2019-11-21T08:00:00Z,90.97,150.53
2019-11-21T09:00:00Z,163.675,151.61
2019-11-21T10:00:00Z,219.126,152.463
2019-11-21T11:00:00Z,237.868,151.208
2019-11-21T12:00:00Z,214.842,150.377
2019-11-21T13:00:00Z,144.279,148.1
2019-11-21T14:00:00Z,54.737,147.157
2019-11-21T15:00:00Z,3.391,148.81
2019-11-21T16:00:00Z,0,153.254
2019-11-21T17:00:00Z,0,151.984
2019-11-21T18:00:00Z,0,146.721
2019-11-21T19:00:00Z,0,139.039
2019-11-21T20:00:00Z,0,132.195
2019-11-21T21:00:00Z,0,126.643
2019-11-21T22:00:00Z,0,119.431
2019-11-21T23:00:00Z,0,112.76
2019-11-22T00:00:00Z,0,108.88
2019-11-22T01:00:00Z,0,107.32
2019-11-22T02:00:00Z,0,107.262
2019-11-22T03:00:00Z,0,110.776
2019-11-22T04:00:00Z,0,117.334
2019-11-22T05:00:00Z,0,133.99
2019-11-22T06:00:00Z,0.773,145.911
2019-11-22T07:00:00Z,37.778,149.455
2019-11-22T08:00:00Z,151.767,150.494
2019-11-22T09:00:00Z,269.801,151.768
2019-11-22T10:00:00Z,349.998,152.24
2019-11-22T11:00:00Z,368.381,150.984
2019-11-22T12:00:00Z,319.121,149.041
2019-11-22T13:00:00Z,204.835,145.09
2019-11-22T14:00:00Z,74.128,142.192
2019-11-22T15:00:00Z,3.391,145.747
2019-11-22T16:00:00Z,0,150.067
2019-11-22T17:00:00Z,0,149.658
2019-11-22T18:00:00Z,0,145.045
2019-11-22T19:00:00Z,0,135.927
2019-11-22T20:00:00Z,0,129.578
2019-11-22T21:00:00Z,0,122.845
2019-11-22T22:00:00Z,0,114.592
2019-11-22T23:00:00Z,0,107.375
2019-11-23T00:00:00Z,0,101.245
2019-11-23T01:00:00Z,0,99.343
2019-11-23T02:00:00Z,0,99.165
2019-11-23T03:00:00Z,0,99.114
2019-11-23T04:00:00Z,0,99.003
2019-11-23T05:00:00Z,0,102.677
2019-11-23T06:00:00Z,2.677,111.212
2019-11-23T07:00:00Z,104.47,118.668
2019-11-23T08:00:00Z,324.356,124.615
2019-11-23T09:00:00Z,510.451,127.024
2019-11-23T10:00:00Z,602.784,128.131
2019-11-23T11:00:00Z,567.564,126.675
2019-11-23T12:00:00Z,422.58,121.691
2019-11-23T13:00:00Z,238.567,118.89
2019-11-23T14:00:00Z,75.318,119.13
2019-11-23T15:00:00Z,2.796,124.41
2019-11-23T16:00:00Z,0,129.751
2019-11-23T17:00:00Z,0,129.706
2019-11-23T18:00:00Z,0,125.239
2019-11-23T19:00:00Z,0,116.932
2019-11-23T20:00:00Z,0,111.33
2019-11-23T21:00:00Z,0,109.083
2019-11-23T22:00:00Z,0,103.015
2019-11-23T23:00:00Z,0,96.658
2019-11-24T00:00:00Z,0,92.274
2019-11-24T01:00:00Z,0,90.837
2019-11-24T02:00:00Z,0,90.378
2019-11-24T03:00:00Z,0,91.295
2019-11-24T04:00:00Z,0,90.089
2019-11-24T05:00:00Z,0,89.578
2019-11-24T06:00:00Z,1.13,93.186
2019-11-24T07:00:00Z,74.426,101.395
2019-11-24T08:00:00Z,210.546,108.072
2019-11-24T09:00:00Z,347.856,113.412
2019-11-24T10:00:00Z,442.51,117.922
2019-11-24T11:00:00Z,467.854,116.556
2019-11-24T12:00:00Z,401.103,112.121
2019-11-24T13:00:00Z,257.784,109.639
2019-11-24T14:00:00Z,95.189,108.897
2019-11-24T15:00:00Z,3.867,114.432
2019-11-24T16:00:00Z,0,122.685
2019-11-24T17:00:00Z,0,123.73
2019-11-24T18:00:00Z,0,118.486
2019-11-24T19:00:00Z,0,113.478
2019-11-24T20:00:00Z,0,110.069
2019-11-24T21:00:00Z,0,108.243
2019-11-24T22:00:00Z,0,102.209
2019-11-24T23:00:00Z,0,97.34
2019-11-25T00:00:00Z,0,95.395
2019-11-25T01:00:00Z,0,94.875
2019-11-25T02:00:00Z,0,95.647
2019-11-25T03:00:00Z,0,99.285
2019-11-25T04:00:00Z,0,107.32
2019-11-25T05:00:00Z,0,126.934
2019-11-25T06:00:00Z,0.476,142.316
2019-11-25T07:00:00Z,28.555,147.722
2019-11-25T08:00:00Z,89.829,148.72
2019-11-25T09:00:00Z,141.942,150.804
2019-11-25T10:00:00Z,166.63,152.416
2019-11-25T11:00:00Z,160.919,151.747
2019-11-25T12:00:00Z,132.245,151.219
2019-11-25T13:00:00Z,84.178,148.85
2019-11-25T14:00:00Z,29.328,148.089
2019-11-25T15:00:00Z,1.249,148.605
2019-11-25T16:00:00Z,0,150.813
2019-11-25T17:00:00Z,0,150.274
2019-11-25T18:00:00Z,0,146.76
2019-11-25T19:00:00Z,0,139.471
2019-11-25T20:00:00Z,0,131.547
2019-11-25T21:00:00Z,0,125.525
2019-11-25T22:00:00Z,0,117.106
2019-11-25T23:00:00Z,0,110.52
2019-11-26T00:00:00Z,0,105.8
2019-11-26T01:00:00Z,0,103.996
2019-11-26T02:00:00Z,0,105.396
2019-11-26T03:00:00Z,0,108.427
2019-11-26T04:00:00Z,0,115.656
2019-11-26T05:00:00Z,0,131.649
2019-11-26T06:00:00Z,0.357,145.845
2019-11-26T07:00:00Z,26.233,149.686
2019-11-26T08:00:00Z,107.37,149.648
2019-11-26T09:00:00Z,198.025,150.915
2019-11-26T10:00:00Z,263.458,152.766
2019-11-26T11:00:00Z,288.442,151.606
2019-11-26T12:00:00Z,248.944,149.81
2019-11-26T13:00:00Z,154.125,148.885
2019-11-26T14:00:00Z,52.049,147.764
2019-11-26T15:00:00Z,2.022,150.047
2019-11-26T16:00:00Z,0,154.085
2019-11-26T17:00:00Z,0,153.318
2019-11-26T18:00:00Z,0,149.851
2019-11-26T19:00:00Z,0,142.639
2019-11-26T20:00:00Z,0,134.834
2019-11-26T21:00:00Z,0,126.652
2019-11-26T22:00:00Z,0,115.924
2019-11-26T23:00:00Z,0,109.201
2019-11-27T00:00:00Z,0,104.208
2019-11-27T01:00:00Z,0,103.068
2019-11-27T02:00:00Z,0,104.979
2019-11-27T03:00:00Z,0,108.275
2019-11-27T04:00:00Z,0,115.966
2019-11-27T05:00:00Z,0,133.206
2019-11-27T06:00:00Z,0.178,147.608
2019-11-27T07:00:00Z,16.654,154.032
2019-11-27T08:00:00Z,62.453,155.257
2019-11-27T09:00:00Z,97.367,156.537
2019-11-27T10:00:00Z,147.924,157.903
2019-11-27T11:00:00Z,208.89,156.503
2019-11-27T12:00:00Z,235.596,156.571
2019-11-27T13:00:00Z,165.946,153.771
2019-11-27T14:00:00Z,53.531,152.666
2019-11-27T15:00:00Z,1.665,154.28
2019-11-27T16:00:00Z,0,157.805
2019-11-27T17:00:00Z,0,155.968
2019-11-27T18:00:00Z,0,151.341
2019-11-27T19:00:00Z,0,142.557
2019-11-27T20:00:00Z,0,134.403
2019-11-27T21:00:00Z,0,127.642
2019-11-27T22:00:00Z,0,118.247
2019-11-27T23:00:00Z,0,110.133
2019-11-28T00:00:00Z,0,105.926
2019-11-28T01:00:00Z,0,104.426
2019-11-28T02:00:00Z,0,105.338
2019-11-28T03:00:00Z,0,109.182
2019-11-28T04:00:00Z,0,117.92
2019-11-28T05:00:00Z,0,134.796
2019-11-28T06:00:00Z,0.178,147.286
2019-11-28T07:00:00Z,33.9,151.306
2019-11-28T08:00:00Z,140.356,150.796
2019-11-28T09:00:00Z,262.098,152.456
2019-11-28T10:00:00Z,319.251,154.902
2019-11-28T11:00:00Z,299.031,153.581
2019-11-28T12:00:00Z,230.28,153.316
2019-11-28T13:00:00Z,151.181,151.501
2019-11-28T14:00:00Z,49.719,150.53
2019-11-28T15:00:00Z,1.665,152.418
2019-11-28T16:00:00Z,0,154.831
2019-11-28T17:00:00Z,0,152.991
2019-11-28T18:00:00Z,0,149.081
2019-11-28T19:00:00Z,0,141.762
2019-11-28T20:00:00Z,0,132.943
2019-11-28T21:00:00Z,0,126.406
2019-11-28T22:00:00Z,0,118.204
2019-11-28T23:00:00Z,0,110.287
2019-11-29T00:00:00Z,0,104.524
2019-11-29T01:00:00Z,0,104.359
2019-11-29T02:00:00Z,0,104.191
2019-11-29T03:00:00Z,0,109.173
2019-11-29T04:00:00Z,0,116.588
2019-11-29T05:00:00Z,0,133.93
2019-11-29T06:00:00Z,0.178,148.07
2019-11-29T07:00:00Z,38.356,151.435
2019-11-29T08:00:00Z,165.794,149.534
2019-11-29T09:00:00Z,318.387,151.033
2019-11-29T10:00:00Z,385.882,152.382
2019-11-29T11:00:00Z,378.925,150.424
2019-11-29T12:00:00Z,312.916,148.786
2019-11-29T13:00:00Z,186.489,143.99
2019-11-29T14:00:00Z,54.294,140.905
2019-11-29T15:00:00Z,1.843,142.48
2019-11-29T16:00:00Z,0,146.698
2019-11-29T17:00:00Z,0,144.917
2019-11-29T18:00:00Z,0,140.852
2019-11-29T19:00:00Z,0,133.246
2019-11-29T20:00:00Z,0,125.662
2019-11-29T21:00:00Z,0,120.252
2019-11-29T22:00:00Z,0,111.559
2019-11-29T23:00:00Z,0,105.411
2019-11-30T00:00:00Z,0,101.846
2019-11-30T01:00:00Z,0,99.165
2019-11-30T02:00:00Z,0,98.319
2019-11-30T03:00:00Z,0,98.261
2019-11-30T04:00:00Z,0,98.18
2019-11-30T05:00:00Z,0,99.154
2019-11-30T06:00:00Z,0.119,107.008
2019-11-30T07:00:00Z,48.405,115.041
2019-11-30T08:00:00Z,224.187,119.329
2019-11-30T09:00:00Z,427.739,121.915
2019-11-30T10:00:00Z,567.781,121.939
2019-11-30T11:00:00Z,607.802,120.462
2019-11-30T12:00:00Z,506.829,118.694
2019-11-30T13:00:00Z,314.872,115.695
2019-11-30T14:00:00Z,105.136,114.166
2019-11-30T15:00:00Z,3.449,120.731
2019-11-30T16:00:00Z,0,125.801
2019-11-30T17:00:00Z,0,124.673
2019-11-30T18:00:00Z,0,121.597
2019-11-30T19:00:00Z,0,115.094
2019-11-30T20:00:00Z,0,110.372
2019-11-30T21:00:00Z,0,108.051
2019-11-30T22:00:00Z,0,102.784
2019-11-30T23:00:00Z,0,98.323
2019-12-01T00:00:00Z,0,94.497
2019-12-01T01:00:00Z,0,91.863
2019-12-01T02:00:00Z,0,90.993
2019-12-01T03:00:00Z,0,90.557
2019-12-01T04:00:00Z,0,91.605
2019-12-01T05:00:00Z,0,100.396
2019-12-01T06:00:00Z,0.119,101.427
2019-12-01T07:00:00Z,29.078,107.72
2019-12-01T08:00:00Z,131.833,111.68
2019-12-01T09:00:00Z,220.317,114.615
2019-12-01T10:00:00Z,268.959,117.907
2019-12-01T11:00:00Z,269.673,118.386
2019-12-01T12:00:00Z,204.381,115.058
2019-12-01T13:00:00Z,119.227,112.418
2019-12-01T14:00:00Z,35.5,112.606
2019-12-01T15:00:00Z,0.773,116.263
2019-12-01T16:00:00Z,0,121.866
2019-12-01T17:00:00Z,0,123.052
2019-12-01T18:00:00Z,0,121.539
2019-12-01T19:00:00Z,0,116.257
2019-12-01T20:00:00Z,0,113.69
2019-12-01T21:00:00Z,0,112.136
2019-12-01T22:00:00Z,0,106.542
2019-12-01T23:00:00Z,0,98.511
2019-12-02T00:00:00Z,0,96.344
2019-12-02T01:00:00Z,0,94.39
2019-12-02T02:00:00Z,0,94.146
2019-12-02T03:00:00Z,0,96.19
2019-12-02T04:00:00Z,0,104.079
2019-12-02T05:00:00Z,0,125.265
2019-12-02T06:00:00Z,0.059,140.862
2019-12-02T07:00:00Z,25.866,143.38
2019-12-02T08:00:00Z,146.099,144.064
2019-12-02T09:00:00Z,282.922,146.721
2019-12-02T10:00:00Z,386.328,148.457
2019-12-02T11:00:00Z,408.804,148.412
2019-12-02T12:00:00Z,337.985,147.538
2019-12-02T13:00:00Z,199.853,146.138
2019-12-02T14:00:00Z,60.295,144.182
2019-12-02T15:00:00Z,1.724,145.107
2019-12-02T16:00:00Z,0,147.923
2019-12-02T17:00:00Z,0,145.937
2019-12-02T18:00:00Z,0,142.874
2019-12-02T19:00:00Z,0,135.206
2019-12-02T20:00:00Z,0,129.783
2019-12-02T21:00:00Z,0,124.788
2019-12-02T22:00:00Z,0,115.272
2019-12-02T23:00:00Z,0,114.959
2019-12-03T00:00:00Z,0,110.062
2019-12-03T01:00:00Z,0,108.562
2019-12-03T02:00:00Z,0,108.613
2019-12-03T03:00:00Z,0,111.621
2019-12-03T04:00:00Z,0,119.006
2019-12-03T05:00:00Z,0,134.388
2019-12-03T06:00:00Z,0,145.578
2019-12-03T07:00:00Z,31.275,149.968
2019-12-03T08:00:00Z,157.863,149.878
2019-12-03T09:00:00Z,288.435,151.569
2019-12-03T10:00:00Z,399.088,152.14
2019-12-03T11:00:00Z,433.753,152.429
2019-12-03T12:00:00Z,386.364,150.975
2019-12-03T13:00:00Z,253.354,148.564
2019-12-03T14:00:00Z,84.67,147.871
2019-12-03T15:00:00Z,2.081,150.905
2019-12-03T16:00:00Z,0,156.404
2019-12-03T17:00:00Z,0,154.301
2019-12-03T18:00:00Z,0,151.202
2019-12-03T19:00:00Z,0,143.515
2019-12-03T20:00:00Z,0,136.29
2019-12-03T21:00:00Z,0,130.489
2019-12-03T22:00:00Z,0,121.441
2019-12-03T23:00:00Z,0,114.639
2019-12-04T00:00:00Z,0,111.123
2019-12-04T01:00:00Z,0,108.194
2019-12-04T02:00:00Z,0,108.483
2019-12-04T03:00:00Z,0,112.57
2019-12-04T04:00:00Z,0,119.617
2019-12-04T05:00:00Z,0,136.508
2019-12-04T06:00:00Z,0.059,150.002
2019-12-04T07:00:00Z,63.737,151.505
2019-12-04T08:00:00Z,287.889,151.984
2019-12-04T09:00:00Z,526.072,151.738
2019-12-04T10:00:00Z,692.431,152.747
2019-12-04T11:00:00Z,735.299,150.89
2019-12-04T12:00:00Z,638.385,149.231
2019-12-04T13:00:00Z,411.023,147.063
2019-12-04T14:00:00Z,133.956,147.356
2019-12-04T15:00:00Z,3.805,149.306
2019-12-04T16:00:00Z,0,155.43
2019-12-04T17:00:00Z,0,154.906
2019-12-04T18:00:00Z,0,151.309
2019-12-04T19:00:00Z,0,143.474
2019-12-04T20:00:00Z,0,136.743
2019-12-04T21:00:00Z,0,131.122
2019-12-04T22:00:00Z,0,123.728
2019-12-04T23:00:00Z,0,117.587
2019-12-05T00:00:00Z,0,114.344
2019-12-05T01:00:00Z,0,112.367
2019-12-05T02:00:00Z,0,112.412
2019-12-05T03:00:00Z,0,114.124
2019-12-05T04:00:00Z,0,122.02
2019-12-05T05:00:00Z,0,138.8
2019-12-05T06:00:00Z,0.059,151.931
2019-12-05T07:00:00Z,48.809,155.088
2019-12-05T08:00:00Z,245.115,156.203
2019-12-05T09:00:00Z,452.36,156.073
2019-12-05T10:00:00Z,577.088,156.165
2019-12-05T11:00:00Z,583.746,154.592
2019-12-05T12:00:00Z,476.676,153.26
2019-12-05T13:00:00Z,284.353,152.228
2019-12-05T14:00:00Z,79.01,151.394
2019-12-05T15:00:00Z,1.724,154.947
2019-12-05T16:00:00Z,0,160.064
2019-12-05T17:00:00Z,0,159.844
2019-12-05T18:00:00Z,0,155.094
2019-12-05T19:00:00Z,0,146.377
2019-12-05T20:00:00Z,0,139.033
2019-12-05T21:00:00Z,0,133.738
2019-12-05T22:00:00Z,0,125.091
2019-12-05T23:00:00Z,0,119.399
2019-12-06T00:00:00Z,0,116.037
2019-12-06T01:00:00Z,0,114.248
2019-12-06T02:00:00Z,0,114.598
2019-12-06T03:00:00Z,0,116.342
2019-12-06T04:00:00Z,0,122.524
2019-12-06T05:00:00Z,0,139.392
2019-12-06T06:00:00Z,0.059,154.209
2019-12-06T07:00:00Z,35.371,157.306
2019-12-06T08:00:00Z,167.581,156.89
2019-12-06T09:00:00Z,298.722,157.232
2019-12-06T10:00:00Z,374.755,158.076
2019-12-06T11:00:00Z,384.623,154.329
2019-12-06T12:00:00Z,326.127,153.211
2019-12-06T13:00:00Z,202.358,150.61
2019-12-06T14:00:00Z,62.063,149.846
2019-12-06T15:00:00Z,0.951,153.835
2019-12-06T16:00:00Z,0,155.866
2019-12-06T17:00:00Z,0,153.061
2019-12-06T18:00:00Z,0,147.331
2019-12-06T19:00:00Z,0,139.08
2019-12-06T20:00:00Z,0,131.938
2019-12-06T21:00:00Z,0,124.978
2019-12-06T22:00:00Z,0,118.076
2019-12-06T23:00:00Z,0,112.414
2019-12-07T00:00:00Z,0,107.292
2019-12-07T01:00:00Z,0,104.191
2019-12-07T02:00:00Z,0,102.423
2019-12-07T03:00:00Z,0,102.416
2019-12-07T04:00:00Z,0,103.194
2019-12-07T05:00:00Z,0,106.003
2019-12-07T06:00:00Z,0,113.23
2019-12-07T07:00:00Z,15.337,119.523
2019-12-07T08:00:00Z,96.78,125.051
2019-12-07T09:00:00Z,184.524,128.358
2019-12-07T10:00:00Z,237.254,130.739
2019-12-07T11:00:00Z,238.68,128.958
2019-12-07T12:00:00Z,206.46,125.893
2019-12-07T13:00:00Z,123.65,121.706
2019-12-07T14:00:00Z,36.619,122.289
2019-12-07T15:00:00Z,0.535,126.658
2019-12-07T16:00:00Z,0,131.825
2019-12-07T17:00:00Z,0,131.85
2019-12-07T18:00:00Z,0,127.201
2019-12-07T19:00:00Z,0,118.516
2019-12-07T20:00:00Z,0,113.47
2019-12-07T21:00:00Z,0,110.246
2019-12-07T22:00:00Z,0,104.659
2019-12-07T23:00:00Z,0,96.322
2019-12-08T00:00:00Z,0,92.564
2019-12-08T01:00:00Z,0,89.822
2019-12-08T02:00:00Z,0,90.316
2019-12-08T03:00:00Z,0,93.112
2019-12-08T04:00:00Z,0,93.663
2019-12-08T05:00:00Z,0,94.311
2019-12-08T06:00:00Z,0,99.387
2019-12-08T07:00:00Z,31.923,106.157
2019-12-08T08:00:00Z,142.851,113.837
2019-12-08T09:00:00Z,252.531,119.782
2019-12-08T10:00:00Z,310.492,123.777
2019-12-08T11:00:00Z,291.826,124.44
2019-12-08T12:00:00Z,229.407,121.571
2019-12-08T13:00:00Z,130.011,118.875
2019-12-08T14:00:00Z,38.225,116.33
2019-12-08T15:00:00Z,0.773,120.391
2019-12-08T16:00:00Z,0,125.297
2019-12-08T17:00:00Z,0,125.498
2019-12-08T18:00:00Z,0,122.486
2019-12-08T19:00:00Z,0,116.826
2019-12-08T20:00:00Z,0,113.97
2019-12-08T21:00:00Z,0,113.117
2019-12-08T22:00:00Z,0,105.886
2019-12-08T23:00:00Z,0,102.41
2019-12-09T00:00:00Z,0,98.911
2019-12-09T01:00:00Z,0,98.045
2019-12-09T02:00:00Z,0,99.488
2019-12-09T03:00:00Z,0,103.654
2019-12-09T04:00:00Z,0,112.634
2019-12-09T05:00:00Z,0,130.247
2019-12-09T06:00:00Z,0,147.17
2019-12-09T07:00:00Z,25.561,152.022
2019-12-09T08:00:00Z,158.477,151.71
2019-12-09T09:00:00Z,308.81,154.436
2019-12-09T10:00:00Z,398.034,154.429
2019-12-09T11:00:00Z,379.726,153.972
2019-12-09T12:00:00Z,289.669,153.692
2019-12-09T13:00:00Z,154.434,152.05
2019-12-09T14:00:00Z,36.855,150.144
2019-12-09T15:00:00Z,0.654,152.089
2019-12-09T16:00:00Z,0,155.87
2019-12-09T17:00:00Z,0,154.464
2019-12-09T18:00:00Z,0,149.853
2019-12-09T19:00:00Z,0,141.497
2019-12-09T20:00:00Z,0,132.641
2019-12-09T21:00:00Z,0,125.186
2019-12-09T22:00:00Z,0,116.988
2019-12-09T23:00:00Z,0,112.589
2019-12-10T00:00:00Z,0,107.698
2019-12-10T01:00:00Z,0,104.907
2019-12-10T02:00:00Z,0,106.042
2019-12-10T03:00:00Z,0,109.782
2019-12-10T04:00:00Z,0,117.944
2019-12-10T05:00:00Z,0,134.811
2019-12-10T06:00:00Z,0,146.747
2019-12-10T07:00:00Z,35.605,150.218
2019-12-10T08:00:00Z,215.411,152.407
2019-12-10T09:00:00Z,414.178,153.121
2019-12-10T10:00:00Z,561.53,152.296
2019-12-10T11:00:00Z,574.013,151.537
2019-12-10T12:00:00Z,477.72,151.031
2019-12-10T13:00:00Z,300.945,150.481
2019-12-10T14:00:00Z,89.398,148.649
2019-12-10T15:00:00Z,1.724,152.809
2019-12-10T16:00:00Z,0,159.47
2019-12-10T17:00:00Z,0,159.624
2019-12-10T18:00:00Z,0,156.52
2019-12-10T19:00:00Z,0,147.799
2019-12-10T20:00:00Z,0,139.535
2019-12-10T21:00:00Z,0,131.151
2019-12-10T22:00:00Z,0,122.96
2019-12-10T23:00:00Z,0,116.49
2019-12-11T00:00:00Z,0,112.369
2019-12-11T01:00:00Z,0,110.734
2019-12-11T02:00:00Z,0,112.642
2019-12-11T03:00:00Z,0,115.039
2019-12-11T04:00:00Z,0,120.866
2019-12-11T05:00:00Z,0,136.694
2019-12-11T06:00:00Z,0,151.663
2019-12-11T07:00:00Z,35.306,156.201
2019-12-11T08:00:00Z,141.759,156.315
2019-12-11T09:00:00Z,232.58,157.298
2019-12-11T10:00:00Z,271.749,158.067
2019-12-11T11:00:00Z,260.218,156.751
2019-12-11T12:00:00Z,201.732,156.075
2019-12-11T13:00:00Z,103.422,155.122
2019-12-11T14:00:00Z,25.796,154.951
2019-12-11T15:00:00Z,0.297,156.979
2019-12-11T16:00:00Z,0,157.783
2019-12-11T17:00:00Z,0,156.691
2019-12-11T18:00:00Z,0,152.835
2019-12-11T19:00:00Z,0,144.648
2019-12-11T20:00:00Z,0,136.307
2019-12-11T21:00:00Z,0,130.726
2019-12-11T22:00:00Z,0,121.475
2019-12-11T23:00:00Z,0,115.154
2019-12-12T00:00:00Z,0,111.18
2019-12-12T01:00:00Z,0,110.009
2019-12-12T02:00:00Z,0,109.111
2019-12-12T03:00:00Z,0,110.994
2019-12-12T04:00:00Z,0,119.412
2019-12-12T05:00:00Z,0,136.213
2019-12-12T06:00:00Z,0,150.268
2019-12-12T07:00:00Z,8.023,154.84
2019-12-12T08:00:00Z,56.044,155.449
2019-12-12T09:00:00Z,123.024,156.024
2019-12-12T10:00:00Z,190.301,157.815
2019-12-12T11:00:00Z,221.621,157.035
2019-12-12T12:00:00Z,200.345,155.887
2019-12-12T13:00:00Z,138.773,153.247
2019-12-12T14:00:00Z,44.99,152.099
2019-12-12T15:00:00Z,1.07,154.598
2019-12-12T16:00:00Z,0,156.725
2019-12-12T17:00:00Z,0,157.283
2019-12-12T18:00:00Z,0,155.045
2019-12-12T19:00:00Z,0,147.615
2019-12-12T20:00:00Z,0,139.601
2019-12-12T21:00:00Z,0,132.006
2019-12-12T22:00:00Z,0,122.997
2019-12-12T23:00:00Z,0,114.868
2019-12-13T00:00:00Z,0,110.815
2019-12-13T01:00:00Z,0,108.369
2019-12-13T02:00:00Z,0,109.876
2019-12-13T03:00:00Z,0,112.127
2019-12-13T04:00:00Z,0,118.51
2019-12-13T05:00:00Z,0,134.099
2019-12-13T06:00:00Z,0,149.607
2019-12-13T07:00:00Z,17.354,155.537
2019-12-13T08:00:00Z,99.487,156.071
2019-12-13T09:00:00Z,175.261,157.403
2019-12-13T10:00:00Z,203.907,156.787
2019-12-13T11:00:00Z,201.589,152.848
2019-12-13T12:00:00Z,168.961,149.675
2019-12-13T13:00:00Z,110.184,146.245
2019-12-13T14:00:00Z,29.953,145.043
2019-12-13T15:00:00Z,0.475,148.183
2019-12-13T16:00:00Z,0,150.152
2019-12-13T17:00:00Z,0,147.425
2019-12-13T18:00:00Z,0,143.079
2019-12-13T19:00:00Z,0,135.781
2019-12-13T20:00:00Z,0,129.803
2019-12-13T21:00:00Z,0,123.204
2019-12-13T22:00:00Z,0,115.575
2019-12-13T23:00:00Z,0,107.258
2019-12-14T00:00:00Z,0,102.673
2019-12-14T01:00:00Z,0,99.749
2019-12-14T02:00:00Z,0,99.396
2019-12-14T03:00:00Z,0,101.461
2019-12-14T04:00:00Z,0,102.066
2019-12-14T05:00:00Z,0,103.158
2019-12-14T06:00:00Z,0,110.498
2019-12-14T07:00:00Z,7.667,118.288
2019-12-14T08:00:00Z,78.864,124.549
2019-12-14T09:00:00Z,179.718,128.599
2019-12-14T10:00:00Z,262.386,131.84
2019-12-14T11:00:00Z,296.024,130.561
2019-12-14T12:00:00Z,264.823,127.849
2019-12-14T13:00:00Z,182.393,125.149
2019-12-14T14:00:00Z,60.144,124.209
2019-12-14T15:00:00Z,0.891,128.035
2019-12-14T16:00:00Z,0,133.283
2019-12-14T17:00:00Z,0,131.944
2019-12-14T18:00:00Z,0,127.428
2019-12-14T19:00:00Z,0,119.081
2019-12-14T20:00:00Z,0,114.346
2019-12-14T21:00:00Z,0,112.779
2019-12-14T22:00:00Z,0,106.567
2019-12-14T23:00:00Z,0,98.718
2019-12-15T00:00:00Z,0,93.103
2019-12-15T01:00:00Z,0,89.976
2019-12-15T02:00:00Z,0,90.083
2019-12-15T03:00:00Z,0,91.449
2019-12-15T04:00:00Z,0,91.739
2019-12-15T05:00:00Z,0,92.887
2019-12-15T06:00:00Z,0,98.186
2019-12-15T07:00:00Z,19.672,104.875
2019-12-15T08:00:00Z,111.195,110.894
2019-12-15T09:00:00Z,254.363,115.19
2019-12-15T10:00:00Z,367.103,119.683
2019-12-15T11:00:00Z,397.353,119.707
2019-12-15T12:00:00Z,314.982,115.872
2019-12-15T13:00:00Z,171.814,112.907
2019-12-15T14:00:00Z,37.263,112.341
2019-12-15T15:00:00Z,0.594,118.095
2019-12-15T16:00:00Z,0,125.237
2019-12-15T17:00:00Z,0,125.367
2019-12-15T18:00:00Z,0,122.028
2019-12-15T19:00:00Z,0,117.296
2019-12-15T20:00:00Z,0,113.258
2019-12-15T21:00:00Z,0,112.317
2019-12-15T22:00:00Z,0,104.556
2019-12-15T23:00:00Z,0,98.308
2019-12-16T00:00:00Z,0,93.721
2019-12-16T01:00:00Z,0,93.278
2019-12-16T02:00:00Z,0,93.714
2019-12-16T03:00:00Z,0,98.188
2019-12-16T04:00:00Z,0,107.051
2019-12-16T05:00:00Z,0,127.646
2019-12-16T06:00:00Z,0,143.32
2019-12-16T07:00:00Z,18.304,149.231
2019-12-16T08:00:00Z,131.871,149.684
2019-12-16T09:00:00Z,256.255,150.796
2019-12-16T10:00:00Z,320.14,150.045
2019-12-16T11:00:00Z,380.163,149.327
2019-12-16T12:00:00Z,336.305,149.286
2019-12-16T13:00:00Z,178.463,145.546
2019-12-16T14:00:00Z,44.69,144.182
2019-12-16T15:00:00Z,0.594,147.051
2019-12-16T16:00:00Z,0,150.005
2019-12-16T17:00:00Z,0,149.002
2019-12-16T18:00:00Z,0,145.063
2019-12-16T19:00:00Z,0,137.658
2019-12-16T20:00:00Z,0,130.001
2019-12-16T21:00:00Z,0,123.018
2019-12-16T22:00:00Z,0,114.188
2019-12-16T23:00:00Z,0,105.304
2019-12-17T00:00:00Z,0,101.301
2019-12-17T01:00:00Z,0,99.349
2019-12-17T02:00:00Z,0,101.446
2019-12-17T03:00:00Z,0,103.857
2019-12-17T04:00:00Z,0,111.386
2019-12-17T05:00:00Z,0,129.08
2019-12-17T06:00:00Z,0,142.5
2019-12-17T07:00:00Z,16.639,147.26
2019-12-17T08:00:00Z,143.983,146.144
2019-12-17T09:00:00Z,303.357,147.358
2019-12-17T10:00:00Z,432.782,148.899
2019-12-17T11:00:00Z,466.772,148.006
2019-12-17T12:00:00Z,373.061,145.794
2019-12-17T13:00:00Z,188.254,143.819
2019-12-17T14:00:00Z,53.66,143.011
2019-12-17T15:00:00Z,1.07,146.228
2019-12-17T16:00:00Z,0,152.255
2019-12-17T17:00:00Z,0,150.389
2019-12-17T18:00:00Z,0,147.215
2019-12-17T19:00:00Z,0,137.057
2019-12-17T20:00:00Z,0,127.312
2019-12-17T21:00:00Z,0,120.893
2019-12-17T22:00:00Z,0,112.689
2019-12-17T23:00:00Z,0,105.268
2019-12-18T00:00:00Z,0,100.223
2019-12-18T01:00:00Z,0,98.894
2019-12-18T02:00:00Z,0,98.87
2019-12-18T03:00:00Z,0,100.522
2019-12-18T04:00:00Z,0,108.164
2019-12-18T05:00:00Z,0,128.398
2019-12-18T06:00:00Z,0,142.002
2019-12-18T07:00:00Z,12.951,145.918
2019-12-18T08:00:00Z,102.061,146.694
2019-12-18T09:00:00Z,231.391,146.984
2019-12-18T10:00:00Z,359.71,147.649
2019-12-18T11:00:00Z,394.701,145.537
2019-12-18T12:00:00Z,361.789,143.205
2019-12-18T13:00:00Z,252.837,141.662
2019-12-18T14:00:00Z,85.249,139.434
2019-12-18T15:00:00Z,2.555,141.33
2019-12-18T16:00:00Z,0,148.408
2019-12-18T17:00:00Z,0,147.632
2019-12-18T18:00:00Z,0,143.453
2019-12-18T19:00:00Z,0,136.45
2019-12-18T20:00:00Z,0,128.341
2019-12-18T21:00:00Z,0,120.868
2019-12-18T22:00:00Z,0,112.238
2019-12-18T23:00:00Z,0,105.65
2019-12-19T00:00:00Z,0,102.711
2019-12-19T01:00:00Z,0,100.865
2019-12-19T02:00:00Z,0,102.171
2019-12-19T03:00:00Z,0,105.048
2019-12-19T04:00:00Z,0,111.067
2019-12-19T05:00:00Z,0,127.178
2019-12-19T06:00:00Z,0,140.676
2019-12-19T07:00:00Z,18.653,144.99
2019-12-19T08:00:00Z,167.399,146.172
2019-12-19T09:00:00Z,363.788,144.351
2019-12-19T10:00:00Z,520.969,142.476
2019-12-19T11:00:00Z,568.077,140.856
2019-12-19T12:00:00Z,480.753,140.108
2019-12-19T13:00:00Z,303.612,138.616
2019-12-19T14:00:00Z,99.62,138.092
2019-12-19T15:00:00Z,2.733,141.933
2019-12-19T16:00:00Z,0,145.202
2019-12-19T17:00:00Z,0,144.094
2019-12-19T18:00:00Z,0,140.056
2019-12-19T19:00:00Z,0,130.925
2019-12-19T20:00:00Z,0,122.727
2019-12-19T21:00:00Z,0,116.293
2019-12-19T22:00:00Z,0,108.256
2019-12-19T23:00:00Z,0,100.503
2019-12-20T00:00:00Z,0,97.938
2019-12-20T01:00:00Z,0,95.501
2019-12-20T02:00:00Z,0,97.038
2019-12-20T03:00:00Z,0,99.725
2019-12-20T04:00:00Z,0,106.839
2019-12-20T05:00:00Z,0,120.665
2019-12-20T06:00:00Z,0,132.923
2019-12-20T07:00:00Z,31.304,137.337
2019-12-20T08:00:00Z,198.931,138.007
2019-12-20T09:00:00Z,329.373,137.327
2019-12-20T10:00:00Z,360.558,136.632
2019-12-20T11:00:00Z,345.233,136.224
2019-12-20T12:00:00Z,243.659,133.041
2019-12-20T13:00:00Z,113.632,130.805
2019-12-20T14:00:00Z,21.384,129.503
2019-12-20T15:00:00Z,0.178,132.353
2019-12-20T16:00:00Z,0,134.963
2019-12-20T17:00:00Z,0,132.752
2019-12-20T18:00:00Z,0,127.885
2019-12-20T19:00:00Z,0,119.805
2019-12-20T20:00:00Z,0,113.792
2019-12-20T21:00:00Z,0,109.363
2019-12-20T22:00:00Z,0,100.783
2019-12-20T23:00:00Z,0,93.599
2019-12-21T00:00:00Z,0,89.809
2019-12-21T01:00:00Z,0,87.644
2019-12-21T02:00:00Z,0,86.342
2019-12-21T03:00:00Z,0,87.806
2019-12-21T04:00:00Z,0,90.737
2019-12-21T05:00:00Z,0,93.516
2019-12-21T06:00:00Z,0,99.9
2019-12-21T07:00:00Z,13.899,108.874
2019-12-21T08:00:00Z,131.212,116.59
2019-12-21T09:00:00Z,278.878,118.367
2019-12-21T10:00:00Z,398.032,119.029
2019-12-21T11:00:00Z,417.812,120.462
2019-12-21T12:00:00Z,341.187,117.238
2019-12-21T13:00:00Z,217.994,114.919
2019-12-21T14:00:00Z,69.615,116.248
2019-12-21T15:00:00Z,2.02,120.38
2019-12-21T16:00:00Z,0,124.987
2019-12-21T17:00:00Z,0,125.002
2019-12-21T18:00:00Z,0,120.417
2019-12-21T19:00:00Z,0,114.233
2019-12-21T20:00:00Z,0,108.613
2019-12-21T21:00:00Z,0,105.099
2019-12-21T22:00:00Z,0,98.631
2019-12-21T23:00:00Z,0,93.93
2019-12-22T00:00:00Z,0,89.751
2019-12-22T01:00:00Z,0,88.582
2019-12-22T02:00:00Z,0,86.489
2019-12-22T03:00:00Z,0,87.041
2019-12-22T04:00:00Z,0,86.979
2019-12-22T05:00:00Z,0,85.564
2019-12-22T06:00:00Z,0,88.749
2019-12-22T07:00:00Z,7.365,96.887
2019-12-22T08:00:00Z,65.755,103.194
2019-12-22T09:00:00Z,143.626,106.441
2019-12-22T10:00:00Z,199.224,112.606
2019-12-22T11:00:00Z,222.568,114.679
2019-12-22T12:00:00Z,178.909,111.071
2019-12-22T13:00:00Z,97.889,107.187
2019-12-22T14:00:00Z,27.739,106.403
2019-12-22T15:00:00Z,0.594,112.206
2019-12-22T16:00:00Z,0,115.74
2019-12-22T17:00:00Z,0,116.285
2019-12-22T18:00:00Z,0,113.822
2019-12-22T19:00:00Z,0,109.336
2019-12-22T20:00:00Z,0,105.68
2019-12-22T21:00:00Z,0,104.481
2019-12-22T22:00:00Z,0,97.438
2019-12-22T23:00:00Z,0,91.643
2019-12-23T00:00:00Z,0,86.53
2019-12-23T01:00:00Z,0,84.175
2019-12-23T02:00:00Z,0,84.476
2019-12-23T03:00:00Z,0,87.629
2019-12-23T04:00:00Z,0,93.071
2019-12-23T05:00:00Z,0,98.87
2019-12-23T06:00:00Z,0,108.036
2019-12-23T07:00:00Z,5.643,114.479
2019-12-23T08:00:00Z,58.982,116.804
2019-12-23T09:00:00Z,137.803,118.476
2019-12-23T10:00:00Z,202.665,122.407
2019-12-23T11:00:00Z,216.029,123.123
2019-12-23T12:00:00Z,192.389,120.921
2019-12-23T13:00:00Z,128.18,119.344
2019-12-23T14:00:00Z,42.707,118.444
2019-12-23T15:00:00Z,1.247,121.041
2019-12-23T16:00:00Z,0,125.56
2019-12-23T17:00:00Z,0,125.098
2019-12-23T18:00:00Z,0,119.981
2019-12-23T19:00:00Z,0,112.869
2019-12-23T20:00:00Z,0,107.844
2019-12-23T21:00:00Z,0,104.744
2019-12-23T22:00:00Z,0,95.583
2019-12-23T23:00:00Z,0,87.33
2019-12-24T00:00:00Z,0,82.219
2019-12-24T01:00:00Z,0,82.343
2019-12-24T02:00:00Z,0,81.949
2019-12-24T03:00:00Z,0,84.271
2019-12-24T04:00:00Z,0,85.808
2019-12-24T05:00:00Z,0,87.406
2019-12-24T06:00:00Z,0,93.332
2019-12-24T07:00:00Z,18.413,100.343
2019-12-24T08:00:00Z,114.044,106.841
2019-12-24T09:00:00Z,211.396,113.344
2019-12-24T10:00:00Z,250.124,115.733
2019-12-24T11:00:00Z,239.313,114.508
2019-12-24T12:00:00Z,170.531,112.538
2019-12-24T13:00:00Z,85.355,108.639
2019-12-24T14:00:00Z,28.214,105.766
2019-12-24T15:00:00Z,1.069,107.867
2019-12-24T16:00:00Z,0,111.809
2019-12-24T17:00:00Z,0,109.872
2019-12-24T18:00:00Z,0,104.005
2019-12-24T19:00:00Z,0,98.631
2019-12-24T20:00:00Z,0,97.096
2019-12-24T21:00:00Z,0,95.7
2019-12-24T22:00:00Z,0,91.278
2019-12-24T23:00:00Z,0,86.701
2019-12-25T00:00:00Z,0,81.704
2019-12-25T01:00:00Z,0,78.952
2019-12-25T02:00:00Z,0,78.313
2019-12-25T03:00:00Z,0,78.264
2019-12-25T04:00:00Z,0,79.256
2019-12-25T05:00:00Z,0,79.141
2019-12-25T06:00:00Z,0,82.582
2019-12-25T07:00:00Z,4.336,89.681
2019-12-25T08:00:00Z,45.855,98.842
2019-12-25T09:00:00Z,111.786,104.55
2019-12-25T10:00:00Z,159.899,108.583
2019-12-25T11:00:00Z,167.145,107.972
2019-12-25T12:00:00Z,158.057,102.051
2019-12-25T13:00:00Z,110.005,99.005
2019-12-25T14:00:00Z,38.49,97.359
2019-12-25T15:00:00Z,1.366,97.229
2019-12-25T16:00:00Z,0,101.814
2019-12-25T17:00:00Z,0,103.237
2019-12-25T18:00:00Z,0,101.232
2019-12-25T19:00:00Z,0,97.194
2019-12-25T20:00:00Z,0,94.743
2019-12-25T21:00:00Z,0,93.761
2019-12-25T22:00:00Z,0,89.863
2019-12-25T23:00:00Z,0,82.52
2019-12-26T00:00:00Z,0,78.895
2019-12-26T01:00:00Z,0,77.661
2019-12-26T02:00:00Z,0,76.954
2019-12-26T03:00:00Z,0,79.027
2019-12-26T04:00:00Z,0,79.053
2019-12-26T05:00:00Z,0,78.749
2019-12-26T06:00:00Z,0,82.349
2019-12-26T07:00:00Z,9.801,87.834
2019-12-26T08:00:00Z,103.471,94.623
2019-12-26T09:00:00Z,249.352,100.054
2019-12-26T10:00:00Z,356.386,104.21
2019-12-26T11:00:00Z,386.026,104.438
2019-12-26T12:00:00Z,313.62,100.811
2019-12-26T13:00:00Z,159.483,98.092
2019-12-26T14:00:00Z,43.895,98.263
2019-12-26T15:00:00Z,1.426,101.677
2019-12-26T16:00:00Z,0,105.435
2019-12-26T17:00:00Z,0,105.065
2019-12-26T18:00:00Z,0,102.955
2019-12-26T19:00:00Z,0,99.184
2019-12-26T20:00:00Z,0,98.708
2019-12-26T21:00:00Z,0,98.312
2019-12-26T22:00:00Z,0,91.192
2019-12-26T23:00:00Z,0,85.263
2019-12-27T00:00:00Z,0,82.242
2019-12-27T01:00:00Z,0,80.78
2019-12-27T02:00:00Z,0,80.797
2019-12-27T03:00:00Z,0,82.819
2019-12-27T04:00:00Z,0,85.382
2019-12-27T05:00:00Z,0,90.628
2019-12-27T06:00:00Z,0,99.554
2019-12-27T07:00:00Z,4.336,106.954
2019-12-27T08:00:00Z,69.316,112.407
2019-12-27T09:00:00Z,183.773,115.428
2019-12-27T10:00:00Z,265.978,117.05
2019-12-27T11:00:00Z,281.005,118.149
2019-12-27T12:00:00Z,237.586,116.853
2019-12-27T13:00:00Z,151.105,115.186
2019-12-27T14:00:00Z,50.487,114.9
2019-12-27T15:00:00Z,1.247,117.845
2019-12-27T16:00:00Z,0,122.561
2019-12-27T17:00:00Z,0,121.332
2019-12-27T18:00:00Z,0,117.965
2019-12-27T19:00:00Z,0,110.785
2019-12-27T20:00:00Z,0,105.811
2019-12-27T21:00:00Z,0,102.681
2019-12-27T22:00:00Z,0,96.758
2019-12-27T23:00:00Z,0,90.765
2019-12-28T00:00:00Z,0,87.242
2019-12-28T01:00:00Z,0,86.233
2019-12-28T02:00:00Z,0,85.934
2019-12-28T03:00:00Z,0,87.389
2019-12-28T04:00:00Z,0,87.83
2019-12-28T05:00:00Z,0,88.437
2019-12-28T06:00:00Z,0,93.52
2019-12-28T07:00:00Z,14.077,100.39
2019-12-28T08:00:00Z,145.522,107.333
2019-12-28T09:00:00Z,313.792,108.335
2019-12-28T10:00:00Z,448.206,110.009
2019-12-28T11:00:00Z,498.159,109.84
2019-12-28T12:00:00Z,407.817,107.561
2019-12-28T13:00:00Z,241.506,104.795
2019-12-28T14:00:00Z,80.067,106.574
2019-12-28T15:00:00Z,3.326,112.125
2019-12-28T16:00:00Z,0,118.959
2019-12-28T17:00:00Z,0,119.051
2019-12-28T18:00:00Z,0,115.72
2019-12-28T19:00:00Z,0,109.537
2019-12-28T20:00:00Z,0,104.919
2019-12-28T21:00:00Z,0,102.427
2019-12-28T22:00:00Z,0,95.424
2019-12-28T23:00:00Z,0,90.066
2019-12-29T00:00:00Z,0,85.934
2019-12-29T01:00:00Z,0,85.662
2019-12-29T02:00:00Z,0,84.429
2019-12-29T03:00:00Z,0,84.059
2019-12-29T04:00:00Z,0,83.557
2019-12-29T05:00:00Z,0,81.808
2019-12-29T06:00:00Z,0,83.698
2019-12-29T07:00:00Z,27.263,89.262
2019-12-29T08:00:00Z,236.636,95.687
2019-12-29T09:00:00Z,483.607,98.396
2019-12-29T10:00:00Z,669.577,103.158
2019-12-29T11:00:00Z,706.165,105.486
2019-12-29T12:00:00Z,602.637,101.621
2019-12-29T13:00:00Z,392.077,98.994
2019-12-29T14:00:00Z,137.265,99.762
2019-12-29T15:00:00Z,6.237,105.261
2019-12-29T16:00:00Z,0,111.862
2019-12-29T17:00:00Z,0,113.2
2019-12-29T18:00:00Z,0,111.031
2019-12-29T19:00:00Z,0,106.463
2019-12-29T20:00:00Z,0,103.376
2019-12-29T21:00:00Z,0,102.495
2019-12-29T22:00:00Z,0,96.502
2019-12-29T23:00:00Z,0,91.97
2019-12-30T00:00:00Z,0,87.934
2019-12-30T01:00:00Z,0,85.558
2019-12-30T02:00:00Z,0,85.917
2019-12-30T03:00:00Z,0,87.883
2019-12-30T04:00:00Z,0,91.583
2019-12-30T05:00:00Z,0,96.401
2019-12-30T06:00:00Z,0,104.372
2019-12-30T07:00:00Z,23.283,110.524
2019-12-30T08:00:00Z,209.848,115.34
2019-12-30T09:00:00Z,435.792,114.305
2019-12-30T10:00:00Z,621.763,114.635
2019-12-30T11:00:00Z,682.05,115.725
2019-12-30T12:00:00Z,609.765,112.548
2019-12-30T13:00:00Z,415.538,112.074
2019-12-30T14:00:00Z,155.5,112.689
2019-12-30T15:00:00Z,7.246,116.404
2019-12-30T16:00:00Z,0,124.559
2019-12-30T17:00:00Z,0,125.183
2019-12-30T18:00:00Z,0,121.684
2019-12-30T19:00:00Z,0,115.34
2019-12-30T20:00:00Z,0,111.018
2019-12-30T21:00:00Z,0,108.104
2019-12-30T22:00:00Z,0,101.281
